{"type": "FeatureCollection", "features": [{"type": "Feature", "geometry": {"type": "Polygon", "coordinates": [[[87.84689973000008, 27.946315898000023], [87.83133073400006, 27.95259691400014], [87.82520207000016, 27.938646272000142], [87.82710386900004, 27.92917970600007], [87.82457336100009, 27.920152639000037], [87.81345003300004, 27.921441557000094], [87.80398751800004, 27.90890828800002], [87.78448205300009, 27.89934887400011], [87.77529353400018, 27.877927455000076], [87.77853272300007, 27.865872954000167], [87.76605238400009, 27.859501709000142], [87.75331031900004, 27.835894039000095], [87.74366684700004, 27.83516347800014], [87.73384264400016, 27.819337429000143], [87.73630134200016, 27.81348105500018], [87.73303462200005, 27.809261425000102], [87.7239397830001, 27.805277723000188], [87.7096140060001, 27.81136009800008], [87.687018309, 27.812338448000048], [87.66534822400018, 27.806847072000096], [87.67725218500004, 27.790407375000086], [87.67075933500018, 27.780654171000094], [87.67151628900007, 27.773385637], [87.65703303000015, 27.761614955000084], [87.66359120300018, 27.750221583000098], [87.65562406500004, 27.739587927000116], [87.64109792500017, 27.73089984900014], [87.64400882500013, 27.72713654800009], [87.63780484000011, 27.718693357], [87.639257112, 27.710036460000083], [87.622547806, 27.71203714900014], [87.61506103000016, 27.704480793000187], [87.612668843, 27.699284079999984], [87.61627907200005, 27.688569217000122], [87.60771388700005, 27.67525490899999], [87.60129793900012, 27.674125447000165], [87.60037556700019, 27.679018625000026], [87.59049979800011, 27.681375915000046], [87.579675339, 27.67609248400015], [87.57473538500005, 27.68276661400006], [87.57450041600003, 27.693076202999976], [87.56100455000018, 27.69842453700005], [87.54925001400017, 27.680699557000025], [87.54534610100018, 27.659470411000143], [87.53217355900006, 27.65215505100008], [87.53959536800016, 27.650944113000094], [87.54417077400018, 27.64572340900014], [87.54492573100003, 27.63817108700016], [87.53462560200018, 27.63195018700003], [87.53596568100016, 27.62401209700016], [87.52761209000005, 27.60300472100016], [87.52927882000012, 27.594880404000037], [87.524876506, 27.592825876000063], [87.51267582700012, 27.598902421], [87.49869520300012, 27.58118308600001], [87.48963786600007, 27.576788549000128], [87.48758580800012, 27.569521586000064], [87.48171657000012, 27.567100811000046], [87.48194201800015, 27.554972630000123], [87.48710867400007, 27.54646653900005], [87.48059285100015, 27.54323113700019], [87.47486617300007, 27.52709819400019], [87.47624272100012, 27.51235095200019], [87.46810696200009, 27.507421543000078], [87.46965262900017, 27.499869047000118], [87.46637671400009, 27.495861586000103], [87.47114100100003, 27.48662636100005], [87.45853245600017, 27.473692570000082], [87.46097434300015, 27.44666754900004], [87.45610078500016, 27.425871405000066], [87.44432647700006, 27.4061599100001], [87.45658934300008, 27.386664038000106], [87.45838952800005, 27.371590394000123], [87.46643103200017, 27.36678934100013], [87.47426779600005, 27.357392437000158], [87.47960524900014, 27.343258588000026], [87.49241146300017, 27.332446777000087], [87.49735638400011, 27.31390024400008], [87.514250495, 27.306097621000106], [87.51642256100013, 27.296649113000058], [87.5362636110001, 27.291041855000117], [87.54300369000009, 27.292888633000132], [87.55732575700017, 27.285242011000037], [87.56678386100009, 27.28697747500007], [87.60661244700003, 27.283559030000163], [87.65125519800011, 27.26811016700009], [87.67973592499999, 27.271000394], [87.68185625200005, 27.279773918000103], [87.6872037230001, 27.283321710000052], [87.68814818100009, 27.287822898000172], [87.69613068300009, 27.29132355700017], [87.70922191200015, 27.28642923400014], [87.72405292900004, 27.286078048000036], [87.73168592900015, 27.278588098000057], [87.745072709, 27.27777061300003], [87.755166572, 27.280970026000148], [87.78085686800006, 27.272670305000076], [87.79700598100015, 27.27687518400012], [87.80803457200005, 27.275943290999976], [87.83958453999998, 27.28614306900016], [87.85247956100017, 27.285846217000085], [87.86141623800017, 27.279582248000054], [87.8695232610001, 27.279017641000166], [87.88030355200004, 27.284128340000166], [87.88411732300005, 27.280785393000087], [87.88787444700006, 27.283994747000065], [87.89114738100011, 27.282044856000084], [87.89428874300017, 27.286390600000118], [87.91709422800017, 27.286033133000103], [87.92500439500014, 27.280593135000117], [87.93276825600014, 27.283425038000075], [87.93870668000011, 27.280549278000137], [87.95032237200002, 27.282630071000085], [87.95926794400015, 27.28852766800003], [87.96834797200006, 27.300630538000064], [87.97391479200002, 27.30148307200011], [87.99083248500011, 27.324088616000154], [88.0037262510001, 27.329057182000042], [88.00485747600015, 27.33691408100009], [88.01741686200018, 27.354211504000148], [88.02488735100019, 27.389265029000114], [88.03421708900015, 27.409138227000085], [88.04994673500005, 27.426965977000066], [88.06442870700016, 27.435510639000086], [88.07229739400009, 27.44482679100014], [88.06440420100012, 27.453769606000094], [88.06693295800017, 27.45788123500006], [88.04384526500007, 27.478483108000148], [88.043625551, 27.49596964000017], [88.046432676, 27.501458027000126], [88.05472901900015, 27.504650973000025], [88.06143271400015, 27.51209914100002], [88.05730673400018, 27.51789499000006], [88.06129503200015, 27.525298483000086], [88.06707275700006, 27.526305572000183], [88.058889168, 27.53508795700003], [88.06842102399997, 27.54639246700009], [88.06911276400001, 27.5558153450001], [88.08093319199997, 27.564824914000155], [88.07508289900011, 27.572049167000046], [88.08185238600004, 27.584984793000103], [88.08952695000016, 27.595101872000043], [88.10550368900005, 27.602501789000087], [88.11354875500007, 27.610606612000026], [88.1193750220001, 27.62723864800006], [88.11713000200018, 27.629776754999966], [88.11994655500007, 27.64555755599997], [88.144504423, 27.665616097000054], [88.1486819220001, 27.684008631999973], [88.15466304000006, 27.69066148000013], [88.14733799900017, 27.70296344500008], [88.15529135300011, 27.717412399000068], [88.15614845000005, 27.736533741000187], [88.15830606400004, 27.740784098000063], [88.16961007200007, 27.741598127000145], [88.17843397600012, 27.747023327000136], [88.17662598900017, 27.75834117400018], [88.18328692400019, 27.766272673000174], [88.18114927500017, 27.775876602000153], [88.19717281100009, 27.79081304800019], [88.18671297000014, 27.80140922400011], [88.18513375800006, 27.81058882500014], [88.17340530000007, 27.817461302000083], [88.17301252500016, 27.820462781000174], [88.187355534, 27.82532807600012], [88.19443022700017, 27.835705307000126], [88.20114205900006, 27.837447288000135], [88.19650888600012, 27.85336029900003], [88.17822499600004, 27.8566940180001], [88.16408698000015, 27.868391648], [88.15379182600009, 27.870725049999976], [88.14864928300011, 27.87674623200013], [88.13922061400007, 27.877674963000118], [88.13478227800005, 27.881700083000112], [88.12632844299998, 27.88169272900018], [88.11224954900007, 27.86843361400014], [88.09568992600009, 27.867181020000032], [88.09087257400012, 27.871376993000013], [88.08938542800018, 27.887412929999982], [88.08403161100011, 27.895475115000124], [88.0718908, 27.89371115400013], [88.064324037, 27.886311467000098], [88.05808485900019, 27.88844409400008], [88.05386669800015, 27.896816774000058], [88.02995521600019, 27.905877129000146], [88.02147443000018, 27.89659590200006], [88.00229958100016, 27.89808345500012], [87.98472674100015, 27.885928489000037], [87.9663785790001, 27.89316930300015], [87.95558740300004, 27.90904344400002], [87.9390272710001, 27.9107929], [87.93205819200017, 27.917872265000028], [87.90773339300006, 27.916893123000193], [87.89908104100004, 27.911138334000157], [87.88774148400017, 27.910128949000068], [87.87660257400006, 27.914768760000186], [87.86578183600005, 27.91076052400018], [87.86019767600004, 27.923914445000094], [87.85390394100006, 27.928720647000034], [87.85914524700013, 27.936647365000056], [87.85686120200006, 27.947948575000055], [87.84689973000008, 27.946315898000023]]]}, "properties": {"district": "Taplejung", "population": 124619, "events": 307, "deaths": 222, "missing": 75, "injured": 90, "houses_destroyed": 372, "severity_score": 2678.2, "by_hazard": {"landslide": 247, "flood": 56, "flash_flood": 0, "glof": 0, "debris_flow": 0, "avalanche": 4, "other": 0}, "first_year": 1976, "last_year": 2026, "deaths_per_100k": 178.14}}, {"type": "Feature", "geometry": {"type": "Polygon", "coordinates": [[[88.07850496500009, 27.432011469000088], [88.06753699100011, 27.438135595000176], [88.04994673500005, 27.426965977000066], [88.03725021399998, 27.413485843000103], [88.02656050800016, 27.39437642900009], [88.01741686200018, 27.354211504000148], [88.00485747600015, 27.33691408100009], [88.0037262510001, 27.329057182000042], [87.99083248500011, 27.324088616000154], [87.97391479200002, 27.30148307200011], [87.96834797200006, 27.300630538000064], [87.95926794400015, 27.28852766800003], [87.95032237200002, 27.282630071000085], [87.93870668000011, 27.280549278000137], [87.93276825600014, 27.283425038000075], [87.92500439500014, 27.280593135000117], [87.91709422800017, 27.286033133000103], [87.89428874300017, 27.286390600000118], [87.89114738100011, 27.282044856000084], [87.88787444700006, 27.283994747000065], [87.88411732300005, 27.280785393000087], [87.88030355200004, 27.284128340000166], [87.8695232610001, 27.279017641000166], [87.86141623800017, 27.279582248000054], [87.85247956100017, 27.285846217000085], [87.83958453999998, 27.28614306900016], [87.80803457200005, 27.275943290999976], [87.79700598100015, 27.27687518400012], [87.78085686800006, 27.272670305000076], [87.755166572, 27.280970026000148], [87.745072709, 27.27777061300003], [87.73168592900015, 27.278588098000057], [87.72405292900004, 27.286078048000036], [87.70922191200015, 27.28642923400014], [87.69781703100017, 27.29121816100013], [87.68874096200017, 27.28853528400009], [87.6872037230001, 27.283321710000052], [87.68185625200005, 27.279773918000103], [87.68091604600005, 27.267418416000112], [87.7156055430001, 27.243576722000114], [87.723073425, 27.241931820000048], [87.72742807300006, 27.235645764000083], [87.73327071200009, 27.234638339000128], [87.74597037100006, 27.22430510800018], [87.75125447000016, 27.21756436000004], [87.7514158570001, 27.208335166999973], [87.74448523100006, 27.198985913000058], [87.71790276800004, 27.18756765200004], [87.71091886900012, 27.17156297700018], [87.71103920100012, 27.156905256000186], [87.70592726800004, 27.150453098000128], [87.69496002400012, 27.147039812000173], [87.69199793700011, 27.143196089000185], [87.67566739000011, 27.142402474000164], [87.66305425400009, 27.132789572000036], [87.64480431500004, 27.132655739000086], [87.6446652250001, 27.126656697000044], [87.6374688470001, 27.124011228000086], [87.63412647100012, 27.118660694000027], [87.62187700600009, 27.113054201000068], [87.61225864500017, 27.112446635000083], [87.60800118800006, 27.10755073200005], [87.603309352, 27.107868802000098], [87.58893547800017, 27.09952925800019], [87.57107960700006, 27.07574605800005], [87.57022529700009, 27.069677570000124], [87.53682583000017, 27.0453382500001], [87.53280297000003, 27.03499657600014], [87.53932684100005, 27.03371937200012], [87.54207359200007, 27.023794101000192], [87.53586457500012, 27.01351281700005], [87.51993827500007, 27.002538537000135], [87.51137754100017, 26.990610728000036], [87.50059109500012, 26.983979416000068], [87.49245099600012, 26.98530333500014], [87.50261962000019, 26.97158884600003], [87.52628000300007, 26.95748095200014], [87.52536498700005, 26.939078537000114], [87.52078537500017, 26.934541972000034], [87.523877207, 26.929850625000086], [87.52229963400015, 26.92566396000018], [87.53091954200016, 26.913814714000125], [87.5286305780001, 26.908890723000127], [87.53168103299998, 26.901884204000112], [87.52220616200003, 26.88469145900018], [87.544209518, 26.88912360900008], [87.55138519100018, 26.88467763000017], [87.55955794000005, 26.884832769000127], [87.56722362000016, 26.87199227800005], [87.57445251200016, 26.871256790000132], [87.5775293530001, 26.863628698000127], [87.58354116300012, 26.859822141000052], [87.61164737000013, 26.863649897000187], [87.63654889900005, 26.860647249000067], [87.64695350700009, 26.86789056500004], [87.68807506200017, 26.88097776500001], [87.69019472100013, 26.899765728000148], [87.69815297200017, 26.91180521400014], [87.69387177400017, 26.922542076000127], [87.70620264300015, 26.929254663000165], [87.68023072500011, 26.94672053100004], [87.67709263200004, 26.952024635000157], [87.68038666600012, 26.95371236400007], [87.69009753800015, 26.974665538000067], [87.70257006200006, 26.97938523700003], [87.71848669200006, 27.00028947100003], [87.73254154100005, 27.006295777000105], [87.73937165200005, 27.019622310000102], [87.75463040700015, 27.020328851000045], [87.76394068200017, 27.013148527000112], [87.77787188399998, 27.012790196000026], [87.79666136200018, 27.027096498000162], [87.8175185610001, 27.033822685000075], [87.82456503000003, 27.041362913000114], [87.84085345600016, 27.047669987000063], [87.85211739400012, 27.062484977000167], [87.86151054300007, 27.062917369000047], [87.88044373200012, 27.077858681000123], [87.88114841200013, 27.08224512600009], [87.88976705000005, 27.084523843000056], [87.89541287800017, 27.09252719200009], [87.91439956100004, 27.094356646000165], [87.917563771, 27.099742052000067], [87.92750541600009, 27.102546811000025], [87.94361315000003, 27.09956506600014], [87.95172331900005, 27.106109965000144], [87.96205472500009, 27.10104197900006], [87.99150411700009, 27.10540847800013], [87.98731363900015, 27.11930487700016], [87.99109668500017, 27.130767079000123], [87.99853459100007, 27.133613662000016], [88.00055529600019, 27.14020106600009], [88.0072884110001, 27.143252991999987], [88.01086415400016, 27.165758042000107], [88.01924550600012, 27.17098824900006], [88.01235461599998, 27.177529296999978], [88.01588420799999, 27.196140182000022], [88.01155614900011, 27.20374556200011], [88.01551959000005, 27.210821774000124], [88.01205684900015, 27.216004505000058], [88.01876844900016, 27.225021350000134], [88.01912270300016, 27.235862101000123], [88.02470338500007, 27.237229213999967], [88.024101659, 27.242016786000192], [88.02757653000003, 27.249330716000145], [88.03074141700017, 27.250004657000034], [88.031600675, 27.28621014400011], [88.04468892000017, 27.29369830899998], [88.0414066510001, 27.304335818000084], [88.0484127260001, 27.312658354000177], [88.05239967000006, 27.324498088000098], [88.06649318799998, 27.335902118000092], [88.0575029360001, 27.35563059800012], [88.05003370800006, 27.358640378000132], [88.04169307100017, 27.37016627100013], [88.0483099000001, 27.400811665000163], [88.04679842300015, 27.405393923000076], [88.05526163700017, 27.418131476000156], [88.06702118400017, 27.425259334000145], [88.0799532200001, 27.4266938990001], [88.07850496500009, 27.432011469000088]]]}, "properties": {"district": "Panchthar", "population": 176725, "events": 212, "deaths": 82, "missing": 12, "injured": 69, "houses_destroyed": 189, "severity_score": 598.7, "by_hazard": {"landslide": 156, "flood": 55, "flash_flood": 0, "glof": 0, "debris_flow": 0, "avalanche": 1, "other": 0}, "first_year": 1976, "last_year": 2026, "deaths_per_100k": 46.4}}, {"type": "Feature", "geometry": {"type": "Polygon", "coordinates": [[[87.96205472500009, 27.10104197900006], [87.94788047800012, 27.104554277000034], [87.94361315000003, 27.09956506600014], [87.92409818800007, 27.101865304000057], [87.917563771, 27.099742052000067], [87.91439956100004, 27.094356646000165], [87.89541287800017, 27.09252719200009], [87.88976705000005, 27.084523843000056], [87.88114841200013, 27.08224512600009], [87.88044373200012, 27.077858681000123], [87.86151054300007, 27.062917369000047], [87.85211739400012, 27.062484977000167], [87.84085345600016, 27.047669987000063], [87.82456503000003, 27.041362913000114], [87.8175185610001, 27.033822685000075], [87.79666136200018, 27.027096498000162], [87.77787188399998, 27.012790196000026], [87.76394068200017, 27.013148527000112], [87.75463040700015, 27.020328851000045], [87.73937165200005, 27.019622310000102], [87.73254154100005, 27.006295777000105], [87.71848669200006, 27.00028947100003], [87.70257006200006, 26.97938523700003], [87.69009753800015, 26.974665538000067], [87.68038666600012, 26.95371236400007], [87.67709263200004, 26.952024635000157], [87.68023072500011, 26.94672053100004], [87.70620264300015, 26.929254663000165], [87.69387177400017, 26.922542076000127], [87.69815297200017, 26.91180521400014], [87.69019472100013, 26.899765728000148], [87.6881375530001, 26.881009013000153], [87.64695350700009, 26.86789056500004], [87.63654889900005, 26.860647249000067], [87.61164737000013, 26.863649897000187], [87.59949554200011, 26.862122427000088], [87.62193876900017, 26.84282983500009], [87.63107617499998, 26.838971403000016], [87.63424710400011, 26.840489394000144], [87.64200827600007, 26.830207807000022], [87.64771876800006, 26.83094897500007], [87.65236607300011, 26.818846486000155], [87.66141605700017, 26.814842191000025], [87.66102338200011, 26.805784345000177], [87.65592740500006, 26.798228530000017], [87.66136446400009, 26.79228908500005], [87.6708350240001, 26.790741709000088], [87.67909773300016, 26.78146435600013], [87.6630235450001, 26.760740351000038], [87.67541120000004, 26.752314812], [87.68236197300007, 26.75301494500013], [87.68524386900009, 26.757556855000075], [87.69027717800009, 26.75660053200005], [87.69076476200013, 26.752947171000017], [87.68708468200009, 26.74997298500017], [87.70149986100006, 26.73188219700006], [87.70739877500017, 26.710802259000104], [87.70452667200016, 26.701670995000086], [87.70725995900006, 26.695646130000114], [87.71831839900005, 26.693099495000183], [87.74051605600005, 26.678501112000106], [87.75786884100006, 26.67193350600013], [87.76497239100019, 26.665243342000053], [87.790663296, 26.666262549000123], [87.79321101400012, 26.680389624000043], [87.81439339700012, 26.69400022000019], [87.83347520300015, 26.687679689000106], [87.84506006600009, 26.67493688400009], [87.855802526, 26.67610679700016], [87.86519285700007, 26.67422901100008], [87.8658992010001, 26.67164556100016], [87.86795773200015, 26.67226029600016], [87.86512944700019, 26.68413290300009], [87.86185066100012, 26.68770447200012], [87.86698152100013, 26.692125185], [87.87919549300011, 26.68456325700015], [87.88332187300011, 26.68838706700018], [87.89140598000012, 26.68724444300011], [87.89580675700017, 26.691167749000044], [87.91537449700007, 26.693091827000046], [87.92416050900016, 26.697464240999977], [87.9337619740001, 26.688754863000042], [87.93629929100018, 26.70130632600018], [87.93317129200005, 26.702430295], [87.93310383400018, 26.70903072300007], [87.9264529290001, 26.71221969600009], [87.92722937200011, 26.71579790200019], [87.93539819000011, 26.726459821000162], [87.95010874200011, 26.728512486000056], [87.94849387500017, 26.739667553000118], [87.95759807900009, 26.750100824000185], [87.95416388100017, 26.761412655000072], [87.94712378200006, 26.767064720000064], [87.95702441700007, 26.768101568000077], [87.95866562800006, 26.781917529000054], [87.96462192100006, 26.789871392000123], [87.96662263600012, 26.78839337], [87.96316553400004, 26.777205022000146], [87.97141056900006, 26.772938361000172], [87.97515914100006, 26.77851288700009], [87.97904489900003, 26.778050626000095], [87.97559023200012, 26.76960629000007], [87.98021828300017, 26.763346795000018], [87.97832876800004, 26.75836425300008], [87.98121922299998, 26.752434821000122], [87.98772525800018, 26.752391885000122], [87.99118648300009, 26.755695978000176], [87.99678381100017, 26.753607889000023], [87.99836353200004, 26.769932820000065], [88.0049007230001, 26.77638938700005], [88.00433952300006, 26.780035122000186], [88.00578734900012, 26.776798305000113], [88.004039912, 26.770477131000064], [88.00784231400002, 26.76710843300009], [88.01948074500012, 26.769879477000188], [88.02670017700007, 26.778270577000114], [88.02660308900005, 26.766569899000103], [88.0351590410001, 26.764226514000086], [88.03562057300007, 26.760387355000148], [88.0446022800001, 26.752733313000135], [88.04607433100011, 26.74523817700009], [88.04920470200005, 26.75210370500008], [88.05564768100015, 26.75477472199998], [88.05786172700004, 26.75922806700015], [88.06706908300015, 26.791627567000035], [88.07465605400006, 26.788474547000078], [88.07698168900015, 26.78329441400018], [88.09221335200004, 26.801494506999973], [88.09663821600003, 26.7962866040001], [88.09230004699998, 26.79019648500008], [88.09819948600006, 26.776491159000102], [88.09500868700013, 26.77483717600012], [88.09657210700016, 26.761801647000084], [88.10448883900006, 26.748468512000102], [88.11144037800017, 26.745891618000087], [88.11362427200004, 26.748983704000125], [88.11803515600013, 26.748364593000133], [88.11900758900003, 26.753801391000025], [88.12528297699998, 26.75861178200006], [88.12544034800015, 26.765785604000143], [88.13131202500006, 26.771237433000124], [88.13115331700004, 26.77818133000011], [88.13596012000016, 26.765647505000175], [88.14497605400004, 26.76939260400013], [88.15456319800018, 26.795492220000142], [88.15033581000017, 26.80579499900017], [88.15881737000007, 26.799277350000125], [88.16001049300013, 26.79026727600018], [88.16576384799998, 26.783487348000165], [88.17359166, 26.780500818000178], [88.17368776800015, 26.783309078000173], [88.18473921800006, 26.783151621000172], [88.17743436300009, 26.803606958000046], [88.17879250400011, 26.81652861700013], [88.17171108700012, 26.827821381000092], [88.17412907700015, 26.833480312000177], [88.16743084000007, 26.837703070000146], [88.17055413400004, 26.845177045000128], [88.16729881900011, 26.849784146000047], [88.17459960200011, 26.853365289000124], [88.17438860800007, 26.859546938999983], [88.17169756300007, 26.860282261000066], [88.17340696700012, 26.865464221000025], [88.17171696900004, 26.869300419000183], [88.16650442800017, 26.87042872100011], [88.15729189800015, 26.88481136200005], [88.14637590100017, 26.88878112000009], [88.13626634600007, 26.898673008000173], [88.14592331400007, 26.92097926300005], [88.12034766400012, 26.95040303500008], [88.12244496400012, 26.96832127300013], [88.13542832400003, 26.9848525270001], [88.11496387500011, 26.988765794000187], [88.09904982600011, 27.00370081699998], [88.09214557500019, 27.004478804000144], [88.08818612100015, 27.00829764600013], [88.088483101, 27.015330355000174], [88.08290162100008, 27.02895144100006], [88.07751097900007, 27.03531253500006], [88.05958044700014, 27.029070231000105], [88.0456577550001, 27.036656117], [88.03751687400006, 27.036583217000043], [88.02745614300011, 27.050984336000113], [88.02109483999999, 27.06924537700013], [88.01614793500005, 27.07377570100016], [88.02098903700005, 27.087682024000173], [88.01585624600017, 27.08838705200003], [88.01175943600015, 27.097364880000157], [88.00329174000012, 27.10440423000017], [87.98856011900006, 27.10563227700004], [87.98074547000016, 27.101916763000133], [87.974031609, 27.103779785000086], [87.96205472500009, 27.10104197900006]]]}, "properties": {"district": "Ilam", "population": 289675, "events": 215, "deaths": 158, "missing": 22, "injured": 38, "houses_destroyed": 375, "severity_score": 1031.3, "by_hazard": {"landslide": 147, "flood": 68, "flash_flood": 0, "glof": 0, "debris_flow": 0, "avalanche": 0, "other": 0}, "first_year": 1974, "last_year": 2026, "deaths_per_100k": 54.54}}, {"type": "Feature", "geometry": {"type": "Polygon", "coordinates": [[[88.15881737000007, 26.799277350000125], [88.15025239500011, 26.805258668000135], [88.15456319800018, 26.795492220000142], [88.14497605400004, 26.76939260400013], [88.13596012000016, 26.765647505000175], [88.13115331700004, 26.77818133000011], [88.13131202500006, 26.771237433000124], [88.12544034800015, 26.765785604000143], [88.12528297699998, 26.75861178200006], [88.11900758900003, 26.753801391000025], [88.11803515600013, 26.748364593000133], [88.11362427200004, 26.748983704000125], [88.11144037800017, 26.745891618000087], [88.10448883900006, 26.748468512000102], [88.09657210700016, 26.761801647000084], [88.09500868700013, 26.77483717600012], [88.09819948600006, 26.776491159000102], [88.09230004699998, 26.79019648500008], [88.09670828800017, 26.795597914000155], [88.09263886200006, 26.801421209000125], [88.07698168900015, 26.78329441400018], [88.07465605400006, 26.788474547000078], [88.06706908300015, 26.791627567000035], [88.05786172700004, 26.75922806700015], [88.05564768100015, 26.75477472199998], [88.04920470200005, 26.75210370500008], [88.04639372700007, 26.745258368000066], [88.0446022800001, 26.752733313000135], [88.03562057300007, 26.760387355000148], [88.0351590410001, 26.764226514000086], [88.02660308900005, 26.766569899000103], [88.02670017700007, 26.778270577000114], [88.01948074500012, 26.769879477000188], [88.00784231400002, 26.76710843300009], [88.004039912, 26.770477131000064], [88.00578734900012, 26.776798305000113], [88.00433952300006, 26.780035122000186], [88.0049007230001, 26.77638938700005], [87.99836353200004, 26.769932820000065], [87.99678381100017, 26.753607889000023], [87.99118648300009, 26.755695978000176], [87.98772525800018, 26.752391885000122], [87.98121922299998, 26.752434821000122], [87.97832876800004, 26.75836425300008], [87.98021828300017, 26.763346795000018], [87.97559023200012, 26.76960629000007], [87.97904489900003, 26.778050626000095], [87.97515914100006, 26.77851288700009], [87.97141056900006, 26.772938361000172], [87.96316553400004, 26.777205022000146], [87.96662263600012, 26.78839337], [87.96462192100006, 26.789871392000123], [87.95866562800006, 26.781917529000054], [87.95702441700007, 26.768101568000077], [87.94712378200006, 26.767064720000064], [87.95416388100017, 26.761412655000072], [87.95759807900009, 26.750100824000185], [87.94849387500017, 26.739667553000118], [87.95010874200011, 26.728512486000056], [87.93539819000011, 26.726459821000162], [87.92722937200011, 26.71579790200019], [87.9264529290001, 26.71221969600009], [87.93310383400018, 26.70903072300007], [87.93317129200005, 26.702430295], [87.93629929100018, 26.70130632600018], [87.9337619740001, 26.688754863000042], [87.92416050900016, 26.697464240999977], [87.91537449700007, 26.693091827000046], [87.89580675700017, 26.691167749000044], [87.89140598000012, 26.68724444300011], [87.88332187300011, 26.68838706700018], [87.87919549300011, 26.68456325700015], [87.86698152100013, 26.692125185], [87.86185066100012, 26.68770447200012], [87.86512944700019, 26.68413290300009], [87.86647262700012, 26.671666882000068], [87.855802526, 26.67610679700016], [87.84506006600009, 26.67493688400009], [87.83347520300015, 26.687679689000106], [87.81439339700012, 26.69400022000019], [87.79321101400012, 26.680389624000043], [87.790663296, 26.666262549000123], [87.76497239100019, 26.665243342000053], [87.75786884100006, 26.67193350600013], [87.74051605600005, 26.678501112000106], [87.71831839900005, 26.693099495000183], [87.70885859000009, 26.6972109620001], [87.70764604400011, 26.69521098700011], [87.70452986500015, 26.70136633400017], [87.70739877500017, 26.710802259000104], [87.70149986100006, 26.73188219700006], [87.68708468200009, 26.74997298500017], [87.67823328700001, 26.73019015800014], [87.65493313400015, 26.715828779000162], [87.65102786000011, 26.690091061000146], [87.65275680100012, 26.6856852250001], [87.64222604600019, 26.666431071000034], [87.641788352, 26.650152284000058], [87.65385199100012, 26.633455516000026], [87.65531964200017, 26.61585469200014], [87.64718430699997, 26.60825132300016], [87.64656657800015, 26.59995459200013], [87.6383007020001, 26.597575081000173], [87.642018162, 26.583861273000025], [87.63559219100011, 26.580618123000136], [87.64076820100007, 26.57561027700018], [87.64125866100017, 26.558228102000044], [87.645769847, 26.549195090000126], [87.64044967600012, 26.52945401000011], [87.64250141600002, 26.5074523240001], [87.64835752000016, 26.497113326000147], [87.64991074900018, 26.48109373799997], [87.6596154660001, 26.471406816000183], [87.65850758700003, 26.458703018000108], [87.67270402200006, 26.449797924000165], [87.67185299900007, 26.441915151000103], [87.67533112000018, 26.436135525999987], [87.69193099000017, 26.43564768800013], [87.69833926800015, 26.42821944700006], [87.71101634100017, 26.427367193000066], [87.7222028330001, 26.41923260300007], [87.7227284170001, 26.412577624], [87.73352288500007, 26.40779067400007], [87.73897626900009, 26.41759667900004], [87.74732274900003, 26.41786699900007], [87.753681777, 26.408180077000054], [87.76697473800004, 26.411352051000108], [87.76743175700011, 26.41887516100013], [87.77088586700012, 26.421898464000094], [87.77258614100009, 26.419515389000026], [87.77585317600011, 26.42142253500009], [87.77291082700015, 26.420470437000176], [87.77589833100006, 26.425271954000152], [87.77038192900017, 26.427517721000072], [87.77526311800017, 26.42725895899997], [87.77242929400018, 26.430110785000068], [87.77579661100015, 26.430013542999973], [87.77765242400017, 26.435868261], [87.77280885600015, 26.436095339000133], [87.77761114800012, 26.442696734000037], [87.77372197200003, 26.450464555000167], [87.778833868, 26.45072112800017], [87.77768413500019, 26.45374884500012], [87.7822486020001, 26.45402859400008], [87.78846519100011, 26.461501876000057], [87.78588381500009, 26.465135579000048], [87.78979723300006, 26.46575034800003], [87.78665214500006, 26.468258949000017], [87.78974253700011, 26.469216673000062], [87.790595741, 26.466389058000118], [87.7928207710001, 26.46884763800017], [87.81704680900015, 26.459089243], [87.82954915300019, 26.450246114000095], [87.82807063700005, 26.44015226800019], [87.84853395800008, 26.436498527000083], [87.85084258200015, 26.44530325000005], [87.86125721900004, 26.44892800800011], [87.86243016000003, 26.453016489000106], [87.85805633600017, 26.456319310000083], [87.85798748800016, 26.463594682], [87.88544415100006, 26.476505771000063], [87.88797483700017, 26.48673], [87.8999140740001, 26.4774803950001], [87.90950304400019, 26.457806208000193], [87.89857241100003, 26.448790780000138], [87.92469374500001, 26.445559797000044], [87.92523367800004, 26.44003240900014], [87.91584720300011, 26.431861186], [87.92590037700006, 26.427718918000096], [87.92708070200007, 26.417913660000067], [87.93237239100017, 26.4180845570001], [87.96565246100005, 26.39719204100004], [87.99150280300017, 26.392583548], [87.99191123800011, 26.371471308000025], [87.9952920500001, 26.366169951000074], [88.00225758300007, 26.366601983000123], [88.00753478100006, 26.361106554000116], [88.02974464500011, 26.364899646000026], [88.02704903700015, 26.37109725], [88.03125801100009, 26.378502068000046], [88.02704116200016, 26.38189000900013], [88.03065362500018, 26.382378473000017], [88.034153511, 26.392083079000088], [88.03637851600018, 26.390347583], [88.03765433100011, 26.393912551000085], [88.04493453300012, 26.395982947000164], [88.0472054330001, 26.40114942100007], [88.05530421000009, 26.400796541000034], [88.05545945000011, 26.405813737000187], [88.05994334400003, 26.409702300000163], [88.07125349000006, 26.408085902000153], [88.06959689000013, 26.413488906999987], [88.09551645400012, 26.439189686000134], [88.09678086200012, 26.452283022000074], [88.09177906600013, 26.463086685000178], [88.10305886000015, 26.46588140800003], [88.09775907400007, 26.472621540000148], [88.10461107700007, 26.472153522000156], [88.10712417300016, 26.475527717000148], [88.10017559400018, 26.47983246600006], [88.10563060300007, 26.489499611000156], [88.1001590030001, 26.494490141000085], [88.098590629, 26.505779703000144], [88.09251475100018, 26.504659808000156], [88.09021892400006, 26.507136864000074], [88.09644408800011, 26.511281563000125], [88.09501602600011, 26.516464089000067], [88.10298700400006, 26.51890734300008], [88.10356670800007, 26.536380849000068], [88.09920862100017, 26.534728972000096], [88.09822898800019, 26.53781649900003], [88.1113999910001, 26.545205613000178], [88.10529221100012, 26.550738333000027], [88.10529478500013, 26.560946203000128], [88.10929192300011, 26.557054490000098], [88.11328575400006, 26.558302708000156], [88.1104659670001, 26.56204777000005], [88.11501516800018, 26.565825468000185], [88.11150845000009, 26.565031595000107], [88.11305913700005, 26.57250379300018], [88.11880393700005, 26.56814234000018], [88.1174982660001, 26.574583260000054], [88.12065201899998, 26.57575215700001], [88.12284400800007, 26.572282560000076], [88.12528281500016, 26.577647019000153], [88.12995218800006, 26.573487654000132], [88.1271970950001, 26.581896440000094], [88.13179661200007, 26.593209365000064], [88.12977868100018, 26.60131894100016], [88.13901967200019, 26.60682526700009], [88.14189841600012, 26.625805061], [88.15452592800011, 26.63047077500005], [88.16036453200019, 26.636585296000135], [88.15787358100005, 26.640100633000145], [88.16295247500017, 26.646009096000057], [88.16703105500011, 26.69957217800004], [88.18192484900004, 26.71949162100003], [88.18626515000005, 26.738502938000124], [88.18784440600012, 26.77166829200013], [88.18473921800006, 26.783151621000172], [88.17368776800015, 26.783309078000173], [88.17359166, 26.780500818000178], [88.16354834000003, 26.78533314500004], [88.15881737000007, 26.799277350000125]]]}, "properties": {"district": "Jhapa", "population": 1074577, "events": 276, "deaths": 123, "missing": 28, "injured": 4, "houses_destroyed": 2180, "severity_score": 1460.6, "by_hazard": {"landslide": 11, "flood": 265, "flash_flood": 0, "glof": 0, "debris_flow": 0, "avalanche": 0, "other": 0}, "first_year": 1971, "last_year": 2026, "deaths_per_100k": 11.45}}, {"type": "Feature", "geometry": {"type": "Polygon", "coordinates": [[[87.50697784300013, 26.870402479000063], [87.50231081400005, 26.87346312699998], [87.49821605000017, 26.87008846800012], [87.48826809700017, 26.872451765000164], [87.48354544700004, 26.867609785000127], [87.47352519200007, 26.867280440000116], [87.47187822100011, 26.861773325000172], [87.46059781400015, 26.864191155000015], [87.45274834800011, 26.858121725000046], [87.44909880500006, 26.86426199800013], [87.42896443299998, 26.863536999000075], [87.42129370700019, 26.870451382000113], [87.40072747700009, 26.863294935000113], [87.39184151100011, 26.86579067800011], [87.38427664900018, 26.853574412000114], [87.36886601800006, 26.845688376000055], [87.34736840500011, 26.84960369999999], [87.35382224600005, 26.83904523800004], [87.34664780200006, 26.825474161000045], [87.34964951300003, 26.823801550000155], [87.3489996130001, 26.82040033300018], [87.32338583000006, 26.786906523000027], [87.32382230300004, 26.774571291000086], [87.338252678, 26.752901877], [87.33914049900005, 26.73655331300006], [87.33487256600012, 26.735936101000107], [87.32996598700015, 26.72889362300009], [87.32497970200012, 26.715009300000133], [87.31936721700004, 26.71601486000003], [87.32153266400002, 26.711571348000064], [87.31388547700016, 26.705637909000018], [87.30386412300015, 26.676658367000186], [87.29377469200017, 26.667908191000038], [87.28895870800011, 26.669955738000056], [87.28487927200007, 26.657419689000164], [87.28482146800013, 26.651818924999986], [87.28875711100005, 26.65048411200013], [87.295183608, 26.638790869000104], [87.29413314100009, 26.635031302000186], [87.30114373300012, 26.62952184600016], [87.30070635900017, 26.615416811000046], [87.29363229600011, 26.609027361000074], [87.28852694200009, 26.601349558000095], [87.28932015200019, 26.595850863000123], [87.28533523100009, 26.592999787000167], [87.29116891100011, 26.576514760000123], [87.28678081900011, 26.57253402500004], [87.28378920100005, 26.558959709000078], [87.27763405800016, 26.559044028000017], [87.27232312600017, 26.55054235600005], [87.26605041900012, 26.548681153000132], [87.25979111900006, 26.539614325000116], [87.26074398900005, 26.534381732000156], [87.25391345200018, 26.53649498700014], [87.25529993300006, 26.529284825000047], [87.24587815000007, 26.52110761200015], [87.24740676300013, 26.515657425000143], [87.25044541500006, 26.521945873000163], [87.25406032100017, 26.519157055000164], [87.24981123300012, 26.511426586000084], [87.25243088899998, 26.503302586000075], [87.24514166700015, 26.49115881800003], [87.24347222800014, 26.47574881100013], [87.2384741300001, 26.46995990800019], [87.2448652860001, 26.465146941000114], [87.24693252500015, 26.45367509700003], [87.24410764400011, 26.442342526], [87.24803167500016, 26.43224397100016], [87.24243658800003, 26.418228458000044], [87.24985751100007, 26.409459851000065], [87.25614141100004, 26.41114119399998], [87.26602669300013, 26.4056439740001], [87.26576349800013, 26.373884090000047], [87.28933545300009, 26.373732342000096], [87.3012075210001, 26.366278890000103], [87.31221773400006, 26.371484015000135], [87.32176968900018, 26.36020210100014], [87.34085756200011, 26.347762022000154], [87.35819114800006, 26.361065687000178], [87.35323391800006, 26.37203190000008], [87.35626597600009, 26.38820687000009], [87.36856131700017, 26.40807718900004], [87.37596831900004, 26.407037914000114], [87.38839888000012, 26.41907097500018], [87.42764604300015, 26.422427465000112], [87.44291133100006, 26.43307513600007], [87.46648037000017, 26.440390623999974], [87.51626321400005, 26.430935792000184], [87.5341071200001, 26.421606862000147], [87.54741415800015, 26.418539434000024], [87.55270826500004, 26.40573988600005], [87.58764205400007, 26.392609350000043], [87.587008997, 26.382136741000124], [87.6070716800001, 26.381175256000063], [87.61199777799999, 26.39017844500006], [87.62654425700003, 26.393728344000067], [87.65171420100017, 26.393518891000042], [87.65014099700005, 26.405885420000175], [87.67820321300019, 26.41582626900015], [87.67903950900012, 26.436447381000164], [87.67507271099998, 26.436303695000163], [87.67192274700017, 26.44162817600005], [87.67270402200006, 26.449797924000165], [87.65764829000005, 26.460241493000126], [87.6596154660001, 26.471406816000183], [87.64991074900018, 26.48109373799997], [87.64835752000016, 26.497113326000147], [87.64250141600002, 26.5074523240001], [87.64044967600012, 26.52945401000011], [87.645769847, 26.549195090000126], [87.64125866100017, 26.558228102000044], [87.64076820100007, 26.57561027700018], [87.63559219100011, 26.580618123000136], [87.642018162, 26.583861273000025], [87.6383007020001, 26.597575081000173], [87.64656657800015, 26.59995459200013], [87.64718430699997, 26.60825132300016], [87.65531964200017, 26.61585469200014], [87.65385199100012, 26.633455516000026], [87.64413748300012, 26.64486822300006], [87.64138456600017, 26.65405562600006], [87.64236845100015, 26.666967465000027], [87.65275680100012, 26.6856852250001], [87.65102786000011, 26.690091061000146], [87.65472711100006, 26.71529038500006], [87.67855005000001, 26.730536133999976], [87.69027717800009, 26.75660053200005], [87.68524386900009, 26.757556855000075], [87.68236197300007, 26.75301494500013], [87.67541120000004, 26.752314812], [87.67204121499998, 26.757001781000156], [87.66311953700006, 26.76060898900016], [87.67909773300016, 26.78146435600013], [87.6708350240001, 26.790741709000088], [87.66136446400009, 26.79228908500005], [87.65592740500006, 26.798228530000017], [87.66102338200011, 26.805784345000177], [87.66141605700017, 26.814842191000025], [87.65236607300011, 26.818846486000155], [87.64771876800006, 26.83094897500007], [87.64200827600007, 26.830207807000022], [87.63424710400011, 26.840489394000144], [87.63107617499998, 26.838971403000016], [87.62193876900017, 26.84282983500009], [87.59949554200011, 26.862122427000088], [87.58036922400015, 26.861412504999976], [87.57306814900011, 26.85692932100011], [87.5657177120001, 26.85756819100004], [87.55837384100005, 26.863423608000062], [87.53960140200013, 26.86333401500019], [87.53417493500012, 26.862614475000157], [87.53109189700012, 26.85728050700004], [87.52028106000012, 26.862140570000122], [87.509193354, 26.857501017000175], [87.50697784300013, 26.870402479000063]]]}, "properties": {"district": "Morang", "population": 1229979, "events": 192, "deaths": 131, "missing": 20, "injured": 8, "houses_destroyed": 854, "severity_score": 1475.6, "by_hazard": {"landslide": 16, "flood": 176, "flash_flood": 0, "glof": 0, "debris_flow": 0, "avalanche": 0, "other": 0}, "first_year": 1971, "last_year": 2026, "deaths_per_100k": 10.65}}, {"type": "Feature", "geometry": {"type": "Polygon", "coordinates": [[[87.25630029300004, 26.865859981000085], [87.23258321300005, 26.87838176500003], [87.2159172210001, 26.86328952400015], [87.18526328700005, 26.870637383000144], [87.17915268300015, 26.877132767000035], [87.16613447500004, 26.878146065000067], [87.1579694780001, 26.87529641500015], [87.15249307700003, 26.86918947200013], [87.14947260100007, 26.847001975000126], [87.14199696200012, 26.83536597700015], [87.14406847900005, 26.822749801000043], [87.14193273200016, 26.81557388699997], [87.13564262900007, 26.80933394000016], [87.12680455300017, 26.786079367000127], [87.10501577800011, 26.75476707000007], [87.098538889, 26.751183764000075], [87.06881751400016, 26.750445351000167], [87.0642266860001, 26.74439541900017], [87.04300467400009, 26.756297810999968], [87.034182262, 26.750579835999986], [87.03288174700015, 26.74485293700019], [87.02523622300015, 26.73725889500014], [87.02448948700015, 26.729828092000048], [87.01825865100011, 26.72796514099997], [87.01378948700017, 26.72216394000003], [87.00988131200018, 26.710811421000187], [87.0144753030001, 26.69016779900005], [87.01064737700005, 26.68397833200015], [87.01327470500001, 26.670833461000143], [87.00614729500006, 26.666293664000136], [87.00177497500016, 26.655624576000037], [86.9947926050001, 26.65402002700006], [86.99099763600003, 26.64952022500006], [86.985555981, 26.629334444999984], [86.97872346100013, 26.625161060000096], [86.98929051800019, 26.60593142200014], [86.982422408, 26.586284631000183], [86.99222370300015, 26.57204841900017], [86.97376116200013, 26.558016806000126], [86.9635196000001, 26.544562728000187], [86.95078853899997, 26.5372225750001], [86.93317322000007, 26.533543891000193], [86.91665414300013, 26.512397245000045], [86.91612851700012, 26.501386754], [86.91074976400017, 26.499120042000072], [86.90397838200016, 26.488276987000063], [86.92974194900012, 26.489603082000087], [86.92830735000018, 26.49685749000008], [86.93258997800012, 26.51680158500011], [86.94446280600016, 26.517079773000034], [86.94664612400015, 26.520950726000137], [86.95921925800008, 26.520329818000107], [86.96115086800017, 26.523769491000053], [86.97497921900009, 26.520033377000175], [86.97922324500007, 26.525120448], [86.99069986300003, 26.523124515000177], [87.01516849100005, 26.532096426000066], [87.04220905200015, 26.568318955000166], [87.04452545300006, 26.587267163000092], [87.07166540300017, 26.58577122100013], [87.07255364200017, 26.541958352000165], [87.08005580800005, 26.52171680700002], [87.09139423900007, 26.45034107500004], [87.1389223700001, 26.41493406000012], [87.16236451500004, 26.404050238000025], [87.18893035700006, 26.40552058999998], [87.18580750500013, 26.414257964000114], [87.21121967900007, 26.41313502000014], [87.21081025, 26.409531701000162], [87.21879923100016, 26.40319651699997], [87.22866234700018, 26.41370391200013], [87.24499459500004, 26.414261409000176], [87.24241627400016, 26.41840000500008], [87.24803167500016, 26.43224397100016], [87.24410764400011, 26.442342526], [87.24693252500015, 26.45367509700003], [87.2448652860001, 26.465146941000114], [87.2384741300001, 26.46995990800019], [87.24347222800014, 26.47574881100013], [87.24514166700015, 26.49115881800003], [87.25243088899998, 26.503302586000075], [87.24981123300012, 26.511426586000084], [87.25406032100017, 26.519157055000164], [87.25044541500006, 26.521945873000163], [87.24740676300013, 26.515657425000143], [87.24587815000007, 26.52110761200015], [87.25529993300006, 26.529284825000047], [87.25391345200018, 26.53649498700014], [87.26074398900005, 26.534381732000156], [87.25979111900006, 26.539614325000116], [87.26605041900012, 26.548681153000132], [87.27232312600017, 26.55054235600005], [87.27763405800016, 26.559044028000017], [87.28378920100005, 26.558959709000078], [87.28678081900011, 26.57253402500004], [87.29095132900005, 26.575822441000128], [87.28533523100009, 26.592999787000167], [87.28932015200019, 26.595850863000123], [87.28852694200009, 26.601349558000095], [87.29363229600011, 26.609027361000074], [87.30070635900017, 26.615416811000046], [87.30114373300012, 26.62952184600016], [87.29413314100009, 26.635031302000186], [87.295183608, 26.638790869000104], [87.28875711100005, 26.65048411200013], [87.28482146800013, 26.651818924999986], [87.28487927200007, 26.657419689000164], [87.28895870800011, 26.669955738000056], [87.29377469200017, 26.667908191000038], [87.30386412300015, 26.676658367000186], [87.31388547700016, 26.705637909000018], [87.32153266400002, 26.711571348000064], [87.31936721700004, 26.71601486000003], [87.32497970200012, 26.715009300000133], [87.32996598700015, 26.72889362300009], [87.33487256600012, 26.735936101000107], [87.33914049900005, 26.73655331300006], [87.338252678, 26.752901877], [87.32382230300004, 26.774571291000086], [87.32345630400005, 26.787594590000026], [87.34624385500013, 26.81462584700006], [87.34964951300003, 26.823801550000155], [87.34664780200006, 26.825474161000045], [87.35382224600005, 26.83904523800004], [87.34736840500011, 26.84960369999999], [87.33339858600004, 26.85530113400017], [87.32346202700006, 26.85427266400012], [87.31922188900006, 26.86241481600007], [87.30811530500017, 26.871743049000145], [87.30128875200018, 26.869079279000175], [87.29640750300013, 26.87486856000004], [87.25630029300004, 26.865859981000085]]]}, "properties": {"district": "Sunsari", "population": 996243, "events": 195, "deaths": 48, "missing": 24, "injured": 15, "houses_destroyed": 11520, "severity_score": 3295.1, "by_hazard": {"landslide": 42, "flood": 153, "flash_flood": 0, "glof": 0, "debris_flow": 0, "avalanche": 0, "other": 0}, "first_year": 1971, "last_year": 2026, "deaths_per_100k": 4.82}}, {"type": "Feature", "geometry": {"type": "Polygon", "coordinates": [[[87.35750100700005, 27.190125250999984], [87.34279617900017, 27.187081992000174], [87.3277231780001, 27.188160491000133], [87.31228039000013, 27.18228165500011], [87.29215132100006, 27.190344325000183], [87.2851651100001, 27.190151148000098], [87.26460997300018, 27.18219021200008], [87.26303804100013, 27.177337357000113], [87.27211446900009, 27.175228335000043], [87.27531764800017, 27.160451562000162], [87.26989240100005, 27.150323972000137], [87.27100992500016, 27.143051566000054], [87.25715895600013, 27.130581523000046], [87.24448264200004, 27.126330473000053], [87.2450050760001, 27.118131949000087], [87.23799670100016, 27.117081160999987], [87.22767324500006, 27.108435788000122], [87.21744017000003, 27.107071093000116], [87.20217241600011, 27.08781930500004], [87.19166220900013, 27.085672298000134], [87.19107346599998, 27.07780485], [87.18304940100018, 27.07444212100006], [87.17872560100017, 27.05227341500006], [87.19538594100004, 27.019284229999982], [87.198349618, 27.00842873200014], [87.19703141400004, 27.000280106000048], [87.18863431500006, 26.992267589000107], [87.17975748200001, 26.989038832], [87.178254434, 26.98325737100015], [87.17320165500018, 26.983274965000135], [87.16925430300006, 26.97188444800014], [87.16020690500005, 26.967005208000046], [87.16380255100017, 26.959279385000173], [87.15731811300014, 26.95520699600013], [87.161199506, 26.94602093200018], [87.14818020100006, 26.937677108000116], [87.15027110000017, 26.932954246000122], [87.15786454600016, 26.930393859000105], [87.15359289800017, 26.92565538100007], [87.15631332400005, 26.913386001000106], [87.16786091600017, 26.901070286999982], [87.16846180100003, 26.888988164000125], [87.16469317100018, 26.87786568900009], [87.17915268300015, 26.877132767000035], [87.18526328700005, 26.870637383000144], [87.2159172210001, 26.86328952400015], [87.2335133950001, 26.878723253000032], [87.25630029300004, 26.865859981000085], [87.29679057800013, 26.874845194000045], [87.30128875200018, 26.869079279000175], [87.31042328600012, 26.870384085000126], [87.3236528160001, 26.854136867000193], [87.33339858600004, 26.85530113400017], [87.34372894800015, 26.84921316700013], [87.36733296900013, 26.845588543000076], [87.3834144650001, 26.852838898000186], [87.39184151100011, 26.86579067800011], [87.40072747700009, 26.863294935000113], [87.42129370700019, 26.870451382000113], [87.42896443299998, 26.863536999000075], [87.44909880500006, 26.86426199800013], [87.45274834800011, 26.858121725000046], [87.46040571500015, 26.864135345000022], [87.47187822100011, 26.861773325000172], [87.4738466450001, 26.867448619000072], [87.48354544700004, 26.867609785000127], [87.48884333300015, 26.87252202000019], [87.49950918800005, 26.87034334500015], [87.50231081400005, 26.87346312699998], [87.50738430899997, 26.869577370000115], [87.50903062500015, 26.857530886000063], [87.52028106000012, 26.862140570000122], [87.52893143000017, 26.85714647800006], [87.53437709600007, 26.86267241200005], [87.55805513100012, 26.863454161000163], [87.5657177120001, 26.85756819100004], [87.57558594000017, 26.857316272000105], [87.57999521100004, 26.86133281800005], [87.5749067800001, 26.87065472500018], [87.56753408800006, 26.87168412300008], [87.55955794000005, 26.884832769000127], [87.55138519100018, 26.88467763000017], [87.544209518, 26.88912360900008], [87.52212292100018, 26.884777512000085], [87.53168103299998, 26.901884204000112], [87.5286305780001, 26.908890723000127], [87.53091954200016, 26.913814714000125], [87.52229963400015, 26.92566396000018], [87.523877207, 26.929850625000086], [87.52078537500017, 26.934541972000034], [87.52430581900012, 26.936115213999983], [87.52639063900017, 26.94565898400009], [87.52451760200017, 26.960378043000162], [87.50261962000019, 26.97158884600003], [87.49147599200012, 26.98552336100005], [87.48382742100006, 26.982869137000137], [87.48374516500019, 26.97555402200004], [87.46831427500013, 26.976386849000107], [87.46352552900004, 26.967958992999968], [87.44962375700015, 26.973920465000106], [87.43840527300006, 26.971424035000155], [87.43629001500005, 26.983568125999966], [87.4411704910001, 26.992271833000075], [87.44111105300016, 27.006090565000193], [87.43040869200001, 27.01423109400008], [87.42971836800012, 27.037395498000024], [87.42653151200005, 27.046252793], [87.40118640800017, 27.074095015000125], [87.39191776300004, 27.102473241000155], [87.39460805100003, 27.12334440600017], [87.40663337100011, 27.136322810000024], [87.38961294100011, 27.14786979500019], [87.38597964900003, 27.15908512200008], [87.37407938500007, 27.167199815000117], [87.37566450700012, 27.179883361000066], [87.36596451800017, 27.18796209900006], [87.35750100700005, 27.190125250999984]]]}, "properties": {"district": "Dhankuta", "population": 154987, "events": 132, "deaths": 57, "missing": 2, "injured": 25, "houses_destroyed": 404, "severity_score": 414.4, "by_hazard": {"landslide": 109, "flood": 23, "flash_flood": 0, "glof": 0, "debris_flow": 0, "avalanche": 0, "other": 0}, "first_year": 1971, "last_year": 2026, "deaths_per_100k": 36.78}}, {"type": "Feature", "geometry": {"type": "Polygon", "coordinates": [[[87.53549577100017, 27.291159892000053], [87.51654198000017, 27.296793040000182], [87.49171555900011, 27.268870013000083], [87.47954489700015, 27.250143797000135], [87.47765189400008, 27.23694828900011], [87.46751832500019, 27.218881864000025], [87.4673413810001, 27.20157150000017], [87.46999675000012, 27.197819252000045], [87.45157245000019, 27.17959631000008], [87.43124222000006, 27.179495562000056], [87.41982322600012, 27.17601477700009], [87.40589875800015, 27.155867714000124], [87.40929317600018, 27.14593645700006], [87.40655095000011, 27.13603652100005], [87.39460805100003, 27.12334440600017], [87.39191776300004, 27.102473241000155], [87.40098448500004, 27.074551409000037], [87.42653151200005, 27.046252793], [87.42971836800012, 27.037395498000024], [87.43040869200001, 27.01423109400008], [87.44111105300016, 27.006090565000193], [87.4411704910001, 26.992271833000075], [87.43629001500005, 26.983568125999966], [87.43878467000013, 26.971037014000046], [87.44962375700015, 26.973920465000106], [87.46352552900004, 26.967958992999968], [87.46869978100005, 26.97657508900005], [87.48374516500019, 26.97555402200004], [87.48245933400011, 26.98083622500019], [87.48552567000019, 26.984210426], [87.50059109500012, 26.983979416000068], [87.51137754100017, 26.990610728000036], [87.51993827500007, 27.002538537000135], [87.53586457500012, 27.01351281700005], [87.54177217200015, 27.022023999000112], [87.53932684100005, 27.03371937200012], [87.53280297000003, 27.03499657600014], [87.53698886700005, 27.045572295000056], [87.57022529700009, 27.069677570000124], [87.57107960700006, 27.07574605800005], [87.58893547800017, 27.09952925800019], [87.603309352, 27.107868802000098], [87.60800118800006, 27.10755073200005], [87.61225864500017, 27.112446635000083], [87.62187700600009, 27.113054201000068], [87.63412647100012, 27.118660694000027], [87.6374688470001, 27.124011228000086], [87.6446652250001, 27.126656697000044], [87.64480431500004, 27.132655739000086], [87.66305425400009, 27.132789572000036], [87.67566739000011, 27.142402474000164], [87.69199793700011, 27.143196089000185], [87.69496002400012, 27.147039812000173], [87.70592726800004, 27.150453098000128], [87.71103920100012, 27.156905256000186], [87.71091886900012, 27.17156297700018], [87.71790276800004, 27.18756765200004], [87.74448523100006, 27.198985913000058], [87.7514158570001, 27.208335166999973], [87.75125447000016, 27.21756436000004], [87.74597037100006, 27.22430510800018], [87.73327071200009, 27.234638339000128], [87.72742807300006, 27.235645764000083], [87.723073425, 27.241931820000048], [87.7156055430001, 27.243576722000114], [87.70403168700011, 27.2534728870001], [87.68589484200004, 27.261911305000183], [87.67973592499999, 27.271000394], [87.65125519800011, 27.26811016700009], [87.60661244700003, 27.283559030000163], [87.56678386100009, 27.28697747500007], [87.55732575700017, 27.285242011000037], [87.54300369000009, 27.292888633000132], [87.53549577100017, 27.291159892000053]]]}, "properties": {"district": "Terhathum", "population": 90553, "events": 79, "deaths": 24, "missing": 1, "injured": 23, "houses_destroyed": 170, "severity_score": 212.2, "by_hazard": {"landslide": 69, "flood": 10, "flash_flood": 0, "glof": 0, "debris_flow": 0, "avalanche": 0, "other": 0}, "first_year": 1975, "last_year": 2026, "deaths_per_100k": 26.5}}, {"type": "Feature", "geometry": {"type": "Polygon", "coordinates": [[[87.02464798700015, 27.94981219000016], [87.01560123700017, 27.957665011000188], [87.00869337100005, 27.95343300600007], [86.99208939500005, 27.954761949000158], [86.98317150800017, 27.949436566000145], [86.9790648010001, 27.936115483000094], [86.9809751890001, 27.919805776000032], [86.97276119100007, 27.91523558900019], [86.96741403400006, 27.90669024600004], [86.96741565600018, 27.90156413700015], [86.97317892600012, 27.895148750000033], [86.97387200900016, 27.877322655000114], [86.98412481100007, 27.86327471600015], [86.99064862500006, 27.84552803500003], [86.98956060200015, 27.839357122000024], [86.97661980900017, 27.82585213800013], [86.99783937100011, 27.824398852000172], [87.01003931200012, 27.81471475], [86.9934647020001, 27.795063240000104], [86.98300947600012, 27.79133731100012], [86.98607395300007, 27.780613754000058], [86.97933252600018, 27.775281412000083], [86.98287420300016, 27.756029368000043], [86.97884112100007, 27.750209932000132], [86.99356613200013, 27.742070864000084], [86.99524565700011, 27.731669626000155], [87.00812541700014, 27.725931812000056], [87.0050000440001, 27.711460344000102], [86.9872746310001, 27.68699292399998], [86.98741596200017, 27.65887978400002], [86.98357507500009, 27.646239702000116], [86.96812510300003, 27.632785039000055], [86.95361122800006, 27.604602193000176], [86.95679904700012, 27.58913624200011], [86.95333558100003, 27.572285039000178], [86.96192448900018, 27.568303048000132], [86.96576939500017, 27.56143135000019], [86.96659000500017, 27.54149474800016], [86.94787033500012, 27.527863102000083], [86.94276625300006, 27.50914265700004], [86.96281416400012, 27.48347241400012], [86.94786231600006, 27.475074065000058], [86.94399500300011, 27.461906841000086], [86.94004802100005, 27.459147948000123], [86.95473087300002, 27.458180991000177], [86.96312571000016, 27.45019147500011], [86.97493330500004, 27.44688179800005], [86.98030509500006, 27.44185327700012], [87.00996248000018, 27.435996841000133], [87.04202413700006, 27.44786151800014], [87.05677587100007, 27.440897717000098], [87.07245787500017, 27.459979080000153], [87.09413646000019, 27.45546019400018], [87.10858550600005, 27.46357931200015], [87.1104108780001, 27.45883276300009], [87.13784193900017, 27.45269818899999], [87.14008640300005, 27.446987358000115], [87.13342802500017, 27.436303361000114], [87.12733498500018, 27.434614458000055], [87.1237830070001, 27.426749833000144], [87.13004178600005, 27.409266486000092], [87.12494443200018, 27.402145516000132], [87.13149288000005, 27.394526558000166], [87.14191947100005, 27.39388230700007], [87.15458936300013, 27.38119034600004], [87.16848298800011, 27.375797392000038], [87.17598318800003, 27.36549456000006], [87.19212451300018, 27.352368326000033], [87.19188342800004, 27.346623949], [87.18439158300004, 27.336437458000148], [87.19111374000016, 27.32694716000009], [87.18198100100005, 27.315995581000152], [87.2012853760001, 27.30182161600004], [87.19959758400006, 27.294459173000064], [87.20672026500011, 27.28134370300006], [87.20448131600006, 27.273117947000173], [87.20968176100018, 27.267830316000072], [87.19714514900011, 27.26491521300005], [87.19864247499999, 27.26137055200013], [87.20413772300014, 27.26022994200008], [87.20543399100006, 27.252183983], [87.20225559300019, 27.246883826000158], [87.21096390800011, 27.243623961000026], [87.2154377380001, 27.233855961000017], [87.22670474800009, 27.229458494000085], [87.22983657300017, 27.222210312000072], [87.23735464300012, 27.21730138200013], [87.24647758000009, 27.198473949000117], [87.24691949900017, 27.19149631800019], [87.25807909700018, 27.183924], [87.26104543200017, 27.177018410000073], [87.26506921900011, 27.18248944400017], [87.2851651100001, 27.190151148000098], [87.29215132100006, 27.190344325000183], [87.31228039000013, 27.18228165500011], [87.3284248980001, 27.188253621000058], [87.34279617900017, 27.187081992000174], [87.35690400500005, 27.190837553000165], [87.36019796400018, 27.187647581000192], [87.3652306670001, 27.188268683000047], [87.37598972500018, 27.179426720000038], [87.37407938500007, 27.167199815000117], [87.38597964900003, 27.15908512200008], [87.38961294100011, 27.14786979500019], [87.40663337100011, 27.136322810000024], [87.40929317600018, 27.14593645700006], [87.40589875800015, 27.155867714000124], [87.41982322600012, 27.17601477700009], [87.43124222000006, 27.179495562000056], [87.45157245000019, 27.17959631000008], [87.46999675000012, 27.197819252000045], [87.4673413810001, 27.20157150000017], [87.4672925050001, 27.2178311400001], [87.47765189400008, 27.23694828900011], [87.47954489700015, 27.250143797000135], [87.51654296600009, 27.297291684000072], [87.514250495, 27.306097621000106], [87.49735638400011, 27.31390024400008], [87.49241146300017, 27.332446777000087], [87.47960524900014, 27.343258588000026], [87.47426779600005, 27.357392437000158], [87.46643103200017, 27.36678934100013], [87.45838952800005, 27.371590394000123], [87.45658934300008, 27.386664038000106], [87.44432647700006, 27.4061599100001], [87.45610078500016, 27.425871405000066], [87.46097434300015, 27.44666754900004], [87.45853245600017, 27.473692570000082], [87.47114100100003, 27.48662636100005], [87.46637671400009, 27.495861586000103], [87.46965262900017, 27.499869047000118], [87.46810696200009, 27.507421543000078], [87.47624272100012, 27.51235095200019], [87.47486617300007, 27.52709819400019], [87.48059285100015, 27.54323113700019], [87.48710867400007, 27.54646653900005], [87.48194201800015, 27.554972630000123], [87.48171657000012, 27.567100811000046], [87.48758580800012, 27.569521586000064], [87.48963786600007, 27.576788549000128], [87.49869520300012, 27.58118308600001], [87.51267582700012, 27.598902421], [87.524876506, 27.592825876000063], [87.52927882000012, 27.594880404000037], [87.52761209000005, 27.60300472100016], [87.53596568100016, 27.62401209700016], [87.53462560200018, 27.63195018700003], [87.54492573100003, 27.63817108700016], [87.54417077400018, 27.64572340900014], [87.53959536800016, 27.650944113000094], [87.53217355900006, 27.65215505100008], [87.54534610100018, 27.659470411000143], [87.54925001400017, 27.680699557000025], [87.56100455000018, 27.69842453700005], [87.57450041600003, 27.693076202999976], [87.57473538500005, 27.68276661400006], [87.579675339, 27.67609248400015], [87.59049979800011, 27.681375915000046], [87.5999229300001, 27.679313964000016], [87.60105078200019, 27.674237058000074], [87.60515843400009, 27.6741650190001], [87.61627907200005, 27.688569217000122], [87.61272575200019, 27.700170503000095], [87.62179034800005, 27.711792343000127], [87.639257112, 27.710036460000083], [87.63780484000011, 27.718693357], [87.64400882500013, 27.72713654800009], [87.64109792500017, 27.73089984900014], [87.65562406500004, 27.739587927000116], [87.66359120300018, 27.750221583000098], [87.65703303000015, 27.761614955000084], [87.67151628900007, 27.773385637], [87.67075933500018, 27.780654171000094], [87.67721164200015, 27.78980967700005], [87.66450150800011, 27.809475076000126], [87.66292101700014, 27.822581765000166], [87.66962633300005, 27.830046550000077], [87.66939443300004, 27.83485774700017], [87.63570009900013, 27.834353701000055], [87.63240632300011, 27.83257754400006], [87.63189470700007, 27.824751035000077], [87.61673345800017, 27.81888369600017], [87.61135211400006, 27.810548576000087], [87.60139434600018, 27.82107439400005], [87.58937787200017, 27.82036135000004], [87.59088385500019, 27.833465413000056], [87.58623623900019, 27.85281593000019], [87.57867600300011, 27.861969414000157], [87.57120849500006, 27.861328263000132], [87.56126615500006, 27.86701619500019], [87.55201378800007, 27.865135807], [87.54758016000005, 27.853182337000078], [87.53584006500006, 27.843123061000142], [87.50874745100015, 27.847061066000094], [87.49290066300011, 27.843903538000177], [87.48997979700005, 27.84644313400014], [87.44968222000011, 27.822283553000034], [87.42254242100012, 27.83157446200005], [87.40350179100017, 27.8340410670001], [87.40876623700018, 27.838781624000035], [87.43163921800004, 27.842369246000032], [87.43306050200005, 27.84617550100012], [87.42583242700005, 27.852127212000084], [87.4255296820001, 27.858761308000055], [87.4184600800001, 27.862471783000046], [87.40248705300002, 27.85187916200016], [87.37372704100005, 27.845277256000145], [87.36054741400011, 27.828855640000143], [87.35512428400011, 27.827405415000158], [87.34784629100005, 27.83038182600012], [87.34540373400017, 27.827827192000143], [87.3377458110001, 27.829887989000042], [87.31774822000006, 27.825709601000142], [87.3043420510001, 27.835452735000047], [87.3034898470001, 27.84341226600003], [87.28466278700006, 27.844490187000133], [87.26032675900012, 27.850909781000155], [87.24986438100012, 27.84303240300011], [87.23853376400007, 27.839440255000056], [87.22555568900015, 27.81968187900003], [87.21769912700006, 27.823557075000053], [87.19306425400003, 27.819945490000123], [87.1681628500001, 27.821663491000038], [87.15661573500012, 27.824445403000027], [87.14038112300011, 27.837090915000033], [87.12622248800005, 27.834160219000182], [87.12182369300018, 27.83925418500013], [87.11578752200012, 27.840301729000146], [87.108038953, 27.85426272300009], [87.10705877600003, 27.874901004000037], [87.08815405500019, 27.883348087], [87.08843487000007, 27.889543419000177], [87.07769314800015, 27.902811854000106], [87.07815859400012, 27.91563347800013], [87.06565878700019, 27.923886449000065], [87.05326522500002, 27.92655860299999], [87.03901415100006, 27.95036160000012], [87.02464798700015, 27.94981219000016]]]}, "properties": {"district": "Sankhuwasabha", "population": 164634, "events": 286, "deaths": 139, "missing": 67, "injured": 49, "houses_destroyed": 274, "severity_score": 1201.7, "by_hazard": {"landslide": 220, "flood": 62, "flash_flood": 0, "glof": 0, "debris_flow": 0, "avalanche": 4, "other": 0}, "first_year": 1978, "last_year": 2026, "deaths_per_100k": 84.43}}, {"type": "Feature", "geometry": {"type": "Polygon", "coordinates": [[[87.10965183700006, 27.462168268000084], [87.10344040100006, 27.462139155000102], [87.09396542100018, 27.45544456700003], [87.071921573, 27.4598913910001], [87.05677587100007, 27.440897717000098], [87.04202413700006, 27.44786151800014], [87.00996248000018, 27.435996841000133], [86.98030509500006, 27.44185327700012], [86.97493330500004, 27.44688179800005], [86.96312571000016, 27.45019147500011], [86.95473087300002, 27.458180991000177], [86.94017412700015, 27.459217944000045], [86.94005834500018, 27.450492584000017], [86.93300131500018, 27.443149476000144], [86.91576976000005, 27.44024753800005], [86.90590122200007, 27.433422507000103], [86.91032035600017, 27.407511194], [86.91990526100017, 27.389840737000156], [86.93058067400017, 27.384580084], [86.92371839499998, 27.370573502000184], [86.93144113100004, 27.357269439000106], [86.93369153800018, 27.354003268000156], [86.94662827300004, 27.35178401400003], [86.95110032600013, 27.343191101], [86.94856325600017, 27.33620673000007], [86.96828285200019, 27.317893016000028], [86.98522029900016, 27.308242987000142], [86.96558702900018, 27.295671417], [86.96541805900006, 27.284522518000074], [86.95119863300016, 27.272329202000037], [86.94812780300009, 27.266095942000106], [86.91221316700017, 27.26670754200012], [86.89500055400003, 27.249714032000043], [86.90055852500006, 27.249399910000136], [86.91309091600004, 27.23176987500011], [86.92822382700012, 27.22316803300015], [86.92957136100006, 27.20309325600016], [86.91634832200009, 27.18458332500012], [86.91652285200018, 27.176839257000097], [86.91273418800006, 27.17002034800015], [86.92265289100015, 27.156492028000116], [86.91704706400003, 27.12894221600004], [86.90660379900004, 27.126291132000063], [86.89467655400006, 27.114889789000074], [86.90305844200009, 27.10461996600003], [86.92325172900013, 27.091709779000098], [86.94609344700018, 27.08583777200016], [86.9645221780001, 27.05800779400016], [86.96194837600012, 27.050393851000024], [86.95384885800019, 27.04813715000006], [86.95007239400013, 27.0297320680001], [86.9445721350001, 27.0203295390001], [86.96701256800009, 27.00740239200013], [86.965890253, 26.991949659000056], [86.95694131900012, 26.98534926100018], [86.95833361100006, 26.98099460500015], [86.96740654900009, 26.9811888160001], [86.97224877100012, 26.973953286000096], [86.97288144200019, 26.95724400800009], [86.96454932199998, 26.94146017200012], [86.96489728, 26.92758720300003], [86.95597191700006, 26.923130369000035], [86.956985906, 26.91768792400012], [86.949639214, 26.90765979100007], [86.95144142499998, 26.904535159000147], [86.96731013400017, 26.900717155999985], [86.97744743500004, 26.90644846500004], [86.98026980800006, 26.89584100500008], [86.99155502400015, 26.893204253000192], [87.00106450400006, 26.886380771000177], [87.0052865190001, 26.891812124000012], [87.01397494400015, 26.892102694000073], [87.03224368200006, 26.903612397000188], [87.03899885400011, 26.901342907000185], [87.0415150180001, 26.907238438000093], [87.05049189900006, 26.902390774000082], [87.06159557300009, 26.910929545000045], [87.06566331400012, 26.907321809000166], [87.08266242700017, 26.912229816000092], [87.09241358899999, 26.909822829000177], [87.09322983300007, 26.916461015000152], [87.10860112000006, 26.91756470000007], [87.11553078300011, 26.92301772600007], [87.135339047, 26.9272874670001], [87.14895725300005, 26.925520496000047], [87.15598188000013, 26.915579742000148], [87.15359289800017, 26.92565538100007], [87.15813346300007, 26.929824914], [87.15027110000017, 26.932954246000122], [87.14818020100006, 26.937677108000116], [87.161199506, 26.94602093200018], [87.15731811300014, 26.95520699600013], [87.16387540500017, 26.95979602900013], [87.16008442500004, 26.966775225000106], [87.16925430300006, 26.97188444800014], [87.17320165500018, 26.983274965000135], [87.1781075180001, 26.98315825200018], [87.17975748200001, 26.989038832], [87.19628517300004, 26.998665484000185], [87.198359, 27.00802701800012], [87.17872560100017, 27.05227341500006], [87.18304940100018, 27.07444212100006], [87.19107346599998, 27.07780485], [87.19166220900013, 27.085672298000134], [87.20217241600011, 27.08781930500004], [87.21779711900018, 27.107327764000104], [87.22767324500006, 27.108435788000122], [87.23799670100016, 27.117081160999987], [87.2450050760001, 27.118131949000087], [87.24448264200004, 27.126330473000053], [87.25715895600013, 27.130581523000046], [87.26913059200018, 27.141085329000134], [87.27203737200017, 27.144974355000045], [87.27018697000017, 27.151137968000114], [87.27531948100005, 27.15682769199998], [87.27161945400007, 27.17607994000008], [87.25941837300013, 27.177955549000103], [87.25807909700018, 27.183924], [87.2467642630001, 27.191742482000166], [87.24647758000009, 27.198473949000117], [87.23735464300012, 27.21730138200013], [87.22983657300017, 27.222210312000072], [87.22670474800009, 27.229458494000085], [87.2154377380001, 27.233855961000017], [87.21096390800011, 27.243623961000026], [87.20259575500006, 27.246048404000135], [87.20543399100006, 27.252183983], [87.20413772300014, 27.26022994200008], [87.19864247499999, 27.26137055200013], [87.19714514900011, 27.26491521300005], [87.20968176100018, 27.267830316000072], [87.20448131600006, 27.273117947000173], [87.20672026500011, 27.28134370300006], [87.19959758400006, 27.294459173000064], [87.2012853760001, 27.30182161600004], [87.18198100100005, 27.315995581000152], [87.19111374000016, 27.32694716000009], [87.18439158300004, 27.336437458000148], [87.19188342800004, 27.346623949], [87.19212451300018, 27.352368326000033], [87.17598318800003, 27.36549456000006], [87.16848298800011, 27.375797392000038], [87.15458936300013, 27.38119034600004], [87.14191947100005, 27.39388230700007], [87.13149288000005, 27.394526558000166], [87.12509360600006, 27.40191528800011], [87.13004178600005, 27.409266486000092], [87.12386961400006, 27.42705662000003], [87.12733498500018, 27.434614458000055], [87.13342802500017, 27.436303361000114], [87.14021606200004, 27.447483629000033], [87.13784193900017, 27.45269818899999], [87.1104108780001, 27.45883276300009], [87.10965183700006, 27.462168268000084]]]}, "properties": {"district": "Bhojpur", "population": 160924, "events": 147, "deaths": 92, "missing": 16, "injured": 30, "houses_destroyed": 263, "severity_score": 676.6, "by_hazard": {"landslide": 106, "flood": 41, "flash_flood": 0, "glof": 0, "debris_flow": 0, "avalanche": 0, "other": 0}, "first_year": 1972, "last_year": 2026, "deaths_per_100k": 57.17}}, {"type": "Feature", "geometry": {"type": "Polygon", "coordinates": [[[86.58825565700016, 28.108013908000032], [86.57429007100018, 28.112986581000143], [86.56222336200017, 28.107087258000092], [86.56173287100017, 28.101632734000134], [86.56673919200006, 28.091773705000037], [86.55849010800017, 28.07780017200014], [86.56522274200017, 28.06891908800003], [86.54877833800009, 28.05068628200013], [86.53639421800017, 28.0507691090001], [86.53323236000006, 28.046557550000102], [86.53133831600019, 28.027087623], [86.52132074399998, 28.019779402000097], [86.51967286700017, 28.005135987000074], [86.51492170500018, 28.001421480000147], [86.51566124900006, 27.989931391000027], [86.51271907400007, 27.984684554000125], [86.52003216500003, 27.974295987000062], [86.51204844500012, 27.967179161000104], [86.52161449700003, 27.940360222000038], [86.53360650400009, 27.94204154300013], [86.547684984, 27.93038365000001], [86.554317863, 27.908849999000097], [86.55154541900015, 27.897995662000028], [86.55450475900005, 27.885463204000132], [86.55090888700005, 27.876088471000116], [86.55398498700004, 27.857072155000026], [86.54023496600018, 27.814802654000175], [86.54230871600015, 27.811095895000165], [86.56696538900019, 27.803932983000095], [86.56551311900012, 27.799544658], [86.56871433300012, 27.79104428300002], [86.563869469, 27.769538789000023], [86.57264510000005, 27.7545240930001], [86.56276970600004, 27.749272316000145], [86.55084491200017, 27.71080400600016], [86.54013828300009, 27.701540944000044], [86.53648723000003, 27.678540102000113], [86.53791642100009, 27.670237426000085], [86.53289762800006, 27.662747872000182], [86.52699933800017, 27.66011068600011], [86.52871128200007, 27.65554318400018], [86.52610036900012, 27.650340409000023], [86.51358881300018, 27.648128815000177], [86.50706003300019, 27.64052711900007], [86.49974626900007, 27.62029621400012], [86.49238070100012, 27.61367454200007], [86.48398141200016, 27.61717008000005], [86.4695773680001, 27.61705707800013], [86.4346737350001, 27.610213803000136], [86.42006623200018, 27.598608440000135], [86.41333688700018, 27.586732621000124], [86.39838323900017, 27.583397145000163], [86.38814432800001, 27.572707469000136], [86.3761760060001, 27.56800417000011], [86.36912096900016, 27.558123854000087], [86.36953773400006, 27.549588180000114], [86.35841879300017, 27.539709168], [86.35548592200007, 27.526194248000024], [86.37524280900004, 27.515905700000133], [86.40137835400009, 27.516952453000158], [86.42301012100012, 27.487383083000168], [86.42868987700007, 27.484622242000057], [86.43976727600005, 27.485583356000177], [86.4536493760001, 27.461460238000143], [86.45439475000012, 27.454432559000168], [86.467300636, 27.44549801900007], [86.46021369100009, 27.434329128000115], [86.46450045100005, 27.428391354000155], [86.47331851900014, 27.421252143000174], [86.48480892400005, 27.42238262600017], [86.49122690400014, 27.427487416000133], [86.50247647800012, 27.425350681000168], [86.50966099400017, 27.410703355000066], [86.53189408300005, 27.39673642700012], [86.53597038600009, 27.387390823000146], [86.56432016700018, 27.365505578000068], [86.56377938900005, 27.35332195400008], [86.57065177500004, 27.340703191000046], [86.60686134900004, 27.343372985000144], [86.64170377900007, 27.338234257000067], [86.65713335000015, 27.339719281000157], [86.67051443200006, 27.352554082000154], [86.67846818200002, 27.35347514400013], [86.67864762500005, 27.365941925000186], [86.68337916200011, 27.380961938000155], [86.68079735300012, 27.390152956000122], [86.68418066800018, 27.39254555800005], [86.73402347200005, 27.394517791000055], [86.74103811200007, 27.397464223000156], [86.75163623300006, 27.39441487199997], [86.77044250400013, 27.4114305920001], [86.78848573500005, 27.407393216], [86.8036611920001, 27.415312547000042], [86.81067435900013, 27.43067450900014], [86.82168351100012, 27.440165625000077], [86.83499211200018, 27.430788884000094], [86.85906916700003, 27.435316740000076], [86.8711754360001, 27.428162279000105], [86.8910649870001, 27.43507916300007], [86.90590122200007, 27.433422507000103], [86.91576976000005, 27.44024753800005], [86.93067884400011, 27.44148095500003], [86.94005834500018, 27.450492584000017], [86.94029670499998, 27.460551516000123], [86.94399500300011, 27.461906841000086], [86.94786231600006, 27.475074065000058], [86.96281416400012, 27.48347241400012], [86.94276625300006, 27.50914265700004], [86.94787033500012, 27.527863102000083], [86.96659000500017, 27.54149474800016], [86.96576939500017, 27.56143135000019], [86.96192448900018, 27.568303048000132], [86.95333558100003, 27.572285039000178], [86.95679904700012, 27.58913624200011], [86.95361122800006, 27.604602193000176], [86.96812510300003, 27.632785039000055], [86.98357507500009, 27.646239702000116], [86.98741596200017, 27.65887978400002], [86.9872746310001, 27.68699292399998], [86.99066143500005, 27.695016466000027], [86.99807379900017, 27.69941871600014], [87.00734965200013, 27.717678464000187], [87.0077451350001, 27.726762168000164], [86.99524565700011, 27.731669626000155], [86.99356613200013, 27.742070864000084], [86.97884112100007, 27.750209932000132], [86.98287420300016, 27.756029368000043], [86.97933252600018, 27.775281412000083], [86.98607395300007, 27.780613754000058], [86.98300947600012, 27.79133731100012], [86.9934647020001, 27.795063240000104], [87.01003931200012, 27.81471475], [86.99783937100011, 27.824398852000172], [86.97661980900017, 27.82585213800013], [86.98956060200015, 27.839357122000024], [86.99047205200009, 27.846940407000147], [86.98003354100018, 27.870918338000024], [86.97387200900016, 27.877322655000114], [86.97317892600012, 27.895148750000033], [86.96694481700007, 27.902642471000036], [86.97276119100007, 27.91523558900019], [86.9809751890001, 27.919805776000032], [86.9790648010001, 27.936115483000094], [86.98317150800017, 27.949436566000145], [86.97300485000011, 27.954301507000082], [86.94933009000005, 27.956790216000172], [86.93335924000019, 27.962538843], [86.93295898600013, 27.978016025000045], [86.92523308000017, 27.987815136000165], [86.8898057080001, 27.99689953899997], [86.87292823100012, 28.01043764600007], [86.8723888990001, 28.022083415000054], [86.86730911800015, 28.025189855], [86.85192620900006, 28.027635600000167], [86.84719833100019, 28.019772271000136], [86.8357015740001, 28.01527601800018], [86.82797415600004, 28.015198880000185], [86.81864976500009, 28.020098521000136], [86.81170633100004, 28.018985927000074], [86.80256117600004, 28.023544039000114], [86.7899790680001, 28.018861969000113], [86.77918204100018, 28.027276270000073], [86.77999045700005, 28.03155971700005], [86.77321988200003, 28.03799676799997], [86.75854907500008, 28.03494851500011], [86.75280001300007, 28.037860025000157], [86.74674844800006, 28.050492413000143], [86.75083308600017, 28.05359752600009], [86.75509842800011, 28.068118939000158], [86.76481299699998, 28.07455461100011], [86.75072856700012, 28.081273313], [86.74726297300009, 28.08601395100004], [86.74819239000016, 28.094886679000183], [86.73816050300013, 28.103709582000192], [86.68897974000004, 28.108592916000134], [86.66349960200017, 28.09791326800007], [86.65783062300017, 28.081028040000092], [86.64985676000009, 28.074772011000164], [86.63469179300006, 28.07065790900009], [86.60823921700018, 28.0759432590001], [86.60248932800005, 28.087493812], [86.60789794400011, 28.092087002000085], [86.60424561300016, 28.10006984900008], [86.58994952600005, 28.10410241200003], [86.58825565700016, 28.108013908000032]]]}, "properties": {"district": "Solukhumbu", "population": 109135, "events": 210, "deaths": 170, "missing": 34, "injured": 61, "houses_destroyed": 379, "severity_score": 1176.1, "by_hazard": {"landslide": 144, "flood": 40, "flash_flood": 0, "glof": 0, "debris_flow": 0, "avalanche": 26, "other": 0}, "first_year": 1974, "last_year": 2026, "deaths_per_100k": 155.77}}, {"type": "Feature", "geometry": {"type": "Polygon", "coordinates": [[[86.83499211200018, 27.430788884000094], [86.8207864470001, 27.439896009000165], [86.81067435900013, 27.43067450900014], [86.8036611920001, 27.415312547000042], [86.78848573500005, 27.407393216], [86.77044250400013, 27.4114305920001], [86.75163623300006, 27.39441487199997], [86.74103811200007, 27.397464223000156], [86.73402347200005, 27.394517791000055], [86.70964132700016, 27.395536382000046], [86.68107192999997, 27.390607109000143], [86.68337916200011, 27.380961938000155], [86.67864762500005, 27.365941925000186], [86.68058778000011, 27.345187976000148], [86.67814946000016, 27.343104178000033], [86.68277635200013, 27.329508895], [86.67984984800012, 27.32454952800009], [86.68602343200007, 27.310111474999985], [86.67698728400006, 27.302606534000176], [86.67605731300011, 27.298416509000106], [86.66713206500009, 27.29747499400014], [86.67275677900005, 27.2886523090001], [86.66660953600012, 27.27697453800016], [86.67017695500016, 27.273697704000085], [86.66884816500016, 27.269411994000052], [86.66033898000018, 27.26869890200004], [86.65663023800005, 27.2622433410001], [86.6499205770001, 27.26388513800015], [86.64376169700017, 27.258422693], [86.6344186500001, 27.256383705000076], [86.63089086100013, 27.248192798000105], [86.62103688700017, 27.24602743600019], [86.61862045200019, 27.23496230300009], [86.59736799100006, 27.234514709], [86.58647428100005, 27.223900571], [86.57199354000011, 27.227158149000104], [86.56114835200003, 27.22351433700004], [86.55685084300018, 27.226774848000105], [86.55222181300013, 27.221696836000035], [86.55591927600011, 27.221261879], [86.55545457900013, 27.218868643000064], [86.54741770500004, 27.21827880100011], [86.54217560600017, 27.20868117600014], [86.53110627100006, 27.20181226900013], [86.52513969600017, 27.192667342000107], [86.51114759500018, 27.18676173400013], [86.49109415900006, 27.186679070000082], [86.48407496900018, 27.180310755000107], [86.47332896000017, 27.176520709000044], [86.46774725200004, 27.16816234400011], [86.44710279300011, 27.164118019000057], [86.43416149600006, 27.152495748000035], [86.43336024100012, 27.14902447600008], [86.43765614800003, 27.14477492700007], [86.4261638910001, 27.134008357000084], [86.42995034600017, 27.130639219000045], [86.4455330770001, 27.132556391000037], [86.448805192, 27.125057734000166], [86.45955101400006, 27.117599268000163], [86.45932581200009, 27.105558260000066], [86.46565186900011, 27.102301658999977], [86.4749039080001, 27.102379442000142], [86.48370447200017, 27.109564842999987], [86.49223909, 27.10470854700003], [86.5022905570001, 27.114494429000047], [86.51439973200007, 27.114169050000044], [86.52071194200005, 27.118132626000033], [86.53307301100011, 27.135047673000088], [86.5461682460001, 27.137407950000068], [86.58114864900011, 27.152379637000138], [86.6053810790001, 27.139651442000115], [86.64021786500001, 27.132987091000132], [86.66869668600015, 27.119978934000073], [86.67831165900014, 27.10705161600015], [86.69016034500015, 27.10225393900015], [86.69788357300018, 27.094562753000048], [86.69842874900019, 27.08634373299998], [86.70990376800006, 27.074492168], [86.7101581390001, 27.06757671600019], [86.71988118100006, 27.062081622999983], [86.72661375100006, 27.03941066800013], [86.73879180600005, 27.03296451600005], [86.74707917000006, 27.02430354900008], [86.74809824500011, 27.01220619000003], [86.75340589100011, 27.00551155900007], [86.7522246690001, 26.98888830599998], [86.75637894900007, 26.985725158000093], [86.7548149700001, 26.974329502000103], [86.76072860300008, 26.970305023000094], [86.764376416, 26.957469526000125], [86.76122867200019, 26.94202525700007], [86.76399841400018, 26.93463089100004], [86.76076732100012, 26.92410787800003], [86.76835836000015, 26.900506204000123], [86.77345808900014, 26.896872426000016], [86.77153641100011, 26.885232471000165], [86.77964373800006, 26.88772302400008], [86.78452919500012, 26.880800842000042], [86.79895894300012, 26.877838986000143], [86.80678516600011, 26.872560588], [86.83393351600017, 26.87486743800008], [86.83839253300005, 26.884483114999966], [86.85310703300001, 26.88827205000007], [86.86219363300012, 26.895077869000147], [86.86768158100017, 26.893469735000167], [86.8848527940001, 26.898467171000107], [86.91437988700005, 26.89571032000015], [86.9312752300001, 26.907658834000074], [86.94002868600012, 26.90351085500015], [86.95144142499998, 26.904535159000147], [86.94968245100011, 26.908002826000086], [86.956985906, 26.91768792400012], [86.95597191700006, 26.923130369000035], [86.96494695700011, 26.927697757000146], [86.96454932199998, 26.94146017200012], [86.97288144200019, 26.95724400800009], [86.97224877100012, 26.973953286000096], [86.96740654900009, 26.9811888160001], [86.95833361100006, 26.98099460500015], [86.95694131900012, 26.98534926100018], [86.965890253, 26.991949659000056], [86.96701256800009, 27.00740239200013], [86.9445721350001, 27.0203295390001], [86.95007239400013, 27.0297320680001], [86.95384885800019, 27.04813715000006], [86.96331851300005, 27.052923717000056], [86.9629474950001, 27.06131091499998], [86.94609344700018, 27.08583777200016], [86.92325172900013, 27.091709779000098], [86.90305844200009, 27.10461996600003], [86.89467655400006, 27.114889789000074], [86.90660379900004, 27.126291132000063], [86.91704706400003, 27.12894221600004], [86.92265289100015, 27.156492028000116], [86.91273418800006, 27.17002034800015], [86.91652285200018, 27.176839257000097], [86.91634832200009, 27.18458332500012], [86.92957136100006, 27.20309325600016], [86.92822382700012, 27.22316803300015], [86.91309091600004, 27.23176987500011], [86.90055852500006, 27.249399910000136], [86.89500055400003, 27.249714032000043], [86.91221316700017, 27.26670754200012], [86.94812780300009, 27.266095942000106], [86.95119863300016, 27.272329202000037], [86.96541805900006, 27.284522518000074], [86.96558702900018, 27.295671417], [86.98522029900016, 27.308242987000142], [86.96828285200019, 27.317893016000028], [86.94856325600017, 27.33620673000007], [86.95110032600013, 27.343191101], [86.94662827300004, 27.35178401400003], [86.93369153800018, 27.354003268000156], [86.93144113100004, 27.357269439000106], [86.92371839499998, 27.370573502000184], [86.93058067400017, 27.384580084], [86.91990526100017, 27.389840737000156], [86.91032035600017, 27.407511194], [86.90590122200007, 27.433422507000103], [86.8910649870001, 27.43507916300007], [86.8711754360001, 27.428162279000105], [86.85906916700003, 27.435316740000076], [86.83499211200018, 27.430788884000094]]]}, "properties": {"district": "Khotang", "population": 178112, "events": 150, "deaths": 185, "missing": 35, "injured": 83, "houses_destroyed": 718, "severity_score": 1365.6, "by_hazard": {"landslide": 107, "flood": 43, "flash_flood": 0, "glof": 0, "debris_flow": 0, "avalanche": 0, "other": 0}, "first_year": 1979, "last_year": 2026, "deaths_per_100k": 103.87}}, {"type": "Feature", "geometry": {"type": "Polygon", "coordinates": [[[86.36070437500007, 27.525609143000167], [86.35548592200007, 27.526194248000024], [86.33815958800017, 27.520007484000075], [86.32452827500003, 27.49966516400019], [86.31927579800004, 27.49869871700008], [86.30527618200006, 27.482781751000118], [86.29492331800003, 27.478894096000033], [86.29194933800017, 27.470327863000136], [86.26363169000012, 27.456081805], [86.2541117180001, 27.440907602000095], [86.25642818500017, 27.437134039000114], [86.25114304800013, 27.432451109000056], [86.2481485190001, 27.42054910800016], [86.24179714000007, 27.418939825000166], [86.23433192400006, 27.408116461000077], [86.23591524500006, 27.40405716100014], [86.22779037900017, 27.398168724000072], [86.22567790500017, 27.384170549000146], [86.22188364000004, 27.382019546000095], [86.2246057270001, 27.37051205000006], [86.21893546900009, 27.362150375], [86.22171671700016, 27.359902873000067], [86.21700880300017, 27.353004024000086], [86.21793166300017, 27.33695364600004], [86.21554448800009, 27.33350628300019], [86.21711596000006, 27.32836851400009], [86.22217394600005, 27.327277701000128], [86.21920631600017, 27.32252750500004], [86.22879480500012, 27.31985966000019], [86.23370174800016, 27.307443343000045], [86.2371085200001, 27.30605402600014], [86.23533928500018, 27.296179929000175], [86.24048796100004, 27.288710367000135], [86.22361598800018, 27.277424376000056], [86.21611786699998, 27.26798513900019], [86.21369829200006, 27.268851520000055], [86.20346354800006, 27.250195111000153], [86.23000566300016, 27.23735414900011], [86.23955007600017, 27.241262286000108], [86.24307654600011, 27.24709364600011], [86.25268803000006, 27.250261225000088], [86.2573363080001, 27.258061119000104], [86.26618589700018, 27.261009391000186], [86.26654651500019, 27.253574553000135], [86.28119782800013, 27.245803124000076], [86.28776947000017, 27.24561781900013], [86.29481102200015, 27.23836558300013], [86.30599770900017, 27.23713764000007], [86.3157652430001, 27.23136438500012], [86.3408673830001, 27.228948607000063], [86.34303237000012, 27.21960628000005], [86.33979293900006, 27.21029273000005], [86.34345806400017, 27.20279414400011], [86.35796163300017, 27.2013879000001], [86.36862237200017, 27.192478625000035], [86.378906196, 27.19321949200014], [86.38558147200007, 27.180922443999975], [86.39972496600006, 27.176640197000154], [86.40209498100012, 27.170366355000112], [86.41670841700005, 27.165937692000057], [86.41948220200015, 27.150865379000038], [86.42794650200011, 27.14671683299997], [86.44710279300011, 27.164118019000057], [86.46774725200004, 27.16816234400011], [86.47332896000017, 27.176520709000044], [86.48407496900018, 27.180310755000107], [86.49058960400015, 27.186458394000113], [86.51114759500018, 27.18676173400013], [86.52513969600017, 27.192667342000107], [86.53110627100006, 27.20181226900013], [86.54217560600017, 27.20868117600014], [86.54741770500004, 27.21827880100011], [86.55545457900013, 27.218868643000064], [86.55591927600011, 27.221261879], [86.55222181300013, 27.221696836000035], [86.55685084300018, 27.226774848000105], [86.56114835200003, 27.22351433700004], [86.57199354000011, 27.227158149000104], [86.58647428100005, 27.223900571], [86.59736799100006, 27.234514709], [86.61862045200019, 27.23496230300009], [86.62103688700017, 27.24602743600019], [86.63089086100013, 27.248192798000105], [86.6344186500001, 27.256383705000076], [86.64376169700017, 27.258422693], [86.6499205770001, 27.26388513800015], [86.65663023800005, 27.2622433410001], [86.66033898000018, 27.26869890200004], [86.66884816500016, 27.269411994000052], [86.67017695500016, 27.273697704000085], [86.66660953600012, 27.27697453800016], [86.67275677900005, 27.2886523090001], [86.66713206500009, 27.29747499400014], [86.67605731300011, 27.298416509000106], [86.67698728400006, 27.302606534000176], [86.68602343200007, 27.310111474999985], [86.67984984800012, 27.32454952800009], [86.68277635200013, 27.329508895], [86.6786084800001, 27.336812240000086], [86.68058778000011, 27.345187976000148], [86.67846818200002, 27.35347514400013], [86.67051443200006, 27.352554082000154], [86.65713335000015, 27.339719281000157], [86.63484355800006, 27.33799534100018], [86.58954829800007, 27.343639087000156], [86.57065177500004, 27.340703191000046], [86.56377938900005, 27.35332195400008], [86.56432016700018, 27.365505578000068], [86.53597038600009, 27.387390823000146], [86.53189408300005, 27.39673642700012], [86.50966099400017, 27.410703355000066], [86.50247647800012, 27.425350681000168], [86.49122690400014, 27.427487416000133], [86.48480892400005, 27.42238262600017], [86.47331851900014, 27.421252143000174], [86.46450045100005, 27.428391354000155], [86.46021369100009, 27.434329128000115], [86.467300636, 27.44549801900007], [86.45439475000012, 27.454432559000168], [86.4536493760001, 27.461460238000143], [86.43976727600005, 27.485583356000177], [86.42868987700007, 27.484622242000057], [86.42301012100012, 27.487383083000168], [86.40137835400009, 27.516952453000158], [86.37524280900004, 27.515905700000133], [86.36070437500007, 27.525609143000167]]]}, "properties": {"district": "Okhaldhunga", "population": 144138, "events": 161, "deaths": 119, "missing": 34, "injured": 64, "houses_destroyed": 789, "severity_score": 1007.5, "by_hazard": {"landslide": 117, "flood": 44, "flash_flood": 0, "glof": 0, "debris_flow": 0, "avalanche": 0, "other": 0}, "first_year": 1974, "last_year": 2026, "deaths_per_100k": 82.56}}, {"type": "Feature", "geometry": {"type": "Polygon", "coordinates": [[[86.39972496600006, 27.176640197000154], [86.38974576200019, 27.179864361000114], [86.38443741499998, 27.176118158000065], [86.37050009700005, 27.15158613200009], [86.37410377500015, 27.147649105000028], [86.37037515499998, 27.146937414000035], [86.36779575800017, 27.14056292900011], [86.36340961200017, 27.142054845000075], [86.359038682, 27.139302510000164], [86.35544850300005, 27.143216602], [86.34485218900011, 27.14382642300012], [86.34291486700005, 27.147274147000076], [86.3364769150001, 27.13796797700013], [86.33783420700013, 27.13378430700004], [86.33501181900004, 27.134055295000053], [86.33653284900015, 27.126523985000063], [86.32609537299999, 27.11088736400012], [86.30631375900003, 27.108823507000125], [86.3110775780001, 27.102901488000157], [86.32296629600017, 27.09904672400006], [86.33224143800004, 27.099817633000157], [86.34107288700005, 27.10642539600002], [86.35478926600013, 27.10421458400009], [86.35599644900009, 27.10005934500009], [86.36250692400012, 27.099475387000098], [86.35691090000017, 27.094120259000192], [86.35816252199999, 27.08395423700017], [86.35348979200012, 27.076834280000185], [86.35512855100006, 27.07523070000019], [86.35136932500006, 27.073764763000156], [86.35074974300011, 27.069797538000103], [86.34687336000013, 27.07047228500005], [86.34596420300011, 27.066002724000157], [86.35075393500011, 27.06671755900004], [86.3510448240001, 27.061556330000144], [86.36317677900018, 27.054007771000045], [86.36687078500012, 27.03749628600019], [86.38250593800018, 27.03141484700012], [86.37925361300006, 27.031371169000067], [86.37392392800007, 27.023247101000095], [86.37526606100005, 27.02053636200003], [86.371870672, 27.015812154000116], [86.37397489900013, 27.007281004], [86.37298598600012, 27.00350838000014], [86.36654696000005, 27.000264238000113], [86.36560262100016, 26.981529491000174], [86.353593053, 26.96503247800007], [86.31491808400006, 26.96337869100006], [86.29646642500006, 26.952323961000047], [86.28335445700014, 26.949117075000117], [86.27802660300006, 26.93437815100009], [86.26100097000005, 26.92493043100012], [86.25788501700009, 26.912792692000096], [86.25228509100003, 26.911497334000046], [86.24613025600013, 26.915040977000046], [86.24168004600017, 26.905456802000117], [86.22408500700016, 26.903768206000052], [86.22199700900006, 26.899083705000123], [86.22392668200013, 26.890980325000044], [86.22131945100017, 26.888526807000062], [86.21578275800005, 26.896170164000182], [86.2035739580001, 26.9000054280001], [86.19984988900012, 26.90546063300019], [86.18674033200017, 26.90641013400011], [86.17095897900009, 26.919890488000135], [86.15841274000002, 26.925921926], [86.15737216200012, 26.929911807000167], [86.15678613699998, 26.917356150000046], [86.16839782600005, 26.913539501000173], [86.17788087200006, 26.90032757600011], [86.18539071200001, 26.899924304000137], [86.18693300000012, 26.89461936000015], [86.2273283990001, 26.88061048100019], [86.24674904, 26.863771923000172], [86.27110226400009, 26.882460896999987], [86.28741548000016, 26.88663050600013], [86.31028464100012, 26.882689189000075], [86.31415015400012, 26.87896908300013], [86.340683663, 26.880103950000148], [86.36592647000009, 26.872488935000035], [86.37392624400007, 26.883696283000063], [86.37668885300013, 26.89649802100007], [86.38268019300011, 26.902314367000088], [86.38433013700018, 26.90930522000002], [86.40334301899998, 26.909741143000133], [86.41832657700019, 26.906270024000094], [86.45701300400003, 26.887316369000132], [86.47943886600018, 26.88848160100008], [86.47727676400018, 26.883184464000124], [86.4798320110001, 26.870979578000117], [86.48803697700004, 26.869323931000167], [86.49597828400016, 26.856562751000183], [86.50464922800012, 26.85600676600012], [86.5053191880001, 26.848158714000192], [86.51157753300004, 26.846517469], [86.51241293500004, 26.840373647000035], [86.51763806600013, 26.84321217900009], [86.51951882800012, 26.83148705100018], [86.53708928800012, 26.83150954700011], [86.54341016600017, 26.836453789000075], [86.55190333700006, 26.835163114000125], [86.55139323300017, 26.831598418000056], [86.55451703500017, 26.83059518600004], [86.55146838200005, 26.824337305000142], [86.55335497100009, 26.814802734000068], [86.54469935000009, 26.806229767000104], [86.54574246600004, 26.803338039000096], [86.54049438800013, 26.798205582000094], [86.53553698900004, 26.8002247550001], [86.53558664200017, 26.795833766000158], [86.53001128500006, 26.79113539000008], [86.53808687100019, 26.787693710000042], [86.53619444200018, 26.784320783000112], [86.53844330200008, 26.783030624000048], [86.54805082500019, 26.78187245700002], [86.55125592700017, 26.786628098000165], [86.563774949, 26.79101549899997], [86.56647769500017, 26.78089424300009], [86.5713955970001, 26.784600881000188], [86.5777542730001, 26.78436276600013], [86.57710917300017, 26.77568451200011], [86.57259611600006, 26.768158966000044], [86.5687341840001, 26.76798478600017], [86.553064023, 26.745901252000124], [86.57380783700006, 26.73950692700015], [86.57196376800016, 26.72228171200004], [86.58320871300003, 26.712133671000174], [86.58108689100015, 26.70807692600016], [86.58628228300012, 26.696396475000142], [86.6017769400001, 26.699809826000035], [86.6105825950001, 26.68896892700019], [86.61618404600017, 26.695047560000148], [86.62728527300004, 26.689970512000173], [86.63366819300006, 26.698471820000123], [86.64181901500018, 26.698131558000057], [86.64880972700001, 26.68978166], [86.65648594000004, 26.691454525000154], [86.66479351200013, 26.704413480000085], [86.66888548300005, 26.701462498000126], [86.670334529, 26.693606271000192], [86.6847089050001, 26.688029137000058], [86.69103479699999, 26.689624862000187], [86.70263751100009, 26.699316659000147], [86.70615463200005, 26.70709798100006], [86.717845431, 26.70675159400008], [86.73683415000005, 26.712257952000016], [86.74659659600007, 26.696879156000023], [86.75303092100017, 26.695157419999987], [86.75302374600005, 26.686230449000107], [86.75981341100004, 26.69532702600003], [86.76402030800006, 26.694977569000116], [86.77567999900015, 26.70258305300007], [86.78128622900016, 26.70161923600017], [86.79983926000006, 26.712597734999974], [86.80616968300006, 26.712737400000094], [86.80831099100016, 26.70886802600006], [86.81416119500011, 26.70771141900019], [86.82379823200017, 26.714265520000083], [86.83744074700019, 26.70977996800019], [86.84034314300015, 26.691723843000034], [86.8460850410001, 26.693659527000136], [86.848138893, 26.69124721200012], [86.85063245300012, 26.696379060000027], [86.8583965360001, 26.697853819000102], [86.86150060900013, 26.70170435400007], [86.86555135800018, 26.70057771100005], [86.86644253500015, 26.709857606000014], [86.87117641200001, 26.71308216], [86.88483490900012, 26.712033247000193], [86.88907893600015, 26.719666158000166], [86.90397378700004, 26.73201822500016], [86.90330547400009, 26.735901311000077], [86.91104456700015, 26.739871168000036], [86.90857770600002, 26.759219687000154], [86.9212063380001, 26.76650015600012], [86.92770598900006, 26.75835292100004], [86.92460263900017, 26.750078711000185], [86.93239321100009, 26.74065473400003], [86.94871303200011, 26.732127209999987], [86.96696882999998, 26.73562579700001], [86.97312128400011, 26.72159119200012], [86.9826624430001, 26.714897386000132], [86.98402182500013, 26.70395536200016], [86.99065621700015, 26.69815654900009], [86.99121010100015, 26.702927018000025], [86.9957536340001, 26.702985908000073], [87.00071545300005, 26.71027473900017], [87.00732425100011, 26.70879192500007], [87.01078967600006, 26.711621491000074], [87.01378948700017, 26.72216394000003], [87.01825865100011, 26.72796514099997], [87.024405252, 26.729713038000114], [87.02548899300007, 26.737719173000016], [87.03872870800012, 26.754538886000034], [87.04319571300016, 26.756239068000184], [87.06397215600015, 26.744393290000062], [87.06881751400016, 26.750445351000167], [87.10367585600005, 26.753549527000132], [87.12680455300017, 26.786079367000127], [87.13564262900007, 26.80933394000016], [87.14193273200016, 26.81557388699997], [87.14406847900005, 26.822749801000043], [87.14199696200012, 26.83536597700015], [87.14947260100007, 26.847001975000126], [87.15219832200006, 26.868422595000027], [87.1579694780001, 26.87529641500015], [87.16380345400017, 26.875991523000096], [87.16846180100003, 26.888988164000125], [87.16717321100003, 26.9030071680001], [87.14895725300005, 26.925520496000047], [87.13584860400016, 26.927336659000105], [87.11553078300011, 26.92301772600007], [87.109876697, 26.917902194000135], [87.0929106270001, 26.916291961000184], [87.09241358899999, 26.909822829000177], [87.08266242700017, 26.912229816000092], [87.06566331400012, 26.907321809000166], [87.06108426700007, 26.91081466900016], [87.05049189900006, 26.902390774000082], [87.0415150180001, 26.907238438000093], [87.03899885400011, 26.901342907000185], [87.03224368200006, 26.903612397000188], [87.01397494400015, 26.892102694000073], [87.0052865190001, 26.891812124000012], [87.00200094600007, 26.886337855000136], [86.99155502400015, 26.893204253000192], [86.98026980800006, 26.89584100500008], [86.97744743500004, 26.90644846500004], [86.96731013400017, 26.900717155999985], [86.95582873100011, 26.904547863000175], [86.93508937000018, 26.90444737000007], [86.9312752300001, 26.907658834000074], [86.91437988700005, 26.89571032000015], [86.8848527940001, 26.898467171000107], [86.86768158100017, 26.893469735000167], [86.86219363300012, 26.895077869000147], [86.85310703300001, 26.88827205000007], [86.83839253300005, 26.884483114999966], [86.83393351600017, 26.87486743800008], [86.80516262000015, 26.872905840000158], [86.79895894300012, 26.877838986000143], [86.78452919500012, 26.880800842000042], [86.77964373800006, 26.88772302400008], [86.77153641100011, 26.885232471000165], [86.77345808900014, 26.896872426000016], [86.76835836000015, 26.900506204000123], [86.76076732100012, 26.92410787800003], [86.76399841400018, 26.93463089100004], [86.76122867200019, 26.94202525700007], [86.764376416, 26.957469526000125], [86.76072860300008, 26.970305023000094], [86.7548149700001, 26.974329502000103], [86.75637894900007, 26.985725158000093], [86.7522246690001, 26.98888830599998], [86.75340589100011, 27.00551155900007], [86.74809824500011, 27.01220619000003], [86.74707917000006, 27.02430354900008], [86.73879180600005, 27.03296451600005], [86.72661375100006, 27.03941066800013], [86.71988118100006, 27.062081622999983], [86.7101581390001, 27.06757671600019], [86.70990376800006, 27.074492168], [86.69842874900019, 27.08634373299998], [86.69788357300018, 27.094562753000048], [86.69016034500015, 27.10225393900015], [86.67831165900014, 27.10705161600015], [86.66869668600015, 27.119978934000073], [86.64021786500001, 27.132987091000132], [86.6053810790001, 27.139651442000115], [86.58114864900011, 27.152379637000138], [86.5461682460001, 27.137407950000068], [86.53307301100011, 27.135047673000088], [86.52071194200005, 27.118132626000033], [86.51439973200007, 27.114169050000044], [86.5022905570001, 27.114494429000047], [86.49223909, 27.10470854700003], [86.48370447200017, 27.109564842999987], [86.4749039080001, 27.102379442000142], [86.4652252360001, 27.102349709000066], [86.45912645500005, 27.105916288], [86.45955101400006, 27.117599268000163], [86.448805192, 27.125057734000166], [86.4455330770001, 27.132556391000037], [86.42995034600017, 27.130639219000045], [86.42635738300015, 27.133210430000076], [86.42753050500005, 27.137714367000115], [86.43616652300011, 27.142386235000174], [86.43743631000012, 27.14725832900001], [86.43271970000012, 27.149067024000033], [86.42724184200006, 27.14677937700003], [86.42018756800007, 27.1499973440001], [86.41712574800005, 27.165485927000077], [86.40150967500017, 27.170715937000068], [86.39972496600006, 27.176640197000154]]]}, "properties": {"district": "Udayapur", "population": 359146, "events": 243, "deaths": 119, "missing": 28, "injured": 58, "houses_destroyed": 1110, "severity_score": 1201.8, "by_hazard": {"landslide": 88, "flood": 155, "flash_flood": 0, "glof": 0, "debris_flow": 0, "avalanche": 0, "other": 0}, "first_year": 1977, "last_year": 2026, "deaths_per_100k": 33.13}}, {"type": "Feature", "geometry": {"type": "Polygon", "coordinates": [[[86.564056257, 26.7895248210001], [86.55744610500005, 26.790172210000094], [86.54755989000017, 26.78180314300016], [86.53645928900016, 26.783956070000045], [86.53782290200007, 26.787855315000172], [86.53115943700004, 26.788756305000106], [86.52521597400005, 26.78534949900012], [86.52328855000007, 26.764948623000066], [86.52003507, 26.760535201000096], [86.5276790900001, 26.75120758900016], [86.52840995200017, 26.744648051000127], [86.51063893800011, 26.73682535800009], [86.50258333500017, 26.72382460200015], [86.50665095500011, 26.71408158700001], [86.50591100100013, 26.70498293200012], [86.50998711500006, 26.698304087000054], [86.5067424340001, 26.691593241000078], [86.50885267600012, 26.682299089000026], [86.50334284100012, 26.667477035000047], [86.49851817600018, 26.66370065500007], [86.49834039600017, 26.657541940000044], [86.50410557500015, 26.652114891000167], [86.50566551999998, 26.633887321000145], [86.51195374400015, 26.623312292000094], [86.50944362300004, 26.60648771500007], [86.51282540500006, 26.602024601000096], [86.49431788400005, 26.578688061000094], [86.49629964300016, 26.56059954800014], [86.48581981300009, 26.549784742000043], [86.49862737000012, 26.541921030000083], [86.5156055330001, 26.53919281400016], [86.52374513100011, 26.543464959], [86.54172358900013, 26.53846233700017], [86.55043850800013, 26.53029413800016], [86.55158175300011, 26.52362948900003], [86.554593668, 26.523918766000065], [86.55414800500017, 26.51687899600006], [86.5612604860001, 26.50960094200002], [86.56430896500012, 26.50101255600015], [86.57015273900015, 26.496469741000055], [86.62048952300017, 26.48436349200017], [86.62689478900006, 26.47700793300004], [86.62934095300017, 26.47783346600005], [86.62595172900006, 26.471045747000062], [86.62988044200011, 26.469401834], [86.62763972600015, 26.46678745900016], [86.63009536800013, 26.46863746600019], [86.63325698200009, 26.464518193000117], [86.63704913900006, 26.466339976000143], [86.63990733300011, 26.46335491100018], [86.69325004500018, 26.451167160000125], [86.69969463300015, 26.437349849000043], [86.7200234230001, 26.434859112000083], [86.72495297500012, 26.426153518000092], [86.73028628300017, 26.426030497000113], [86.72960763800006, 26.42244117200005], [86.74691732200017, 26.428500390000124], [86.74698107700004, 26.43359376], [86.7438680140001, 26.434948963000124], [86.75294637000019, 26.441998948000048], [86.7534260220001, 26.446452194000074], [86.76401223300019, 26.45121353100012], [86.76242683600003, 26.45583478900005], [86.76616946200005, 26.45928911800013], [86.83331288100004, 26.43901013100009], [86.83781753200003, 26.442537967000135], [86.84279256200006, 26.440243944000144], [86.84691898100016, 26.442351646000077], [86.84579755900012, 26.448219992000134], [86.85593111400004, 26.44847433800004], [86.86083784100003, 26.45755319900013], [86.87283167600003, 26.454039466999973], [86.88442326200004, 26.46134060300011], [86.89384371100016, 26.462058771000045], [86.89150673600011, 26.486074581000082], [86.90397838200016, 26.488276987000063], [86.91074976400017, 26.499120042000072], [86.91612851700012, 26.501386754], [86.91665414300013, 26.512397245000045], [86.92636232100011, 26.52653362800004], [86.93351054800013, 26.53372456800014], [86.95078853899997, 26.5372225750001], [86.96420100100005, 26.545023262000086], [86.97376116200013, 26.558016806000126], [86.99222370300015, 26.57204841900017], [86.982422408, 26.586284631000183], [86.98929051800019, 26.60593142200014], [86.97872346100013, 26.625161060000096], [86.985555981, 26.629334444999984], [86.99099763600003, 26.64952022500006], [86.9947926050001, 26.65402002700006], [87.00177497500016, 26.655624576000037], [87.00614729500006, 26.666293664000136], [87.01327470500001, 26.670833461000143], [87.01064737700005, 26.68397833200015], [87.0144753030001, 26.69016779900005], [87.00988131200018, 26.710811421000187], [87.00071545300005, 26.71027473900017], [86.9957536340001, 26.702985908000073], [86.99121010100015, 26.702927018000025], [86.99040456400019, 26.698149733000037], [86.98402182500013, 26.70395536200016], [86.9826624430001, 26.714897386000132], [86.97312128400011, 26.72159119200012], [86.96696882999998, 26.73562579700001], [86.94871303200011, 26.732127209999987], [86.93239321100009, 26.74065473400003], [86.92460263900017, 26.750078711000185], [86.92770598900006, 26.75835292100004], [86.92199292800012, 26.76631556100017], [86.90857770600002, 26.759219687000154], [86.91104456700015, 26.739871168000036], [86.90330547400009, 26.735901311000077], [86.90397378700004, 26.73201822500016], [86.88907893600015, 26.719666158000166], [86.88483490900012, 26.712033247000193], [86.87117641200001, 26.71308216], [86.86644253500015, 26.709857606000014], [86.86555135800018, 26.70057771100005], [86.86150060900013, 26.70170435400007], [86.8583965360001, 26.697853819000102], [86.85063245300012, 26.696379060000027], [86.848138893, 26.69124721200012], [86.8460850410001, 26.693659527000136], [86.84034314300015, 26.691723843000034], [86.83744074700019, 26.70977996800019], [86.82379823200017, 26.714265520000083], [86.81416119500011, 26.70771141900019], [86.80831099100016, 26.70886802600006], [86.80616968300006, 26.712737400000094], [86.79983926000006, 26.712597734999974], [86.78128622900016, 26.70161923600017], [86.77567999900015, 26.70258305300007], [86.76402030800006, 26.694977569000116], [86.75981341100004, 26.69532702600003], [86.75302374600005, 26.686230449000107], [86.75303092100017, 26.695157419999987], [86.74659659600007, 26.696879156000023], [86.73683415000005, 26.712257952000016], [86.717845431, 26.70675159400008], [86.70615463200005, 26.70709798100006], [86.70263751100009, 26.699316659000147], [86.69103479699999, 26.689624862000187], [86.6847089050001, 26.688029137000058], [86.670334529, 26.693606271000192], [86.66888548300005, 26.701462498000126], [86.66479351200013, 26.704413480000085], [86.65648594000004, 26.691454525000154], [86.64880972700001, 26.68978166], [86.64181901500018, 26.698131558000057], [86.63366819300006, 26.698471820000123], [86.62728527300004, 26.689970512000173], [86.61618404600017, 26.695047560000148], [86.6105825950001, 26.68896892700019], [86.6017769400001, 26.699809826000035], [86.58628228300012, 26.696396475000142], [86.58108689100015, 26.70807692600016], [86.58320871300003, 26.712133671000174], [86.57196376800016, 26.72228171200004], [86.57380783700006, 26.73950692700015], [86.553064023, 26.745901252000124], [86.57710917300017, 26.77568451200011], [86.5777542730001, 26.78436276600013], [86.5713955970001, 26.784600881000188], [86.56647769500017, 26.78089424300009], [86.564056257, 26.7895248210001]]]}, "properties": {"district": "Saptari", "population": 747875, "events": 151, "deaths": 31, "missing": 1, "injured": 27, "houses_destroyed": 8860, "severity_score": 2959.7, "by_hazard": {"landslide": 2, "flood": 149, "flash_flood": 0, "glof": 0, "debris_flow": 0, "avalanche": 0, "other": 0}, "first_year": 1973, "last_year": 2026, "deaths_per_100k": 4.15}}, {"type": "Feature", "geometry": {"type": "Polygon", "coordinates": [[[86.16065276000012, 26.914317297000082], [86.15580779400017, 26.91889812300019], [86.15871315000004, 26.93391360400011], [86.1561257090001, 26.93528581400011], [86.1434259240001, 26.927075064000064], [86.13239362900003, 26.9149158780001], [86.13420700700016, 26.89810126000009], [86.13094639200011, 26.891406917000154], [86.14144271700007, 26.870696606000138], [86.13972208500013, 26.86400047500007], [86.14485947500015, 26.85538744600018], [86.15284981700012, 26.851926888000037], [86.15504618500012, 26.844866233000175], [86.1492416800001, 26.830954602000077], [86.15482279300011, 26.820868084000097], [86.15228116800006, 26.80151330000001], [86.14440563100004, 26.787124175000088], [86.14789533400005, 26.7797961280001], [86.14767275100019, 26.770464504000188], [86.15715797600012, 26.754708237000102], [86.16245032000018, 26.750075547000108], [86.17488849800009, 26.74765066300006], [86.18330244300017, 26.722490449000134], [86.19284635200017, 26.71230763200009], [86.19287602100002, 26.698480217000053], [86.20006150400013, 26.684731670000133], [86.19638774500015, 26.66669081000009], [86.18881198600013, 26.663639945], [86.18238745200006, 26.654814168000144], [86.16997150200018, 26.65220143200014], [86.1658566260001, 26.639286179000067], [86.15092679700012, 26.637744619000046], [86.15516543500019, 26.62584904500011], [86.14642862700009, 26.60871545499998], [86.17143856100017, 26.617108465000058], [86.173698458, 26.61393996800018], [86.19213729000012, 26.61467316000011], [86.1938041950001, 26.61181012700007], [86.19008505500005, 26.611825124000177], [86.19534032600012, 26.608030171000166], [86.19553196800013, 26.59435243200005], [86.20525808800005, 26.596614028000147], [86.21716896300012, 26.588416637000023], [86.23121371800016, 26.593053600000076], [86.23430392700016, 26.590766353000106], [86.23440719700017, 26.59792223000005], [86.24007896600006, 26.603429159000143], [86.2430882750001, 26.602766082000073], [86.24375213200005, 26.608270862999973], [86.24828078600012, 26.60863559700016], [86.24766616100015, 26.612308203000055], [86.25204317700008, 26.61705642600009], [86.25315820400004, 26.614778645], [86.27551473500006, 26.617317748000062], [86.29275882600012, 26.613243466000085], [86.30774397700003, 26.619973888000118], [86.33317337500017, 26.61893329700007], [86.34470523300007, 26.61673031500004], [86.33885185800006, 26.60852324200016], [86.34079484600005, 26.60599599600016], [86.39678975900011, 26.59352424900004], [86.39486019300017, 26.585114949000058], [86.43032677600002, 26.572922381000183], [86.45537468300012, 26.568082991000153], [86.48581981300009, 26.549784742000043], [86.49629964300016, 26.56059954800014], [86.49431788400005, 26.578688061000094], [86.51282540500006, 26.602024601000096], [86.50944362300004, 26.60648771500007], [86.51195374400015, 26.623312292000094], [86.50566551999998, 26.633887321000145], [86.50410557500015, 26.652114891000167], [86.49834039600017, 26.657541940000044], [86.49851817600018, 26.66370065500007], [86.50334284100012, 26.667477035000047], [86.50885267600012, 26.682299089000026], [86.5067424340001, 26.691593241000078], [86.50998711500006, 26.698304087000054], [86.50244336300011, 26.7233637650001], [86.51063893800011, 26.73682535800009], [86.52840995200017, 26.744648051000127], [86.5276790900001, 26.75120758900016], [86.52003507, 26.760535201000096], [86.52464385200017, 26.77157156900006], [86.52312199500011, 26.77976438800016], [86.53558664200017, 26.795833766000158], [86.5352535340001, 26.79990109100015], [86.54049438800013, 26.798205582000094], [86.55335497100009, 26.814802734000068], [86.55146838200005, 26.824337305000142], [86.55451703500017, 26.83059518600004], [86.55139323300017, 26.831598418000056], [86.55190333700006, 26.835163114000125], [86.54341016600017, 26.836453789000075], [86.53708928800012, 26.83150954700011], [86.51951882800012, 26.83148705100018], [86.51763806600013, 26.84321217900009], [86.51241293500004, 26.840373647000035], [86.51157753300004, 26.846517469], [86.5053191880001, 26.848158714000192], [86.50464922800012, 26.85600676600012], [86.49597828400016, 26.856562751000183], [86.48803697700004, 26.869323931000167], [86.4798320110001, 26.870979578000117], [86.47727676400018, 26.883184464000124], [86.47943886600018, 26.88848160100008], [86.45180284300017, 26.888668158000144], [86.42812675500016, 26.9024560310001], [86.40366291600009, 26.90969059000014], [86.3827661090001, 26.90844320600013], [86.38268019300011, 26.902314367000088], [86.37694762000018, 26.89704066500019], [86.37392624400007, 26.883696283000063], [86.36592647000009, 26.872488935000035], [86.340683663, 26.880103950000148], [86.31415015400012, 26.87896908300013], [86.31028464100012, 26.882689189000075], [86.28741548000016, 26.88663050600013], [86.27110226400009, 26.882460896999987], [86.24674904, 26.863771923000172], [86.2273283990001, 26.88061048100019], [86.18693300000012, 26.89461936000015], [86.18539071200001, 26.899924304000137], [86.17788087200006, 26.90032757600011], [86.16839782600005, 26.913539501000173], [86.16065276000012, 26.914317297000082]]]}, "properties": {"district": "Siraha", "population": 789696, "events": 101, "deaths": 35, "missing": 9, "injured": 22, "houses_destroyed": 1935, "severity_score": 872.3, "by_hazard": {"landslide": 6, "flood": 95, "flash_flood": 0, "glof": 0, "debris_flow": 0, "avalanche": 0, "other": 0}, "first_year": 1981, "last_year": 2025, "deaths_per_100k": 4.43}}, {"type": "Feature", "geometry": {"type": "Polygon", "coordinates": [[[85.93801224700019, 27.121361578000062], [85.90547830800011, 27.133775855000067], [85.90074676600011, 27.126886820000152], [85.91980172100017, 27.10587137900012], [85.93675738100012, 27.096729854000046], [85.93851321000017, 27.088273255000104], [85.93476076200017, 27.076810263000084], [85.94518972300006, 27.06155997600007], [85.9318965550001, 27.042929136999987], [85.91707362400012, 27.042924132000053], [85.91386734700012, 27.037613044000068], [85.92286483000004, 27.03587272800013], [85.92689026500011, 27.028938472000164], [85.91136687400007, 27.008023546000175], [85.91356132400011, 26.991206502000125], [85.90613113500007, 26.960867858000086], [85.9177980230001, 26.958902419000083], [85.91714473300004, 26.950233358], [85.91372540800018, 26.942526727000143], [85.91278158000006, 26.922777074000066], [85.90508128600015, 26.916424813000162], [85.89875043500007, 26.892743349000057], [85.90022871300016, 26.885216662], [85.89497769200011, 26.877556245000108], [85.89684947000006, 26.873487010000133], [85.90637028900011, 26.87036607300007], [85.91659824400006, 26.871268419000103], [85.91500129700017, 26.86688571500008], [85.91969762100007, 26.846328476999986], [85.91592218400007, 26.837206714000104], [85.91545781200017, 26.81938508400009], [85.91105824100003, 26.81162119000004], [85.9121916420001, 26.806356922000077], [85.90865662800019, 26.805267020000088], [85.91064481500013, 26.801893351000103], [85.90855056500004, 26.7853158960001], [85.9005628330001, 26.780759534000083], [85.89762735100004, 26.76851430900001], [85.89233048500017, 26.762489247000133], [85.88237090500019, 26.759942676000037], [85.87972535200004, 26.752202935000128], [85.87925247900012, 26.746120710000184], [85.88878647300004, 26.737743547000093], [85.88829631099998, 26.730711279], [85.89345071800005, 26.72103584100006], [85.88679838900003, 26.697845199000085], [85.89484624700015, 26.687289763000138], [85.9062232600001, 26.681378224000127], [85.90355338100011, 26.671486109000114], [85.89688462400017, 26.66862530900005], [85.90576661600016, 26.664413705000072], [85.90570905000004, 26.656035500000087], [85.88277511300004, 26.64102605000005], [85.8804118430001, 26.635899084000073], [85.87515606600016, 26.637107639000135], [85.86914866000012, 26.62842048500005], [85.86334418000018, 26.62789587000009], [85.86199874500016, 26.61824375600014], [85.854786612, 26.61886957900009], [85.85208860400007, 26.61519704200009], [85.85072468900012, 26.610765845000174], [85.85462181400004, 26.610248957000067], [85.85250965500018, 26.60422782200004], [85.85765147100017, 26.589912038000023], [85.8482171010001, 26.576853023000183], [85.84896379700007, 26.568896420000044], [85.85673740300007, 26.572027652000145], [85.85841375000012, 26.568877643000178], [85.879385824, 26.583791818000066], [85.88766713000007, 26.583170826000014], [85.89158331900018, 26.594408722000082], [85.90057613100015, 26.59501775800004], [85.90027724600003, 26.600358472000153], [85.91295212700004, 26.604537634999986], [85.91379873700015, 26.608885457000042], [85.92704374300018, 26.60963567800019], [85.92842473100006, 26.616494226000157], [85.93262249500009, 26.613499935000107], [85.93792343200005, 26.616193164000094], [85.94020094799998, 26.613222650000182], [85.94787775300006, 26.61348494600003], [85.94603189300011, 26.62117011700002], [85.95543896600014, 26.63057414200017], [85.95321422600006, 26.643861377000064], [85.96007354700015, 26.651335214000028], [85.96751112600015, 26.651921915000173], [85.9757818490001, 26.658207131000097], [86.00970288600018, 26.653898651000134], [86.01174762400007, 26.659542630000033], [86.02688593400012, 26.666659953000135], [86.06787089500011, 26.65785492900011], [86.07383378900016, 26.649707620000186], [86.11927096500017, 26.630015625000055], [86.13834068900007, 26.62892067300004], [86.14081106500004, 26.616642477000028], [86.13591929500012, 26.606524153000066], [86.14235255000011, 26.60501970700011], [86.15504177399998, 26.62529546600007], [86.15092679700012, 26.637744619000046], [86.1658566260001, 26.639286179000067], [86.16997150200018, 26.65220143200014], [86.18238745200006, 26.654814168000144], [86.18881198600013, 26.663639945], [86.19638774500015, 26.66669081000009], [86.20006150400013, 26.684731670000133], [86.19287602100002, 26.698480217000053], [86.19284635200017, 26.71230763200009], [86.18330244300017, 26.722490449000134], [86.17443085700012, 26.74841965000013], [86.15984219100011, 26.75160130600017], [86.14756732100017, 26.770786537000106], [86.14445030300004, 26.787578011000164], [86.15228116800006, 26.80151330000001], [86.15482279300011, 26.820868084000097], [86.1492416800001, 26.830954602000077], [86.15504618500012, 26.844866233000175], [86.15284981700012, 26.851926888000037], [86.14485947500015, 26.85538744600018], [86.13972208500013, 26.86400047500007], [86.14144271700007, 26.870696606000138], [86.13094639200011, 26.891406917000154], [86.13420700700016, 26.89810126000009], [86.13239362900003, 26.9149158780001], [86.1434259240001, 26.927075064000064], [86.15699959600016, 26.935243646000174], [86.15841274000002, 26.925921926], [86.17095897900009, 26.919890488000135], [86.18870803800007, 26.90528876600007], [86.19984988900012, 26.90546063300019], [86.2035739580001, 26.9000054280001], [86.21578275800005, 26.896170164000182], [86.22088132300013, 26.888431870000147], [86.22392668200013, 26.890980325000044], [86.22199700900006, 26.899083705000123], [86.22408500700016, 26.903768206000052], [86.24168004600017, 26.905456802000117], [86.24613025600013, 26.915040977000046], [86.25337551600012, 26.91131355500005], [86.25846561800012, 26.913305720000096], [86.25781000100011, 26.92829833000019], [86.24073415900017, 26.940315289000125], [86.23447376500019, 26.950121568000156], [86.22652400499999, 26.949493796000127], [86.21868467700011, 26.954225118000068], [86.2100874300001, 26.965490666000107], [86.19849365300013, 26.970477275000178], [86.19140440500013, 26.978507820000175], [86.18714604700006, 26.97737997000013], [86.18746114900017, 26.982375098000034], [86.14026245800017, 26.999232041000084], [86.1062853090001, 27.015166860000022], [86.08905816800012, 27.019063592000066], [86.05514844200019, 27.018161081000073], [86.0474154470001, 27.02132648100013], [86.01217743600012, 27.018615294000085], [85.99155106600006, 27.024773082000138], [85.9707851600001, 27.050894734000167], [85.9618963260001, 27.079774848000113], [85.95548675900005, 27.08416991100006], [85.94982863100017, 27.083947270000067], [85.95085941299999, 27.08775451500003], [85.9440128440001, 27.092005834000133], [85.93578146900018, 27.11012671800006], [85.93801224700019, 27.121361578000062]]]}, "properties": {"district": "Dhanusa", "population": 924655, "events": 115, "deaths": 52, "missing": 0, "injured": 8, "houses_destroyed": 3552, "severity_score": 2192.0, "by_hazard": {"landslide": 3, "flood": 112, "flash_flood": 0, "glof": 0, "debris_flow": 0, "avalanche": 0, "other": 0}, "first_year": 1973, "last_year": 2025, "deaths_per_100k": 5.62}}, {"type": "Feature", "geometry": {"type": "Polygon", "coordinates": [[[85.82712905100004, 27.16752264700017], [85.81696736900017, 27.162487292000037], [85.81071013600018, 27.156378911000104], [85.81009040400005, 27.150564039000187], [85.799223697, 27.139389276000088], [85.79323483600018, 27.137526212000125], [85.79230219300001, 27.129572023000037], [85.79745565000019, 27.12332835100017], [85.79074433, 27.11821018800009], [85.79759807500017, 27.114309462000108], [85.79179390900009, 27.10798979599997], [85.79261960200012, 27.105641454000192], [85.79604685300006, 27.107947248000187], [85.80058198200004, 27.106183419], [85.79873643200011, 27.099489415], [85.79436993100006, 27.100011544000154], [85.79760617600004, 27.095030602000122], [85.78643244700004, 27.092473134999977], [85.78769704000013, 27.089156138000078], [85.7817712800001, 27.082099534000122], [85.78076437300018, 27.072341940000115], [85.76501477400012, 27.053839302000085], [85.756873751, 27.049284628000123], [85.74760609700007, 27.034490023000046], [85.74733085800011, 27.02679857300012], [85.73950038400005, 27.009261485000025], [85.73897781000016, 26.992529577000084], [85.73374543400013, 26.98666625400017], [85.73520308200011, 26.979558904999976], [85.73051828300004, 26.963649102000147], [85.71932679300005, 26.946940259000144], [85.71745523400017, 26.934800797000037], [85.71122192500019, 26.931928319000065], [85.7133331610001, 26.925388869000074], [85.7069131560001, 26.924069001000078], [85.71150830500011, 26.92104940700017], [85.70551430100011, 26.919992836000063], [85.71131584000005, 26.911758973000133], [85.70711409600005, 26.910883478000073], [85.70507691100016, 26.90566659100017], [85.70959447500019, 26.904171486000166], [85.6976085820001, 26.896575453000082], [85.69472489900016, 26.884667827000158], [85.68782480500016, 26.881618978000063], [85.68885505300017, 26.872412056000144], [85.68337276400013, 26.87279655400016], [85.67608108400009, 26.86438954600004], [85.68013805900011, 26.843235226000104], [85.70415958199999, 26.832183169000075], [85.72058292800017, 26.820528161000084], [85.73431683600018, 26.795853501000067], [85.73489227300007, 26.777432004000104], [85.72860842199998, 26.74998287300008], [85.73396698400018, 26.73742519200016], [85.72974909800007, 26.7345265620001], [85.73130628900003, 26.730596559000105], [85.72812872300017, 26.7297152700001], [85.7293827800001, 26.725168877999977], [85.72588131900005, 26.721295097], [85.72776295900013, 26.717783187000066], [85.72323826200011, 26.686816143000044], [85.72532889600006, 26.670395869000174], [85.7363484010001, 26.6639330590001], [85.7321187550001, 26.65551116500012], [85.73405560800006, 26.650514949000126], [85.74822205900006, 26.63892582900013], [85.76917725800007, 26.629921161000084], [85.8012801160001, 26.624263511000038], [85.80321293400016, 26.614911614000107], [85.81739664800006, 26.60273773300014], [85.83028317700007, 26.601587490000043], [85.831088055, 26.6112895280001], [85.8505730660001, 26.608607532000065], [85.85296946400013, 26.604529367000055], [85.85462181400004, 26.610248957000067], [85.85081649500006, 26.610461998000176], [85.8519470660001, 26.614886754000167], [85.854786612, 26.61886957900009], [85.86199874500016, 26.61824375600014], [85.86297217200013, 26.627561205], [85.86914866000012, 26.62842048500005], [85.87515606600016, 26.637107639000135], [85.87949953700013, 26.635321057000112], [85.88769558500002, 26.644568760000084], [85.90533352400001, 26.653715260000126], [85.90576661600016, 26.664413705000072], [85.89688462400017, 26.66862530900005], [85.90355338100011, 26.671486109000114], [85.9062232600001, 26.681378224000127], [85.89484624700015, 26.687289763000138], [85.88679838900003, 26.697845199000085], [85.89345071800005, 26.72103584100006], [85.88829631099998, 26.730711279], [85.88878647300004, 26.737743547000093], [85.87925247900012, 26.746120710000184], [85.87972535200004, 26.752202935000128], [85.88237090500019, 26.759942676000037], [85.89233048500017, 26.762489247000133], [85.89762735100004, 26.76851430900001], [85.9005628330001, 26.780759534000083], [85.90855056500004, 26.7853158960001], [85.91064481500013, 26.801893351000103], [85.90865662800019, 26.805267020000088], [85.9121916420001, 26.806356922000077], [85.91105824100003, 26.81162119000004], [85.91545781200017, 26.81938508400009], [85.91592218400007, 26.837206714000104], [85.91969762100007, 26.846328476999986], [85.91500129700017, 26.86688571500008], [85.91659824400006, 26.871268419000103], [85.90637028900011, 26.87036607300007], [85.89684947000006, 26.873487010000133], [85.89497769200011, 26.877556245000108], [85.90022871300016, 26.885216662], [85.89875043500007, 26.892743349000057], [85.90508128600015, 26.916424813000162], [85.91278158000006, 26.922777074000066], [85.91372540800018, 26.942526727000143], [85.91714473300004, 26.950233358], [85.9177980230001, 26.958902419000083], [85.90613113500007, 26.960867858000086], [85.91356132400011, 26.991206502000125], [85.91136687400007, 27.008023546000175], [85.92689026500011, 27.028938472000164], [85.92286483000004, 27.03587272800013], [85.91386734700012, 27.037613044000068], [85.91707362400012, 27.042924132000053], [85.9318965550001, 27.042929136999987], [85.94518972300006, 27.06155997600007], [85.93476076200017, 27.076810263000084], [85.93841436600013, 27.087430891000054], [85.93705916400012, 27.096274149000067], [85.91980172100017, 27.10587137900012], [85.90567396600017, 27.1194731220001], [85.90071957700013, 27.127116799000078], [85.90547830800011, 27.133775855000067], [85.88277714200012, 27.146330981000062], [85.86235117600012, 27.127095387999987], [85.85340523900004, 27.137969648000023], [85.83553795100016, 27.147016479000115], [85.83453184000012, 27.149640980000072], [85.83963929400011, 27.152519314000017], [85.84336983300017, 27.159957159000044], [85.82712905100004, 27.16752264700017]]]}, "properties": {"district": "Mahottari", "population": 750959, "events": 126, "deaths": 53, "missing": 5, "injured": 23, "houses_destroyed": 5624, "severity_score": 3182.7, "by_hazard": {"landslide": 3, "flood": 123, "flash_flood": 0, "glof": 0, "debris_flow": 0, "avalanche": 0, "other": 0}, "first_year": 1973, "last_year": 2026, "deaths_per_100k": 7.06}}, {"type": "Feature", "geometry": {"type": "Polygon", "coordinates": [[[85.76932651600015, 27.182098363000023], [85.72353712700004, 27.19516698200016], [85.71673861700015, 27.18777258200015], [85.69824246200017, 27.185988984000176], [85.6857467480001, 27.176340436000146], [85.68160094500018, 27.16927836300016], [85.67096046700016, 27.166393937000066], [85.64666618900014, 27.144548515000167], [85.63334169799998, 27.141278952000107], [85.62965258100019, 27.137353548000192], [85.62268780099998, 27.140606267000123], [85.60486241600012, 27.139550369000176], [85.59993210400006, 27.143553181000073], [85.59456899800006, 27.140564542000163], [85.58059082700015, 27.14387551100009], [85.57096842500016, 27.136998518000155], [85.56880269900017, 27.143428725000092], [85.55343752400012, 27.146729671000173], [85.549650171, 27.145643765000045], [85.55161333500007, 27.14049325400009], [85.54666979600006, 27.140568476000112], [85.54583202200018, 27.143873919000157], [85.5365380770001, 27.14878339100011], [85.53067245400018, 27.140932110000165], [85.52065871100007, 27.14081563700006], [85.50055260900018, 27.143580178000093], [85.48940328000009, 27.154537268000183], [85.4908901710001, 27.147523352], [85.48813246800006, 27.138806140000156], [85.47368682600018, 27.12897120300005], [85.47162037200007, 27.11899423800014], [85.46406193000013, 27.11004471500013], [85.44922557200005, 27.100930833000064], [85.44270740200017, 27.090459962000125], [85.43379848600006, 27.088637973000118], [85.43138406100007, 27.079388062000135], [85.43370313800017, 27.067183994], [85.42432547400017, 27.062264020999976], [85.42357595600015, 27.052848091000044], [85.41534960800004, 27.049483875000192], [85.41094264900016, 27.03643839300014], [85.40229452000005, 27.034241692000023], [85.39978252800006, 27.02573871300018], [85.38599331700016, 27.008913907000192], [85.40122859100006, 26.983745386000066], [85.40139575500018, 26.977877845000023], [85.39583127400016, 26.970009697000023], [85.4007345760001, 26.954565456000182], [85.39744678400007, 26.950397268000074], [85.39859709100011, 26.940443104000167], [85.3860195580001, 26.919235703000027], [85.39539851100011, 26.892329298], [85.39030061200009, 26.880604872000163], [85.37914095400009, 26.880486321000035], [85.36991813900005, 26.872713478000037], [85.36019208099998, 26.870765550000158], [85.34235685100009, 26.85917246400004], [85.34334400000017, 26.85478611700006], [85.35231893300016, 26.849342184000022], [85.35257007100012, 26.841158910000104], [85.34913080000007, 26.836769740000022], [85.33548684100009, 26.833706720000066], [85.32172787900015, 26.80431152200009], [85.32581790100016, 26.79840036100012], [85.33163358100012, 26.798120170000118], [85.34106214100007, 26.786779638999974], [85.33725103000017, 26.780071916], [85.32960703200007, 26.77707767800007], [85.34569264300006, 26.77536453400006], [85.3456118950001, 26.76664967500011], [85.35115095800006, 26.761660394000046], [85.33310948000013, 26.760256469000126], [85.33183352700019, 26.750948080000114], [85.32604829100006, 26.744612730000142], [85.33440413200015, 26.741508767000084], [85.36148951100006, 26.763077628000076], [85.36926802900007, 26.758230872000127], [85.3751278960001, 26.760644631000105], [85.38411250100012, 26.77414384200017], [85.39765926100011, 26.77848249800013], [85.40759581800012, 26.79121710300018], [85.41769513700001, 26.790369597], [85.42536897200017, 26.785899868000115], [85.43246420500009, 26.790099116000135], [85.45188740300006, 26.781271656000172], [85.46410676700003, 26.788882127000022], [85.47714811300011, 26.792184992000045], [85.47968944400014, 26.802335703000153], [85.49574057600006, 26.796984817000066], [85.49763857600004, 26.812036087000024], [85.5073736380001, 26.816790643000104], [85.51968607300006, 26.814395435000165], [85.54287203200005, 26.838365839], [85.55328631400005, 26.834298935000163], [85.55752136800015, 26.84399833900011], [85.56558762399999, 26.840933120000102], [85.5752111920001, 26.861033136000117], [85.57805772800009, 26.8563600330001], [85.58364339700012, 26.858135284000184], [85.58506387900007, 26.847173461000125], [85.60680519100003, 26.857239628000116], [85.62334993000019, 26.87356472000016], [85.63428546000011, 26.872211087000153], [85.64224356600005, 26.853216519000057], [85.68033184300015, 26.84344233600001], [85.67608108400009, 26.86438954600004], [85.68337276400013, 26.87279655400016], [85.68885505300017, 26.872412056000144], [85.68782480500016, 26.881618978000063], [85.69472489900016, 26.884667827000158], [85.6976085820001, 26.896575453000082], [85.70959447500019, 26.904171486000166], [85.70507691100016, 26.90566659100017], [85.70711409600005, 26.910883478000073], [85.71131584000005, 26.911758973000133], [85.70551430100011, 26.919992836000063], [85.71150830500011, 26.92104940700017], [85.7069131560001, 26.924069001000078], [85.7133331610001, 26.925388869000074], [85.71122192500019, 26.931928319000065], [85.71745523400017, 26.934800797000037], [85.71932679300005, 26.946940259000144], [85.73051828300004, 26.963649102000147], [85.73520308200011, 26.979558904999976], [85.73374543400013, 26.98666625400017], [85.73897781000016, 26.992529577000084], [85.73950038400005, 27.009261485000025], [85.74733085800011, 27.02679857300012], [85.74760609700007, 27.034490023000046], [85.756873751, 27.049284628000123], [85.76501477400012, 27.053839302000085], [85.78076437300018, 27.072341940000115], [85.7817712800001, 27.082099534000122], [85.78769704000013, 27.089156138000078], [85.78643244700004, 27.092473134999977], [85.79741933300011, 27.094645446000072], [85.79436993100006, 27.100011544000154], [85.79873643200011, 27.099489415], [85.80083403700002, 27.105034961], [85.7963036320001, 27.107931441000062], [85.79205629, 27.106153275000167], [85.79759807500017, 27.114309462000108], [85.79074433, 27.11821018800009], [85.79745565000019, 27.12332835100017], [85.79230219300001, 27.129572023000037], [85.79312616900017, 27.13722067500015], [85.799223697, 27.139389276000088], [85.81009040400005, 27.150564039000187], [85.81023571700007, 27.155540101000156], [85.815698887, 27.160732612000174], [85.79391496000017, 27.168240448000176], [85.76932651600015, 27.182098363000023]]]}, "properties": {"district": "Sarlahi", "population": 915320, "events": 172, "deaths": 683, "missing": 61, "injured": 3, "houses_destroyed": 8979, "severity_score": 6543.5, "by_hazard": {"landslide": 6, "flood": 166, "flash_flood": 0, "glof": 0, "debris_flow": 0, "avalanche": 0, "other": 0}, "first_year": 1971, "last_year": 2026, "deaths_per_100k": 74.62}}, {"type": "Feature", "geometry": {"type": "Polygon", "coordinates": [[[85.31139136000013, 27.230717076000133], [85.29291062500005, 27.23284945100005], [85.27183216700018, 27.229216107000184], [85.26922453500009, 27.228001171000187], [85.27061865200005, 27.225646715000096], [85.26262997200007, 27.22185654300017], [85.2652139970001, 27.213296157000116], [85.251277759, 27.190043550000098], [85.24599011600014, 27.158455387000117], [85.23170070900005, 27.14537637100011], [85.23112539400017, 27.134127858000113], [85.20445966000005, 27.116000833000157], [85.19707862100017, 27.107420595000065], [85.2023420490001, 27.08357985700013], [85.19414275800017, 27.07741145500006], [85.20037655400012, 27.06571203300018], [85.19709366600006, 27.06312733200008], [85.19215996500014, 27.06485915900015], [85.19207094300009, 27.060496419000117], [85.18303110700015, 27.049709225000186], [85.18817017200018, 27.04706679400016], [85.1963362140001, 27.050465378000126], [85.19788357600004, 27.047334181000167], [85.19455735600019, 27.042868147000092], [85.20090844700013, 27.040404470000112], [85.19888482300001, 27.038118139], [85.17713294900005, 27.037527892000128], [85.17920520000001, 27.033359171000086], [85.19125354900012, 27.033386306000125], [85.1980749540001, 27.02780528900007], [85.19487075200016, 27.0217114620001], [85.18265561400005, 27.01857016200006], [85.18133478000004, 27.01590318900014], [85.18291120500015, 27.012485331000107], [85.18725076600015, 27.012130746000025], [85.18688734600005, 27.007501775000094], [85.17745461600015, 27.003145254000117], [85.16355234600007, 26.980761754000127], [85.17218179100007, 26.976802873000054], [85.16834769200017, 26.95446203600011], [85.17551165200013, 26.94710811700014], [85.17386201500017, 26.94303813700003], [85.16907079900005, 26.944641540000077], [85.16423298700016, 26.94214099600015], [85.16386449200013, 26.938247521000108], [85.17277714700009, 26.931432084000107], [85.17849712500015, 26.932302726000046], [85.1792352170001, 26.929216823000047], [85.178021065, 26.923132903000067], [85.1698549510001, 26.920053353000185], [85.17693360000004, 26.907048245000112], [85.17568583200017, 26.900779528000044], [85.17062833500012, 26.899506181999982], [85.17540151800006, 26.89355291200019], [85.1642162600001, 26.892445262000024], [85.16309223000019, 26.888955052000085], [85.16810780700013, 26.88963345100018], [85.17293832200005, 26.879207951000126], [85.16565277700005, 26.87935844200007], [85.16864867800018, 26.87415114000015], [85.17625459100003, 26.869189704000178], [85.18975598700018, 26.870069473000058], [85.19247563600004, 26.866709564000132], [85.19106492300011, 26.831205927000042], [85.1768929270001, 26.815124613000137], [85.17664344700006, 26.809655217], [85.1823251940001, 26.800831026000083], [85.18023900900005, 26.79573575400019], [85.1867760400001, 26.795026799000084], [85.18649541200017, 26.790888910000092], [85.19325852999998, 26.790552300000115], [85.19470696700006, 26.784333123000067], [85.19160892600013, 26.781789359000072], [85.19701870700015, 26.76991862000017], [85.20578641500015, 26.76149388200014], [85.21166715499999, 26.757876548000127], [85.24011815000011, 26.761876789000098], [85.26018884100012, 26.755204021000054], [85.30655363000005, 26.752176053000028], [85.32604829100006, 26.744612730000142], [85.33183352700019, 26.750948080000114], [85.33310948000013, 26.760256469000126], [85.35115095800006, 26.761660394000046], [85.3456118950001, 26.76664967500011], [85.34569264300006, 26.77536453400006], [85.32960703200007, 26.77707767800007], [85.33725103000017, 26.780071916], [85.34106214100007, 26.786779638999974], [85.33163358100012, 26.798120170000118], [85.32581790100016, 26.79840036100012], [85.32172787900015, 26.80431152200009], [85.33548684100009, 26.833706720000066], [85.34913080000007, 26.836769740000022], [85.35257007100012, 26.841158910000104], [85.35231893300016, 26.849342184000022], [85.34334400000017, 26.85478611700006], [85.34235685100009, 26.85917246400004], [85.36019208099998, 26.870765550000158], [85.36991813900005, 26.872713478000037], [85.37914095400009, 26.880486321000035], [85.39030061200009, 26.880604872000163], [85.39539851100011, 26.892329298], [85.3860195580001, 26.919235703000027], [85.39859709100011, 26.940443104000167], [85.39744678400007, 26.950397268000074], [85.4007345760001, 26.954565456000182], [85.39583127400016, 26.970009697000023], [85.4016197090001, 26.978629094000098], [85.39672321800003, 26.99402146500006], [85.38858770400014, 27.001025835000178], [85.38585346800005, 27.008556560000045], [85.388119367, 27.014102359000162], [85.3955805810001, 27.019727362000083], [85.40229452000005, 27.034241692000023], [85.41124860100007, 27.03682792500001], [85.41534960800004, 27.049483875000192], [85.42333430700012, 27.052518929000144], [85.42432547400017, 27.062264020999976], [85.43370313800017, 27.067183994], [85.43138406100007, 27.079388062000135], [85.43379848600006, 27.088637973000118], [85.44270740200017, 27.090459962000125], [85.44922557200005, 27.100930833000064], [85.468578735, 27.114757749000148], [85.47368682600018, 27.12897120300005], [85.48813246800006, 27.138806140000156], [85.49201224300003, 27.160702205], [85.50379417500017, 27.164552626000045], [85.49944568200016, 27.167630717000065], [85.50327026300016, 27.172512912000172], [85.50060673200016, 27.17573533200016], [85.48893410400012, 27.165844697000068], [85.48008895400017, 27.162858937000124], [85.472461544, 27.16177734000007], [85.46660753400005, 27.166116045000138], [85.45709735100002, 27.166070763000164], [85.45243146700017, 27.168824128000153], [85.4532370500001, 27.177659297000105], [85.44798661100009, 27.186712781000097], [85.43645093300006, 27.187271411000154], [85.42651455500004, 27.19303092100006], [85.41816327900005, 27.190058792000116], [85.40916300800006, 27.196926594000104], [85.398707951, 27.196697438000115], [85.39336936600017, 27.210347638000144], [85.38504708700003, 27.20735526400017], [85.37647624300018, 27.212026204000153], [85.359534376, 27.210729721000064], [85.34863238500009, 27.22210852800015], [85.3387083080001, 27.219514529000037], [85.31139136000013, 27.230717076000133]]]}, "properties": {"district": "Rautahat", "population": 871027, "events": 168, "deaths": 165, "missing": 27, "injured": 4, "houses_destroyed": 3819, "severity_score": 2544.7, "by_hazard": {"landslide": 3, "flood": 165, "flash_flood": 0, "glof": 0, "debris_flow": 0, "avalanche": 0, "other": 0}, "first_year": 1971, "last_year": 2026, "deaths_per_100k": 18.94}}, {"type": "Feature", "geometry": {"type": "Polygon", "coordinates": [[[84.99910725000018, 27.36534545300003], [84.98141746600004, 27.36212957000015], [84.97727707700005, 27.35602185800019], [84.969359059, 27.35621239800014], [84.96388257600012, 27.33604616600013], [84.96891624500017, 27.319902123000077], [84.96758968800009, 27.313086334000047], [84.96255886, 27.312721658000044], [84.95830504300005, 27.306887045000053], [84.96001834800012, 27.290258365000113], [84.97307641800018, 27.266944967000143], [84.96510556400005, 27.244280039000103], [84.95979019000009, 27.196452954000165], [84.95310981000017, 27.190954955999985], [84.94459648900016, 27.163942092000127], [84.94641345700006, 27.159918229000027], [84.95051494800003, 27.161411226000155], [84.94905942200006, 27.15685442000006], [84.95238296200006, 27.151764302000117], [84.9466976170001, 27.14111265400004], [84.95505483000017, 27.134878407000144], [84.9549187020001, 27.12679743600006], [84.95126315900006, 27.118927573000178], [84.94151285000004, 27.111358023000037], [84.94158944900005, 27.105976315000078], [84.93845109400019, 27.10391925800019], [84.94015621600005, 27.09308224800003], [84.9282145470001, 27.089628296000058], [84.92410545900009, 27.083777748000045], [84.92736197400018, 27.08351038800015], [84.92862769400006, 27.076830189000134], [84.93588521800018, 27.07465662600015], [84.93572919000002, 27.07096638800016], [84.931172151, 27.068589211000187], [84.91744300500005, 27.072526386999982], [84.89998534700015, 27.04605320200011], [84.90202401400012, 27.039995521000094], [84.89906441500011, 27.033335752000028], [84.91718363100006, 27.034365080999976], [84.90994064800003, 27.022065554000108], [84.91117656500006, 27.01816992000016], [84.89044820400017, 27.00116577700004], [84.88647874800017, 26.99396378800003], [84.88014431400012, 26.99189149400013], [84.88046032500006, 26.989292541000168], [84.873965795, 26.986733787000162], [84.86708697000012, 26.98886779900016], [84.86610001800017, 26.983736113000134], [84.88854081400007, 26.97744347400004], [84.89211981500017, 26.9695146090001], [84.89196334200011, 26.972263926000096], [84.89550792500006, 26.97291605100014], [84.90982957500017, 26.967952974000127], [84.92930112000005, 26.96865854100014], [84.95322359000016, 26.959703724000065], [84.96220520300017, 26.96046405500016], [84.97815945100001, 26.940266353000027], [84.97470429500015, 26.939547985000104], [84.97809617300015, 26.93585118100009], [84.97005956000015, 26.928959471999974], [84.97175097900003, 26.921960057000035], [84.96750615400009, 26.91623330700014], [84.99940341300004, 26.912155065000036], [85.00209580100005, 26.90338375900012], [84.99572107400013, 26.90661024500008], [84.99261743200003, 26.90288214800006], [85.00376812600018, 26.895068647000073], [85.0601256860001, 26.886920103000023], [85.05507352600006, 26.881423256000062], [85.05373013700017, 26.88470713000015], [85.04826059600015, 26.88519006100006], [85.05212104399999, 26.881244473000095], [85.04302864800019, 26.879635404000055], [85.04157944200017, 26.874562641000182], [85.03733792800006, 26.87805957500018], [85.0359948520001, 26.875079816000095], [85.02916793500003, 26.875251502000083], [85.03006090900004, 26.86766606200007], [85.02649434000006, 26.866500670000107], [85.02864607900005, 26.859287405000032], [85.02190886700004, 26.854852936000043], [85.05730270300018, 26.84914602000015], [85.05780537200013, 26.856069104000085], [85.06067172600012, 26.853895093000062], [85.06259407400006, 26.858187871000155], [85.06454415700017, 26.856826272000035], [85.0614566860001, 26.853837299000077], [85.0638418320001, 26.849645208000084], [85.06634179200017, 26.85396530500003], [85.0781122680001, 26.85578258800018], [85.0781638260001, 26.85877401099998], [85.08710195900005, 26.852864055000055], [85.08423997000011, 26.85543565600011], [85.0892444160001, 26.85954881200007], [85.08658648100004, 26.86736245200018], [85.09598244, 26.867037198000048], [85.09938615900018, 26.871054024000046], [85.11103691200003, 26.8724339690001], [85.1340493570001, 26.867770259000054], [85.13990326900006, 26.871121121000044], [85.17625459100003, 26.869189704000178], [85.16559055400012, 26.878438461000087], [85.17289758900012, 26.878727681000044], [85.16830047200017, 26.889403974000118], [85.16309223000019, 26.888955052000085], [85.1642162600001, 26.892445262000024], [85.17540151800006, 26.89355291200019], [85.17062833500012, 26.899506181999982], [85.17568583200017, 26.900779528000044], [85.17693360000004, 26.907048245000112], [85.1698549510001, 26.920053353000185], [85.178021065, 26.923132903000067], [85.1792352170001, 26.929216823000047], [85.17849712500015, 26.932302726000046], [85.17277714700009, 26.931432084000107], [85.16386449200013, 26.938247521000108], [85.16423298700016, 26.94214099600015], [85.16907079900005, 26.944641540000077], [85.17386201500017, 26.94303813700003], [85.17551165200013, 26.94710811700014], [85.16834769200017, 26.95446203600011], [85.17218179100007, 26.976802873000054], [85.16348898600012, 26.980417159000126], [85.17745461600015, 27.003145254000117], [85.18688734600005, 27.007501775000094], [85.18725076600015, 27.012130746000025], [85.18291120500015, 27.012485331000107], [85.18133478000004, 27.01590318900014], [85.18265561400005, 27.01857016200006], [85.19487075200016, 27.0217114620001], [85.1980749540001, 27.02780528900007], [85.19125354900012, 27.033386306000125], [85.17920520000001, 27.033359171000086], [85.17713294900005, 27.037527892000128], [85.2004379710001, 27.039111139000113], [85.20036042300006, 27.04200650600012], [85.194485799, 27.043065003000038], [85.19788357600004, 27.047334181000167], [85.1963362140001, 27.050465378000126], [85.18817017200018, 27.04706679400016], [85.18303110700015, 27.049709225000186], [85.19207094300009, 27.060496419000117], [85.19215996500014, 27.06485915900015], [85.19709366600006, 27.06312733200008], [85.20037655400012, 27.06571203300018], [85.19414275800017, 27.07741145500006], [85.2023420490001, 27.08357985700013], [85.19707862100017, 27.107420595000065], [85.20445966000005, 27.116000833000157], [85.23112539400017, 27.134127858000113], [85.23170070900005, 27.14537637100011], [85.24627338100004, 27.158976283000072], [85.251277759, 27.190043550000098], [85.2652139970001, 27.213296157000116], [85.26245181200005, 27.221609936000107], [85.270894037, 27.226395529000058], [85.25767653400004, 27.229147688000126], [85.25797751400006, 27.23413993800017], [85.25140384200006, 27.244906247000074], [85.24284964300006, 27.24862158600007], [85.23168072600009, 27.243323682000096], [85.20828570700019, 27.24531886300008], [85.20145925500003, 27.250221500000123], [85.19235625100004, 27.24504705800007], [85.17718790499998, 27.24957040300012], [85.18084294599998, 27.254514336], [85.17083444800005, 27.254715777000058], [85.16758576300009, 27.260119243000076], [85.15551906000007, 27.262324346000185], [85.1451615790001, 27.27290054500014], [85.14466643800006, 27.28291271000012], [85.13663215800005, 27.290164118000064], [85.12627846800012, 27.29284239600014], [85.12541697200004, 27.30107071200007], [85.1207633140001, 27.302100792000033], [85.11667858600003, 27.317840700000147], [85.10395859600004, 27.319990357999984], [85.09478373600012, 27.332399103000057], [85.09122314000007, 27.356517959000087], [85.08694461400006, 27.36085381400011], [85.07069987500006, 27.36433873400017], [85.0671989810001, 27.360340594000093], [85.06537686500019, 27.362560991000066], [85.06136031500017, 27.36037380600004], [85.05605853200018, 27.365598628000157], [85.03637124199997, 27.357326224000076], [85.03183640200012, 27.360482305], [85.02444585500012, 27.358628034000162], [85.02084349600005, 27.356666711000173], [85.02137889700003, 27.352024134000146], [85.013087235, 27.355331139000157], [85.0038611330001, 27.35279415000008], [84.99910725000018, 27.36534545300003]]]}, "properties": {"district": "Bara", "population": 808672, "events": 83, "deaths": 31, "missing": 4, "injured": 3, "houses_destroyed": 83, "severity_score": 414.3, "by_hazard": {"landslide": 4, "flood": 79, "flash_flood": 0, "glof": 0, "debris_flow": 0, "avalanche": 0, "other": 0}, "first_year": 1984, "last_year": 2026, "deaths_per_100k": 3.83}}, {"type": "Feature", "geometry": {"type": "Polygon", "coordinates": [[[84.56515129700006, 27.463084730000105], [84.55812304400007, 27.46001745200016], [84.55609792100006, 27.44229344200005], [84.54770060300018, 27.426686139000026], [84.54823977200016, 27.417954365000128], [84.54160418300006, 27.41942887600004], [84.53236888500015, 27.414347179000117], [84.54611887800013, 27.408145645], [84.545756702, 27.403765280000073], [84.53461203100011, 27.40172365700016], [84.53955113800015, 27.385842844000024], [84.53033676900003, 27.380977441000084], [84.51975611000006, 27.384013625000136], [84.50396488700011, 27.381102255000087], [84.50160491800017, 27.376516938000066], [84.49522676200019, 27.376618639000014], [84.48781322200017, 27.37146423000013], [84.48400688300006, 27.36372254800017], [84.48577400500011, 27.35851329200011], [84.50361703100009, 27.354654987000174], [84.56492061800009, 27.347520613000142], [84.607649708, 27.335373827000183], [84.62225788000006, 27.336291045000053], [84.64790082900004, 27.29784670200013], [84.68512442100007, 27.22642635900013], [84.68945190900018, 27.223471942000174], [84.69085639600013, 27.214967722000154], [84.68459438700006, 27.21300835700015], [84.68717219000013, 27.20907425000013], [84.68042581500015, 27.200648204000174], [84.68345305900016, 27.196567553000136], [84.67912497800006, 27.18564539200014], [84.68527576300016, 27.18081173500019], [84.68138685600019, 27.18003192900011], [84.68358717100006, 27.177902529000164], [84.67515880100007, 27.170892328000036], [84.68080078700007, 27.168784670000093], [84.67681956299998, 27.162544848000152], [84.68664547200007, 27.15850343000011], [84.68025932100005, 27.151975344000164], [84.68346156800004, 27.14360451700003], [84.67725890800006, 27.13334114100013], [84.67687526300017, 27.11516806300017], [84.66979473200007, 27.110382375000142], [84.67089596400007, 27.107206987000154], [84.67470536700006, 27.108732163000013], [84.67454282400018, 27.096440254000072], [84.66982147500005, 27.098134715000185], [84.66747175299997, 27.093558708000046], [84.66467841300016, 27.094623443000103], [84.67023619100013, 27.090941736000048], [84.66594188600016, 27.087658895000118], [84.66311991500015, 27.089186214000108], [84.66468520299998, 27.086371865], [84.65769582800016, 27.082550841000057], [84.65504976700015, 27.084309642000164], [84.65401751300004, 27.08192046300013], [84.65823941100012, 27.08109747900005], [84.65816114000012, 27.079567989000168], [84.65289999900011, 27.080700429000046], [84.65297448800015, 27.077669762000028], [84.64621136000011, 27.075555215000122], [84.64286155900015, 27.05966532399998], [84.64565290100018, 27.05859202700009], [84.64622128200006, 27.05134418], [84.64312213500006, 27.05099959800009], [84.64266647500017, 27.046443808000106], [84.701320125, 27.026993544000163], [84.71394263200017, 27.02146748700011], [84.72127937300013, 27.014302118000103], [84.72955726700008, 27.01494094400016], [84.75664550000005, 27.002821208000114], [84.76459462200017, 27.01294318900017], [84.7729600460001, 27.017802830000164], [84.78252617200008, 27.014126310999984], [84.78411052300015, 27.008009566000055], [84.78570169100016, 27.010961018000046], [84.78868015200015, 27.008915935], [84.78619062700011, 26.998501007000186], [84.78938448600013, 26.997138304000146], [84.79080599800017, 26.99960554600017], [84.79345922500005, 26.99578411599998], [84.79700615100006, 27.00414874400019], [84.80014624400008, 27.000705787000186], [84.80125471100007, 27.00437060500019], [84.808197351, 27.007765105000033], [84.80664125000015, 27.010506460999977], [84.81078451300004, 27.013828796000155], [84.80681389500012, 27.014659407000067], [84.80893660600015, 27.018207752000137], [84.81231420800003, 27.01583945500016], [84.81194084500015, 27.02075588800011], [84.81335265000013, 27.018182326000158], [84.82547074600006, 27.020891594000148], [84.85458266600006, 27.008195257000068], [84.84998822000006, 26.99835611700007], [84.85769265500005, 26.997682178], [84.85756377600012, 26.992574629000103], [84.85477014500003, 26.992514838000034], [84.85725704300006, 26.990645044000075], [84.85596842100006, 26.986523763000037], [84.85890254500015, 26.98909620900008], [84.86610001800017, 26.983736113000134], [84.86708697000012, 26.98886779900016], [84.873965795, 26.986733787000162], [84.8803260950001, 26.989194111000188], [84.88014431400012, 26.99189149400013], [84.88647874800017, 26.99396378800003], [84.89044820400017, 27.00116577700004], [84.91117656500006, 27.01816992000016], [84.90994064800003, 27.022065554000108], [84.91718363100006, 27.034365080999976], [84.89906441500011, 27.033335752000028], [84.90202401400012, 27.039995521000094], [84.89998534700015, 27.04605320200011], [84.91744300500005, 27.072526386999982], [84.931172151, 27.068589211000187], [84.93572919000002, 27.07096638800016], [84.93588521800018, 27.07465662600015], [84.92862769400006, 27.076830189000134], [84.92736197400018, 27.08351038800015], [84.92410545900009, 27.083777748000045], [84.9282145470001, 27.089628296000058], [84.94015621600005, 27.09308224800003], [84.93845109400019, 27.10391925800019], [84.94158944900005, 27.105976315000078], [84.94151285000004, 27.111358023000037], [84.95126315900006, 27.118927573000178], [84.9549187020001, 27.12679743600006], [84.95505483000017, 27.134878407000144], [84.9466976170001, 27.14111265400004], [84.95238296200006, 27.151764302000117], [84.94905942200006, 27.15685442000006], [84.95051494800003, 27.161411226000155], [84.94641345700006, 27.159918229000027], [84.94459648900016, 27.163942092000127], [84.95310981000017, 27.190954955999985], [84.95979019000009, 27.196452954000165], [84.96510556400005, 27.244280039000103], [84.97281607300005, 27.264085905000172], [84.97205139700003, 27.271518668999988], [84.96254295000011, 27.28431618600007], [84.9574896630001, 27.300245872000062], [84.96215567100018, 27.31233631100008], [84.96758968800009, 27.313086334000047], [84.96891624500017, 27.319902123000077], [84.96388257600012, 27.33604616600013], [84.969359059, 27.35621239800014], [84.96407654000018, 27.363631212000087], [84.95658643600007, 27.359143301000074], [84.95353681000012, 27.366562214000112], [84.94483740500004, 27.36016638899997], [84.94076782800005, 27.3657080160001], [84.92605449200016, 27.364175159000013], [84.921615196, 27.37059407700019], [84.90834068999999, 27.377187957000046], [84.90115063100006, 27.37464219000003], [84.8965843850001, 27.38544496500009], [84.88977414400017, 27.389258699000152], [84.88173392000016, 27.388001116999988], [84.87849936500015, 27.396254452000164], [84.8713935560001, 27.39921176000007], [84.86398114700006, 27.396924965000096], [84.85177698000007, 27.398498124000184], [84.84750889900016, 27.408548470000028], [84.83358761500011, 27.417670801000156], [84.81927459700012, 27.41941847300012], [84.81000920800011, 27.415910008000026], [84.80912646100018, 27.42444816900013], [84.79082692300005, 27.437682124000048], [84.77992879500016, 27.435018058000082], [84.77016732100003, 27.43883349500004], [84.75519793100011, 27.435650657999986], [84.74320495100011, 27.441998708000142], [84.73933662200005, 27.44041291000002], [84.73457767300016, 27.444192432000136], [84.72595612000015, 27.444609879000097], [84.71881596500009, 27.431188399000177], [84.69048912900018, 27.432452946000126], [84.67058783600015, 27.42900780400015], [84.66264250000017, 27.429668553000056], [84.66161838000016, 27.432960804], [84.64754688700003, 27.429064860999972], [84.64286216300019, 27.44283849100009], [84.63482407000009, 27.44440053300019], [84.62816363600007, 27.450800228000105], [84.60671034600011, 27.454248070000062], [84.60115608299998, 27.45107276400006], [84.58465447300011, 27.456415893000155], [84.57574039400004, 27.453905722000172], [84.56515129700006, 27.463084730000105]]]}, "properties": {"district": "Parsa", "population": 691463, "events": 84, "deaths": 47, "missing": 2, "injured": 8, "houses_destroyed": 818, "severity_score": 1132.1, "by_hazard": {"landslide": 3, "flood": 81, "flash_flood": 0, "glof": 0, "debris_flow": 0, "avalanche": 0, "other": 0}, "first_year": 1974, "last_year": 2026, "deaths_per_100k": 6.8}}, {"type": "Feature", "geometry": {"type": "Polygon", "coordinates": [[[85.82903489800003, 27.44759926500018], [85.82074535900011, 27.450757777000035], [85.80298427300016, 27.438637918000097], [85.79069079100009, 27.443280730000026], [85.78486486100019, 27.435155662000113], [85.78442551100005, 27.422346415000106], [85.77887201800019, 27.418288867000115], [85.77337718100006, 27.398141433000035], [85.75820450200007, 27.40052264500008], [85.74385765900007, 27.40830614400005], [85.73426799300012, 27.40782914600004], [85.72707397600004, 27.411962091000134], [85.71429671600015, 27.406371741000157], [85.71149678500018, 27.397222504000126], [85.70042256500017, 27.38521025400013], [85.69623195200006, 27.372625360000143], [85.6953205750001, 27.36382281200008], [85.70425485600009, 27.357178555000075], [85.70400232300005, 27.345823807000045], [85.68915334200005, 27.337010770000177], [85.67900031700015, 27.34508869100017], [85.67230034100015, 27.344289709000122], [85.67196595500019, 27.341107798000053], [85.66087373900012, 27.334788792000154], [85.65053156400012, 27.33354547400012], [85.64156055200004, 27.34250965000001], [85.6433419970001, 27.345771142000046], [85.6392200310001, 27.346170910000126], [85.64167881800006, 27.34974807400016], [85.63917866900005, 27.348735558000044], [85.63507948000006, 27.353548248000152], [85.63134185100017, 27.347553465000033], [85.62280528400004, 27.344773690000125], [85.5780291850001, 27.344597876000137], [85.57688565100017, 27.34161068300017], [85.5705965030001, 27.340454552000153], [85.56495510900015, 27.34102159400004], [85.56447609300017, 27.34470069600013], [85.55894231300005, 27.339288020000083], [85.55513761300017, 27.345829373000186], [85.55023387400007, 27.343346635000103], [85.53308947100004, 27.35664916100012], [85.523060939, 27.349910964000117], [85.51338513400015, 27.350591049000172], [85.50363065300013, 27.35723660600013], [85.50987021800012, 27.36545179600006], [85.50585502100017, 27.364312454000128], [85.50454115100018, 27.36926817799997], [85.50100641600017, 27.372808178000128], [85.49727606000005, 27.371525604000055], [85.49499695200012, 27.37600329300011], [85.48711360800013, 27.376398747000167], [85.47274263200018, 27.37035416400016], [85.46482222200012, 27.35649351000012], [85.44836069700011, 27.350989280000135], [85.44618185200005, 27.336612083000148], [85.42447437300012, 27.33213823600005], [85.4180451420001, 27.32108617100016], [85.4241194490001, 27.304257954000036], [85.43148442800009, 27.300731080000048], [85.432095414, 27.288815523000096], [85.43849543900012, 27.283301620000145], [85.44801147200013, 27.284484801000076], [85.459845325, 27.27980023100008], [85.47202987300011, 27.26967864800008], [85.47997234700017, 27.268728555000052], [85.4886060450001, 27.25008397900018], [85.48764461000002, 27.220685443000093], [85.50401343400011, 27.22162663800009], [85.50133632500018, 27.20812091400012], [85.5100892700001, 27.197620181], [85.50371812300011, 27.193983331000027], [85.48855296100015, 27.19846349000005], [85.48697835200016, 27.192786091000073], [85.492340829, 27.187062126000114], [85.48035760400018, 27.180737046000104], [85.482594978, 27.17571640300008], [85.48759649900006, 27.17615070000005], [85.48980705800005, 27.17142578100004], [85.50060673200016, 27.17573533200016], [85.50325919000005, 27.17305648900009], [85.4993772470001, 27.16796162500009], [85.50346188300006, 27.162730719000024], [85.49442619100006, 27.16294829700007], [85.48940328000009, 27.154537268000183], [85.49558757600016, 27.146469400000058], [85.52797800800016, 27.140330867000102], [85.5365380770001, 27.14878339100011], [85.54583202200018, 27.143873919000157], [85.54666979600006, 27.140568476000112], [85.55161333500007, 27.14049325400009], [85.549650171, 27.145643765000045], [85.55343752400012, 27.146729671000173], [85.56880269900017, 27.143428725000092], [85.57096842500016, 27.136998518000155], [85.58059082700015, 27.14387551100009], [85.59456899800006, 27.140564542000163], [85.59993210400006, 27.143553181000073], [85.60486241600012, 27.139550369000176], [85.62268780099998, 27.140606267000123], [85.62965258100019, 27.137353548000192], [85.63334169799998, 27.141278952000107], [85.64666618900014, 27.144548515000167], [85.67096046700016, 27.166393937000066], [85.68160094500018, 27.16927836300016], [85.69477502200016, 27.184023285000137], [85.71673861700015, 27.18777258200015], [85.72463723500016, 27.195052886000155], [85.74307135200013, 27.18747643600011], [85.76932651600015, 27.182098363000023], [85.8088795750001, 27.161613417000126], [85.8157453070001, 27.16123156900011], [85.82445363900018, 27.16818835500004], [85.83144156700013, 27.166674234000084], [85.84343326400017, 27.159860668000135], [85.83453184000012, 27.149640980000072], [85.83553795100016, 27.147016479000115], [85.85340523900004, 27.137969648000023], [85.86235117600012, 27.127095387999987], [85.88290506100014, 27.146334295000145], [85.91399746700006, 27.129661305000127], [85.93784045299998, 27.121493377000036], [85.93578146900018, 27.11012671800006], [85.9440128440001, 27.092005834000133], [85.95085941299999, 27.08775451500003], [85.94982863100017, 27.083947270000067], [85.95548675900005, 27.08416991100006], [85.9618963260001, 27.079774848000113], [85.9707851600001, 27.050894734000167], [85.99155106600006, 27.024773082000138], [86.01217743600012, 27.018615294000085], [86.0474154470001, 27.02132648100013], [86.05514844200019, 27.018161081000073], [86.08905816800012, 27.019063592000066], [86.1062853090001, 27.015166860000022], [86.14026245800017, 26.999232041000084], [86.18746114900017, 26.982375098000034], [86.18714604700006, 26.97737997000013], [86.19140440500013, 26.978507820000175], [86.19849365300013, 26.970477275000178], [86.2100874300001, 26.965490666000107], [86.21868467700011, 26.954225118000068], [86.22652400499999, 26.949493796000127], [86.23406906200017, 26.950394662], [86.24129266000011, 26.939817404000053], [86.25530049200006, 26.932375928000056], [86.25956785000017, 26.919067547000168], [86.26295641900015, 26.92703234300012], [86.27825206500006, 26.93465231900018], [86.28335445700014, 26.949117075000117], [86.29646642500006, 26.952323961000047], [86.31491808400006, 26.96337869100006], [86.353593053, 26.96503247800007], [86.36560262100016, 26.981529491000174], [86.36654696000005, 27.000264238000113], [86.37298598600012, 27.00350838000014], [86.37397489900013, 27.007281004], [86.371870672, 27.015812154000116], [86.37526606100005, 27.02053636200003], [86.37392392800007, 27.023247101000095], [86.37925361300006, 27.031371169000067], [86.38250593800018, 27.03141484700012], [86.36687078500012, 27.03749628600019], [86.36317677900018, 27.054007771000045], [86.3510448240001, 27.061556330000144], [86.35075393500011, 27.06671755900004], [86.34596420300011, 27.066002724000157], [86.34687336000013, 27.07047228500005], [86.35074974300011, 27.069797538000103], [86.35136932500006, 27.073764763000156], [86.35512855100006, 27.07523070000019], [86.35348979200012, 27.076834280000185], [86.35816252199999, 27.08395423700017], [86.35691090000017, 27.094120259000192], [86.36250692400012, 27.099475387000098], [86.35599644900009, 27.10005934500009], [86.35478926600013, 27.10421458400009], [86.34107288700005, 27.10642539600002], [86.33224143800004, 27.099817633000157], [86.32296629600017, 27.09904672400006], [86.3110775780001, 27.102901488000157], [86.30631375900003, 27.108823507000125], [86.32609537299999, 27.11088736400012], [86.33653284900015, 27.126523985000063], [86.33501181900004, 27.134055295000053], [86.33783420700013, 27.13378430700004], [86.3364769150001, 27.13796797700013], [86.34291486700005, 27.147274147000076], [86.34485218900011, 27.14382642300012], [86.35544850300005, 27.143216602], [86.359038682, 27.139302510000164], [86.36340961200017, 27.142054845000075], [86.36779575800017, 27.14056292900011], [86.37037515499998, 27.146937414000035], [86.37410377500015, 27.147649105000028], [86.37034363000015, 27.150989744000128], [86.37364339900006, 27.158917543000143], [86.38974576200019, 27.179864361000114], [86.38409075900012, 27.182398350000085], [86.378906196, 27.19321949200014], [86.36862237200017, 27.192478625000035], [86.35796163300017, 27.2013879000001], [86.34345806400017, 27.20279414400011], [86.33979293900006, 27.21029273000005], [86.34303237000012, 27.21960628000005], [86.3408673830001, 27.228948607000063], [86.3157652430001, 27.23136438500012], [86.30599770900017, 27.23713764000007], [86.29481102200015, 27.23836558300013], [86.28776947000017, 27.24561781900013], [86.28119782800013, 27.245803124000076], [86.26654651500019, 27.253574553000135], [86.26584568900012, 27.26105731900003], [86.2573363080001, 27.258061119000104], [86.25268803000006, 27.250261225000088], [86.24307654600011, 27.24709364600011], [86.23955007600017, 27.241262286000108], [86.23000566300016, 27.23735414900011], [86.19127997400005, 27.255122897000035], [86.18204750200016, 27.25201425900019], [86.15677586900006, 27.25243977600013], [86.15122794900003, 27.24216046000015], [86.14821495800004, 27.242692672000146], [86.13477665500005, 27.25135329600016], [86.12779584300011, 27.26457000700009], [86.1122635160001, 27.272597087000065], [86.10572310300012, 27.267880514000183], [86.09106994600012, 27.268663750000144], [86.07605448900006, 27.276793892000114], [86.07409967100011, 27.291500559000042], [86.05476578200012, 27.28823963200017], [86.04756010100016, 27.296784688], [86.03808874000015, 27.298741412000084], [86.03071279100016, 27.30922016800008], [86.02138127500007, 27.308900221000158], [86.02299682200004, 27.31405329500018], [86.01838591600011, 27.320286537000072], [85.997551466, 27.337402970000085], [85.98338467700017, 27.335673876000044], [85.98288147400018, 27.35080452800014], [85.97849696900005, 27.354461441000126], [85.97726765400006, 27.370516310000085], [85.97005543800014, 27.375092967000114], [85.96584222300015, 27.384436128000175], [85.95558390400004, 27.389217212000176], [85.9518938120001, 27.38139227800002], [85.94518596600017, 27.3803806250001], [85.933885014, 27.389001164000035], [85.93345168000008, 27.39541202700019], [85.92742155100018, 27.397540732000152], [85.92526887600013, 27.404236101000038], [85.9177831290001, 27.408972551000033], [85.89603433200011, 27.416215654000098], [85.89127651700005, 27.413472813000055], [85.8857221080001, 27.419860713000162], [85.87839089400012, 27.416632059000165], [85.85209879500013, 27.42502729400013], [85.82986057200014, 27.437562106000087], [85.82668421100016, 27.44175893000005], [85.82903489800003, 27.44759926500018]]]}, "properties": {"district": "Sindhuli", "population": 313397, "events": 230, "deaths": 336, "missing": 61, "injured": 44, "houses_destroyed": 1375, "severity_score": 2506.3, "by_hazard": {"landslide": 85, "flood": 145, "flash_flood": 0, "glof": 0, "debris_flow": 0, "avalanche": 0, "other": 0}, "first_year": 1971, "last_year": 2026, "deaths_per_100k": 107.21}}, {"type": "Feature", "geometry": {"type": "Polygon", "coordinates": [[[86.45786930100013, 27.823036728999966], [86.44986513700007, 27.83245162200012], [86.4385684070001, 27.828281848000074], [86.42973212200002, 27.815265968000176], [86.41960812100018, 27.813463942999988], [86.41733636400005, 27.794155180000132], [86.4106177050001, 27.790622871000153], [86.42207554300006, 27.786420639000085], [86.41300725200017, 27.774837566000144], [86.41389019000002, 27.767111704000058], [86.41020263500019, 27.760690708000084], [86.41249729700019, 27.751364452000075], [86.41041530600012, 27.74652284300015], [86.42698622000006, 27.736969867000028], [86.42525864600009, 27.722859212000174], [86.42048794100015, 27.71555408500018], [86.40894594600007, 27.718930201999967], [86.38147171500009, 27.701175779000096], [86.37565743300007, 27.692312209000193], [86.35178497400005, 27.69389026200014], [86.339133693, 27.683255665000104], [86.33004488800003, 27.66128863600005], [86.31158179000005, 27.64596216300015], [86.30628167200013, 27.63509928100018], [86.30290686600011, 27.615719750000153], [86.288721012, 27.603344717000027], [86.28135927599999, 27.604107704], [86.26879594600007, 27.595046657000182], [86.26064594600018, 27.598227604000044], [86.23562406700012, 27.586310274000084], [86.20270909400017, 27.580347152000115], [86.19179496900011, 27.571906892000072], [86.18427287100019, 27.559065958000076], [86.15809452700006, 27.541243883999982], [86.15221583000016, 27.53145695900014], [86.15069931600004, 27.515837192000163], [86.14226350700011, 27.509436546000074], [86.14179131000003, 27.49584917900006], [86.12930127099997, 27.489919045000192], [86.12252223800016, 27.478110532000073], [86.11606429700004, 27.47431762900004], [86.11240127200011, 27.474616975000117], [86.11498382100018, 27.479703008000172], [86.11022932800017, 27.482134208000105], [86.10108122700007, 27.49583358299998], [86.09341026100009, 27.50021493300011], [86.07767390900011, 27.496772398000132], [86.07388510400006, 27.501920563000056], [86.06493796300009, 27.50215857000012], [86.06159283500006, 27.496813797000073], [86.059778339, 27.501704144000144], [86.0579643260001, 27.498977729000103], [86.05680347800018, 27.501855453000132], [86.0443838870001, 27.49789464700018], [86.03170244500012, 27.502890106000052], [86.00052930900011, 27.50230641900015], [85.99916095300006, 27.506763689000024], [85.99454175900013, 27.503479335000065], [85.99354335400005, 27.507955046000063], [85.98695017400001, 27.510095615000182], [85.98766318200006, 27.519542665000074], [86.00047432800011, 27.541163223000183], [85.99754698400017, 27.545925124000064], [85.99399646000006, 27.545502349000174], [85.98218274100003, 27.554998048000073], [85.95213638100017, 27.58899956199997], [85.93567789700012, 27.593063912], [85.91866740500006, 27.603585614000167], [85.90905965600012, 27.60431131900009], [85.9012637560001, 27.609400416000085], [85.88971015100009, 27.61232701600011], [85.88297339000019, 27.610637298000086], [85.88044882300011, 27.614580840000087], [85.87408783100017, 27.6124966000001], [85.86306530200005, 27.59479166800014], [85.852554887, 27.59140459700012], [85.846398652, 27.585023119000027], [85.8464125960001, 27.578970282000057], [85.82654259700018, 27.575834837000116], [85.82313601500005, 27.565845665000097], [85.82845123800007, 27.546653338000112], [85.81933709000003, 27.525549927999975], [85.81572929300006, 27.523732463000158], [85.8187839580001, 27.51778442000017], [85.8092064540001, 27.509959948000073], [85.80501391700005, 27.511185203000082], [85.79739947399997, 27.50021160700004], [85.80177258000015, 27.49761435199997], [85.80820970600001, 27.484607056000073], [85.80703653300003, 27.47953667300004], [85.813868818, 27.473898479000184], [85.81456075900019, 27.463957374000188], [85.8092839900001, 27.462242997000146], [85.80915672700013, 27.45508106699998], [85.82877117300018, 27.448054970000157], [85.82668421100016, 27.44175893000005], [85.82986057200014, 27.437562106000087], [85.85209879500013, 27.42502729400013], [85.87839089400012, 27.416632059000165], [85.8857221080001, 27.419860713000162], [85.89127651700005, 27.413472813000055], [85.89603433200011, 27.416215654000098], [85.9177831290001, 27.408972551000033], [85.92526887600013, 27.404236101000038], [85.92742155100018, 27.397540732000152], [85.93345168000008, 27.39541202700019], [85.933885014, 27.389001164000035], [85.94518596600017, 27.3803806250001], [85.9518938120001, 27.38139227800002], [85.95558390400004, 27.389217212000176], [85.96584222300015, 27.384436128000175], [85.97005543800014, 27.375092967000114], [85.97726765400006, 27.370516310000085], [85.97849696900005, 27.354461441000126], [85.98288147400018, 27.35080452800014], [85.98308333500012, 27.33595821900019], [85.997551466, 27.337402970000085], [86.01838591600011, 27.320286537000072], [86.02299682200004, 27.31405329500018], [86.02138127500007, 27.308900221000158], [86.03071279100016, 27.30922016800008], [86.03808874000015, 27.298741412000084], [86.04756010100016, 27.296784688], [86.05476578200012, 27.28823963200017], [86.07409967100011, 27.291500559000042], [86.07760431500003, 27.275409792000175], [86.09541627300013, 27.267683350000027], [86.1066207290001, 27.268107322000105], [86.11258310100015, 27.272499852000124], [86.12872048400016, 27.263966576000144], [86.13477665500005, 27.25135329600016], [86.15058965900016, 27.242113703000086], [86.1578616600001, 27.25266283700006], [86.18204750200016, 27.25201425900019], [86.19127997400005, 27.255122897000035], [86.20500509300012, 27.250325689000135], [86.20426572700006, 27.25427676400011], [86.21101725900002, 27.26087173900015], [86.21369829200006, 27.268851520000055], [86.21611786699998, 27.26798513900019], [86.22361598800018, 27.277424376000056], [86.24048796100004, 27.288710367000135], [86.23533928500018, 27.296179929000175], [86.23737287500006, 27.30538765300014], [86.22886582700016, 27.31556866500017], [86.22890273100018, 27.31972717499997], [86.21885978700004, 27.323042266000073], [86.22219594500018, 27.327201083000034], [86.21711596000006, 27.32836851400009], [86.21554448800009, 27.33350628300019], [86.21793166300017, 27.33695364600004], [86.21700880300017, 27.353004024000086], [86.2246057270001, 27.37051205000006], [86.22188364000004, 27.382019546000095], [86.22567790500017, 27.384170549000146], [86.227598662, 27.397824751000144], [86.23591524500006, 27.40405716100014], [86.23433192400006, 27.408116461000077], [86.24179714000007, 27.418939825000166], [86.2481485190001, 27.42054910800016], [86.25114304800013, 27.432451109000056], [86.25642818500017, 27.437134039000114], [86.2541117180001, 27.440907602000095], [86.26336392100012, 27.455744205000144], [86.29194933800017, 27.470327863000136], [86.29492331800003, 27.478894096000033], [86.30527618200006, 27.482781751000118], [86.31927579800004, 27.49869871700008], [86.32452827500003, 27.49966516400019], [86.33815958800017, 27.520007484000075], [86.35482822799997, 27.52478554800018], [86.35841879300017, 27.539709168], [86.36953773400006, 27.549588180000114], [86.36912096900016, 27.558123854000087], [86.37652282900007, 27.568344146000186], [86.38814432800001, 27.572707469000136], [86.39838323900017, 27.583397145000163], [86.41333688700018, 27.586732621000124], [86.42006623200018, 27.598608440000135], [86.4346737350001, 27.610213803000136], [86.4695773680001, 27.61705707800013], [86.48398141200016, 27.61717008000005], [86.49238070100012, 27.61367454200007], [86.49974626900007, 27.62029621400012], [86.50706003300019, 27.64052711900007], [86.51358881300018, 27.648128815000177], [86.52610036900012, 27.650340409000023], [86.52871128200007, 27.65554318400018], [86.52699933800017, 27.66011068600011], [86.53289762800006, 27.662747872000182], [86.53827235600016, 27.6710192380001], [86.53648723000003, 27.678540102000113], [86.54013828300009, 27.701540944000044], [86.55084491200017, 27.71080400600016], [86.56276970600004, 27.749272316000145], [86.57264510000005, 27.7545240930001], [86.563869469, 27.769538789000023], [86.56871433300012, 27.79104428300002], [86.56551311900012, 27.799544658], [86.56696538900019, 27.803932983000095], [86.54626150100012, 27.811388691000047], [86.52462660400016, 27.805682238000145], [86.51055075500017, 27.806339236000156], [86.49841130600004, 27.813695924000115], [86.48655460500015, 27.808815140000036], [86.48005289800017, 27.81148241000011], [86.47880665700018, 27.820917548000068], [86.47361989100017, 27.821340104], [86.47031309300013, 27.82608118500019], [86.45786930100013, 27.823036728999966]]]}, "properties": {"district": "Ramechhap", "population": 172739, "events": 140, "deaths": 121, "missing": 9, "injured": 47, "houses_destroyed": 594, "severity_score": 896.6, "by_hazard": {"landslide": 103, "flood": 37, "flash_flood": 0, "glof": 0, "debris_flow": 0, "avalanche": 0, "other": 0}, "first_year": 1974, "last_year": 2026, "deaths_per_100k": 70.05}}, {"type": "Feature", "geometry": {"type": "Polygon", "coordinates": [[[86.19707222900013, 28.138199592000035], [86.197190046, 28.156275353000183], [86.1919983250001, 28.160337146000074], [86.18926727100006, 28.172880037000084], [86.17717754600011, 28.170648955000047], [86.17365952400019, 28.16742880400011], [86.17798687900017, 28.143496209000148], [86.16015717900007, 28.137940006000065], [86.14189774400012, 28.12600555500012], [86.14037507299997, 28.117703018000043], [86.13224086200012, 28.116559848000122], [86.13008015300011, 28.10006397100011], [86.11773386099998, 28.09132434000003], [86.09201549000005, 28.09775080200012], [86.08266282200015, 28.09085749800016], [86.08751969700012, 28.073816609000176], [86.09473676900006, 28.061792626000113], [86.08950480800013, 28.057532599000183], [86.08739315100013, 28.04927967300017], [86.09035550400017, 28.033121670000014], [86.07927163700015, 28.02029242800012], [86.10346807900004, 27.984141902000033], [86.10935175800006, 27.96142140900014], [86.10702363100006, 27.95579787000014], [86.11527009300005, 27.945432817000096], [86.12354727600007, 27.941530875000183], [86.12615248700007, 27.93363550200013], [86.12386505200004, 27.927568001000054], [86.10391693800011, 27.9247888270001], [86.0748979, 27.910760807000088], [86.06638526799998, 27.911021444000085], [86.06930244400013, 27.90559741700008], [86.04767605600011, 27.88604558500009], [86.04844274800013, 27.881335768000042], [86.04236885700016, 27.867748557000027], [86.03034043600013, 27.86270573000013], [86.02481960100016, 27.846066988000132], [86.0104052150001, 27.839448946000175], [86.00239573400012, 27.830121259000123], [86.0196514210001, 27.80948709200004], [86.02245081200016, 27.800683550000088], [86.02170138100007, 27.790988524000113], [86.02598238900009, 27.784961325000154], [86.01967250500007, 27.772391018000064], [86.03397591400005, 27.756552737000106], [86.03017704700005, 27.74222945200006], [86.02778780400013, 27.73933622900006], [86.00449718000004, 27.745160421000037], [85.977130074, 27.735293501000058], [85.969697366, 27.740871747000085], [85.96091949500016, 27.74211910700012], [85.960837148, 27.735835414], [85.95313055800005, 27.72942434800018], [85.95174008500004, 27.72241332200008], [85.93621712200007, 27.708894], [85.93877888100019, 27.693405610000184], [85.93408556800011, 27.68747905400005], [85.93903326300011, 27.66912571100005], [85.91813002000009, 27.663457097000162], [85.91495562000017, 27.646827769000026], [85.90943901700018, 27.642071595000118], [85.91051036099998, 27.637019687000134], [85.89101683600012, 27.62440958899998], [85.88428339200004, 27.61401164600005], [85.909610961, 27.604144155000085], [85.91495167500011, 27.60502979600011], [85.9304464760001, 27.59520531600009], [85.95213638100017, 27.58899956199997], [85.98218274100003, 27.554998048000073], [85.99399646000006, 27.545502349000174], [85.99754698400017, 27.545925124000064], [86.00047432800011, 27.541163223000183], [85.98766318200006, 27.519542665000074], [85.98695017400001, 27.510095615000182], [85.99354335400005, 27.507955046000063], [85.99454175900013, 27.503479335000065], [85.99916095300006, 27.506763689000024], [86.00052930900011, 27.50230641900015], [86.03170244500012, 27.502890106000052], [86.0443838870001, 27.49789464700018], [86.05680347800018, 27.501855453000132], [86.0579643260001, 27.498977729000103], [86.059778339, 27.501704144000144], [86.06159283500006, 27.496813797000073], [86.06493796300009, 27.50215857000012], [86.07388510400006, 27.501920563000056], [86.07767390900011, 27.496772398000132], [86.09341026100009, 27.50021493300011], [86.09848694900018, 27.498357251000073], [86.11022932800017, 27.482134208000105], [86.11474453, 27.480082783000057], [86.11386221900011, 27.474053176000098], [86.12252223800016, 27.478110532000073], [86.12930127099997, 27.489919045000192], [86.14168470099997, 27.495695128000023], [86.14226350700011, 27.509436546000074], [86.15069931600004, 27.515837192000163], [86.1544608700001, 27.53606421700016], [86.16421422600007, 27.546666325000047], [86.18427287100019, 27.559065958000076], [86.19179496900011, 27.571906892000072], [86.20270909400017, 27.580347152000115], [86.23562406700012, 27.586310274000084], [86.26064594600018, 27.598227604000044], [86.26879594600007, 27.595046657000182], [86.28135927599999, 27.604107704], [86.288721012, 27.603344717000027], [86.30290686600011, 27.615719750000153], [86.30628167200013, 27.63509928100018], [86.31158179000005, 27.64596216300015], [86.33004488800003, 27.66128863600005], [86.339133693, 27.683255665000104], [86.35178497400005, 27.69389026200014], [86.37565743300007, 27.692312209000193], [86.38147171500009, 27.701175779000096], [86.40894594600007, 27.718930201999967], [86.42048794100015, 27.71555408500018], [86.42525864600009, 27.722859212000174], [86.42698622000006, 27.736969867000028], [86.41041530600012, 27.74652284300015], [86.41249729700019, 27.751364452000075], [86.41020263500019, 27.760690708000084], [86.41389019000002, 27.767111704000058], [86.41300725200017, 27.774837566000144], [86.42202981700018, 27.785646520000114], [86.4106177050001, 27.790622871000153], [86.41733636400005, 27.794155180000132], [86.41960812100018, 27.813463942999988], [86.42916445400016, 27.814880055000117], [86.4385684070001, 27.828281848000074], [86.44986513700007, 27.83245162200012], [86.45583749700006, 27.823428032000095], [86.47031309300013, 27.82608118500019], [86.47361989100017, 27.821340104], [86.47880665700018, 27.820917548000068], [86.48005289800017, 27.81148241000011], [86.48655460500015, 27.808815140000036], [86.49841130600004, 27.813695924000115], [86.51055075500017, 27.806339236000156], [86.53801142900016, 27.807374646000028], [86.54235459200004, 27.810823045000177], [86.54034444900009, 27.817575847000057], [86.55398498700004, 27.857072155000026], [86.55090888700005, 27.876088471000116], [86.55450475900005, 27.885463204000132], [86.55154435100002, 27.89826413800006], [86.55456448000007, 27.90785359199998], [86.54860065100019, 27.928798308000125], [86.53360650400009, 27.94204154300013], [86.522040264, 27.93993076800018], [86.51545174500012, 27.956546732000106], [86.49759545800003, 27.957148288000155], [86.49336544000016, 27.95235426100004], [86.46926619800013, 27.94612681000001], [86.46632401000005, 27.94125575300012], [86.46976425800011, 27.929970319], [86.4593281860001, 27.922247628000093], [86.45549023600017, 27.915015138000115], [86.44562185600006, 27.911923232000106], [86.44233924800005, 27.90564916700015], [86.42910134000005, 27.909480022000082], [86.41063809200006, 27.90650994900011], [86.40529174900013, 27.91663276300011], [86.39075314100012, 27.925810307000063], [86.38119924700015, 27.937795066000035], [86.3581701380001, 27.941342268000085], [86.34782727900011, 27.93749892200009], [86.33750917800018, 27.949386675000028], [86.33935177600006, 27.953510655000173], [86.3352164310001, 27.96501936700008], [86.3186533870001, 27.947805598], [86.3073047530001, 27.956191270000033], [86.30393333800015, 27.955517705000148], [86.29644923600011, 27.972950767000157], [86.28866251500006, 27.978320835000034], [86.26629154500006, 27.980384931000117], [86.24887640300011, 27.975023031000035], [86.23307713300005, 27.97413726000019], [86.22633354100003, 27.98151285600011], [86.21995635300016, 28.009975202000135], [86.22470713300015, 28.032995798000115], [86.21745973700018, 28.040210023000043], [86.21683188200018, 28.051064730000178], [86.20405912300004, 28.08394050200019], [86.20762691400012, 28.094268895000027], [86.22240136500011, 28.095695724000052], [86.21972585000003, 28.111583194000104], [86.205434056, 28.133009895000043], [86.19707222900013, 28.138199592000035]]]}, "properties": {"district": "Dolakha", "population": 177938, "events": 200, "deaths": 201, "missing": 53, "injured": 142, "houses_destroyed": 361, "severity_score": 1528.8, "by_hazard": {"landslide": 150, "flood": 49, "flash_flood": 0, "glof": 0, "debris_flow": 0, "avalanche": 1, "other": 0}, "first_year": 1976, "last_year": 2026, "deaths_per_100k": 112.96}}, {"type": "Feature", "geometry": {"type": "Polygon", "coordinates": [[[85.81794420400007, 28.19388021300017], [85.81649670000002, 28.20252116200004], [85.81254564500006, 28.20318397000017], [85.79989516600006, 28.19634448200003], [85.79846857600018, 28.189411016000122], [85.78021725200011, 28.178069832], [85.77866548200018, 28.174302330000046], [85.74957269200013, 28.175208231000113], [85.72756436200012, 28.169627653000077], [85.71912544400016, 28.17401317300005], [85.71246855400005, 28.16952483199998], [85.71222688000012, 28.16201756300012], [85.70327989800006, 28.163949856000045], [85.68843942100006, 28.15599674500004], [85.67716905300011, 28.158157663000168], [85.65249034300012, 28.15193259700004], [85.6483420190001, 28.146218537000152], [85.637466136, 28.141267601000095], [85.63130746100018, 28.129794334], [85.61483611200003, 28.134054662000096], [85.61289712800004, 28.15042303400014], [85.60150134300011, 28.158044337000035], [85.58385097700005, 28.15337863300016], [85.5544074880001, 28.16823178100003], [85.53284705800019, 28.16740010100017], [85.52672140800013, 28.157332586000166], [85.50278408200018, 28.151819474000035], [85.49021866900011, 28.138640749000047], [85.49522318400005, 28.12226405600012], [85.48878457800004, 28.111980491], [85.48912604800006, 28.105712685000128], [85.47266337700012, 28.104803228000094], [85.45706659100017, 28.092698729000176], [85.44521741000005, 28.090015701000027], [85.44168148400001, 28.082516501000043], [85.44418946800005, 28.076593638000134], [85.46223055000013, 28.069308293000176], [85.47833714000018, 28.05626461800017], [85.48390947700017, 28.044312350000098], [85.49431105900015, 28.03757675900016], [85.49701369700011, 28.029370355000083], [85.49259350700015, 28.007896577000054], [85.49421340800018, 28.00271113200006], [85.48711520000012, 27.992450054000187], [85.49180159800011, 27.971845043000144], [85.4836898310001, 27.97033110000001], [85.47836634200007, 27.959335305000025], [85.48237683700017, 27.952481988000045], [85.4823632770001, 27.93539489200009], [85.48742139000007, 27.919759816000123], [85.47950409000009, 27.904347996000183], [85.47503636900018, 27.8845000070001], [85.46827232600015, 27.881660017000172], [85.47007442600005, 27.869132482000055], [85.46076122600005, 27.863176916000043], [85.45988107700015, 27.85820547100019], [85.45114084300013, 27.85042045300014], [85.45462747700014, 27.846011970000177], [85.44870006200006, 27.829512218000104], [85.44847560200014, 27.817576843000154], [85.45283076900017, 27.809245475000182], [85.46247291500003, 27.804250839000133], [85.46757895700006, 27.79716755900006], [85.46769354800006, 27.78369695200007], [85.472928545, 27.777952056000117], [85.48835796800006, 27.77968840900013], [85.49760772100007, 27.786344546000123], [85.502988324, 27.784526154000105], [85.5333723060001, 27.791838237000036], [85.551092827, 27.780935706000037], [85.55946320800007, 27.767165516000034], [85.5655340290001, 27.764438180000184], [85.56396813300006, 27.754893254000024], [85.54989982600017, 27.75686014700011], [85.55398308200012, 27.74908872300017], [85.56971772100007, 27.744724886000142], [85.57383839600004, 27.748967829000094], [85.58170021600017, 27.749666777000186], [85.59549301499999, 27.744088953000187], [85.60381225200013, 27.748720997000135], [85.61051910700019, 27.743417336000107], [85.61568593300012, 27.731675411000026], [85.64404323200012, 27.718233603000158], [85.65479339700005, 27.719956012000125], [85.65764177000011, 27.714339374000133], [85.66569287500005, 27.712355378999973], [85.67130899000011, 27.70464903900006], [85.67967467400007, 27.70009090400015], [85.68093588500005, 27.685755265000182], [85.68722001400016, 27.684734339999977], [85.68662116900009, 27.678468450000082], [85.69421615300018, 27.670633218000148], [85.69385760600011, 27.663435666000055], [85.70616235500006, 27.65223525300013], [85.70589668400004, 27.641636565], [85.7078644120001, 27.653564101000143], [85.70517914400017, 27.65631612100009], [85.70946048700011, 27.654776833000142], [85.7132692030001, 27.66195913600012], [85.72055446200011, 27.66614820200016], [85.72278671300012, 27.66407980000008], [85.72021611400015, 27.66117970099998], [85.72459020100013, 27.662296115000174], [85.72561007700017, 27.667478422000045], [85.73131770300006, 27.670095788000083], [85.73120024200006, 27.674667567000085], [85.73460543900012, 27.676602767000134], [85.74569163300009, 27.677919531000043], [85.75129431300007, 27.67311980599999], [85.76656933400011, 27.671483469000066], [85.76888379900004, 27.667666599000086], [85.7798329580001, 27.66859814500009], [85.79187395200006, 27.664938432000042], [85.8124728310001, 27.66897649700013], [85.82175796700005, 27.65557616400008], [85.81577667300007, 27.647996858], [85.81727506400011, 27.644007552000176], [85.82358640100017, 27.64192028600013], [85.842122997, 27.626038211000093], [85.85003923900007, 27.62723661800004], [85.85702094900006, 27.632598265000013], [85.86687741800017, 27.628949886000044], [85.87519566500015, 27.616259723000155], [85.88004108500013, 27.616508724000084], [85.88390821000013, 27.610419208000167], [85.89101683600012, 27.62440958899998], [85.91051036099998, 27.637019687000134], [85.90943901700018, 27.642071595000118], [85.91495562000017, 27.646827769000026], [85.91813002000009, 27.663457097000162], [85.93903326300011, 27.66912571100005], [85.93408556800011, 27.68747905400005], [85.93877888100019, 27.693405610000184], [85.93621712200007, 27.708894], [85.95174008500004, 27.72241332200008], [85.95313055800005, 27.72942434800018], [85.960837148, 27.735835414], [85.96091949500016, 27.74211910700012], [85.969697366, 27.740871747000085], [85.977130074, 27.735293501000058], [86.00449718000004, 27.745160421000037], [86.02778780400013, 27.73933622900006], [86.03017704700005, 27.74222945200006], [86.03397591400005, 27.756552737000106], [86.01967250500007, 27.772391018000064], [86.02598238900009, 27.784961325000154], [86.02170138100007, 27.790988524000113], [86.02245081200016, 27.800683550000088], [86.0196514210001, 27.80948709200004], [86.00239573400012, 27.830121259000123], [86.0104052150001, 27.839448946000175], [86.02481960100016, 27.846066988000132], [86.03034043600013, 27.86270573000013], [86.04236885700016, 27.867748557000027], [86.04844274800013, 27.881335768000042], [86.04767605600011, 27.88604558500009], [86.05618628600007, 27.89523648], [86.06492916200011, 27.899422388000175], [86.04726352100016, 27.906484568000053], [86.03953159700006, 27.90407776900014], [86.0230770020001, 27.907562789000167], [86.01364357900019, 27.915046390000043], [86.00051008700012, 27.91126093100013], [85.94864789100018, 27.940960605000043], [85.9577175230001, 27.9567063610001], [85.95965389800017, 27.967499995000026], [85.97818480100017, 27.987820762000126], [85.97702269100012, 27.996639704000074], [85.97423321100007, 28.001009077], [85.9643086850001, 28.002085177000083], [85.95373749000004, 28.01446700700012], [85.93571952900004, 28.0240923880001], [85.91478491300018, 28.049303261000148], [85.90078497700017, 28.053818794000108], [85.89623786499999, 28.074234450000176], [85.900589637, 28.078196861000038], [85.90319404200011, 28.089158864000126], [85.897932788, 28.109002369000166], [85.88874920700016, 28.116553279000186], [85.87856066500007, 28.117338839000183], [85.87001096400007, 28.12369561700018], [85.87183450300006, 28.144372236000038], [85.86168044100015, 28.151231816000063], [85.85921666400009, 28.161258936000138], [85.85118878200007, 28.16712020500006], [85.84840120100006, 28.18409919600009], [85.82882134000016, 28.1849910790001], [85.81794420400007, 28.19388021300017]]]}, "properties": {"district": "Sindhupalchok", "population": 269852, "events": 312, "deaths": 437, "missing": 296, "injured": 175, "houses_destroyed": 398, "severity_score": 3949.3, "by_hazard": {"landslide": 223, "flood": 89, "flash_flood": 0, "glof": 0, "debris_flow": 0, "avalanche": 0, "other": 0}, "first_year": 1971, "last_year": 2026, "deaths_per_100k": 161.94}}, {"type": "Feature", "geometry": {"type": "Polygon", "coordinates": [[[85.54964294200005, 27.75591229000014], [85.53815168500006, 27.754692691], [85.525063929, 27.736489096000128], [85.5232515080001, 27.729526312000075], [85.525344168, 27.726191956000093], [85.51936639100006, 27.71846054400004], [85.52118067800018, 27.694243299000107], [85.50631898600011, 27.692818294000062], [85.50307242600007, 27.689464912000062], [85.49155550700004, 27.65801351700003], [85.49331265000006, 27.652336991000027], [85.48125702100009, 27.642317302000095], [85.47707464100006, 27.64503280000008], [85.47752571300009, 27.641835968000066], [85.46323083300018, 27.62546793000007], [85.46031771800011, 27.625338455000133], [85.45392974800006, 27.637043615000152], [85.43613233700017, 27.62322910300003], [85.42802693900012, 27.624630214000035], [85.42036286200005, 27.620115922000082], [85.42106983899998, 27.616860224], [85.42959118300001, 27.615392064000048], [85.43555304800009, 27.608237991000067], [85.43308979400007, 27.600403960000165], [85.42583090700015, 27.601940448000107], [85.42875918900012, 27.59709186900011], [85.4253215970001, 27.593400451000036], [85.42115966000006, 27.592766374000064], [85.41581657700004, 27.597450052], [85.41695017100005, 27.606444020000083], [85.40241143800012, 27.602016727000148], [85.40568107600012, 27.587175919000174], [85.40161922300001, 27.573374704], [85.38724624100007, 27.562004785000113], [85.39886118400017, 27.554317480000066], [85.40352838900009, 27.545147439000118], [85.41570002800006, 27.548191313000075], [85.42476862200004, 27.540500716000167], [85.43270536500012, 27.538614394000035], [85.43683088100005, 27.541513519000034], [85.44268572300007, 27.515916023000045], [85.43871042100017, 27.499166508000144], [85.43888257000009, 27.48823254700011], [85.44332977700009, 27.480392320000192], [85.44136994100012, 27.47605192300017], [85.40658114600018, 27.447427937000043], [85.40931429900007, 27.44386748800008], [85.4181597650001, 27.44345736400004], [85.41114211100017, 27.438473061000025], [85.41528176200012, 27.435049435999986], [85.41042756600007, 27.43328257400003], [85.41377717100005, 27.42520847300011], [85.4093229990001, 27.4168772000001], [85.41712706600003, 27.412344798999982], [85.41953733200012, 27.402646764000053], [85.43263213500012, 27.40997102400013], [85.43253853900018, 27.403355298000065], [85.4423264560001, 27.402397173999987], [85.44662719100006, 27.39705791000017], [85.44840797000006, 27.387614092000035], [85.45848698300006, 27.395001045000072], [85.46263038200016, 27.385843742000134], [85.46964590300018, 27.38842069400016], [85.47348301500006, 27.377078018000134], [85.4788379530001, 27.376137067000172], [85.47235069400011, 27.37276538100008], [85.47249492000014, 27.370061249000173], [85.48711360800013, 27.376398747000167], [85.49499695200012, 27.37600329300011], [85.49727606000005, 27.371525604000055], [85.50151822900017, 27.372518213000035], [85.50585502100017, 27.364312454000128], [85.51014594399999, 27.36481854400006], [85.50373702000013, 27.357007629000123], [85.51415191600017, 27.350281154000186], [85.523060939, 27.349910964000117], [85.53308947100004, 27.35664916100012], [85.55023387400007, 27.343346635000103], [85.55513761300017, 27.345829373000186], [85.55992574600015, 27.339304972000093], [85.56447609300017, 27.34470069600013], [85.56495510900015, 27.34102159400004], [85.5705965030001, 27.340454552000153], [85.57688565100017, 27.34161068300017], [85.5780291850001, 27.344597876000137], [85.62280528400004, 27.344773690000125], [85.63134185100017, 27.347553465000033], [85.63507948000006, 27.353548248000152], [85.63917866900005, 27.348735558000044], [85.64167881800006, 27.34974807400016], [85.6392200310001, 27.346170910000126], [85.6433419970001, 27.345771142000046], [85.64156055200004, 27.34250965000001], [85.65053156400012, 27.33354547400012], [85.66087373900012, 27.334788792000154], [85.67196595500019, 27.341107798000053], [85.67230034100015, 27.344289709000122], [85.67900031700015, 27.34508869100017], [85.68915334200005, 27.337010770000177], [85.70400232300005, 27.345823807000045], [85.70425485600009, 27.357178555000075], [85.6953205750001, 27.36382281200008], [85.69623195200006, 27.372625360000143], [85.70042256500017, 27.38521025400013], [85.71149678500018, 27.397222504000126], [85.71429671600015, 27.406371741000157], [85.72707397600004, 27.411962091000134], [85.73426799300012, 27.40782914600004], [85.74385765900007, 27.40830614400005], [85.75820450200007, 27.40052264500008], [85.77337718100006, 27.398141433000035], [85.77887201800019, 27.418288867000115], [85.78442551100005, 27.422346415000106], [85.78486486100019, 27.435155662000113], [85.79069079100009, 27.443280730000026], [85.80298427300016, 27.438637918000097], [85.82139951700009, 27.4509550840001], [85.80915672700013, 27.45508106699998], [85.8092839900001, 27.462242997000146], [85.81456075900019, 27.463957374000188], [85.813868818, 27.473898479000184], [85.80703653300003, 27.47953667300004], [85.80820970600001, 27.484607056000073], [85.80177258000015, 27.49761435199997], [85.79739947399997, 27.50021160700004], [85.80501391700005, 27.511185203000082], [85.8092064540001, 27.509959948000073], [85.8187839580001, 27.51778442000017], [85.81572929300006, 27.523732463000158], [85.81933709000003, 27.525549927999975], [85.82845123800007, 27.546653338000112], [85.82313601500005, 27.565845665000097], [85.82654259700018, 27.575834837000116], [85.8464125960001, 27.578970282000057], [85.846398652, 27.585023119000027], [85.852554887, 27.59140459700012], [85.86306530200005, 27.59479166800014], [85.87408783100017, 27.6124966000001], [85.88087395700012, 27.61449179300007], [85.87519566500015, 27.616259723000155], [85.86687741800017, 27.628949886000044], [85.85702094900006, 27.632598265000013], [85.85003923900007, 27.62723661800004], [85.842122997, 27.626038211000093], [85.82358640100017, 27.64192028600013], [85.81727506400011, 27.644007552000176], [85.81577667300007, 27.647996858], [85.82175796700005, 27.65557616400008], [85.8124728310001, 27.66897649700013], [85.79187395200006, 27.664938432000042], [85.7798329580001, 27.66859814500009], [85.76888379900004, 27.667666599000086], [85.76656933400011, 27.671483469000066], [85.75129431300007, 27.67311980599999], [85.74569163300009, 27.677919531000043], [85.73460543900012, 27.676602767000134], [85.73120024200006, 27.674667567000085], [85.73131770300006, 27.670095788000083], [85.72561007700017, 27.667478422000045], [85.72459020100013, 27.662296115000174], [85.72021611400015, 27.66117970099998], [85.72278671300012, 27.66407980000008], [85.72055446200011, 27.66614820200016], [85.7132692030001, 27.66195913600012], [85.70946048700011, 27.654776833000142], [85.70517914400017, 27.65631612100009], [85.7078644120001, 27.653564101000143], [85.7073831720001, 27.647470760000033], [85.70634311800018, 27.64204003800012], [85.70589668400004, 27.641636565], [85.70616235500006, 27.65223525300013], [85.69385760600011, 27.663435666000055], [85.69421615300018, 27.670633218000148], [85.68662116900009, 27.678468450000082], [85.68722001400016, 27.684734339999977], [85.68093588500005, 27.685755265000182], [85.67967467400007, 27.70009090400015], [85.67130899000011, 27.70464903900006], [85.66569287500005, 27.712355378999973], [85.65785624500018, 27.714185829000087], [85.65352936500011, 27.720525752000185], [85.64404323200012, 27.718233603000158], [85.61448913800012, 27.732365017000063], [85.61051910700019, 27.743417336000107], [85.60381225200013, 27.748720997000135], [85.59549301499999, 27.744088953000187], [85.5801588550001, 27.749765992000164], [85.56729741600009, 27.744713344000047], [85.56167175799999, 27.748740263000116], [85.55398308200012, 27.74908872300017], [85.54964294200005, 27.75591229000014]]]}, "properties": {"district": "Kavrepalanchok", "population": 376628, "events": 226, "deaths": 177, "missing": 13, "injured": 74, "houses_destroyed": 997, "severity_score": 1273.5, "by_hazard": {"landslide": 149, "flood": 77, "flash_flood": 0, "glof": 0, "debris_flow": 0, "avalanche": 0, "other": 0}, "first_year": 1971, "last_year": 2026, "deaths_per_100k": 47.0}}, {"type": "Feature", "geometry": {"type": "Polygon", "coordinates": [[[85.32644117000012, 27.68609549100006], [85.3080523220001, 27.693272786000023], [85.3035525620001, 27.692369976000123], [85.29871839200013, 27.677765386000146], [85.29156169400005, 27.672812769000075], [85.29746420700019, 27.6679705520001], [85.29679813700017, 27.660696940000093], [85.28726355700013, 27.650487376000058], [85.28728161800012, 27.644565343000068], [85.28224136400019, 27.64383594700007], [85.29295178500007, 27.633905078000055], [85.29356710600007, 27.612560241000153], [85.29001358500011, 27.611824123000133], [85.29436904900007, 27.604133571000148], [85.29170440900003, 27.59744236900019], [85.287636636, 27.597949383000014], [85.28540971000012, 27.59356186100007], [85.27982265900016, 27.595364169000163], [85.281620998, 27.591708659000062], [85.27928331500016, 27.588551579000125], [85.28477027800017, 27.585520761], [85.27710647500015, 27.582870736000018], [85.2665245720001, 27.570586844000104], [85.25394351500012, 27.569270743000175], [85.24685748100006, 27.550325437000083], [85.23961736500013, 27.547917654000116], [85.23144892400012, 27.537136602000146], [85.25103283900017, 27.528118237000115], [85.25036638400019, 27.521383327000137], [85.24063799900006, 27.517608124000162], [85.24130008300011, 27.512514901000145], [85.23389234800015, 27.504885517000048], [85.23709558700006, 27.500200614000107], [85.24764714700018, 27.49652612000017], [85.24428854700011, 27.48677636900004], [85.24750070000005, 27.483137935000116], [85.247148192, 27.47694154400017], [85.25704487400014, 27.468597767000176], [85.25806357000005, 27.458917020000058], [85.26341438700001, 27.454925029000037], [85.29479529899999, 27.45217105500012], [85.30174350800019, 27.446265510000046], [85.31319452800011, 27.44485401800017], [85.31573644200012, 27.436006847999977], [85.3290667600001, 27.438183692000166], [85.33522289200005, 27.431972850000193], [85.34037131800005, 27.432920477000152], [85.34734961600009, 27.428492427000037], [85.34967625100018, 27.431244722000145], [85.36865702000006, 27.424269102000096], [85.37141363600006, 27.41932627600005], [85.38377575900017, 27.413340830000095], [85.38415837900004, 27.40818442000011], [85.394421524, 27.41117507900003], [85.39844382900003, 27.40423832700003], [85.41404069700019, 27.404814291000093], [85.41849000700006, 27.40960800200014], [85.4093229990001, 27.4168772000001], [85.41377717100005, 27.42520847300011], [85.41036776500005, 27.433053093000126], [85.41507679800003, 27.434586786000068], [85.41114211100017, 27.438473061000025], [85.41806170100017, 27.444144113000107], [85.40931429900007, 27.44386748800008], [85.40658114600018, 27.447427937000043], [85.41782828800012, 27.459056095000108], [85.42094583500005, 27.45807229800016], [85.42952718800018, 27.464601114000118], [85.44329191300017, 27.48010615700008], [85.43873362700009, 27.489375566999968], [85.44268572300007, 27.515916023000045], [85.43865462700012, 27.527643472000193], [85.44042143100012, 27.531757949], [85.43683088100005, 27.541513519000034], [85.43270536500012, 27.538614394000035], [85.42476862200004, 27.540500716000167], [85.41570002800006, 27.548191313000075], [85.40352838900009, 27.545147439000118], [85.39886118400017, 27.554317480000066], [85.38680340300004, 27.562974753000105], [85.40161922300001, 27.573374704], [85.40568107600012, 27.587175919000174], [85.40241143800012, 27.602016727000148], [85.41695017100005, 27.606444020000083], [85.41515576300009, 27.59863887200015], [85.42408145700017, 27.59295296900018], [85.42875918900012, 27.59709186900011], [85.42583090700015, 27.601940448000107], [85.43308979400007, 27.600403960000165], [85.43555304800009, 27.608237991000067], [85.42959118300001, 27.615392064000048], [85.42106983899998, 27.616860224], [85.4042156050001, 27.63243735900005], [85.39628564300017, 27.63288512100013], [85.38943728900017, 27.644971051000027], [85.38720710900003, 27.643743621999988], [85.38442823800005, 27.648978045000092], [85.36967025800004, 27.65445761600006], [85.36914612900011, 27.660781542], [85.36073966900017, 27.66124785700015], [85.36343567000006, 27.66494132300005], [85.36090978900006, 27.669051601000092], [85.34760011200007, 27.6691320540001], [85.33097933400012, 27.67961808400014], [85.32644117000012, 27.68609549100006]]]}, "properties": {"district": "Lalitpur", "population": 590131, "events": 138, "deaths": 81, "missing": 20, "injured": 64, "houses_destroyed": 205, "severity_score": 616.2, "by_hazard": {"landslide": 104, "flood": 34, "flash_flood": 0, "glof": 0, "debris_flow": 0, "avalanche": 0, "other": 0}, "first_year": 1971, "last_year": 2026, "deaths_per_100k": 13.73}}, {"type": "Feature", "geometry": {"type": "Polygon", "coordinates": [[[85.5198877200001, 27.728612838000174], [85.47492545000011, 27.715681462000134], [85.46856299800004, 27.72053829300006], [85.45624139500006, 27.719781961000024], [85.43920090800015, 27.72797300000019], [85.42134686100019, 27.723833062000097], [85.42022459300006, 27.71998032300013], [85.41467020300001, 27.7199537300001], [85.41488412600006, 27.716443734000165], [85.4100843700001, 27.7171355910001], [85.41160978500011, 27.71172397400005], [85.40693553500006, 27.711070018000157], [85.39552475900007, 27.700961912000082], [85.388485494, 27.701939514000173], [85.38955913600006, 27.69736062200019], [85.38494489400017, 27.696432320000156], [85.38474394100018, 27.692610594000087], [85.37542188300017, 27.694519452000122], [85.375697237, 27.690959211000177], [85.37148638600002, 27.692419947000076], [85.36115359400009, 27.682433473000117], [85.35715505400015, 27.68270963100008], [85.35191650300004, 27.667901112000038], [85.36090978900006, 27.669051601000092], [85.36343567000006, 27.66494132300005], [85.36073966900017, 27.66124785700015], [85.36914612900011, 27.660781542], [85.37072145200017, 27.65358090000018], [85.38451297800015, 27.648918552000055], [85.3933224810001, 27.63541446900018], [85.4042156050001, 27.63243735900005], [85.41806854300017, 27.62004014000007], [85.42802693900012, 27.624630214000035], [85.43613233700017, 27.62322910300003], [85.45392974800006, 27.637043615000152], [85.46031771800011, 27.625338455000133], [85.46323083300018, 27.62546793000007], [85.47752571300009, 27.641835968000066], [85.47707464100006, 27.64503280000008], [85.48125702100009, 27.642317302000095], [85.49353173800006, 27.65265946600016], [85.49155550700004, 27.65801351700003], [85.50307242600007, 27.689464912000062], [85.50631898600011, 27.692818294000062], [85.52118067800018, 27.694243299000107], [85.51936639100006, 27.71846054400004], [85.52502148700006, 27.725561383000013], [85.5198877200001, 27.728612838000174]]]}, "properties": {"district": "Bhaktapur", "population": 475912, "events": 73, "deaths": 15, "missing": 0, "injured": 17, "houses_destroyed": 131, "severity_score": 145.6, "by_hazard": {"landslide": 41, "flood": 32, "flash_flood": 0, "glof": 0, "debris_flow": 0, "avalanche": 0, "other": 0}, "first_year": 1971, "last_year": 2026, "deaths_per_100k": 3.15}}, {"type": "Feature", "geometry": {"type": "Polygon", "coordinates": [[[85.46757895700006, 27.79716755900006], [85.44847560200014, 27.817576843000154], [85.4360754490001, 27.81099752900002], [85.43094714400007, 27.813148686000147], [85.41258283600007, 27.80980516900013], [85.39164932100005, 27.817184522000105], [85.38582538700012, 27.81230504600012], [85.37258327200004, 27.80904904600004], [85.36159137100015, 27.81396735400017], [85.34519297100013, 27.808657610000125], [85.33215905700013, 27.81511393400018], [85.31005714800006, 27.813342463000083], [85.30603924200017, 27.81045465300008], [85.29735716900007, 27.812156227000173], [85.2682292400001, 27.782048672000144], [85.26058807800007, 27.77863315800016], [85.25629811100009, 27.780206195000176], [85.25145980300016, 27.774939708999966], [85.26289775300012, 27.770754715000123], [85.26290516000012, 27.766398418000165], [85.26944035200012, 27.760741659000132], [85.267055309, 27.745632970000145], [85.2550410400001, 27.744815400000164], [85.25097849200006, 27.748876843000062], [85.24655535900007, 27.74451309600005], [85.23689268900011, 27.745121001000143], [85.23506682800013, 27.741178198000114], [85.22060592400004, 27.73564625800003], [85.21340847400012, 27.736957144000144], [85.22143085700014, 27.72788302900011], [85.21728546700018, 27.72215334500015], [85.2071782920001, 27.722699875000046], [85.20610727200017, 27.71867546700014], [85.20133349900016, 27.72002770200004], [85.19709107900013, 27.716265403000023], [85.20087508700004, 27.712900581000156], [85.19992100700017, 27.708008877000054], [85.19623297200008, 27.70911690300011], [85.19445646200018, 27.69425632700012], [85.18852709600003, 27.68086167200005], [85.22136900400011, 27.654415655000093], [85.22772465800017, 27.65456256200008], [85.23308529300004, 27.64972778400005], [85.22177186000005, 27.628824752000185], [85.23574421100017, 27.61952138200013], [85.2373923830001, 27.60171823600001], [85.24287690000011, 27.594605732000048], [85.23883511600019, 27.587524183000028], [85.24179650100018, 27.578611387000137], [85.25931650600018, 27.577402296], [85.26299172500006, 27.570754389], [85.2665245720001, 27.570586844000104], [85.27710647500015, 27.582870736000018], [85.285036736, 27.58589954900009], [85.27928331500016, 27.588551579000125], [85.281620998, 27.591708659000062], [85.27982265900016, 27.595364169000163], [85.2836325190001, 27.595931307000058], [85.28484635600006, 27.593235898000046], [85.287636636, 27.597949383000014], [85.29170440900003, 27.59744236900019], [85.29450919600004, 27.605127110000183], [85.29004187600009, 27.612130605000118], [85.29349629100017, 27.612351129000047], [85.291633085, 27.619319106999967], [85.2950818590001, 27.62668419800019], [85.29295178500007, 27.633905078000055], [85.28224136400019, 27.64383594700007], [85.28728161800012, 27.644565343000068], [85.28726355700013, 27.650487376000058], [85.29679813700017, 27.660696940000093], [85.29746420700019, 27.6679705520001], [85.29156169400005, 27.672812769000075], [85.29871839200013, 27.677765386000146], [85.3035525620001, 27.692369976000123], [85.3080523220001, 27.693272786000023], [85.32644117000012, 27.68609549100006], [85.33097933400012, 27.67961808400014], [85.35191650300004, 27.667901112000038], [85.35715505400015, 27.68270963100008], [85.36115359400009, 27.682433473000117], [85.37148638600002, 27.692419947000076], [85.375697237, 27.690959211000177], [85.37542188300017, 27.694519452000122], [85.38474394100018, 27.692610594000087], [85.38494489400017, 27.696432320000156], [85.38955913600006, 27.69736062200019], [85.388485494, 27.701939514000173], [85.39552475900007, 27.700961912000082], [85.40693553500006, 27.711070018000157], [85.41160978500011, 27.71172397400005], [85.4100843700001, 27.7171355910001], [85.41488412600006, 27.716443734000165], [85.41467020300001, 27.7199537300001], [85.42022459300006, 27.71998032300013], [85.42134686100019, 27.723833062000097], [85.43920090800015, 27.72797300000019], [85.45624139500006, 27.719781961000024], [85.46856299800004, 27.72053829300006], [85.47492545000011, 27.715681462000134], [85.51212152600004, 27.72781220100012], [85.5198877200001, 27.728612838000174], [85.52502148700006, 27.725561383000013], [85.525063929, 27.736489096000128], [85.53815168500006, 27.754692691], [85.55108315600017, 27.757452302], [85.56406449200011, 27.755013870000028], [85.5655340290001, 27.764438180000184], [85.55946320800007, 27.767165516000034], [85.551092827, 27.780935706000037], [85.5333723060001, 27.791838237000036], [85.502988324, 27.784526154000105], [85.49760772100007, 27.786344546000123], [85.48835796800006, 27.77968840900013], [85.472928545, 27.777952056000117], [85.46769354800006, 27.78369695200007], [85.46757895700006, 27.79716755900006]]]}, "properties": {"district": "Kathmandu", "population": 2181575, "events": 207, "deaths": 116, "missing": 17, "injured": 82, "houses_destroyed": 88, "severity_score": 775.6, "by_hazard": {"landslide": 111, "flood": 96, "flash_flood": 0, "glof": 0, "debris_flow": 0, "avalanche": 0, "other": 0}, "first_year": 1972, "last_year": 2026, "deaths_per_100k": 5.32}}, {"type": "Feature", "geometry": {"type": "Polygon", "coordinates": [[[85.13505029800007, 28.084067000000175], [85.12236239300017, 28.091178206000052], [85.11479008800006, 28.076766121000105], [85.10467043900007, 28.076520783000092], [85.08053166700017, 28.06690661000016], [85.06212742800017, 28.066889986000035], [85.05451323500012, 28.050369903000103], [85.03262973100016, 28.031897628000024], [85.012531217, 28.026123057000177], [84.99549244400004, 28.024923312999988], [84.98920251300018, 28.028634684000053], [84.99034195100012, 28.015771986000175], [84.99991028400018, 28.007996346000027], [85.00303085100018, 28.00015216700018], [85.02941588000004, 27.99551740600009], [85.03157266200014, 27.98947336000009], [85.02846439800004, 27.9715865390001], [85.01950172400007, 27.968219690000126], [85.00793219200006, 27.951118842000085], [85.008335192, 27.948559891000173], [85.01490344600012, 27.951396998000178], [85.01627786000012, 27.944068491000166], [85.00862773400007, 27.936091203000046], [85.01002621200013, 27.92558379400009], [84.98872790100017, 27.885337859000174], [84.994725824, 27.8750660070001], [84.98903350600011, 27.858114619000105], [85.006398676, 27.850435913000183], [85.0057513800001, 27.841969286000165], [85.01342605900015, 27.832733431000065], [85.02280755900011, 27.83293719600016], [85.01676030300018, 27.826969567000162], [85.01231420400012, 27.809443687000055], [85.02747104800005, 27.816259957000057], [85.03780202600007, 27.814594468], [85.04139380500015, 27.81720929400018], [85.04157844900016, 27.812226557000145], [85.04698815400002, 27.81297976800016], [85.04836590700006, 27.810138046000077], [85.04647552700015, 27.801584030000186], [85.052458328, 27.797225085000036], [85.08771397900006, 27.787738467000054], [85.10571988200013, 27.774244605000035], [85.11487191300017, 27.77438993500016], [85.11530928700012, 27.768838877000064], [85.1246619740001, 27.76060327200014], [85.13080352300017, 27.764090501999988], [85.13438403900011, 27.761660842000083], [85.13949183500011, 27.76581493200007], [85.14854536800004, 27.763707337000028], [85.15454325399998, 27.766892466], [85.17597790600018, 27.767271296000104], [85.17855539900017, 27.772043288000077], [85.18972929, 27.769335157000057], [85.19210020700018, 27.773070863999976], [85.19350111000017, 27.76902962500003], [85.19772392900006, 27.768803591000164], [85.20140074500017, 27.769317670000135], [85.20213105700003, 27.773457750000034], [85.20435423400005, 27.768985126000132], [85.20604709500003, 27.773743978000084], [85.2076493830001, 27.770815331000165], [85.21543037700013, 27.775534228000083], [85.22692997800016, 27.772581063000075], [85.22959954300012, 27.77643082700007], [85.23189265900015, 27.771386443000154], [85.23310686900004, 27.77447524900009], [85.24235281500017, 27.77535351500012], [85.24675304100009, 27.772491721000108], [85.25629811100009, 27.780206195000176], [85.26712753000004, 27.78120379100011], [85.28418453100011, 27.80096375200003], [85.29079889200017, 27.804396434000182], [85.29162412400007, 27.80890954500012], [85.29989075800017, 27.812709908000045], [85.30603924200017, 27.81045465300008], [85.31005714800006, 27.813342463000083], [85.33257856500018, 27.815082819], [85.34519297100013, 27.808657610000125], [85.36159137100015, 27.81396735400017], [85.37258327200004, 27.80904904600004], [85.38582538700012, 27.81230504600012], [85.39164932100005, 27.817184522000105], [85.40461129100015, 27.81151744000016], [85.42059496800005, 27.809483835000037], [85.44720519800018, 27.81514485000008], [85.45462747700014, 27.846011970000177], [85.45114084300013, 27.85042045300014], [85.45988107700015, 27.85820547100019], [85.46076122600005, 27.863176916000043], [85.47007442600005, 27.869132482000055], [85.46827232600015, 27.881660017000172], [85.47503636900018, 27.8845000070001], [85.47950409000009, 27.904347996000183], [85.48742139000007, 27.919759816000123], [85.4823632770001, 27.93539489200009], [85.48237683700017, 27.952481988000045], [85.47836634200007, 27.959335305000025], [85.4836898310001, 27.97033110000001], [85.49180159800011, 27.971845043000144], [85.48711520000012, 27.992450054000187], [85.49421340800018, 28.00271113200006], [85.49269872700017, 28.008660199000133], [85.49698858900018, 28.020302667000124], [85.49431105900015, 28.03757675900016], [85.48390947700017, 28.044312350000098], [85.47909949799998, 28.055252597000162], [85.47010569200012, 28.0636976830001], [85.44418946800005, 28.076593638000134], [85.44168148400001, 28.082516501000043], [85.43274427200004, 28.08067244700004], [85.42559721500015, 28.072468309000158], [85.42765624900017, 28.067062392000082], [85.42544709500015, 28.061820448000105], [85.41969465400018, 28.059809279000092], [85.41217554200011, 28.06195989300005], [85.40471443700017, 28.054860837000092], [85.40334296800012, 28.03907547900019], [85.39454547900004, 28.03763345600015], [85.38971959100007, 28.03047288900018], [85.35878776500016, 28.013051729000097], [85.34192413500017, 28.009881096000186], [85.32950493900006, 27.988483551000172], [85.31764281000011, 27.989200032000042], [85.29839006800017, 27.98278252500006], [85.28980657500006, 27.983091162000107], [85.27605785400016, 27.965075540000043], [85.25726171400015, 27.971233416000075], [85.25536464300012, 27.97455108500003], [85.2523210540001, 27.97129651200015], [85.21958724600012, 27.975524883000162], [85.21271903000007, 27.972754452000174], [85.18839006000007, 27.97617691500011], [85.18340928700013, 27.973176662000128], [85.18013534500017, 27.98754775300017], [85.1860609200001, 27.996818148000102], [85.18366883600004, 28.009557526000037], [85.18704711800012, 28.019079729000055], [85.1436197650001, 28.027492543000108], [85.13292751700004, 28.038098158000025], [85.14807050000019, 28.06135701400018], [85.17038957000017, 28.082642171000145], [85.15445956200017, 28.088371695999967], [85.13505029800007, 28.084067000000175]]]}, "properties": {"district": "Nuwakot", "population": 272328, "events": 249, "deaths": 168, "missing": 22, "injured": 67, "houses_destroyed": 214, "severity_score": 1067.9, "by_hazard": {"landslide": 187, "flood": 61, "flash_flood": 0, "glof": 0, "debris_flow": 0, "avalanche": 1, "other": 0}, "first_year": 1972, "last_year": 2026, "deaths_per_100k": 61.69}}, {"type": "Feature", "geometry": {"type": "Polygon", "coordinates": [[[85.71189115400006, 28.385799273000032], [85.68380190300002, 28.38240213900019], [85.68607565900004, 28.346880687000123], [85.67608240300012, 28.350627798000062], [85.66563103900006, 28.347961226000052], [85.66427790100005, 28.331670729000166], [85.65364245100005, 28.31740026100016], [85.66060648000013, 28.3028968750001], [85.64499372600005, 28.289727282000115], [85.63531512000003, 28.27385891100016], [85.60857055800017, 28.256806657000027], [85.59885496800007, 28.279187723000177], [85.59651770600016, 28.298957469000072], [85.60048199700014, 28.304287747000046], [85.59183398500011, 28.308597393000127], [85.58065777400009, 28.30623047100005], [85.57580414000012, 28.31028745800006], [85.56163578600007, 28.30975544300003], [85.52593411300006, 28.32827689600009], [85.50640995700007, 28.333938167000042], [85.48725950400012, 28.331121395000025], [85.45788540300003, 28.336953540000025], [85.43725213599998, 28.334718380000027], [85.41526923300006, 28.327060121000045], [85.41192003500004, 28.3082870020001], [85.37752371100015, 28.278509019000182], [85.37006066900011, 28.285698616000047], [85.34814627300005, 28.288427300000023], [85.34807898800005, 28.301637422000056], [85.34025479200017, 28.3038935190001], [85.30345337500017, 28.289840205000132], [85.27279256400016, 28.287715739000078], [85.27345665600006, 28.29373695900017], [85.27035573800015, 28.29732539300005], [85.25465958000012, 28.29439594700017], [85.24699203000006, 28.30316896100004], [85.24133814900006, 28.31775211200005], [85.202335834, 28.340593689], [85.18174775200009, 28.324216120000017], [85.16671065500014, 28.33155051100016], [85.15972451900012, 28.3318493000001], [85.17928376300006, 28.30179003700016], [85.17708570200017, 28.295213030000184], [85.18675284000011, 28.267437137000115], [85.2013092570001, 28.254158648000043], [85.20245525700005, 28.250149029000056], [85.19402163100017, 28.244314971000165], [85.19304460600006, 28.234337039000025], [85.18738616700006, 28.223238066000192], [85.18847666700003, 28.219425303000094], [85.20109992300019, 28.211079022000092], [85.20427260800005, 28.203385895999986], [85.19881399200011, 28.184807472000102], [85.19992402200012, 28.176710658], [85.1953526900001, 28.168201033000173], [85.18253273600004, 28.1669430500001], [85.17407515100001, 28.162330382000164], [85.15474182100019, 28.14067837200014], [85.15814854700011, 28.12958467800007], [85.15032821400013, 28.11809370200018], [85.12399823900017, 28.10548288500013], [85.12236239300017, 28.091178206000052], [85.12916110200007, 28.08605790700011], [85.13565428200013, 28.08399658000019], [85.15549473900012, 28.088308844000096], [85.17061292900007, 28.082071789000167], [85.14807050000019, 28.06135701400018], [85.13306006900018, 28.03783087100004], [85.1436197650001, 28.027492543000108], [85.18704711800012, 28.019079729000055], [85.18366883600004, 28.009557526000037], [85.1860609200001, 27.996818148000102], [85.18013534500017, 27.98754775300017], [85.18360413900012, 27.97304411500005], [85.18839006000007, 27.97617691500011], [85.21271903000007, 27.972754452000174], [85.21958724600012, 27.975524883000162], [85.2523210540001, 27.97129651200015], [85.25536464300012, 27.97455108500003], [85.25726171400015, 27.971233416000075], [85.27618621300019, 27.965078917000028], [85.28980657500006, 27.983091162000107], [85.29839006800017, 27.98278252500006], [85.31764281000011, 27.989200032000042], [85.32950493900006, 27.988483551000172], [85.34192413500017, 28.009881096000186], [85.35878776500016, 28.013051729000097], [85.38971959100007, 28.03047288900018], [85.39454547900004, 28.03763345600015], [85.40334296800012, 28.03907547900019], [85.4049624590001, 28.055210186000124], [85.41217554200011, 28.06195989300005], [85.41969465400018, 28.059809279000092], [85.42544709500015, 28.061820448000105], [85.42786015300015, 28.075796799000045], [85.43274427200004, 28.08067244700004], [85.44168148400001, 28.082516501000043], [85.44580901000012, 28.090413239000043], [85.45706659100017, 28.092698729000176], [85.47334377900012, 28.10512296200011], [85.48912604800006, 28.105712685000128], [85.48878457800004, 28.111980491], [85.49522318400005, 28.12226405600012], [85.49021866900011, 28.138640749000047], [85.50316727700016, 28.15206058300015], [85.52672140800013, 28.157332586000166], [85.53284705800019, 28.16740010100017], [85.55606883900015, 28.167843158000153], [85.58385097700005, 28.15337863300016], [85.60150134300011, 28.158044337000035], [85.61289712800004, 28.15042303400014], [85.61483611200003, 28.134054662000096], [85.62708522200012, 28.129212999000117], [85.63247654500009, 28.130284185000107], [85.637466136, 28.141267601000095], [85.6483420190001, 28.146218537000152], [85.65155791000018, 28.151573676000112], [85.67716905300011, 28.158157663000168], [85.68843942100006, 28.15599674500004], [85.70327989800006, 28.163949856000045], [85.71222688000012, 28.16201756300012], [85.71246855400005, 28.16952483199998], [85.71912544400016, 28.17401317300005], [85.72756436200012, 28.169627653000077], [85.74957269200013, 28.175208231000113], [85.77866548200018, 28.174302330000046], [85.78021725200011, 28.178069832], [85.79846857600018, 28.189411016000122], [85.80010464200018, 28.196170314000028], [85.78201645000013, 28.20841983000014], [85.77625914800018, 28.208530842000073], [85.77393392700009, 28.218034075000105], [85.76383868100004, 28.22728900100003], [85.75690306600006, 28.228877360000126], [85.74874100100016, 28.238094513000078], [85.7482752520001, 28.249030836000145], [85.74291266100005, 28.25683622700018], [85.74282377300017, 28.27165583200008], [85.732940079, 28.291221274000122], [85.73623270700011, 28.299334230000113], [85.73712688600011, 28.31919546100005], [85.73577902700009, 28.323563607000153], [85.72741651700005, 28.328782426000032], [85.7321487750001, 28.339277316999983], [85.71981720400004, 28.359400664000134], [85.71878622300005, 28.367268], [85.72420580500017, 28.37329424300009], [85.71763781400017, 28.37549736400007], [85.71189115400006, 28.385799273000032]]]}, "properties": {"district": "Rasuwa", "population": 49253, "events": 167, "deaths": 1377, "missing": 4267, "injured": 62, "houses_destroyed": 164, "severity_score": 28327.1, "by_hazard": {"landslide": 125, "flood": 29, "flash_flood": 1, "glof": 0, "debris_flow": 0, "avalanche": 12, "other": 0}, "first_year": 1972, "last_year": 2026, "deaths_per_100k": 2795.77}}, {"type": "Feature", "geometry": {"type": "Polygon", "coordinates": [[[85.10832413200012, 28.345335385000112], [85.0804313380001, 28.345807360000038], [85.06725280100011, 28.33920904100006], [85.05287517500017, 28.326938464000023], [85.04653954400004, 28.325791585000104], [85.04108895300016, 28.31179062900003], [85.03260078100004, 28.302768485000115], [85.03787506800006, 28.29181462600019], [85.02782580200011, 28.262329738000062], [85.00162955600013, 28.2531781780001], [85.0025728550001, 28.248002973000098], [84.9985496650001, 28.241170021000187], [84.99148659200006, 28.24463008800018], [84.97694417200012, 28.22664696100003], [84.96461508000016, 28.21728896999997], [84.96214395900006, 28.212099708000153], [84.97373607800006, 28.190205316000117], [84.96395233600003, 28.177855700000066], [84.96555032300017, 28.174433473000136], [84.95712679200017, 28.15547285100007], [84.95777263700006, 28.14709880300012], [84.95408195900006, 28.143420322000168], [84.95820200800011, 28.136003372], [84.95679458500013, 28.126684875000024], [84.94265974300015, 28.12250326200018], [84.93907921400012, 28.125677165000127], [84.92869927000015, 28.1262441880001], [84.92005890800004, 28.11523472100015], [84.92145003700011, 28.106524091000097], [84.91801756100017, 28.103345881000052], [84.90031272300001, 28.106614850000085], [84.89233180400004, 28.09989457], [84.86925043700012, 28.120394022000085], [84.85457472000007, 28.12258432600015], [84.84362012800017, 28.116245150000168], [84.83703201400004, 28.10406707300001], [84.83714963400001, 28.094882152000082], [84.83169197600017, 28.08949198400012], [84.82080755400006, 28.063074305000043], [84.8182598460001, 28.047624528000085], [84.80938311000017, 28.037913128000184], [84.8134518970001, 28.028359556], [84.80942836800017, 28.016787342000157], [84.81316596900007, 28.009254959000145], [84.81121161400011, 28.00286843800012], [84.80373459900005, 28.000351726000076], [84.79729847800019, 28.002293318000113], [84.79678894700004, 27.998068441000044], [84.79003510000013, 27.997915653000064], [84.78394872100006, 27.98322299800003], [84.77677623400018, 27.97752882700007], [84.77151275200009, 27.977278700000056], [84.77460352999998, 27.971316600000023], [84.74576373200017, 27.96001969700012], [84.73926040700019, 27.93651264000016], [84.7337788320001, 27.933092356000145], [84.73631565500011, 27.928471940000122], [84.7318928630001, 27.925761172000023], [84.73498173400014, 27.91536672100017], [84.73310603599998, 27.906977318000145], [84.73750916000017, 27.89697066600013], [84.73564756000013, 27.89280232200008], [84.74912384800018, 27.886035904000096], [84.745837408, 27.880172126000048], [84.75328693400019, 27.873494163000032], [84.75591589499999, 27.861698454000077], [84.76497705400004, 27.859234513000047], [84.76744299200016, 27.843714636000186], [84.77584067900011, 27.835268284000108], [84.77360058600016, 27.8241244350001], [84.78226502700005, 27.813796819000174], [84.77296699800013, 27.808576631000108], [84.76839791499998, 27.81162753300009], [84.76887339500007, 27.81555056400009], [84.76252512200017, 27.81816222400016], [84.75683495500004, 27.814441588000136], [84.75373066200012, 27.806393008000157], [84.73866971299998, 27.803992599000082], [84.73690748900003, 27.79899120600004], [84.73072425800012, 27.795529289000058], [84.71863125600015, 27.80367417000008], [84.71105239400015, 27.800428398000122], [84.707295015, 27.806613781000067], [84.68451139800004, 27.810453434000067], [84.66791587500012, 27.818465003000085], [84.66557879400011, 27.825231169000176], [84.66149007900015, 27.82264720900008], [84.64075090600005, 27.822314083000037], [84.62159403600003, 27.815288023000107], [84.61820117700006, 27.809207139000023], [84.63494249800016, 27.80699011400003], [84.6454691190001, 27.80000597700007], [84.64456361900011, 27.793808018], [84.6370356060001, 27.794447587000093], [84.63776256100016, 27.782942382000158], [84.64748036900005, 27.784151622000024], [84.64955825499999, 27.779403957000056], [84.66488555600017, 27.781185612000115], [84.67467293600009, 27.77853457400016], [84.66847502600012, 27.7658422990001], [84.68137109700018, 27.758207697000046], [84.67003802300007, 27.737971200000175], [84.67452201900016, 27.73060337200019], [84.68039318100011, 27.73042117300014], [84.69253582300007, 27.721198701], [84.69997620500004, 27.727338648000114], [84.71506479100003, 27.726099571000134], [84.72346278900017, 27.72966126600005], [84.72848536000015, 27.72724562800005], [84.73737281600006, 27.73272609500009], [84.75737097600006, 27.735609731000125], [84.76997526200006, 27.722585420000087], [84.78726022700016, 27.71612366100004], [84.79635960400014, 27.709154312000067], [84.79065415800005, 27.69501848400006], [84.78595722000006, 27.691900122000106], [84.79658484600009, 27.684229486000163], [84.7999994750001, 27.671365569999978], [84.82873028600011, 27.69239535100013], [84.86562340700004, 27.679754222000042], [84.8797345800001, 27.66870513300006], [84.88755854300007, 27.674685853000028], [84.90023332600015, 27.694175819], [84.90714488000003, 27.698509797000156], [84.91946009000003, 27.694096835000096], [84.92231182800009, 27.688627185000144], [84.94449786100017, 27.686925458000076], [84.95138252200007, 27.6834130740001], [84.95849252300013, 27.686082580000175], [84.95856195100015, 27.689028505000124], [84.97568431200017, 27.694675536999966], [84.97899070400018, 27.702706373000126], [84.98885686200009, 27.70427414800008], [84.9900261950001, 27.70780104000005], [85.00251321200005, 27.705671691000134], [85.01122326300015, 27.707706467000094], [85.03068620700009, 27.69768369100018], [85.03432460700003, 27.70325381600003], [85.03850025300005, 27.70274655700007], [85.03848719100017, 27.70572010300009], [85.04179420100007, 27.702288654000085], [85.04018752700017, 27.694034552000176], [85.04255067200006, 27.690136378000034], [85.05234492700015, 27.699373029000185], [85.06100288400017, 27.694479050000155], [85.06466809900013, 27.696790406000105], [85.06562583500016, 27.703203722000126], [85.07600383600004, 27.709041000000127], [85.0833039100001, 27.707079986000053], [85.08867527700016, 27.712190620000115], [85.09992079500017, 27.708898167000143], [85.11534539600018, 27.69631030400018], [85.12013553400004, 27.683504841000115], [85.13109713500012, 27.680952193000167], [85.13440852100018, 27.674678184000186], [85.14965261200018, 27.669526153000106], [85.15595639400004, 27.672781030000067], [85.16184022100003, 27.670733001000144], [85.17482486700004, 27.679976895000095], [85.18857601700006, 27.681341755000062], [85.19445646200018, 27.69425632700012], [85.19623297200008, 27.70911690300011], [85.19992100700017, 27.708008877000054], [85.20087508700004, 27.712900581000156], [85.19709107900013, 27.716265403000023], [85.20133349900016, 27.72002770200004], [85.20610727200017, 27.71867546700014], [85.2071782920001, 27.722699875000046], [85.21728546700018, 27.72215334500015], [85.22143085700014, 27.72788302900011], [85.21353376700006, 27.737055324000096], [85.22060592400004, 27.73564625800003], [85.23506682800013, 27.741178198000114], [85.23689268900011, 27.745121001000143], [85.24655535900007, 27.74451309600005], [85.25097849200006, 27.748876843000062], [85.2550410400001, 27.744815400000164], [85.267055309, 27.745632970000145], [85.27004323500017, 27.75958783600015], [85.26290516000012, 27.766398418000165], [85.26289775300012, 27.770754715000123], [85.25251108800018, 27.7756024790001], [85.24675304100009, 27.772491721000108], [85.24299879000006, 27.77534090200004], [85.2333002790001, 27.77453668400011], [85.23189265900015, 27.771386443000154], [85.22981539000011, 27.776395084000058], [85.22692997800016, 27.772581063000075], [85.21543037700013, 27.775534228000083], [85.20790747600006, 27.770817585000145], [85.20604709500003, 27.773743978000084], [85.20435423400005, 27.768985126000132], [85.20213105700003, 27.773457750000034], [85.20140074500017, 27.769317670000135], [85.19772392900006, 27.768803591000164], [85.19350111000017, 27.76902962500003], [85.19210020700018, 27.773070863999976], [85.18972929, 27.769335157000057], [85.17855539900017, 27.772043288000077], [85.17597790600018, 27.767271296000104], [85.15454325399998, 27.766892466], [85.14854536800004, 27.763707337000028], [85.13949183500011, 27.76581493200007], [85.13438403900011, 27.761660842000083], [85.13080352300017, 27.764090501999988], [85.12446849800011, 27.760658889000183], [85.11530928700012, 27.768838877000064], [85.11487191300017, 27.77438993500016], [85.10571988200013, 27.774244605000035], [85.08771397900006, 27.787738467000054], [85.052458328, 27.797225085000036], [85.04647552700015, 27.801584030000186], [85.04836590700006, 27.810138046000077], [85.04698815400002, 27.81297976800016], [85.04157844900016, 27.812226557000145], [85.04139380500015, 27.81720929400018], [85.03780202600007, 27.814594468], [85.02747104800005, 27.816259957000057], [85.01231420400012, 27.809443687000055], [85.01676030300018, 27.826969567000162], [85.02280755900011, 27.83293719600016], [85.01342605900015, 27.832733431000065], [85.0057513800001, 27.841969286000165], [85.006398676, 27.850435913000183], [84.98890357700014, 27.85840884100014], [84.994725824, 27.8750660070001], [84.98882206900015, 27.885641709000083], [85.01002621200013, 27.92558379400009], [85.00862773400007, 27.936091203000046], [85.01627786000012, 27.944068491000166], [85.01490344600012, 27.951396998000178], [85.008335192, 27.948559891000173], [85.00776716100017, 27.95065756800011], [85.01950172400007, 27.968219690000126], [85.02846439800004, 27.9715865390001], [85.03157266200014, 27.98947336000009], [85.02941588000004, 27.99551740600009], [85.00303085100018, 28.00015216700018], [84.99991028400018, 28.007996346000027], [84.99034195100012, 28.015771986000175], [84.98920251300018, 28.028634684000053], [84.99549244400004, 28.024923312999988], [85.012531217, 28.026123057000177], [85.03262973100016, 28.031897628000024], [85.05451323500012, 28.050369903000103], [85.06212742800017, 28.066889986000035], [85.08053166700017, 28.06690661000016], [85.10467043900007, 28.076520783000092], [85.11479008800006, 28.076766121000105], [85.12236239300017, 28.091178206000052], [85.124208829, 28.10579248600004], [85.1495248380001, 28.117202582000175], [85.15814854700011, 28.12958467800007], [85.15438753700016, 28.138608239000177], [85.15608778600006, 28.14260709700011], [85.17509543200015, 28.16322175600004], [85.19509641700012, 28.16804535500006], [85.19992402200012, 28.176710658], [85.19881399200011, 28.184807472000102], [85.204263782, 28.20396121900012], [85.20109992300019, 28.211079022000092], [85.18847666700003, 28.219425303000094], [85.18738616700006, 28.223238066000192], [85.19304460600006, 28.234337039000025], [85.19402163100017, 28.244314971000165], [85.20245525700005, 28.250149029000056], [85.1982972990001, 28.259109525000156], [85.18742977500011, 28.266325937000033], [85.18049537700011, 28.280859256000042], [85.17716214500018, 28.305807888000174], [85.15972451900012, 28.3318493000001], [85.14026351600012, 28.3303958460001], [85.12853484900018, 28.33799845800013], [85.12065520000004, 28.33569477900005], [85.10832413200012, 28.345335385000112]]]}, "properties": {"district": "Dhading", "population": 337869, "events": 294, "deaths": 305, "missing": 95, "injured": 103, "houses_destroyed": 1386, "severity_score": 2484.7, "by_hazard": {"landslide": 233, "flood": 60, "flash_flood": 0, "glof": 0, "debris_flow": 0, "avalanche": 1, "other": 0}, "first_year": 1972, "last_year": 2026, "deaths_per_100k": 90.27}}, {"type": "Feature", "geometry": {"type": "Polygon", "coordinates": [[[85.09034431300006, 27.711850367000125], [85.0833039100001, 27.707079986000053], [85.07600383600004, 27.709041000000127], [85.06562583500016, 27.703203722000126], [85.06466809900013, 27.696790406000105], [85.06100288400017, 27.694479050000155], [85.05234492700015, 27.699373029000185], [85.04255067200006, 27.690136378000034], [85.04018752700017, 27.694034552000176], [85.04179420100007, 27.702288654000085], [85.03848719100017, 27.70572010300009], [85.03850025300005, 27.70274655700007], [85.03432460700003, 27.70325381600003], [85.03068620700009, 27.69768369100018], [85.0133758610001, 27.707282416000112], [84.9900261950001, 27.70780104000005], [84.98885686200009, 27.70427414800008], [84.97899070400018, 27.702706373000126], [84.97568431200017, 27.694675536999966], [84.95856195100015, 27.689028505000124], [84.95849252300013, 27.686082580000175], [84.95138252200007, 27.6834130740001], [84.94449786100017, 27.686925458000076], [84.92231182800009, 27.688627185000144], [84.91946009000003, 27.694096835000096], [84.90714488000003, 27.698509797000156], [84.90023332600015, 27.694175819], [84.88755854300007, 27.674685853000028], [84.8797345800001, 27.66870513300006], [84.86562340700004, 27.679754222000042], [84.82926452800007, 27.69241017100012], [84.7999994750001, 27.671365569999978], [84.79703649200019, 27.683428190000086], [84.79207438900005, 27.68688598600005], [84.78330869300004, 27.680106510000087], [84.77977040400015, 27.67158015200016], [84.76987185400003, 27.668018870000026], [84.76709971200017, 27.656509855000138], [84.75374721300017, 27.65447131700006], [84.75224294800012, 27.649768588000086], [84.74389579600012, 27.647232616000053], [84.74573812900007, 27.655606583], [84.73147151600011, 27.655854075000093], [84.72732625300006, 27.649827110000103], [84.72989854800016, 27.646296155000073], [84.72164389500011, 27.646154407000097], [84.71724410000013, 27.63737362100011], [84.72265362700017, 27.63152235900003], [84.72286333200003, 27.626332077000086], [84.73154366500012, 27.624143166000067], [84.73148463200016, 27.61705911300004], [84.73481983500017, 27.61612318800013], [84.73818714900005, 27.603540682000187], [84.7329754270001, 27.596355239000104], [84.73084732100006, 27.58199686400002], [84.70965698300006, 27.561938498000075], [84.70305249299997, 27.55844789000008], [84.69037812300007, 27.563984999000184], [84.67988395800018, 27.55150350600013], [84.68319322700012, 27.54445687800012], [84.67881245100006, 27.525431257000037], [84.68055590800014, 27.51325950000006], [84.69108654700005, 27.496434739000165], [84.69667636700018, 27.475342716], [84.69074895100005, 27.472845280000172], [84.69302098300005, 27.468867483999986], [84.68598923000013, 27.462679610000123], [84.69190338600009, 27.45942162300014], [84.68523288500018, 27.456945673000064], [84.68585211900006, 27.453713971000013], [84.68091913100011, 27.44847654600005], [84.66765640500017, 27.44462617400012], [84.66466848600015, 27.429446794000057], [84.70480203600005, 27.43294988700012], [84.71881596500009, 27.431188399000177], [84.72595612000015, 27.444609879000097], [84.73457767300016, 27.444192432000136], [84.73933662200005, 27.44041291000002], [84.74320495100011, 27.441998708000142], [84.75519793100011, 27.435650657999986], [84.77016732100003, 27.43883349500004], [84.77992879500016, 27.435018058000082], [84.79082692300005, 27.437682124000048], [84.80912646100018, 27.42444816900013], [84.81000920800011, 27.415910008000026], [84.8251589410001, 27.41954618300008], [84.84028179000018, 27.414733611000145], [84.85098177700007, 27.404335341000035], [84.85177698000007, 27.398498124000184], [84.87661090000012, 27.397592990000078], [84.88173392000016, 27.388001116999988], [84.88977414400017, 27.389258699000152], [84.8965843850001, 27.38544496500009], [84.90070230900011, 27.37490909700017], [84.90834068999999, 27.377187957000046], [84.921615196, 27.37059407700019], [84.92611879700007, 27.364156662000028], [84.94076782800005, 27.3657080160001], [84.94483740500004, 27.36016638899997], [84.95167379800017, 27.366935899], [84.95617932300019, 27.364184157000068], [84.95366765000011, 27.361405926000145], [84.95665061600005, 27.359104493000075], [84.96407654000018, 27.363631212000087], [84.96546540100007, 27.358495629000117], [84.97179632300004, 27.355071852000094], [84.9773412560001, 27.356059731000187], [84.98141746600004, 27.36212957000015], [84.99876323000012, 27.36551493200011], [85.0038611330001, 27.35279415000008], [85.013087235, 27.355331139000157], [85.02137889700003, 27.352024134000146], [85.02084349600005, 27.356666711000173], [85.02444585500012, 27.358628034000162], [85.03183640200012, 27.360482305], [85.03637124199997, 27.357326224000076], [85.05605853200018, 27.365598628000157], [85.06136031500017, 27.36037380600004], [85.06537686500019, 27.362560991000066], [85.0671989810001, 27.360340594000093], [85.07069987500006, 27.36433873400017], [85.08499922900012, 27.361665335000055], [85.09122314000007, 27.356517959000087], [85.09478373600012, 27.332399103000057], [85.10395859600004, 27.319990357999984], [85.11704179800006, 27.317409119000047], [85.1207633140001, 27.302100792000033], [85.12541697200004, 27.30107071200007], [85.12627846800012, 27.29284239600014], [85.13663215800005, 27.290164118000064], [85.14466643800006, 27.28291271000012], [85.1451615790001, 27.27290054500014], [85.15587795400012, 27.26206418700002], [85.16758576300009, 27.260119243000076], [85.17083444800005, 27.254715777000058], [85.18084294599998, 27.254514336], [85.17718790499998, 27.24957040300012], [85.17902637800017, 27.24838622600015], [85.19278507100017, 27.24501863], [85.20233726400016, 27.25018014400007], [85.20828570700019, 27.24531886300008], [85.23168072600009, 27.243323682000096], [85.24233395900006, 27.24872319400015], [85.25140384200006, 27.244906247000074], [85.25797751400006, 27.23413993800017], [85.25767653400004, 27.229147688000126], [85.26179554500004, 27.226583798000092], [85.29291062500005, 27.23284945100005], [85.30392211300006, 27.229855089000125], [85.30727838100006, 27.23176397600008], [85.33749152700005, 27.21974942600019], [85.34863238500009, 27.22210852800015], [85.359534376, 27.210729721000064], [85.37647624300018, 27.212026204000153], [85.38504708700003, 27.20735526400017], [85.39336936600017, 27.210347638000144], [85.398707951, 27.196697438000115], [85.40916300800006, 27.196926594000104], [85.41816327900005, 27.190058792000116], [85.42651455500004, 27.19303092100006], [85.43645093300006, 27.187271411000154], [85.44798661100009, 27.186712781000097], [85.4532370500001, 27.177659297000105], [85.45243146700017, 27.168824128000153], [85.45602666800016, 27.166510518], [85.46660753400005, 27.166116045000138], [85.472461544, 27.16177734000007], [85.48893410400012, 27.165844697000068], [85.49506819400017, 27.173603239000045], [85.48980705800005, 27.17142578100004], [85.48035717000016, 27.180513691000044], [85.48236089600005, 27.184002853000038], [85.4880265330001, 27.183561613000165], [85.492340829, 27.187062126000114], [85.48697835200016, 27.192786091000073], [85.48828562900007, 27.198136952000027], [85.50371812300011, 27.193983331000027], [85.51028242500018, 27.19798540100004], [85.50133632500018, 27.20812091400012], [85.50401343400011, 27.22162663800009], [85.48796257500015, 27.220300796000174], [85.4886060450001, 27.25008397900018], [85.4804813560001, 27.268134366000027], [85.47202987300011, 27.26967864800008], [85.459845325, 27.27980023100008], [85.44801147200013, 27.284484801000076], [85.43714528800007, 27.284087090000128], [85.43042975300011, 27.292036084000074], [85.43148442800009, 27.300731080000048], [85.4241194490001, 27.304257954000036], [85.4180451420001, 27.32108617100016], [85.42514371100009, 27.3325780830001], [85.44618185200005, 27.336612083000148], [85.44778034800015, 27.350363639000193], [85.46703795700006, 27.358117091000054], [85.4726548430001, 27.366824538000117], [85.47202155800005, 27.372337914000127], [85.47735907200007, 27.373905802000024], [85.47829899600004, 27.37746250300006], [85.47348301500006, 27.377078018000134], [85.46964590300018, 27.38842069400016], [85.46243559300012, 27.385974351000186], [85.45889511799999, 27.394892998000103], [85.4479762090001, 27.387837439000123], [85.44662719100006, 27.39705791000017], [85.4423264560001, 27.402397173999987], [85.43253853900018, 27.403355298000065], [85.43232791900016, 27.410197499000162], [85.41983785700006, 27.402576026000077], [85.41787167600017, 27.408542774000125], [85.40581488400016, 27.40296400300008], [85.404905014, 27.405517885], [85.39740957900005, 27.404758513000047], [85.39467805400011, 27.41112290100017], [85.38475974400012, 27.40796413800018], [85.38377575900017, 27.413340830000095], [85.37141363600006, 27.41932627600005], [85.36865702000006, 27.424269102000096], [85.34967625100018, 27.431244722000145], [85.34734961600009, 27.428492427000037], [85.34037131800005, 27.432920477000152], [85.33522289200005, 27.431972850000193], [85.3290667600001, 27.438183692000166], [85.31573644200012, 27.436006847999977], [85.31319452800011, 27.44485401800017], [85.30174350800019, 27.446265510000046], [85.29479529899999, 27.45217105500012], [85.26805275300012, 27.45296078200016], [85.25867187800014, 27.458257277000087], [85.25704487400014, 27.468597767000176], [85.24737073500006, 27.476488338000138], [85.24750070000005, 27.483137935000116], [85.24428854700011, 27.48677636900004], [85.24764714700018, 27.49652612000017], [85.23709558700006, 27.500200614000107], [85.23389234800015, 27.504885517000048], [85.24130008300011, 27.512514901000145], [85.24063799900006, 27.517608124000162], [85.25036638400019, 27.521383327000137], [85.25103283900017, 27.528118237000115], [85.23144892400012, 27.537136602000146], [85.23961736500013, 27.547917654000116], [85.24685748100006, 27.550325437000083], [85.25343240600006, 27.568740656000102], [85.26294429100005, 27.570806758000174], [85.25965545100007, 27.57726162600011], [85.24251920000017, 27.578092824000123], [85.23963328100007, 27.581046888000117], [85.23910372200004, 27.589852226], [85.24287690000011, 27.594605732000048], [85.2373923830001, 27.60171823600001], [85.23664453500004, 27.617149088000133], [85.23132115600004, 27.623287594000146], [85.22254102900018, 27.62612882800005], [85.22622313000011, 27.640209786000185], [85.23303993200011, 27.64980264000002], [85.22772465800017, 27.65456256200008], [85.22136900400011, 27.654415655000093], [85.188402414, 27.681395122000083], [85.17317022400005, 27.67934117400017], [85.16165012400006, 27.670669191], [85.14142797500011, 27.671281669000052], [85.13408074500006, 27.674899721000088], [85.13109713500012, 27.680952193000167], [85.12013553400004, 27.683504841000115], [85.11534539600018, 27.69631030400018], [85.09992079500017, 27.708898167000143], [85.09034431300006, 27.711850367000125]]]}, "properties": {"district": "Makwanpur", "population": 493790, "events": 327, "deaths": 549, "missing": 22, "injured": 91, "houses_destroyed": 2942, "severity_score": 3836.7, "by_hazard": {"landslide": 184, "flood": 142, "flash_flood": 0, "glof": 0, "debris_flow": 0, "avalanche": 1, "other": 0}, "first_year": 1971, "last_year": 2026, "deaths_per_100k": 111.18}}, {"type": "Feature", "geometry": {"type": "Polygon", "coordinates": [[[84.62018717600017, 27.880467392000128], [84.60844642300015, 27.871549312000184], [84.590615061, 27.879760217000182], [84.58041984400012, 27.874318851000055], [84.576829895, 27.8708549160001], [84.57620850500012, 27.86352956400009], [84.55866995399998, 27.857889157000102], [84.55505846000017, 27.835739278000176], [84.5459979360001, 27.831716615000175], [84.5218440750001, 27.8322544830001], [84.51698087000011, 27.816082545000143], [84.46603404100017, 27.824331969000013], [84.4648103780001, 27.81886031600004], [84.44568508700013, 27.8230949980001], [84.44009777800011, 27.816520373000117], [84.43330748400012, 27.81403529900001], [84.43115733100012, 27.786812024000085], [84.43921936900017, 27.778400411000177], [84.448968761, 27.778299079000135], [84.46047907700006, 27.77365412100005], [84.46725112300015, 27.76712450700012], [84.47188195800004, 27.754325170000072], [84.46779986200016, 27.751913632000026], [84.45756463500015, 27.759280553], [84.45044283300012, 27.759276813000042], [84.43693546800012, 27.74277088900004], [84.42192493400017, 27.741258468000012], [84.43115458900007, 27.710441699000114], [84.42713220700017, 27.703340271000172], [84.37799887900007, 27.68124570900011], [84.36507963600019, 27.688529658000164], [84.35995355600011, 27.69825388800001], [84.34539171400013, 27.70276506100015], [84.32592690900015, 27.694412309000086], [84.32106687600009, 27.684789408000086], [84.29586440700018, 27.66990021400005], [84.2701112950001, 27.66249134100019], [84.25780141500013, 27.651066544000173], [84.25021773700007, 27.654106088000106], [84.20656197900001, 27.63872708200006], [84.17630146400012, 27.619071552000037], [84.13515113000011, 27.584513], [84.11928330500018, 27.55633059100012], [84.11459667499997, 27.55327048000015], [84.10718625400017, 27.551692441000057], [84.07454525300011, 27.559491286000082], [84.06431027700006, 27.551321795000092], [84.05048526300016, 27.55646736500006], [84.04391684600012, 27.552207456000133], [84.03873739500011, 27.54050548800018], [84.03105823100015, 27.537188414000184], [84.01818360800007, 27.538440661000152], [84.00544436500007, 27.54474589500012], [83.98524431900006, 27.543874279000136], [83.9702925520001, 27.550525760000085], [83.95764040400007, 27.548374442000068], [83.94835861500007, 27.54015378400004], [83.93164573300015, 27.545424049000076], [83.92344822600018, 27.544045794], [83.91964167700007, 27.54062304100006], [83.91871879000018, 27.531552155000043], [83.92162291100004, 27.518496499000037], [83.92552846600017, 27.51470802500006], [83.931104258, 27.513007390000155], [83.94181177900003, 27.515710877000117], [83.95292531800004, 27.52752011600012], [83.96476682800011, 27.52318244100013], [83.96938211800006, 27.515349593000053], [83.96799325600011, 27.508226085000047], [83.96341607700003, 27.503807098000095], [83.93863749200017, 27.49151043900008], [83.94448615800002, 27.465770403000192], [83.93923912800005, 27.455100216000062], [83.9311074420001, 27.449557148999986], [83.9420887060001, 27.447723235000126], [83.94583502600011, 27.441147510000064], [83.96599661300019, 27.446584900000175], [83.97253583200006, 27.442066907000026], [83.97770626100004, 27.44244233000012], [83.97746379400013, 27.4393037320001], [83.98389641199998, 27.443853425000043], [83.99606893500004, 27.446151284], [83.99802178400006, 27.440636810000115], [84.00513430700016, 27.44222065400004], [84.00517904000003, 27.439675508000164], [84.01182123600017, 27.438842500000135], [84.01568961500004, 27.434755865000113], [84.02710480700006, 27.433625958000164], [84.02579757500007, 27.438434506000135], [84.03160836300003, 27.44161925000003], [84.05197632200014, 27.442736845000013], [84.06165721200017, 27.455891817000122], [84.05842278600005, 27.461206915000048], [84.06658178700008, 27.46963516300019], [84.07064706900013, 27.481733828000188], [84.0839282720001, 27.48324271600012], [84.09536050200012, 27.489575641000044], [84.09964689300011, 27.51039852800011], [84.09774994700018, 27.517211699000086], [84.1085414850001, 27.52173208900001], [84.11654865800011, 27.51925500100009], [84.1174240260001, 27.513665329000162], [84.12407475800006, 27.511048981000044], [84.14570491600006, 27.518803317000163], [84.1509945090001, 27.516426238000065], [84.14984316000016, 27.500908550000077], [84.14431703700006, 27.49689813400005], [84.14880765900017, 27.485925440000074], [84.16353005700012, 27.483799238000188], [84.1709994090001, 27.479088092000097], [84.17146497900006, 27.475675905000116], [84.19102407200006, 27.46922448100014], [84.19437592100019, 27.47324511200003], [84.20571561200006, 27.469659301000036], [84.20873860699999, 27.465345236000076], [84.20377900700015, 27.45957186200002], [84.20768480400011, 27.45626734500007], [84.20844472800013, 27.442583833000185], [84.21943456200012, 27.440389580000044], [84.22082448200018, 27.44763020199997], [84.23158213100004, 27.456281599000192], [84.23906421300006, 27.45250536900005], [84.24401963700006, 27.45466962900008], [84.25414778200008, 27.452056712000115], [84.25937808800012, 27.445799356], [84.25855421400018, 27.438736287000154], [84.27250393500003, 27.42879764999998], [84.2734805180001, 27.421318272000065], [84.27805933700012, 27.41563447900006], [84.27630228400017, 27.395626492000076], [84.28237658300014, 27.396507886000165], [84.29174826100018, 27.38492707100005], [84.294769369, 27.384404041000096], [84.30045574600001, 27.390405032000047], [84.33248388300018, 27.37737877000012], [84.35603321400009, 27.373428501000035], [84.37273562300015, 27.37661598200009], [84.38750756300004, 27.372322541000187], [84.3917307110001, 27.36815454400005], [84.42413671400004, 27.37196334900017], [84.4410787540001, 27.370186967000052], [84.44634068699997, 27.363719505000176], [84.464643405, 27.359715656000105], [84.470728758, 27.354965992000018], [84.47586392599999, 27.362450906000106], [84.48577400500011, 27.35851329200011], [84.48377318000018, 27.366065397000114], [84.487688241, 27.371347363000154], [84.49522676200019, 27.376618639000014], [84.50160491800017, 27.376516938000066], [84.50396488700011, 27.381102255000087], [84.51975611000006, 27.384013625000136], [84.53033676900003, 27.380977441000084], [84.53955113800015, 27.385842844000024], [84.53461203100011, 27.40172365700016], [84.545756702, 27.403765280000073], [84.54611887800013, 27.408145645], [84.53236888500015, 27.414347179000117], [84.54160418300006, 27.41942887600004], [84.54823977200016, 27.417954365000128], [84.54770060300018, 27.426686139000026], [84.55591764399998, 27.44177304800013], [84.55766925100005, 27.458805366000036], [84.56153615500011, 27.462959432000048], [84.5729682870001, 27.45878392800006], [84.57574039400004, 27.453905722000172], [84.58465447300011, 27.456415893000155], [84.60115608299998, 27.45107276400006], [84.60671034600011, 27.454248070000062], [84.62816363600007, 27.450800228000105], [84.63482407000009, 27.44440053300019], [84.64286216300019, 27.44283849100009], [84.64665019000017, 27.42922470700006], [84.66161838000016, 27.432960804], [84.66466848600015, 27.429446794000057], [84.66765640500017, 27.44462617400012], [84.68091913100011, 27.44847654600005], [84.68585211900006, 27.453713971000013], [84.68523288500018, 27.456945673000064], [84.69190338600009, 27.45942162300014], [84.68598923000013, 27.462679610000123], [84.69302098300005, 27.468867483999986], [84.69074895100005, 27.472845280000172], [84.69667636700018, 27.475342716], [84.69108654700005, 27.496434739000165], [84.68055590800014, 27.51325950000006], [84.67881245100006, 27.525431257000037], [84.68319322700012, 27.54445687800012], [84.67988395800018, 27.55150350600013], [84.69037812300007, 27.563984999000184], [84.70305249299997, 27.55844789000008], [84.70965698300006, 27.561938498000075], [84.73084732100006, 27.58199686400002], [84.7329754270001, 27.596355239000104], [84.73818714900005, 27.603540682000187], [84.73481983500017, 27.61612318800013], [84.73148463200016, 27.61705911300004], [84.73154366500012, 27.624143166000067], [84.72273441100009, 27.626465876000054], [84.71752865100012, 27.639152278000097], [84.72238834800015, 27.646676247000073], [84.72989854800016, 27.646296155000073], [84.72732625300006, 27.649827110000103], [84.73147151600011, 27.655854075000093], [84.74573812900007, 27.655606583], [84.74389579600012, 27.647232616000053], [84.75224294800012, 27.649768588000086], [84.75374721300017, 27.65447131700006], [84.7674265390001, 27.65669303100003], [84.76987185400003, 27.668018870000026], [84.77977040400015, 27.67158015200016], [84.78330869300004, 27.680106510000087], [84.79200740099998, 27.686730686000146], [84.78595722000006, 27.691900122000106], [84.79065415800005, 27.69501848400006], [84.79655446400011, 27.708668109000087], [84.78726022700016, 27.71612366100004], [84.76997526200006, 27.722585420000087], [84.75737097600006, 27.735609731000125], [84.73737281600006, 27.73272609500009], [84.72848536000015, 27.72724562800005], [84.72346278900017, 27.72966126600005], [84.71506479100003, 27.726099571000134], [84.69997620500004, 27.727338648000114], [84.69253582300007, 27.721198701], [84.68039318100011, 27.73042117300014], [84.67452201900016, 27.73060337200019], [84.67003802300007, 27.737971200000175], [84.68137109700018, 27.758207697000046], [84.66847502600012, 27.7658422990001], [84.67467293600009, 27.77853457400016], [84.66488555600017, 27.781185612000115], [84.64955825499999, 27.779403957000056], [84.64748036900005, 27.784151622000024], [84.63776256100016, 27.782942382000158], [84.6370356060001, 27.794447587000093], [84.64456361900011, 27.793808018], [84.6454691190001, 27.80000597700007], [84.63494249800016, 27.80699011400003], [84.61820117700006, 27.809207139000023], [84.62325147500013, 27.81669742300005], [84.63273808400015, 27.819876045000115], [84.66328100900017, 27.82357265400003], [84.66557879400011, 27.825231169000176], [84.66083963700015, 27.829957977000106], [84.66386876300015, 27.84051789200015], [84.65860736899998, 27.851029610000182], [84.64686237500007, 27.85368192800007], [84.64937966900015, 27.859405205000144], [84.63466553300003, 27.860908578000135], [84.63369049700003, 27.868825287000107], [84.62750987800013, 27.872014335000188], [84.62671916700015, 27.878102775000173], [84.62018717600017, 27.880467392000128]]]}, "properties": {"district": "Chitawan", "population": 776344, "events": 227, "deaths": 259, "missing": 85, "injured": 102, "houses_destroyed": 3963, "severity_score": 2989.5, "by_hazard": {"landslide": 96, "flood": 131, "flash_flood": 0, "glof": 0, "debris_flow": 0, "avalanche": 0, "other": 0}, "first_year": 1971, "last_year": 2026, "deaths_per_100k": 33.36}}, {"type": "Feature", "geometry": {"type": "Polygon", "coordinates": [[[84.55684609700018, 28.751329719000125], [84.539646564, 28.744085961999986], [84.53358528600018, 28.74534624500012], [84.52478466200012, 28.742170573000067], [84.5146088250001, 28.748544195000193], [84.50215996500015, 28.744230441000127], [84.49176362900005, 28.73470588300006], [84.48174207900007, 28.718386950000138], [84.48913374900008, 28.713830615000177], [84.50087143700011, 28.698772558000144], [84.51990479000011, 28.69442808700012], [84.52018823000014, 28.689676149000036], [84.51430380500005, 28.68516427300011], [84.51251860900015, 28.67356223600018], [84.5220673010001, 28.663234398999975], [84.51865038100016, 28.651823692000107], [84.53129961800005, 28.646313156000133], [84.53614463100007, 28.633045193000044], [84.54262288700016, 28.62724651700006], [84.541308126, 28.598340123000185], [84.54897491700012, 28.583652711000127], [84.55065536200016, 28.5699276740001], [84.54741565000018, 28.562272877000055], [84.55167389700017, 28.559187603000055], [84.54736313600006, 28.554566888000124], [84.55930925700005, 28.550101118999976], [84.55990105100017, 28.532779952000112], [84.56692318600005, 28.523539847], [84.57043719500007, 28.510003134000044], [84.56489381500006, 28.5011379070001], [84.56527260000007, 28.485599636000074], [84.58294085500012, 28.47702696099998], [84.5921126770001, 28.46607760800009], [84.5984404460001, 28.451990867000063], [84.6127606280001, 28.44751226300008], [84.62140637300007, 28.449253001000045], [84.63729927800011, 28.439109001000077], [84.64690206100016, 28.41854590000014], [84.66023204600003, 28.40903854800007], [84.675700076, 28.3871319160001], [84.67619005600005, 28.376409207999984], [84.69471453900007, 28.36091467300008], [84.68035522200006, 28.342786009000065], [84.669270154, 28.342184377000024], [84.66755300500012, 28.327743343000122], [84.66325195700006, 28.321797245000027], [84.65847844000007, 28.323185227000067], [84.65972158500017, 28.31455915300012], [84.65484228100007, 28.312475635], [84.64631496000015, 28.29303806100006], [84.65136365000006, 28.264387861999978], [84.646269383, 28.250124815000163], [84.64046763900012, 28.245227223000143], [84.63282242200006, 28.229928790000088], [84.6401750330001, 28.205055847000096], [84.63309037599998, 28.18930571300001], [84.61187194100006, 28.172481942000047], [84.60939747800006, 28.15970355400009], [84.60104044400009, 28.15197742400011], [84.58534503800018, 28.146163814000147], [84.58677747700011, 28.142920318000165], [84.57600214100012, 28.138113260000182], [84.57404562500005, 28.130482479000193], [84.55617388200005, 28.124670082000023], [84.55587112000006, 28.121221763000108], [84.55199584700011, 28.120168044000025], [84.55388224100005, 28.116230367000128], [84.5495038140001, 28.113770830000078], [84.55096833400012, 28.109440120000045], [84.54071622000009, 28.09967151900014], [84.53013670000013, 28.099376620000157], [84.51900979300007, 28.09424377500011], [84.51307984500005, 28.08773470100016], [84.49773450900011, 28.08515386800019], [84.47807305400016, 28.089041068000142], [84.47978888500012, 28.080870292000156], [84.48582320800017, 28.08000076800016], [84.48768346900016, 28.076655162000122], [84.48385160300018, 28.076542354000026], [84.48799078700017, 28.07148762500003], [84.48698322900015, 28.062105841], [84.48200728300003, 28.055560412000148], [84.47812582000012, 28.058301602000142], [84.47184254200016, 28.051401621000025], [84.46607557500005, 28.05097687000017], [84.46808666600009, 28.045435810000185], [84.46148325700005, 28.038561224000148], [84.46405213300011, 28.028208325000037], [84.45942714600017, 28.023682282000095], [84.45718350900006, 28.003829198], [84.45305799300013, 28.00323364700006], [84.44300966800017, 27.99266040600014], [84.43790991500003, 27.99301289100009], [84.43968645799998, 27.98828740800019], [84.42768572900013, 27.986039788000028], [84.42136777000007, 27.978598263000094], [84.41873559600009, 27.969563711000035], [84.42237335400017, 27.96305942600003], [84.4205213730001, 27.958575387000167], [84.42784144100006, 27.950945134000108], [84.44467117000016, 27.946293766000167], [84.44915367900006, 27.950202612000112], [84.45368984500004, 27.949228900000037], [84.45823257300003, 27.94215667400016], [84.46343122600018, 27.943675684000084], [84.47385304700015, 27.939574663000144], [84.47329220400019, 27.935641883000187], [84.48164716100007, 27.93228057300007], [84.48363861000007, 27.927977931000044], [84.50643736600011, 27.922966319000125], [84.50793648500007, 27.919671328000106], [84.50057994600007, 27.91757977000003], [84.5013401980001, 27.915550964000033], [84.51000408600004, 27.913601469000128], [84.513032409, 27.917687339000167], [84.51706323100012, 27.912476437000123], [84.52294857800007, 27.915242785000032], [84.53273276100003, 27.912910781], [84.5384002880001, 27.917392033000056], [84.54004952800017, 27.91334030000013], [84.53753695100016, 27.90909057900012], [84.54528457200007, 27.90482759000008], [84.54019772600014, 27.89689253299997], [84.54044330500011, 27.885502563000102], [84.54498092800014, 27.880582079000135], [84.54062342300011, 27.87575531599998], [84.54447434700006, 27.869790667000075], [84.55230792900005, 27.869809231000147], [84.547973281, 27.862568436000117], [84.55866995399998, 27.857889157000102], [84.56731103500005, 27.858860150000112], [84.57641822400018, 27.86370692600019], [84.57725857200006, 27.871611167000026], [84.58942491300013, 27.879521656000065], [84.60801891900013, 27.871501559000023], [84.61363257600016, 27.87301539100008], [84.6185707090001, 27.880181328000106], [84.62427939300011, 27.879792395000152], [84.62785696700018, 27.871557069000175], [84.63373449400018, 27.868748356000026], [84.63537857600016, 27.860300643000187], [84.64886336000018, 27.859669361000158], [84.6471877140001, 27.85331946600013], [84.66027180400016, 27.849451343000112], [84.66386876300015, 27.84051789200015], [84.66089102300015, 27.82911843000005], [84.6673359190001, 27.823007147], [84.66791587500012, 27.818465003000085], [84.68494222200019, 27.810266271000103], [84.707295015, 27.806613781000067], [84.71070912600015, 27.800502449000135], [84.71863125600015, 27.80367417000008], [84.73175105800016, 27.795611862000044], [84.73866971299998, 27.803992599000082], [84.75373066200012, 27.806393008000157], [84.75683495500004, 27.814441588000136], [84.76252512200017, 27.81816222400016], [84.76887339500007, 27.81555056400009], [84.76839791499998, 27.81162753300009], [84.77296699800013, 27.808576631000108], [84.78227433799998, 27.81386218800003], [84.77360058600016, 27.8241244350001], [84.77584067900011, 27.835268284000108], [84.76744299200016, 27.843714636000186], [84.76497705400004, 27.859234513000047], [84.75591589499999, 27.861698454000077], [84.75328693400019, 27.873494163000032], [84.745837408, 27.880172126000048], [84.74912384800018, 27.886035904000096], [84.73564756000013, 27.89280232200008], [84.73750916000017, 27.89697066600013], [84.73310603599998, 27.906977318000145], [84.73498173400014, 27.91536672100017], [84.7318928630001, 27.925761172000023], [84.73631565500011, 27.928471940000122], [84.7337788320001, 27.933092356000145], [84.73926040700019, 27.93651264000016], [84.74576373200017, 27.96001969700012], [84.77460352999998, 27.971316600000023], [84.77151275200009, 27.977278700000056], [84.77677623400018, 27.97752882700007], [84.78394872100006, 27.98322299800003], [84.79003510000013, 27.997915653000064], [84.79678894700004, 27.998068441000044], [84.79729847800019, 28.002293318000113], [84.80373459900005, 28.000351726000076], [84.81121161400011, 28.00286843800012], [84.81316596900007, 28.009254959000145], [84.80942836800017, 28.016787342000157], [84.8134518970001, 28.028359556], [84.80938311000017, 28.037913128000184], [84.8182598460001, 28.047624528000085], [84.82080755400006, 28.063074305000043], [84.83169197600017, 28.08949198400012], [84.83714963400001, 28.094882152000082], [84.83703201400004, 28.10406707300001], [84.84362012800017, 28.116245150000168], [84.85457472000007, 28.12258432600015], [84.86925043700012, 28.120394022000085], [84.89233180400004, 28.09989457], [84.90031272300001, 28.106614850000085], [84.91801756100017, 28.103345881000052], [84.92145003700011, 28.106524091000097], [84.92005890800004, 28.11523472100015], [84.92869927000015, 28.1262441880001], [84.93907921400012, 28.125677165000127], [84.94265974300015, 28.12250326200018], [84.95679458500013, 28.126684875000024], [84.95820200800011, 28.136003372], [84.95408195900006, 28.143420322000168], [84.95777263700006, 28.14709880300012], [84.95712679200017, 28.15547285100007], [84.96555032300017, 28.174433473000136], [84.96395233600003, 28.177855700000066], [84.97373607800006, 28.190205316000117], [84.96214395900006, 28.212099708000153], [84.96461508000016, 28.21728896999997], [84.97694417200012, 28.22664696100003], [84.99148659200006, 28.24463008800018], [84.9985496650001, 28.241170021000187], [85.0025728550001, 28.248002973000098], [85.00162955600013, 28.2531781780001], [85.02782580200011, 28.262329738000062], [85.03787506800006, 28.29181462600019], [85.03260078100004, 28.302768485000115], [85.04108895300016, 28.31179062900003], [85.04653954400004, 28.325791585000104], [85.05287517500017, 28.326938464000023], [85.06725280100011, 28.33920904100006], [85.0804313380001, 28.345807360000038], [85.10783742000018, 28.346528143000057], [85.11507337600005, 28.367105286000083], [85.12176061200006, 28.37263808900019], [85.12187386700009, 28.3858832090001], [85.12651779300012, 28.392361828000105], [85.11571243300011, 28.408780472000046], [85.11735649700006, 28.415741870000147], [85.11255818600017, 28.433288327000184], [85.11418237500015, 28.443144153000162], [85.10269411700017, 28.447787597000115], [85.09939117100004, 28.456826098000192], [85.1125058500001, 28.471323453000082], [85.11318476300005, 28.47958753], [85.11838325100013, 28.485515896000095], [85.12646537000012, 28.48780201700015], [85.14439034200018, 28.48556115600013], [85.15277373900005, 28.490504855000154], [85.15690746000001, 28.49787757200005], [85.15688214300013, 28.509485835000135], [85.16598428999998, 28.521268740000153], [85.16600592200018, 28.532048702000168], [85.18639423100007, 28.533543610000038], [85.18882803600007, 28.547216727999967], [85.18460947000005, 28.56134506500007], [85.19143932500003, 28.568981806000124], [85.18141350300004, 28.57892235600019], [85.18122609000011, 28.58742127100004], [85.17354563999999, 28.597410796000133], [85.18884624000015, 28.60496269100014], [85.19789804400017, 28.626668446999986], [85.18469393300006, 28.63222752600018], [85.18837105600011, 28.64101723100009], [85.18105489500005, 28.644424232000176], [85.15706613300011, 28.642935011000134], [85.14502293800007, 28.65647901000017], [85.14554533000017, 28.660954364000077], [85.13492700000018, 28.666534173000173], [85.13229039200013, 28.675888092000093], [85.11526005400009, 28.686511706000147], [85.08381848300013, 28.670922947], [85.05847461400009, 28.682393091000165], [85.05359112600013, 28.680376251000098], [85.05192082900004, 28.67001285000015], [85.0410674420001, 28.668402682000135], [85.04022072600003, 28.65796292600004], [85.0307539100001, 28.656061497000167], [85.01700680600004, 28.639416455000173], [85.00880070600016, 28.63705284000008], [85.00009399900017, 28.622840602999986], [84.9887153040001, 28.61287012200006], [84.98596734400007, 28.605076094000026], [84.9927283080001, 28.599775316000034], [84.98328619400013, 28.591369164000128], [84.94876586900017, 28.580146525000146], [84.9447791400001, 28.594785191000028], [84.9195582530001, 28.59522471700018], [84.90685585900019, 28.588136767000094], [84.90085379900006, 28.593243325000174], [84.89904173900004, 28.589876100000026], [84.89016932800018, 28.588662370000122], [84.88594640100013, 28.582626345000165], [84.86694021500011, 28.581603174000122], [84.85696641600009, 28.570572378000122], [84.78057590800017, 28.609466231000056], [84.75519721500007, 28.613535053000135], [84.74676717600005, 28.61828079200012], [84.7366793700001, 28.616858374], [84.72507109300017, 28.62059577400015], [84.713675535, 28.63294839600013], [84.69466863100018, 28.636410758000068], [84.70164920700006, 28.647363007000024], [84.69711649300018, 28.653463689000148], [84.704838074, 28.671068970000135], [84.69632257300003, 28.6717671990001], [84.68809583600017, 28.678795608000144], [84.67593064699997, 28.679012569000065], [84.66822983300017, 28.68337529100006], [84.6663908430001, 28.694216962000155], [84.65051529300013, 28.702381387], [84.650628638, 28.714397796000128], [84.64435292200017, 28.719920812000055], [84.64343142900003, 28.725212878000036], [84.62622342900016, 28.73645106300006], [84.60565744200005, 28.73340455300007], [84.59225585700005, 28.736570287000177], [84.57156266400006, 28.735147941000037], [84.567234294, 28.741466793000086], [84.55713440500006, 28.746934061000047], [84.55684609700018, 28.751329719000125]]]}, "properties": {"district": "Gorkha", "population": 258538, "events": 198, "deaths": 162, "missing": 32, "injured": 138, "houses_destroyed": 298, "severity_score": 1182.3, "by_hazard": {"landslide": 152, "flood": 35, "flash_flood": 0, "glof": 0, "debris_flow": 0, "avalanche": 11, "other": 0}, "first_year": 1974, "last_year": 2026, "deaths_per_100k": 62.66}}, {"type": "Feature", "geometry": {"type": "Polygon", "coordinates": [[[84.44169967700003, 28.510191523000117], [84.43237080500018, 28.51008162700009], [84.42284766500006, 28.503219655], [84.41681912600012, 28.490178488000026], [84.41567699100005, 28.471401049000065], [84.39800379900004, 28.456526104999966], [84.37313003500009, 28.461025097000118], [84.37131350900006, 28.45896806500008], [84.37416623600012, 28.45388882399999], [84.32789801700017, 28.452839591000156], [84.28808233100006, 28.444943462000083], [84.27870173100018, 28.44700693200008], [84.26890946800006, 28.456492784000147], [84.26620962100003, 28.451519129000133], [84.24628762000009, 28.44182424500019], [84.2447508240001, 28.424103828000113], [84.22950535100017, 28.415911696000137], [84.22444387800016, 28.40227803900018], [84.21391038100018, 28.391987174000178], [84.21223279200018, 28.38613767900017], [84.21713561700005, 28.37801730800004], [84.21753699900006, 28.360175934000154], [84.21051471600015, 28.35289323000012], [84.20437111000007, 28.337559208000016], [84.20539686100011, 28.32798303100003], [84.19795632400007, 28.32056033200007], [84.19555490700003, 28.305001579000134], [84.18747997700018, 28.296636143000057], [84.18668937600006, 28.291455101000167], [84.19630443400018, 28.277921047000177], [84.20544168300006, 28.27332779900013], [84.21086193200011, 28.265509034000047], [84.21403475500017, 28.244646788000125], [84.21096867600005, 28.23806152300017], [84.21339794400012, 28.236690624000175], [84.21273926900011, 28.228256127000122], [84.20846003500003, 28.21589717800009], [84.21026119200013, 28.211896568000043], [84.2051416170001, 28.203236518999972], [84.19054678300012, 28.196019998], [84.19421195100011, 28.188323941000135], [84.20567246000007, 28.18936747099997], [84.2091204300001, 28.183575427], [84.2186539010001, 28.180812644000127], [84.21323880200015, 28.1722818290001], [84.21964228600007, 28.16500484100004], [84.22086000700017, 28.149422272000095], [84.228483879, 28.13970852500006], [84.21877794900007, 28.132558950000146], [84.21728595300004, 28.123748973000147], [84.22319790600011, 28.1181217030001], [84.22915657400017, 28.101755092000133], [84.22565599100017, 28.0951120740001], [84.23026431000017, 28.08926555200003], [84.2317375770001, 28.078839831000096], [84.24119296800006, 28.08354787100012], [84.24542317000015, 28.082626586000174], [84.24783836700004, 28.087800095000034], [84.25312746900016, 28.08490481800004], [84.26370707100011, 28.093320543000118], [84.26914590100017, 28.090598125999975], [84.27776601400012, 28.092963428000132], [84.28118757100015, 28.0982357580001], [84.3049121310001, 28.108326296000087], [84.30943811200018, 28.10726252900008], [84.32936510200017, 28.124051150000184], [84.34055603000007, 28.121900843000162], [84.35899379500017, 28.129093618000127], [84.38877124400005, 28.126456268000027], [84.39556189500018, 28.129681094000034], [84.41919452400003, 28.117367071000047], [84.42188440800004, 28.119206549000182], [84.42712213000016, 28.111219592000054], [84.4434712850001, 28.10431368600007], [84.44303307300004, 28.099214081000127], [84.45756109800016, 28.090823376000174], [84.4686439030001, 28.07541747], [84.46701412100009, 28.069841445000066], [84.47396653400006, 28.067757800000038], [84.4746220340001, 28.061373037000124], [84.4819225490001, 28.05552235300013], [84.48799250900015, 28.06666182300006], [84.48391177900004, 28.076772271000095], [84.48768346900016, 28.076655162000122], [84.48582320800017, 28.08000076800016], [84.47978888500012, 28.080870292000156], [84.47807305400016, 28.089041068000142], [84.49773450900011, 28.08515386800019], [84.51307984500005, 28.08773470100016], [84.51900979300007, 28.09424377500011], [84.53013670000013, 28.099376620000157], [84.54205139900012, 28.100579959000186], [84.55096833400012, 28.109440120000045], [84.5495038140001, 28.113770830000078], [84.55388224100005, 28.116230367000128], [84.55199584700011, 28.120168044000025], [84.55587112000006, 28.121221763000108], [84.55617388200005, 28.124670082000023], [84.57404562500005, 28.130482479000193], [84.57600214100012, 28.138113260000182], [84.58677747700011, 28.142920318000165], [84.58534503800018, 28.146163814000147], [84.60104044400009, 28.15197742400011], [84.60925169100017, 28.159471822000057], [84.61187194100006, 28.172481942000047], [84.63281842000009, 28.188957303000166], [84.63990635900007, 28.20323875700018], [84.632783496, 28.22969881000006], [84.64046763900012, 28.245227223000143], [84.646269383, 28.250124815000163], [84.65136365000006, 28.264387861999978], [84.64631496000015, 28.29303806100006], [84.65484228100007, 28.312475635], [84.65972158500017, 28.31455915300012], [84.65847844000007, 28.323185227000067], [84.66325195700006, 28.321797245000027], [84.66755300500012, 28.327743343000122], [84.669270154, 28.342184377000024], [84.68035522200006, 28.342786009000065], [84.69443487500018, 28.36154329800013], [84.67619005600005, 28.376409207999984], [84.675700076, 28.3871319160001], [84.66023204600003, 28.40903854800007], [84.64690206100016, 28.41854590000014], [84.63729927800011, 28.439109001000077], [84.62140637300007, 28.449253001000045], [84.6127606280001, 28.44751226300008], [84.5984404460001, 28.451990867000063], [84.5921126770001, 28.46607760800009], [84.58294085500012, 28.47702696099998], [84.56801698300006, 28.482757006999975], [84.55056762200019, 28.471422739000104], [84.53112675400013, 28.47293708700016], [84.50890103600005, 28.46430956100005], [84.49061666800014, 28.46154094300016], [84.48624775000013, 28.470506057000136], [84.47929856200017, 28.47308895700013], [84.47035284800018, 28.483547295], [84.46126983500017, 28.500103266], [84.44169967700003, 28.510191523000117]]]}, "properties": {"district": "Lamjung", "population": 160606, "events": 211, "deaths": 95, "missing": 13, "injured": 74, "houses_destroyed": 253, "severity_score": 685.3, "by_hazard": {"landslide": 166, "flood": 45, "flash_flood": 0, "glof": 0, "debris_flow": 0, "avalanche": 0, "other": 0}, "first_year": 1972, "last_year": 2026, "deaths_per_100k": 59.15}}, {"type": "Feature", "geometry": {"type": "Polygon", "coordinates": [[[84.18698087000018, 28.899552772000106], [84.17834746200015, 28.896024084000146], [84.17001951500004, 28.881634343000144], [84.15753015700017, 28.872184059000176], [84.14625525800011, 28.88017111700003], [84.13838280400012, 28.87930131500019], [84.13051012900007, 28.88856814500008], [84.11527644, 28.880975431000138], [84.09568665800009, 28.887329811000143], [84.0937762260001, 28.881158497], [84.08989260100003, 28.879327163000028], [84.09160431000015, 28.873402045000034], [84.08419227899998, 28.865989602000013], [84.08896167500012, 28.855356840000127], [84.08482466900011, 28.849548511000137], [84.07713106500017, 28.847279071000116], [84.07202362300018, 28.84168506000009], [84.0606429660001, 28.83905102400007], [84.0517024450001, 28.842556264000052], [84.04576871200004, 28.830189241000085], [84.04726386300007, 28.822493969000163], [84.03678198400007, 28.813088268000058], [84.02517209700005, 28.810139798000023], [84.02313507100007, 28.801904374], [84.01469818900011, 28.797487219], [84.00456762800007, 28.80173051600019], [83.9949098670001, 28.813346956000146], [83.96750106400003, 28.817145598000025], [83.95967400600011, 28.833848501000148], [83.95024729300002, 28.834719883000105], [83.93816983300013, 28.824651756000094], [83.94025488200009, 28.820158615000025], [83.93750173100011, 28.812293351000108], [83.94209882900014, 28.80631434000003], [83.93881900800011, 28.788419271000066], [83.92318103600013, 28.779827195000053], [83.90742848700012, 28.77843851500012], [83.89721427000012, 28.77048352500003], [83.89057799500017, 28.751175185000136], [83.89106636600019, 28.743681905000074], [83.87866276500017, 28.737750391000077], [83.87201868000017, 28.727081549000047], [83.86400135700018, 28.72271399100015], [83.84501141300012, 28.72695476900003], [83.830157955, 28.718878770000174], [83.82225416500012, 28.718044551000162], [83.81903317700005, 28.714093091000052], [83.81297537700016, 28.71439025600006], [83.78914676000005, 28.693180269000038], [83.81307352600015, 28.68176663500003], [83.84968312100011, 28.65368747900004], [83.87147028300018, 28.613220087000172], [83.88740908500017, 28.606746123000107], [83.92489238600012, 28.605492970000057], [83.93890334600013, 28.601053477000164], [83.96366599300006, 28.605231374000084], [83.97898274700015, 28.59625587900007], [83.98945090100011, 28.584381695000047], [84.0133603810001, 28.587142708000158], [84.03083046600005, 28.572550572000182], [84.05972427700004, 28.563395190000108], [84.07161693800003, 28.54812552500016], [84.08513213900017, 28.538426066000056], [84.12436682900017, 28.534625992000088], [84.13726318700014, 28.539317338000103], [84.1399667020001, 28.53322112500007], [84.16234670700004, 28.51211860000012], [84.18519545600009, 28.506088461000104], [84.188971122, 28.489075319000165], [84.21827138900005, 28.485618116000182], [84.22616443600003, 28.48069619300003], [84.23327841300005, 28.483939578000047], [84.26639980100015, 28.480289455000104], [84.27396441400015, 28.471327145000032], [84.27858149600007, 28.470776334000163], [84.26890946800006, 28.456492784000147], [84.28037458100005, 28.446419201000026], [84.29095194100017, 28.445192299000155], [84.29695143900005, 28.448597152000048], [84.30281981600007, 28.446851594], [84.32789801700017, 28.452839591000156], [84.37416623600012, 28.45388882399999], [84.37131350900006, 28.45896806500008], [84.37313003500009, 28.461025097000118], [84.39800379900004, 28.456526104999966], [84.41567699100005, 28.471401049000065], [84.41705739200012, 28.490863554000043], [84.42284766500006, 28.503219655], [84.43237080500018, 28.51008162700009], [84.44464880300018, 28.50926371800017], [84.46126983500017, 28.500103266], [84.47035284800018, 28.483547295], [84.47929856200017, 28.47308895700013], [84.48624775000013, 28.470506057000136], [84.49061666800014, 28.46154094300016], [84.50890103600005, 28.46430956100005], [84.53112675400013, 28.47293708700016], [84.55056762200019, 28.471422739000104], [84.56392949900004, 28.47825765500005], [84.56801698300006, 28.482757006999975], [84.56458753800007, 28.486895195000102], [84.56691242500011, 28.495124175000058], [84.56489381500006, 28.5011379070001], [84.57043719500007, 28.510003134000044], [84.56692318600005, 28.523539847], [84.55990105100017, 28.532779952000112], [84.55930925700005, 28.550101118999976], [84.54736313600006, 28.554566888000124], [84.55167389700017, 28.559187603000055], [84.54741565000018, 28.562272877000055], [84.55065536200016, 28.5699276740001], [84.54897491700012, 28.583652711000127], [84.541308126, 28.598340123000185], [84.54262288700016, 28.62724651700006], [84.53614463100007, 28.633045193000044], [84.53129961800005, 28.646313156000133], [84.51865038100016, 28.651823692000107], [84.5220673010001, 28.663234398999975], [84.51251860900015, 28.67356223600018], [84.51430380500005, 28.68516427300011], [84.52018823000014, 28.689676149000036], [84.51990479000011, 28.69442808700012], [84.50087143700011, 28.698772558000144], [84.48913374900008, 28.713830615000177], [84.48174207900007, 28.718386950000138], [84.49176362900005, 28.73470588300006], [84.48070579100016, 28.7466556710001], [84.46029499400004, 28.751277907000087], [84.4517929050001, 28.764749348000123], [84.4364739880001, 28.76932279800019], [84.44582057200006, 28.782489006000105], [84.445248107, 28.79314764900016], [84.43194077600003, 28.80142248300001], [84.42950390900012, 28.813280298000166], [84.43520685300018, 28.820857516000046], [84.42737566000017, 28.823535390000075], [84.41877126700007, 28.831545827000014], [84.40830854700005, 28.828681412000094], [84.40050687400014, 28.830213954000044], [84.39922670600009, 28.83727853800019], [84.40755902600011, 28.842927100000168], [84.40908765699999, 28.85332417800015], [84.37513979400018, 28.86437734700013], [84.35689210499999, 28.859339937000072], [84.343021115, 28.872931339], [84.33319248900017, 28.86465217900013], [84.32350214800016, 28.862652325000056], [84.31550275800015, 28.869772666000074], [84.3085545140001, 28.86935564999999], [84.28769984200011, 28.87691604700018], [84.28385048700005, 28.882647272000042], [84.27390611400011, 28.88667648800015], [84.2719777420001, 28.8927441510001], [84.2654450120001, 28.897742585000117], [84.25274925800005, 28.890232497000113], [84.22579111900018, 28.89396639300014], [84.22021204000015, 28.891575343000056], [84.18698087000018, 28.899552772000106]]]}, "properties": {"district": "Manang", "population": 5768, "events": 67, "deaths": 85, "missing": 2, "injured": 19, "houses_destroyed": 83, "severity_score": 475.6, "by_hazard": {"landslide": 31, "flood": 20, "flash_flood": 0, "glof": 0, "debris_flow": 0, "avalanche": 16, "other": 0}, "first_year": 1972, "last_year": 2026, "deaths_per_100k": 1473.65}}, {"type": "Feature", "geometry": {"type": "Polygon", "coordinates": [[[83.87440288700014, 28.61323638300007], [83.85775827000009, 28.60924947799998], [83.82973189000006, 28.59537010400004], [83.81921305500003, 28.595311378000133], [83.80917496000018, 28.58967579200015], [83.80179134200017, 28.57987881700018], [83.8069936010001, 28.563704252000093], [83.827547165, 28.541844514000104], [83.82854043800006, 28.534270157000037], [83.81345667100015, 28.518194506000157], [83.80148096400006, 28.515404880000062], [83.78180181700009, 28.496049953000124], [83.77243745900012, 28.48040060400018], [83.75214498400004, 28.47195479900006], [83.75339378300009, 28.458335310000052], [83.73639678600017, 28.438398792000157], [83.73734489200012, 28.433126038000182], [83.73173878400007, 28.420206313000108], [83.74519339600005, 28.402628441000047], [83.75718441600009, 28.405479372000116], [83.75914658099998, 28.393628669], [83.71271290500016, 28.395443827000122], [83.70050267000016, 28.39848566900008], [83.70499309600007, 28.387856145000057], [83.72301818500017, 28.37517677400018], [83.71844925100015, 28.368221146000053], [83.72752364800016, 28.35637961800012], [83.72599025500006, 28.34894283200009], [83.73758469200004, 28.343140669000093], [83.74643944600012, 28.327543355000103], [83.77434526700006, 28.308991235], [83.76147269600017, 28.292870183000048], [83.77438380600012, 28.285277891000135], [83.76550354100016, 28.273847289000116], [83.8008075140001, 28.260588055000085], [83.82053250500013, 28.260098726000024], [83.82242394400004, 28.25060761800006], [83.79826988100018, 28.228482618000157], [83.8109150680001, 28.21884019400011], [83.81664673100016, 28.20997484000003], [83.82407014800003, 28.214275631000135], [83.83714487700013, 28.212225212000078], [83.84663143600017, 28.199103492000063], [83.85592704400011, 28.193967419000103], [83.87049801800009, 28.19763013200003], [83.87732696100016, 28.192300723000017], [83.89075555500011, 28.194538861000126], [83.89804411, 28.190009762000102], [83.90525634500017, 28.17704236600008], [83.92344214700012, 28.16843312499998], [83.92705688600017, 28.160561334000192], [83.92237724600005, 28.15529523600003], [83.92341416000005, 28.149605894], [83.93014350100003, 28.143876708000107], [83.95541383900013, 28.13925771800018], [83.96047906100017, 28.14102582600009], [83.96075544700011, 28.138724727000067], [83.96841245200017, 28.14342161100018], [83.98002183700015, 28.14333355499997], [83.97990854500017, 28.140019292000147], [83.99038613900007, 28.137186778000057], [83.98999343100007, 28.134659876000057], [84.00184140100004, 28.13189200500011], [83.99874708800007, 28.121628885000064], [84.00984539500001, 28.110438201000136], [84.01486953600016, 28.110367788000076], [84.01225611000012, 28.10558505400013], [84.02691871300016, 28.105397931000027], [84.02561476500006, 28.096168371000033], [84.0303695500001, 28.100007350000112], [84.04177388000011, 28.094867122999972], [84.037613319, 28.091506736000042], [84.04759326000004, 28.08411250200004], [84.05818882200009, 28.088182991999986], [84.06957308, 28.077664127000162], [84.07883918100009, 28.091511773000036], [84.08765518299998, 28.094951541000057], [84.09348503600017, 28.103699219000134], [84.1050279800001, 28.110438920000092], [84.11414847800012, 28.106009656000083], [84.14462384100005, 28.106091455000183], [84.15832213300013, 28.097146547000136], [84.16571456800011, 28.100894266000125], [84.17897110100012, 28.10120701500017], [84.1824722390001, 28.096076535000066], [84.1911831060001, 28.094611684000085], [84.19668850100004, 28.097360900000183], [84.21122611400006, 28.09466806600011], [84.21890648300018, 28.099842848000037], [84.22588044500009, 28.095831387000032], [84.22915657400017, 28.101755092000133], [84.22319790600011, 28.1181217030001], [84.21728595300004, 28.123748973000147], [84.21877794900007, 28.132558950000146], [84.22732915800015, 28.136626347000174], [84.22848230000017, 28.14047333000002], [84.22086000700017, 28.149422272000095], [84.21964228600007, 28.16500484100004], [84.21323880200015, 28.1722818290001], [84.2186539010001, 28.180812644000127], [84.2091204300001, 28.183575427], [84.20567246000007, 28.18936747099997], [84.19421195100011, 28.188323941000135], [84.19054678300012, 28.196019998], [84.20138176000017, 28.199519544000054], [84.21026119200013, 28.211896568000043], [84.20846003500003, 28.21589717800009], [84.21339794400012, 28.236690624000175], [84.21096867600005, 28.23806152300017], [84.21405551300012, 28.244186518000106], [84.21086193200011, 28.265509034000047], [84.20544168300006, 28.27332779900013], [84.19630443400018, 28.277921047000177], [84.18673336300003, 28.291825005000078], [84.18747997700018, 28.296636143000057], [84.19555490700003, 28.305001579000134], [84.19795632400007, 28.32056033200007], [84.20539686100011, 28.32798303100003], [84.20437111000007, 28.337559208000016], [84.21051471600015, 28.35289323000012], [84.21753699900006, 28.360175934000154], [84.21713561700005, 28.37801730800004], [84.21223279200018, 28.38613767900017], [84.2148913960001, 28.39394163900016], [84.22444387800016, 28.40227803900018], [84.22950535100017, 28.415911696000137], [84.2447508240001, 28.424103828000113], [84.24628762000009, 28.44182424500019], [84.26620962100003, 28.451519129000133], [84.26957485200006, 28.460698914000034], [84.27858149600007, 28.470776334000163], [84.27396441400015, 28.471327145000032], [84.26161322100006, 28.481943351000155], [84.25448122600017, 28.47960382100007], [84.23327841300005, 28.483939578000047], [84.22616443600003, 28.48069619300003], [84.21827138900005, 28.485618116000182], [84.188971122, 28.489075319000165], [84.18519545600009, 28.506088461000104], [84.16234670700004, 28.51211860000012], [84.1399667020001, 28.53322112500007], [84.13726318700014, 28.539317338000103], [84.12436682900017, 28.534625992000088], [84.08513213900017, 28.538426066000056], [84.07161693800003, 28.54812552500016], [84.05972427700004, 28.563395190000108], [84.03083046600005, 28.572550572000182], [84.0133603810001, 28.587142708000158], [83.98945090100011, 28.584381695000047], [83.97898274700015, 28.59625587900007], [83.96388746400004, 28.605163758000174], [83.93890334600013, 28.601053477000164], [83.92489238600012, 28.605492970000057], [83.88740908500017, 28.606746123000107], [83.87440288700014, 28.61323638300007]]]}, "properties": {"district": "Kaski", "population": 645341, "events": 361, "deaths": 393, "missing": 65, "injured": 148, "houses_destroyed": 179, "severity_score": 2498.2, "by_hazard": {"landslide": 231, "flood": 115, "flash_flood": 0, "glof": 0, "debris_flow": 0, "avalanche": 15, "other": 0}, "first_year": 1972, "last_year": 2026, "deaths_per_100k": 60.9}}, {"type": "Feature", "geometry": {"type": "Polygon", "coordinates": [[[84.41919452400003, 28.117367071000047], [84.3949984090001, 28.129732343000114], [84.38877124400005, 28.126456268000027], [84.35899379500017, 28.129093618000127], [84.34055603000007, 28.121900843000162], [84.32936510200017, 28.124051150000184], [84.30943811200018, 28.10726252900008], [84.3049121310001, 28.108326296000087], [84.28118757100015, 28.0982357580001], [84.27776601400012, 28.092963428000132], [84.26914590100017, 28.090598125999975], [84.26370707100011, 28.093320543000118], [84.25312746900016, 28.08490481800004], [84.24783836700004, 28.087800095000034], [84.24566069900015, 28.082759327000076], [84.24119296800006, 28.08354787100012], [84.23242105300017, 28.078662670000085], [84.22572762600015, 28.09712670500005], [84.21933517600007, 28.099817295000094], [84.20942079900016, 28.094382001000156], [84.19686022800016, 28.097358403000044], [84.1911831060001, 28.094611684000085], [84.18277101500013, 28.095961051000074], [84.17897110100012, 28.10120701500017], [84.16571456800011, 28.100894266000125], [84.15832213300013, 28.097146547000136], [84.14462384100005, 28.106091455000183], [84.11414847800012, 28.106009656000083], [84.10562752400011, 28.110465553000097], [84.09348503600017, 28.103699219000134], [84.08765518299998, 28.094951541000057], [84.07883918100009, 28.091511773000036], [84.06957308, 28.077664127000162], [84.05818882200009, 28.088182991999986], [84.055052547, 28.0885768440001], [84.05096938300005, 28.083511174000023], [84.047073448, 28.084392469000193], [84.037613319, 28.091506736000042], [84.04201385400006, 28.094639210000025], [84.03244078600005, 28.099438310000096], [84.028828073, 28.09983846500012], [84.02581155600012, 28.095981079000126], [84.02691871300016, 28.105397931000027], [84.01238678099998, 28.10549256500019], [84.01486953600016, 28.110367788000076], [84.00984539500001, 28.110438201000136], [84.00628788700004, 28.115756099000123], [83.99827837800018, 28.113554233], [83.99293250000017, 28.108895131000168], [83.99496648700017, 28.102345695000054], [83.99216954600007, 28.099432914000033], [83.98190642200018, 28.099251516000095], [83.97311002900005, 28.090363118000084], [83.96073095400016, 28.086346470000137], [83.95894708300006, 28.07946469], [83.96923366900012, 28.07514918200019], [83.94967295300012, 28.06681824900005], [83.93953196600012, 28.068373196000152], [83.94102553300013, 28.06145872000002], [83.94741876000006, 28.051256808000062], [83.95482647000011, 28.050550991000023], [83.96355773300019, 28.038690765000126], [83.98038538200012, 28.037478144999966], [83.99529232000003, 28.046977836000053], [83.99728137700004, 28.034226146000094], [84.01034461100011, 28.02907275800004], [84.01711704700006, 28.030732593000153], [84.03183299700015, 28.019428911000148], [84.02452109600006, 28.01353732800004], [84.00603218300017, 28.01385750300011], [84.0023565140001, 28.0063806820001], [83.99195103500006, 28.006130039000084], [83.99116570800015, 27.99967061000001], [83.97926178000006, 27.997537301000193], [83.97964166800006, 27.972764608000148], [83.9669004160001, 27.958081233000144], [83.97025041300009, 27.94844809400007], [83.96919728000006, 27.937300083000025], [83.97423162600006, 27.930137748000107], [83.97327890300016, 27.922719215000143], [83.97805363800012, 27.91668702400011], [83.97800765, 27.91014861399998], [83.97405301800018, 27.902630293000072], [83.95389444100016, 27.897347761000162], [83.95180288000006, 27.88938038400005], [83.94642093500016, 27.894371411000122], [83.94086242900016, 27.894281081000088], [83.93646267399998, 27.88648177900012], [83.93831947600017, 27.880871440000192], [83.94783137200005, 27.869560486000125], [83.95816604900011, 27.87297534200019], [83.96798716700005, 27.870234494999977], [83.9714317850001, 27.872579464000125], [83.97833612, 27.866051225000092], [83.99453064900013, 27.86600998700004], [83.99915856500007, 27.85502461300007], [84.01845282400018, 27.85088098300008], [84.02209853200003, 27.853558611000096], [84.01525040700017, 27.858640481000123], [84.02078166600012, 27.861839031000102], [84.02733652200016, 27.856605732000048], [84.0400765710001, 27.856677115000025], [84.04042915800005, 27.850032470000144], [84.04292228700018, 27.85503599700013], [84.04865344000018, 27.856056121000165], [84.05353443100017, 27.84905101900017], [84.06821793600017, 27.85703609500007], [84.07138616500004, 27.86497630500014], [84.07854923600019, 27.863641228000063], [84.07738371900012, 27.869099653999967], [84.08035280800004, 27.86979963800019], [84.10075059600001, 27.866336527000044], [84.09558607100018, 27.858373537000034], [84.10253508900013, 27.854948144000048], [84.10905414300004, 27.861756886000137], [84.11667903600005, 27.85078774699997], [84.12112288000003, 27.853947096000184], [84.12004984300017, 27.859800738000104], [84.12659116900016, 27.85917433700007], [84.12883537400012, 27.852872942000147], [84.12059150000016, 27.848383776000105], [84.12460602300001, 27.845616340000106], [84.14309377500012, 27.850298089000148], [84.15566770200013, 27.84825391300012], [84.15609188300016, 27.839612135000095], [84.16257947900016, 27.84157656200017], [84.16244545500007, 27.84679309000012], [84.16934212100011, 27.845609308000064], [84.17322815400007, 27.85236407400015], [84.1907225010001, 27.84655387900017], [84.20208368100003, 27.852376725], [84.2073014230001, 27.849336645], [84.20590056800012, 27.842130210000164], [84.20939292300017, 27.838706762000072], [84.211750945, 27.84057581800016], [84.20999672700003, 27.844353139000134], [84.213446911, 27.846491251000145], [84.21833970700004, 27.845955628000127], [84.22534409200006, 27.836558587000013], [84.22861413900017, 27.84036392200005], [84.22760510500012, 27.84564961800004], [84.24006130000004, 27.846594171000106], [84.24573356900015, 27.84536581100008], [84.25256817700006, 27.83838411200003], [84.26575003900007, 27.83870229700011], [84.26745868800009, 27.83244707400013], [84.27244619400011, 27.836403673000177], [84.29123747200009, 27.83786115900017], [84.29996999600019, 27.822705665000115], [84.3056233210001, 27.818803545000037], [84.30080466200013, 27.815242538000177], [84.30168166900012, 27.809137602000078], [84.29795628500011, 27.80641791100004], [84.2999893010001, 27.79231446300014], [84.313760048, 27.785359561000064], [84.3182187430001, 27.77429844100004], [84.31554632500013, 27.76327395100003], [84.32187787800007, 27.75922298100005], [84.32602680400015, 27.7479998070001], [84.33313927100005, 27.749140320000095], [84.33986004600001, 27.743932396000105], [84.34377837700015, 27.751115564000088], [84.35163550400017, 27.74885539500002], [84.36062908600019, 27.7535364310001], [84.36765334799998, 27.774435292000078], [84.37836720100017, 27.779124106000097], [84.39200789799997, 27.775469407000116], [84.40613486200004, 27.76175599400011], [84.41739898400016, 27.759017298000174], [84.41987662400015, 27.75432813600014], [84.41770308300016, 27.74915219000019], [84.42405848900006, 27.746075694000183], [84.42192493400017, 27.741258468000012], [84.43693546800012, 27.74277088900004], [84.45044283300012, 27.759276813000042], [84.45756463500015, 27.759280553], [84.47056192800005, 27.75212084600014], [84.47044282700006, 27.760852747000058], [84.46136766000018, 27.772938200000056], [84.45180014900018, 27.777644622000082], [84.43921936900017, 27.778400411000177], [84.43115733100012, 27.786812024000085], [84.43265514600017, 27.813340163000078], [84.44568508700013, 27.8230949980001], [84.4648103780001, 27.81886031600004], [84.46603404100017, 27.824331969000013], [84.51698087000011, 27.816082545000143], [84.5218440750001, 27.8322544830001], [84.5459979360001, 27.831716615000175], [84.55505846000017, 27.835739278000176], [84.55874156100015, 27.858369428000174], [84.54731667300007, 27.86299519900018], [84.55219193700003, 27.870093891000067], [84.54447434700006, 27.869790667000075], [84.54062342300011, 27.87575531599998], [84.54498092800014, 27.880582079000135], [84.54044330500011, 27.885502563000102], [84.54019772600014, 27.89689253299997], [84.54528457200007, 27.90482759000008], [84.53753695100016, 27.90909057900012], [84.54004952800017, 27.91334030000013], [84.5384002880001, 27.917392033000056], [84.53273276100003, 27.912910781], [84.52294857800007, 27.915242785000032], [84.51706323100012, 27.912476437000123], [84.513032409, 27.917687339000167], [84.51000408600004, 27.913601469000128], [84.5013401980001, 27.915550964000033], [84.50057994600007, 27.91757977000003], [84.50793648500007, 27.919671328000106], [84.50643736600011, 27.922966319000125], [84.48363861000007, 27.927977931000044], [84.48164716100007, 27.93228057300007], [84.47329220400019, 27.935641883000187], [84.47385304700015, 27.939574663000144], [84.46343122600018, 27.943675684000084], [84.45823257300003, 27.94215667400016], [84.45368984500004, 27.949228900000037], [84.44915367900006, 27.950202612000112], [84.4431228680001, 27.946662020000076], [84.42697848600017, 27.951320023000108], [84.42081381300017, 27.957658484000092], [84.42237335400017, 27.96305942600003], [84.41873559600009, 27.969563711000035], [84.42073638700015, 27.977652616000057], [84.42768572900013, 27.986039788000028], [84.43968645799998, 27.98828740800019], [84.43790991500003, 27.99301289100009], [84.44300966800017, 27.99266040600014], [84.45305799300013, 28.00323364700006], [84.45707926500017, 28.003673868000135], [84.45942714600017, 28.023682282000095], [84.46405213300011, 28.028208325000037], [84.46148325700005, 28.038561224000148], [84.46808666600009, 28.045435810000185], [84.46597341500012, 28.050726790000056], [84.47184254200016, 28.051401621000025], [84.47750893000006, 28.05812101500004], [84.47396653400006, 28.067757800000038], [84.46688093800014, 28.07006976400004], [84.46956162900017, 28.07207982600005], [84.46563965700005, 28.081559760000175], [84.46034325500005, 28.08418341600003], [84.45732045500006, 28.09106783600015], [84.45142076300004, 28.092400420000104], [84.45215073800011, 28.095705469000052], [84.44303307300004, 28.099214081000127], [84.4434712850001, 28.10431368600007], [84.42712213000016, 28.111219592000054], [84.42188440800004, 28.119206549000182], [84.41919452400003, 28.117367071000047]]]}, "properties": {"district": "Tanahu", "population": 334431, "events": 190, "deaths": 204, "missing": 44, "injured": 112, "houses_destroyed": 265, "severity_score": 1520.9, "by_hazard": {"landslide": 125, "flood": 65, "flash_flood": 0, "glof": 0, "debris_flow": 0, "avalanche": 0, "other": 0}, "first_year": 1971, "last_year": 2026, "deaths_per_100k": 61.0}}, {"type": "Feature", "geometry": {"type": "Polygon", "coordinates": [[[83.8109150680001, 28.21884019400011], [83.80348882800007, 28.221257232000028], [83.79930107600018, 28.20898259100005], [83.78771569100019, 28.20279022000011], [83.78314498700018, 28.19679987900014], [83.77203494400015, 28.198381371000096], [83.76405270400011, 28.191992137000113], [83.75615579900017, 28.190252420000093], [83.75741817100015, 28.181911635], [83.76592963600018, 28.1705760480001], [83.76032271100013, 28.16378676200003], [83.76431024300001, 28.154381179000154], [83.75934076100009, 28.14612884899998], [83.73067212700016, 28.147986414000115], [83.70872560900011, 28.130330419000074], [83.70519069500017, 28.11846025300008], [83.72992978700006, 28.101414377000083], [83.72276294000011, 28.097930205000125], [83.71726371000017, 28.090042959000186], [83.70351279700009, 28.0902439730001], [83.71047426000013, 28.08310241700019], [83.70830888600017, 28.076000092000072], [83.71258861100017, 28.063582402000065], [83.70228427600011, 28.052665610000076], [83.6938890940001, 28.05234482000003], [83.69155313000005, 28.047369359000186], [83.69379138500005, 28.04161897800003], [83.68839398600016, 28.038236200000085], [83.69110811000019, 28.032647060000045], [83.69775134100018, 28.03293938900015], [83.69347665800007, 28.0269308660001], [83.68898403100002, 28.028921927000113], [83.68605829600017, 28.02274250400012], [83.678421157, 28.01825547900006], [83.6558140620001, 28.01174371400009], [83.63497098600004, 28.017580609000163], [83.62723982000017, 28.01196018500019], [83.62698485900012, 28.005437022000024], [83.61484092100005, 28.011829003000173], [83.60480257400019, 28.01199002000004], [83.60320308100012, 27.997223520000034], [83.59328706200006, 27.989386075000027], [83.58402621500005, 27.987431670000092], [83.58510111600009, 27.978857088999973], [83.57899430000015, 27.979312327000173], [83.5772172, 27.97428244300005], [83.55861357800018, 27.973650961000033], [83.54985756200006, 27.976749607000045], [83.54551394800006, 27.97095512700008], [83.52173795800013, 27.963862463000112], [83.50995645600017, 27.967891103000056], [83.50028982300017, 27.976840203999984], [83.48307165900019, 27.981739994000066], [83.46653759200018, 27.964167206000184], [83.46148659500017, 27.953816754000172], [83.44337544700016, 27.944778856000028], [83.44530092200006, 27.939295258000186], [83.44004688000018, 27.932789892000187], [83.44880660300015, 27.928419048000023], [83.45254664500015, 27.932655158000046], [83.46038506200006, 27.934355625000137], [83.46814458000011, 27.92822205200008], [83.48376103800007, 27.922659172000067], [83.49037065000005, 27.92911831300006], [83.50581334500015, 27.92850679500009], [83.50969655200015, 27.932906581000168], [83.50280051800013, 27.937076034000086], [83.50860073100017, 27.940742729000135], [83.51625290000015, 27.937331532000087], [83.52396962800003, 27.924080976000084], [83.53051259500006, 27.93208341500008], [83.53089559200004, 27.93912622000005], [83.53669348200015, 27.93704081200019], [83.53781238500005, 27.928038020000088], [83.54834991100012, 27.92806624400015], [83.55975137800016, 27.93482193400007], [83.56550836200006, 27.934607855000024], [83.57090903600016, 27.94298605500012], [83.57629249500019, 27.93718185200015], [83.5745104940001, 27.930189082000084], [83.59284614600017, 27.931140219000042], [83.6005870780001, 27.92333173300017], [83.61067206900009, 27.925124978000156], [83.61632370600006, 27.930544326000188], [83.62027263400017, 27.92643100900011], [83.626034495, 27.92601807500006], [83.6208980990001, 27.917606630000137], [83.63339062199998, 27.91410276700003], [83.63135872300018, 27.910164840999983], [83.63419918100004, 27.899302181000053], [83.640908351, 27.90234538500016], [83.64465355000004, 27.89849029100003], [83.64892790400017, 27.90229614000009], [83.65485967000018, 27.902435157000127], [83.66574799700004, 27.919737511000164], [83.67554334500011, 27.92744765600014], [83.68188425200015, 27.92410530500007], [83.67944590700006, 27.92005882100011], [83.68293907700007, 27.916362273000118], [83.68931857600012, 27.92386057000016], [83.69821696100013, 27.91693133600006], [83.71092608300012, 27.91653894400008], [83.71899749400012, 27.920163243000047], [83.7230197070001, 27.91378188400006], [83.74289776100011, 27.900035189000164], [83.74739513300005, 27.90135882600015], [83.74241398500004, 27.904598519000047], [83.74462743500004, 27.90790569100011], [83.75699537800011, 27.903063761000055], [83.756064944, 27.909144759000185], [83.7621536050001, 27.90991572500019], [83.77494940700012, 27.903283766000072], [83.78847909000001, 27.885433910000017], [83.79727797400011, 27.882437373000187], [83.80710690200016, 27.873185249000073], [83.82080048400019, 27.877716117000148], [83.83582451100011, 27.86977724899998], [83.84539250700004, 27.86844809200005], [83.84733909100015, 27.872556564000035], [83.84354362099998, 27.879467557000112], [83.84508786300006, 27.881576586999984], [83.8509108930001, 27.881231032000073], [83.85148144900006, 27.874539700000128], [83.85826850100011, 27.873509088000162], [83.86100634700017, 27.882290715000124], [83.87743608200003, 27.88831905300009], [83.8808805540001, 27.882295776000092], [83.89226364600012, 27.886072990000173], [83.91001683100006, 27.880212862000064], [83.91367001800006, 27.87771983300013], [83.91062352600011, 27.872661741000115], [83.92465418000012, 27.868193804000157], [83.9369079760001, 27.877768510000124], [83.94214256500004, 27.875952319000078], [83.93653062500005, 27.88533563300018], [83.94086242900016, 27.894281081000088], [83.94642093500016, 27.894371411000122], [83.95180288000006, 27.88938038400005], [83.95389444100016, 27.897347761000162], [83.97405301800018, 27.902630293000072], [83.97800765, 27.91014861399998], [83.97805363800012, 27.91668702400011], [83.97327890300016, 27.922719215000143], [83.97423162600006, 27.930137748000107], [83.96919728000006, 27.937300083000025], [83.97025041300009, 27.94844809400007], [83.9669004160001, 27.958081233000144], [83.97964166800006, 27.972764608000148], [83.97926178000006, 27.997537301000193], [83.99116570800015, 27.99967061000001], [83.99195103500006, 28.006130039000084], [84.0023565140001, 28.0063806820001], [84.00603218300017, 28.01385750300011], [84.02452109600006, 28.01353732800004], [84.03183299700015, 28.019428911000148], [84.01711704700006, 28.030732593000153], [84.01034461100011, 28.02907275800004], [83.99728137700004, 28.034226146000094], [83.99529232000003, 28.046977836000053], [83.98038538200012, 28.037478144999966], [83.96355773300019, 28.038690765000126], [83.95482647000011, 28.050550991000023], [83.94741876000006, 28.051256808000062], [83.94102553300013, 28.06145872000002], [83.93953196600012, 28.068373196000152], [83.94967295300012, 28.06681824900005], [83.96931953100017, 28.075243987000135], [83.95871323199998, 28.07979184300018], [83.96176248300014, 28.087316836000127], [83.97311002900005, 28.090363118000084], [83.98190642200018, 28.099251516000095], [83.989618098, 28.098259541000175], [83.99490100100007, 28.10211784000012], [83.99293250000017, 28.108895131000168], [84.00469590800003, 28.115925372], [83.99874708800007, 28.121628885000064], [84.00264494400017, 28.130759370000078], [83.97999578600019, 28.139953924000054], [83.97967088100006, 28.143419230000063], [83.96841245200017, 28.14342161100018], [83.96075544700011, 28.138724727000067], [83.96047906100017, 28.14102582600009], [83.95541383900013, 28.13925771800018], [83.93053470100006, 28.143678420000185], [83.92341416000005, 28.149605894], [83.92237724600005, 28.15529523600003], [83.92705688600017, 28.160561334000192], [83.92344214700012, 28.16843312499998], [83.90525634500017, 28.17704236600008], [83.89804411, 28.190009762000102], [83.89075555500011, 28.194538861000126], [83.87732696100016, 28.192300723000017], [83.87049801800009, 28.19763013200003], [83.85592704400011, 28.193967419000103], [83.84663143600017, 28.199103492000063], [83.83770462000012, 28.211961933000055], [83.82407014800003, 28.214275631000135], [83.81664673100016, 28.20997484000003], [83.8109150680001, 28.21884019400011]]]}, "properties": {"district": "Syangja", "population": 258277, "events": 231, "deaths": 232, "missing": 28, "injured": 149, "houses_destroyed": 1080, "severity_score": 1774.3, "by_hazard": {"landslide": 176, "flood": 55, "flash_flood": 0, "glof": 0, "debris_flow": 0, "avalanche": 0, "other": 0}, "first_year": 1972, "last_year": 2026, "deaths_per_100k": 89.83}}, {"type": "Feature", "geometry": {"type": "Polygon", "coordinates": [[[83.69941766900018, 28.39961592300017], [83.68790048199997, 28.39876425500006], [83.67805302500011, 28.37869436400007], [83.67943180200007, 28.37135430400008], [83.66239760700012, 28.348913139000047], [83.64977735800011, 28.352197702000126], [83.64946050200001, 28.356453998], [83.633955576, 28.366114123000045], [83.62658502, 28.380796544000134], [83.59666138199998, 28.391677705000063], [83.59256869000012, 28.39134067100008], [83.58388044500003, 28.380736], [83.56953418699999, 28.37442428700018], [83.56661443299998, 28.36621673899998], [83.56530163200017, 28.35578079400011], [83.56846007900015, 28.340425116], [83.57293910800007, 28.340177522000147], [83.57487615600013, 28.33415772500007], [83.59077371000012, 28.321658364000143], [83.60070557600011, 28.308693075000065], [83.60034819900017, 28.289281085000084], [83.60762131100012, 28.284925471000122], [83.60508181200004, 28.270718661000046], [83.61059858800013, 28.2668292890001], [83.60986765600006, 28.259036986000126], [83.61594774100013, 28.257714202000102], [83.62325453200015, 28.2504204170001], [83.62952444000001, 28.25046913700004], [83.63049895200004, 28.246406334000085], [83.63518938500005, 28.246477589], [83.64848753100006, 28.23751980000003], [83.65726992000015, 28.237318770000115], [83.66001437500012, 28.230541616000153], [83.66784270100015, 28.230477370000187], [83.67409016700014, 28.21850818100006], [83.67424917500017, 28.213942287000123], [83.66903765600017, 28.209250693000058], [83.67109511300015, 28.203874901000063], [83.65915656900017, 28.198647688], [83.65822728600011, 28.193979784000135], [83.64794563300018, 28.18621089000004], [83.6449455830001, 28.177611999000078], [83.63939057400012, 28.174709800000187], [83.643786202, 28.166926452000155], [83.63703691500018, 28.16090982900016], [83.63805884900017, 28.15423676400019], [83.63373811800017, 28.150971991000176], [83.63737351800006, 28.147227514000065], [83.63645615800016, 28.140179327000112], [83.63914549000009, 28.13675268000003], [83.63299972000016, 28.13209781900008], [83.62986195200006, 28.12277623900013], [83.60466282300007, 28.110529769000095], [83.60094367100004, 28.09601227800016], [83.58933915400007, 28.08083284900016], [83.58119011200012, 28.081275244000096], [83.58072987300017, 28.077539951], [83.57242631300005, 28.073597741000185], [83.56783465600017, 28.065292235000072], [83.56080424500016, 28.06415991600005], [83.56390901300017, 28.058026395000184], [83.55904876400012, 28.043562818999987], [83.56392991700011, 28.040634161000185], [83.56177300100018, 28.035296111000093], [83.57831537400011, 28.033924243000115], [83.58372023600003, 28.02637369900009], [83.58993635100018, 28.02594346000012], [83.59103485300011, 28.021533752000153], [83.5958168460001, 28.021078618000104], [83.59870270400017, 28.015094830000123], [83.60655181300007, 28.010205895000126], [83.61484092100005, 28.011829003000173], [83.62664240500004, 28.005420268000023], [83.62723982000017, 28.01196018500019], [83.63497098600004, 28.017580609000163], [83.6558140620001, 28.01174371400009], [83.6710116540001, 28.0147973010001], [83.67253531500012, 28.018507801000112], [83.68549556700003, 28.022269788000074], [83.68898403100002, 28.028921927000113], [83.69441007500012, 28.027934665000146], [83.69775134100018, 28.03293938900015], [83.69110811000019, 28.032647060000045], [83.68839398600016, 28.038236200000085], [83.69379138500005, 28.04161897800003], [83.69155313000005, 28.047369359000186], [83.6938890940001, 28.05234482000003], [83.70228427600011, 28.052665610000076], [83.71258861100017, 28.063582402000065], [83.70830888600017, 28.076000092000072], [83.71047426000013, 28.08310241700019], [83.70351279700009, 28.0902439730001], [83.71726371000017, 28.090042959000186], [83.72276294000011, 28.097930205000125], [83.72992978700006, 28.101414377000083], [83.70519069500017, 28.11846025300008], [83.70872560900011, 28.130330419000074], [83.73067212700016, 28.147986414000115], [83.75934076100009, 28.14612884899998], [83.76431024300001, 28.154381179000154], [83.76032271100013, 28.16378676200003], [83.76592963600018, 28.1705760480001], [83.75741817100015, 28.181911635], [83.75615579900017, 28.190252420000093], [83.76405270400011, 28.191992137000113], [83.77203494400015, 28.198381371000096], [83.78314498700018, 28.19679987900014], [83.78771569100019, 28.20279022000011], [83.79930107600018, 28.20898259100005], [83.80348882800007, 28.221257232000028], [83.809185904, 28.219934193000086], [83.79826988100018, 28.228482618000157], [83.82267221100005, 28.251239627000018], [83.819925577, 28.260589735000053], [83.8008075140001, 28.260588055000085], [83.76550354100016, 28.273847289000116], [83.77438380600012, 28.285277891000135], [83.76147269600017, 28.292870183000048], [83.77434526700006, 28.308991235], [83.74643944600012, 28.327543355000103], [83.73758469200004, 28.343140669000093], [83.72599025500006, 28.34894283200009], [83.72752364800016, 28.35637961800012], [83.71844925100015, 28.368221146000053], [83.72301818500017, 28.37517677400018], [83.70499309600007, 28.387856145000057], [83.69941766900018, 28.39961592300017]]]}, "properties": {"district": "Parbat", "population": 134028, "events": 153, "deaths": 56, "missing": 5, "injured": 37, "houses_destroyed": 220, "severity_score": 401.7, "by_hazard": {"landslide": 126, "flood": 26, "flash_flood": 0, "glof": 0, "debris_flow": 0, "avalanche": 1, "other": 0}, "first_year": 1976, "last_year": 2026, "deaths_per_100k": 41.78}}, {"type": "Feature", "geometry": {"type": "Polygon", "coordinates": [[[83.09956809900018, 28.63441682900003], [83.08419418400007, 28.630785737000167], [83.08076143700004, 28.625540353000076], [83.05740732400011, 28.620049497000025], [83.04270305200009, 28.629905742000062], [83.03541880800009, 28.625656081999978], [83.02464093700019, 28.626386475000118], [83.01900947700017, 28.62166063500007], [82.99792447400006, 28.623500455000055], [82.98281743600012, 28.630721436000044], [82.97685246500009, 28.62888545200019], [82.96695431700005, 28.615366040000026], [82.95637378200007, 28.610437393000154], [82.95251935800019, 28.59803034600003], [82.96217418300012, 28.581820167000046], [82.98535427000002, 28.570793344000094], [82.98546995000004, 28.56399753000005], [82.97724565900012, 28.546157978000167], [82.97369721500019, 28.54226934200011], [82.93291826500013, 28.565509654000095], [82.92069301300006, 28.567161196000143], [82.91612486700012, 28.564372752000168], [82.91355482500006, 28.555502902000114], [82.9112460120001, 28.529775598000185], [82.91394881700018, 28.527527845000122], [82.8944961140001, 28.515372539000168], [82.87723563200018, 28.515368591000026], [82.88827618699997, 28.506562690000123], [82.89590605700016, 28.49248121900007], [82.91164404000017, 28.48055323799997], [82.903841441, 28.47540602900017], [82.88649263900004, 28.47960069500016], [82.87856357600009, 28.47355775200009], [82.88622970100016, 28.452396180000164], [82.90054674400017, 28.44729955000014], [82.91419490900012, 28.43415852200019], [82.91214712900012, 28.427336490000073], [82.91842591400012, 28.417350436000163], [82.91909017000006, 28.409103950000144], [82.91605351800013, 28.402668868999967], [82.93636829100012, 28.40204848200011], [82.9379771400001, 28.39856001300018], [82.94350689900011, 28.398375176000116], [82.94214523400018, 28.393787576000136], [82.95029220300006, 28.38397003500006], [82.94787163100011, 28.378636672000084], [82.95499674500007, 28.371621671000128], [82.95462989200001, 28.36009384400012], [82.96700546099999, 28.357584949000056], [82.9799666180001, 28.3593517970001], [82.993885906, 28.350898779000033], [83.00408776100011, 28.33262454100003], [83.01278146300018, 28.332798220000086], [83.01846646600006, 28.32546703800017], [83.033156061, 28.321707604000153], [83.04464752100012, 28.324552019], [83.05115244100011, 28.31893738200006], [83.06151956999997, 28.31759916100009], [83.06679282100015, 28.31327238700004], [83.06930939100016, 28.30185671600009], [83.07867633300015, 28.29143930900011], [83.08508020500011, 28.28907756000018], [83.09221758700005, 28.277904313000022], [83.09694377900013, 28.277103208000085], [83.09345351600007, 28.256943744000125], [83.10944009200011, 28.251722650000147], [83.12426791800004, 28.25772670400005], [83.13070238700016, 28.250079561000177], [83.15540435200006, 28.270772490000127], [83.16769926100011, 28.257896602000073], [83.18472809700006, 28.27065963800004], [83.20579038200009, 28.251869735000128], [83.21529629800006, 28.248378261000084], [83.21568189900006, 28.24377606200005], [83.22575389700012, 28.235348797000086], [83.23366341200006, 28.221792091000168], [83.25168801600017, 28.214124565000077], [83.25911960600007, 28.20001090200003], [83.26872480800006, 28.19719293100019], [83.27357847000002, 28.187565382000173], [83.27794581600011, 28.190986013000156], [83.298093698, 28.192906898], [83.30618626400008, 28.197830137000153], [83.31640491300016, 28.190328415000124], [83.33011703500011, 28.188997497000116], [83.35541840900015, 28.19742337100007], [83.36978252000017, 28.182697558000143], [83.37037406600007, 28.176469133000182], [83.38410628300005, 28.163771437000094], [83.39001192100017, 28.167317269000023], [83.39466733600017, 28.15586144600013], [83.41113236000018, 28.144032588000186], [83.41349747800012, 28.137743821000072], [83.41810293700007, 28.13707095400008], [83.42319823700012, 28.125169176000156], [83.4386396760001, 28.130963639000015], [83.44590325700005, 28.12501466800012], [83.45739276000012, 28.132313808000106], [83.46249474700011, 28.12989966900011], [83.47359102400009, 28.132268688000124], [83.47813614600011, 28.130077395000058], [83.47400873200019, 28.11897077800012], [83.48596030400017, 28.113240608000126], [83.49955833600012, 28.11745787500007], [83.50536664400005, 28.125654845999975], [83.51023346599999, 28.12694261600012], [83.51691618100006, 28.121411911000052], [83.52522576600006, 28.12081146999998], [83.53187077200005, 28.116516150000052], [83.53848781099998, 28.12020916900019], [83.5481092170001, 28.119850914000097], [83.55439593700015, 28.11669042400007], [83.55507542300006, 28.10655379200017], [83.56481535400007, 28.100938016000043], [83.56316212400009, 28.09208666900014], [83.57504356000015, 28.08753276700014], [83.58056164900006, 28.077383774000168], [83.58119011200012, 28.081275244000096], [83.58933915400007, 28.08083284900016], [83.60094367100004, 28.09601227800016], [83.60466282300007, 28.110529769000095], [83.62284535400005, 28.12150949500011], [83.62914631100011, 28.12209747800017], [83.63299972000016, 28.13209781900008], [83.639000646, 28.13621528800013], [83.63737351800006, 28.147227514000065], [83.63373811800017, 28.150971991000176], [83.63805884900017, 28.15423676400019], [83.63703691500018, 28.16090982900016], [83.643786202, 28.166926452000155], [83.63939057400012, 28.174709800000187], [83.6449455830001, 28.177611999000078], [83.64794563300018, 28.18621089000004], [83.65822728600011, 28.193979784000135], [83.65915656900017, 28.198647688], [83.67156128100015, 28.204794262000178], [83.66903765600017, 28.209250693000058], [83.67412188400004, 28.213711868000132], [83.6742021020001, 28.21782030900016], [83.66784270100015, 28.230477370000187], [83.66044394700009, 28.2303148310001], [83.65726992000015, 28.237318770000115], [83.64848753100006, 28.23751980000003], [83.63518938500005, 28.246477589], [83.63049895200004, 28.246406334000085], [83.62952444000001, 28.25046913700004], [83.62325453200015, 28.2504204170001], [83.61594774100013, 28.257714202000102], [83.60986765600006, 28.259036986000126], [83.61059858800013, 28.2668292890001], [83.60508181200004, 28.270718661000046], [83.60762131100012, 28.284925471000122], [83.60034819900017, 28.289281085000084], [83.60220072900012, 28.29719614400011], [83.59164500100019, 28.30138828400004], [83.58450128900012, 28.30987196200016], [83.55909075400018, 28.316639322000185], [83.54638264600015, 28.313536218000138], [83.53510961799998, 28.303154485000107], [83.52694741500011, 28.315017965000038], [83.50962733200015, 28.316696165000167], [83.49786294799998, 28.32432609900019], [83.48452282500017, 28.320039530000145], [83.44339599000017, 28.328719285000034], [83.43876913200017, 28.340293845000076], [83.42426387699999, 28.341101983000158], [83.41900742000018, 28.35244530500006], [83.4112211800001, 28.357435979000172], [83.39063498600012, 28.355524956000068], [83.38400469800007, 28.35828360300013], [83.37764573600009, 28.35534445900015], [83.36345609000017, 28.370644405000064], [83.3355223430001, 28.37084495300013], [83.33314457700016, 28.365741694000064], [83.32536120300006, 28.364929585000084], [83.31181429300011, 28.35453413500005], [83.30148227299998, 28.35621644700018], [83.28581045100003, 28.36850683300014], [83.27870555400006, 28.367433946000062], [83.28657143900011, 28.379754444000014], [83.28234437300011, 28.39283474700005], [83.28968655500012, 28.396886492000192], [83.2906397910001, 28.406923591000123], [83.29671723700011, 28.415692321], [83.28919750700015, 28.418414581000036], [83.28786880000007, 28.42530849400015], [83.27944009300018, 28.433103464000112], [83.2745491880001, 28.42990343100007], [83.27252572200018, 28.44203172900012], [83.28803531400018, 28.445463781000058], [83.2981583130001, 28.455573265], [83.30035252700014, 28.461352959000067], [83.2963965720001, 28.470126096], [83.2834374680001, 28.475192869000125], [83.27380227700019, 28.493543168000087], [83.26555872700004, 28.492097984000054], [83.25456951200005, 28.495631804000084], [83.25771179800012, 28.50086012500003], [83.24815221500012, 28.500617998000166], [83.24088389100018, 28.506492599000126], [83.21933533700019, 28.51377884900012], [83.19962679800011, 28.501561411000125], [83.16879974000011, 28.493363560000148], [83.14628401300013, 28.49706581100014], [83.13113151300013, 28.496087668000143], [83.13075968600003, 28.51201164300005], [83.12605100200017, 28.518627216000084], [83.12554895200003, 28.527737499000068], [83.10142275300018, 28.541282013], [83.1004238810001, 28.566906089999975], [83.10593228100004, 28.57227974500006], [83.10858893500011, 28.581140036000193], [83.10346468600011, 28.609788959000127], [83.10729335100007, 28.63215346800007], [83.09956809900018, 28.63441682900003]]]}, "properties": {"district": "Baglung", "population": 256741, "events": 259, "deaths": 249, "missing": 48, "injured": 136, "houses_destroyed": 718, "severity_score": 1823.4, "by_hazard": {"landslide": 206, "flood": 53, "flash_flood": 0, "glof": 0, "debris_flow": 0, "avalanche": 0, "other": 0}, "first_year": 1973, "last_year": 2026, "deaths_per_100k": 96.98}}, {"type": "Feature", "geometry": {"type": "Polygon", "coordinates": [[[83.5060361030001, 28.79012679900012], [83.50291116100016, 28.793685581999966], [83.49785395300006, 28.790371833000165], [83.48680723900014, 28.790632804000154], [83.48334375200005, 28.782811921000132], [83.46106925300006, 28.780042571000138], [83.45618366600007, 28.77372251100013], [83.44598857900019, 28.768878355000084], [83.43631801000004, 28.768743590000042], [83.41032687200016, 28.760595114000125], [83.38839978300018, 28.763028669000164], [83.37754636900013, 28.753949019000117], [83.3742311950001, 28.744472710000025], [83.36190269300016, 28.734108153000193], [83.32545291200012, 28.737881172000186], [83.29782301600017, 28.731697118000113], [83.27682617400018, 28.721906750000073], [83.24788859800003, 28.730334525000046], [83.22917943600015, 28.742812088000107], [83.20983489300016, 28.731901850000156], [83.18635895500017, 28.743528855000193], [83.14531423000005, 28.747081085000104], [83.14254431800003, 28.733808566000164], [83.14600572600011, 28.730708467000113], [83.14410083700011, 28.72546304400015], [83.15090806300009, 28.711919330000057], [83.14983961000007, 28.7043105730001], [83.15244157100011, 28.701107907000164], [83.14936391300006, 28.695424256000024], [83.14314624200011, 28.69285402000014], [83.145330752, 28.680686545000185], [83.13472238700007, 28.673644213000102], [83.122710886, 28.676668625000104], [83.11857484000012, 28.67249563200005], [83.12489334300005, 28.66393976400019], [83.12430865400006, 28.658585245999973], [83.11513456800003, 28.643492987000116], [83.11575865900005, 28.631426228000123], [83.10729335100007, 28.63215346800007], [83.10542219300015, 28.627625042000034], [83.10394077300015, 28.602142666000134], [83.10771516000005, 28.594730153000114], [83.10858893500011, 28.581140036000193], [83.10593228100004, 28.57227974500006], [83.1004238810001, 28.566906089999975], [83.10142275300018, 28.541282013], [83.12554895200003, 28.527737499000068], [83.12605100200017, 28.518627216000084], [83.13075968600003, 28.51201164300005], [83.13113151300013, 28.496087668000143], [83.14628401300013, 28.49706581100014], [83.16879974000011, 28.493363560000148], [83.19962679800011, 28.501561411000125], [83.21933533700019, 28.51377884900012], [83.24088389100018, 28.506492599000126], [83.24815221500012, 28.500617998000166], [83.25771179800012, 28.50086012500003], [83.25456951200005, 28.495631804000084], [83.26555872700004, 28.492097984000054], [83.27380227700019, 28.493543168000087], [83.28248438800011, 28.4762030120001], [83.2963965720001, 28.470126096], [83.30035252700014, 28.461352959000067], [83.29032360600019, 28.44673907500004], [83.27252572200018, 28.44203172900012], [83.2745491880001, 28.42990343100007], [83.27944009300018, 28.433103464000112], [83.28786880000007, 28.42530849400015], [83.28919750700015, 28.418414581000036], [83.29671723700011, 28.415692321], [83.2906397910001, 28.406923591000123], [83.28968655500012, 28.396886492000192], [83.28234437300011, 28.39283474700005], [83.28657143900011, 28.379754444000014], [83.27870555400006, 28.367433946000062], [83.28581045100003, 28.36850683300014], [83.3021574390001, 28.355879238000057], [83.312072194, 28.354632443000014], [83.32536120300006, 28.364929585000084], [83.33314457700016, 28.365741694000064], [83.3355223430001, 28.37084495300013], [83.36345609000017, 28.370644405000064], [83.37764573600009, 28.35534445900015], [83.38400469800007, 28.35828360300013], [83.39063498600012, 28.355524956000068], [83.4112211800001, 28.357435979000172], [83.41900742000018, 28.35244530500006], [83.42426387699999, 28.341101983000158], [83.43876913200017, 28.340293845000076], [83.44339599000017, 28.328719285000034], [83.48452282500017, 28.320039530000145], [83.49786294799998, 28.32432609900019], [83.50962733200015, 28.316696165000167], [83.52694741500011, 28.315017965000038], [83.53510961799998, 28.303154485000107], [83.54638264600015, 28.313536218000138], [83.56261408500012, 28.317004844000053], [83.58511496100004, 28.309639243000163], [83.59164500100019, 28.30138828400004], [83.60111129500007, 28.298154040000156], [83.60070557600011, 28.308693075000065], [83.59704149600003, 28.315269918000013], [83.57487615600013, 28.33415772500007], [83.57293910800007, 28.340177522000147], [83.56820785200011, 28.341024433000143], [83.56527667000006, 28.35713879500014], [83.56953418699999, 28.37442428700018], [83.58388044500003, 28.380736], [83.59271179200005, 28.39145391300019], [83.59728292699998, 28.391496795000023], [83.62658502, 28.380796544000134], [83.633955576, 28.366114123000045], [83.65800171300003, 28.348058460000118], [83.66455510300011, 28.350116438000043], [83.67943180200007, 28.37135430400008], [83.67805302500011, 28.37869436400007], [83.68790048199997, 28.39876425500006], [83.75914658099998, 28.393628669], [83.75718441600009, 28.405479372000116], [83.74519339600005, 28.402628441000047], [83.73173878400007, 28.420206313000108], [83.73734489200012, 28.433126038000182], [83.73639678600017, 28.438398792000157], [83.75339378300009, 28.458335310000052], [83.75214498400004, 28.47195479900006], [83.77243745900012, 28.48040060400018], [83.78180181700009, 28.496049953000124], [83.80148096400006, 28.515404880000062], [83.81345667100015, 28.518194506000157], [83.82854043800006, 28.534270157000037], [83.827547165, 28.541844514000104], [83.8069936010001, 28.563704252000093], [83.80179134200017, 28.57987881700018], [83.80917496000018, 28.58967579200015], [83.81921305500003, 28.595311378000133], [83.82973189000006, 28.59537010400004], [83.87119497200001, 28.61490730400004], [83.84999177300011, 28.653349452000043], [83.8117343770001, 28.682637784000065], [83.78914676000005, 28.693180269000038], [83.76728203700009, 28.686447507000082], [83.744373973, 28.6901146350001], [83.735960133, 28.6780268280001], [83.73659332699998, 28.67243975500014], [83.72777512400017, 28.666930756000056], [83.729922154, 28.65475363900015], [83.72043242000018, 28.65226640100002], [83.70673663800011, 28.640168948000166], [83.70541710800018, 28.63163622900015], [83.69718607900012, 28.617323908000174], [83.68582020200017, 28.613628374000086], [83.67664385800015, 28.585087361000035], [83.66325561700006, 28.566908657000113], [83.65526196100018, 28.564666903000102], [83.63767369100009, 28.566479963000177], [83.64249953100006, 28.57299533100013], [83.6207891360001, 28.575926312000092], [83.61283258500015, 28.583940133000112], [83.59653828300003, 28.589257076000138], [83.58900907300006, 28.589787151000053], [83.57957216200003, 28.58340100600003], [83.56922863700015, 28.59370417200006], [83.5700905280001, 28.599294115000077], [83.56394953400007, 28.60706193900012], [83.56552092100014, 28.609823551000147], [83.56145479900016, 28.619750329000112], [83.56455929300012, 28.632061189000183], [83.56137038800017, 28.644213652000133], [83.54361133400016, 28.654786745000024], [83.54058252900012, 28.67165183800006], [83.5345482680001, 28.682587479000063], [83.52743851200017, 28.688373732000173], [83.53959032000017, 28.697167904000025], [83.53712607400007, 28.711069257000133], [83.54925466000009, 28.736225076000096], [83.55858394600017, 28.746235980999984], [83.55761498000015, 28.754227025000034], [83.55364054600011, 28.756952313000113], [83.55601281300017, 28.764476151000167], [83.54878090000017, 28.775379349000104], [83.5060361030001, 28.79012679900012]]]}, "properties": {"district": "Myagdi", "population": 110531, "events": 240, "deaths": 219, "missing": 49, "injured": 70, "houses_destroyed": 269, "severity_score": 1486.9, "by_hazard": {"landslide": 189, "flood": 44, "flash_flood": 0, "glof": 0, "debris_flow": 0, "avalanche": 7, "other": 0}, "first_year": 1971, "last_year": 2026, "deaths_per_100k": 198.13}}, {"type": "Feature", "geometry": {"type": "Polygon", "coordinates": [[[83.96380750300006, 29.33101973600003], [83.94663648200014, 29.3165107910001], [83.92737204800011, 29.31844610500019], [83.9196909210001, 29.323248662000083], [83.90466402800013, 29.32571106000006], [83.89792033900017, 29.318794523000065], [83.8872899370001, 29.32010110200008], [83.87040432800018, 29.312339537000128], [83.85659450100019, 29.30983741400013], [83.85404989700015, 29.301608006000095], [83.84797630500015, 29.29757259000013], [83.83491719100016, 29.300863946000163], [83.829043667, 29.298298585999987], [83.82302101000005, 29.302763825000056], [83.81264499400004, 29.30202334600017], [83.80785311400007, 29.294638073999977], [83.81080117099998, 29.29079397700019], [83.80774675400016, 29.285842819000152], [83.79724394900006, 29.28179858200008], [83.79440099100003, 29.277377505000118], [83.80218038900011, 29.256327508000084], [83.79707832800011, 29.253475375000107], [83.79718576100004, 29.250024257000177], [83.78127272400008, 29.24436208000003], [83.77797066500017, 29.24758235400003], [83.77102062200004, 29.246790126000178], [83.76748210400018, 29.24079955700006], [83.76197974100012, 29.239952981000158], [83.74052665400012, 29.24542837600012], [83.72173859300017, 29.241535552000073], [83.71116252200005, 29.244551602000058], [83.68412441300012, 29.213081622000175], [83.67491577400017, 29.207695405000152], [83.65578856700006, 29.203941377000035], [83.65801523900006, 29.18743730800003], [83.66346444800018, 29.184042709000096], [83.65728526400017, 29.176093590999983], [83.66599013300015, 29.169681729000104], [83.66196580600018, 29.164923695000027], [83.66276374600011, 29.15668090400004], [83.67569384600006, 29.14894900800016], [83.67483265300012, 29.137020222000103], [83.67921851500012, 29.131652912000106], [83.68031666200011, 29.123433430000034], [83.66013250300011, 29.124420602000157], [83.65133711400006, 29.119061301000045], [83.65244343500018, 29.109197420000044], [83.64980412000006, 29.1044599600001], [83.62876476900016, 29.106831121000084], [83.62051344800017, 29.097785138000063], [83.61551476000011, 29.098301141000036], [83.61600309500011, 29.092575816000192], [83.63062690800012, 29.08099950999997], [83.63141296800018, 29.06488581600007], [83.63091397100015, 29.062427682000077], [83.61952144300005, 29.059684438000147], [83.61889263300009, 29.045750895000026], [83.61245708899997, 29.035944154000163], [83.61644708000017, 29.01888264500002], [83.61184726400006, 29.01472302600007], [83.6168669060001, 29.00615989900001], [83.6149220580001, 28.98767745000015], [83.60917042700004, 28.98023556600009], [83.60443258000015, 28.98013306600012], [83.59842194900011, 28.985741401999974], [83.58892473900016, 28.98069486900016], [83.57995429400017, 28.956137959000102], [83.57478230999999, 28.953879782000058], [83.56687191499998, 28.943325357000106], [83.55855696800006, 28.944826169000123], [83.55639837100011, 28.93369777700002], [83.54610795600018, 28.921815922000064], [83.52850959000017, 28.908623721000026], [83.52280379500013, 28.897928200000138], [83.49938524200019, 28.877192309000122], [83.50591527000012, 28.865162687000065], [83.506182432, 28.856942773000128], [83.50172006200012, 28.84612330500005], [83.49785257100012, 28.84258335900006], [83.49187946500007, 28.846430204000114], [83.48153544000013, 28.84465064600016], [83.48021587400007, 28.83775237800012], [83.48346567100009, 28.832191111000157], [83.47998744500006, 28.817128197000102], [83.48763134200004, 28.803711352000164], [83.48681537600004, 28.790511789], [83.50433767500004, 28.793307984000023], [83.5080833080001, 28.788097645000107], [83.54878090000017, 28.775379349000104], [83.5554482820001, 28.765988532000165], [83.55364054600011, 28.756952313000113], [83.55761498000015, 28.754227025000034], [83.55858394600017, 28.746235980999984], [83.54925466000009, 28.736225076000096], [83.53712607400007, 28.711069257000133], [83.53959032000017, 28.697167904000025], [83.52743851200017, 28.688373732000173], [83.5345482680001, 28.682587479000063], [83.54058252900012, 28.67165183800006], [83.54361133400016, 28.654786745000024], [83.56137038800017, 28.644213652000133], [83.56455929300012, 28.632061189000183], [83.56145479900016, 28.619750329000112], [83.56552092100014, 28.609823551000147], [83.56394953400007, 28.60706193900012], [83.5700905280001, 28.599294115000077], [83.56922863700015, 28.59370417200006], [83.57957216200003, 28.58340100600003], [83.58900907300006, 28.589787151000053], [83.59653828300003, 28.589257076000138], [83.61283258500015, 28.583940133000112], [83.6207891360001, 28.575926312000092], [83.64249953100006, 28.57299533100013], [83.63767369100009, 28.566479963000177], [83.65526196100018, 28.564666903000102], [83.66325561700006, 28.566908657000113], [83.67664385800015, 28.585087361000035], [83.68582020200017, 28.613628374000086], [83.69718607900012, 28.617323908000174], [83.70541710800018, 28.63163622900015], [83.70673663800011, 28.640168948000166], [83.72043242000018, 28.65226640100002], [83.729922154, 28.65475363900015], [83.72777512400017, 28.666930756000056], [83.73659332699998, 28.67243975500014], [83.735960133, 28.6780268280001], [83.744373973, 28.6901146350001], [83.76728203700009, 28.686447507000082], [83.77678233000017, 28.68869591600003], [83.78914676000005, 28.693180269000038], [83.81258633599998, 28.714184274000047], [83.81903317700005, 28.714093091000052], [83.83620534500017, 28.72404096000008], [83.853847916, 28.72667884100008], [83.86400135700018, 28.72271399100015], [83.87191188400004, 28.727001447000134], [83.87866276500017, 28.737750391000077], [83.89106636600019, 28.743681905000074], [83.89057799500017, 28.751175185000136], [83.89721427000012, 28.77048352500003], [83.90742848700012, 28.77843851500012], [83.92318103600013, 28.779827195000053], [83.93881900800011, 28.788419271000066], [83.94209882900014, 28.80631434000003], [83.93750173100011, 28.812293351000108], [83.94025488200009, 28.820158615000025], [83.93816983300013, 28.824651756000094], [83.95024729300002, 28.834719883000105], [83.95967400600011, 28.833848501000148], [83.96750106400003, 28.817145598000025], [83.9949098670001, 28.813346956000146], [84.00456762800007, 28.80173051600019], [84.014553251, 28.797454795000192], [84.02313507100007, 28.801904374], [84.02517209700005, 28.810139798000023], [84.03678198400007, 28.813088268000058], [84.04726386300007, 28.822493969000163], [84.04576871200004, 28.830189241000085], [84.0517024450001, 28.842556264000052], [84.0606429660001, 28.83905102400007], [84.07202362300018, 28.84168506000009], [84.07713106500017, 28.847279071000116], [84.08482466900011, 28.849548511000137], [84.08896167500012, 28.855356840000127], [84.08419227899998, 28.865989602000013], [84.09160431000015, 28.873402045000034], [84.08989260100003, 28.879327163000028], [84.0937762260001, 28.881158497], [84.09568665800009, 28.887329811000143], [84.11527644, 28.880975431000138], [84.13051012900007, 28.88856814500008], [84.13838280400012, 28.87930131500019], [84.14625525800011, 28.88017111700003], [84.15753015700017, 28.872184059000176], [84.17001951500004, 28.881634343000144], [84.17720370100011, 28.89482863100011], [84.18427638300017, 28.900258001000054], [84.22021204000015, 28.891575343000056], [84.22579111900018, 28.89396639300014], [84.22036250700006, 28.915613511000174], [84.231357452, 28.95965166700006], [84.24168826600004, 28.97610108500004], [84.23816174100017, 28.987672967000037], [84.24262169200017, 29.00688728100016], [84.247747829, 29.01263940400014], [84.24774729600006, 29.037238134000063], [84.24217080900007, 29.04424309100017], [84.23584688500011, 29.044563390000064], [84.22145196700012, 29.053448672], [84.20890329800005, 29.05364299300004], [84.19632427600004, 29.046542375000115], [84.1895655350001, 29.0469198830001], [84.18601761200006, 29.08072257100008], [84.19569774300015, 29.092972511000085], [84.1958959480001, 29.099085006000166], [84.20159423600012, 29.103757677000146], [84.20084621700016, 29.123952728000177], [84.17468840200007, 29.130841002000068], [84.17327674300009, 29.149779213000045], [84.16582352000006, 29.164103868000154], [84.16914168200015, 29.172108331000118], [84.16216907200004, 29.185229569000057], [84.1667002100001, 29.19028937500002], [84.16422089300005, 29.194824593000135], [84.177410076, 29.206763720000026], [84.18820423500006, 29.205743564000045], [84.19961609000006, 29.213906458000054], [84.19770874700009, 29.22536281700019], [84.20282713500012, 29.236596155000086], [84.20090471000009, 29.240040478000026], [84.19252104900005, 29.244154110000068], [84.17924020800012, 29.23773052700011], [84.15729331600016, 29.241704707000167], [84.14106790700015, 29.236171725000133], [84.12789357100007, 29.24310980100006], [84.11622215200009, 29.244145201000094], [84.112217176, 29.248096797000017], [84.11475719200007, 29.25858247700006], [84.11226262100013, 29.262991821000185], [84.11854834700011, 29.2651088880001], [84.12154618100016, 29.270307893000165], [84.11741909500012, 29.27675788400012], [84.12002793100015, 29.279685438000058], [84.08767571900012, 29.294562755000072], [84.08045179000004, 29.2884444230001], [84.068666039, 29.285266875000104], [84.06318877600006, 29.289744826000117], [84.05632323800006, 29.290316863000157], [84.05295134900007, 29.297377162000146], [84.04375146800015, 29.300773683000045], [84.03003583500009, 29.293205791000048], [84.026290475, 29.285575130000097], [84.0231475120001, 29.28916246900019], [84.01563357900005, 29.288958277000177], [84.0087145230001, 29.29494096500008], [83.98987239299998, 29.298371654], [83.98984496900005, 29.296348413000032], [83.988911814, 29.302582840000127], [84.00084843600018, 29.309068629000024], [83.99907836500017, 29.314707831000135], [83.97573859500011, 29.32861666100007], [83.96380750300006, 29.33101973600003]]]}, "properties": {"district": "Mustang", "population": 15235, "events": 109, "deaths": 42, "missing": 2, "injured": 33, "houses_destroyed": 51, "severity_score": 269.2, "by_hazard": {"landslide": 50, "flood": 46, "flash_flood": 0, "glof": 0, "debris_flow": 0, "avalanche": 13, "other": 0}, "first_year": 1973, "last_year": 2026, "deaths_per_100k": 275.68}}, {"type": "Feature", "geometry": {"type": "Polygon", "coordinates": [[[84.10127928800006, 27.86565928400006], [84.07794513400012, 27.869541561000062], [84.07854923600019, 27.863641228000063], [84.07138616500004, 27.86497630500014], [84.06821793600017, 27.85703609500007], [84.052540631, 27.84883933400016], [84.04865344000018, 27.856056121000165], [84.04292228700018, 27.85503599700013], [84.04132710400006, 27.849890060000064], [84.0386351900001, 27.85101441600017], [84.03914131100015, 27.857148934000065], [84.02842325800003, 27.856379895000146], [84.02015105000015, 27.84081579100001], [84.02490727900016, 27.835206061000065], [84.02663659300003, 27.820558347000087], [84.02001421600005, 27.81791741600017], [84.01225990000006, 27.801179427000193], [84.00023506900015, 27.78858118500017], [83.99942455900003, 27.77574770400014], [83.99275723500011, 27.761452012000177], [83.99422217700004, 27.751461434000078], [83.98983268500012, 27.749202694000076], [83.95039210100009, 27.747472663000053], [83.92826037800006, 27.734252629000082], [83.92406102299998, 27.726786736000065], [83.90652183300006, 27.731487098000116], [83.9080936310001, 27.734173006000162], [83.90440190600009, 27.73563931500007], [83.90300694200016, 27.73063624499997], [83.89635277800005, 27.730015508000065], [83.88864530300015, 27.730176435000146], [83.88352201900005, 27.735002857000154], [83.8766734130001, 27.735833986000102], [83.87546687800017, 27.733157022000114], [83.84485192500006, 27.734989750000068], [83.84171612000006, 27.730410488000075], [83.84440973000017, 27.716255619000094], [83.84873286400011, 27.71200288300014], [83.84616606800017, 27.70946175900019], [83.833492105, 27.71396184300005], [83.82483488400004, 27.713987268000096], [83.82033092700016, 27.710597128000074], [83.80132319000012, 27.721288303000165], [83.78221472700017, 27.72501848000013], [83.75102634200005, 27.720952047000026], [83.73220630000003, 27.71414593100019], [83.72847896100006, 27.709100452000087], [83.71418367600006, 27.715612519000047], [83.69503791099999, 27.715986812000153], [83.68212366600005, 27.720869607000168], [83.67695664899998, 27.718572048], [83.68267727, 27.718156610000108], [83.68949862500017, 27.707725719999985], [83.68965722900015, 27.698148337000077], [83.70450236400018, 27.682809014000043], [83.69925768799999, 27.67638544800019], [83.69526632400016, 27.661462918999973], [83.70321562500004, 27.6621322310001], [83.70799461100017, 27.659098641000128], [83.72507213500012, 27.672427456000094], [83.74467512900009, 27.666795018000187], [83.75817625700017, 27.667392300000074], [83.7626410310001, 27.66116593000004], [83.76815500300017, 27.666574529000172], [83.78309137800011, 27.666980037000144], [83.81173802600017, 27.662337841000067], [83.80975192500006, 27.655442306], [83.81251785100011, 27.653261983], [83.80642427500004, 27.64752721600007], [83.80974600700011, 27.635426921000146], [83.8009061140001, 27.629550435999988], [83.8051046010001, 27.620840474000033], [83.79718792000011, 27.620242404000066], [83.79956395500017, 27.611884132000057], [83.7898204230001, 27.606335041000023], [83.80095258000006, 27.596125946000086], [83.8092972930001, 27.595372768000118], [83.80800184800012, 27.58869241200017], [83.82143204400006, 27.592647516], [83.83606660400017, 27.585725242000137], [83.84139852900017, 27.572584007000046], [83.83151479300005, 27.565645540000162], [83.83726580900014, 27.551272984000093], [83.83599922400009, 27.545021527000188], [83.841755503, 27.549222676000056], [83.84150277300006, 27.556214668000052], [83.84709101000016, 27.560298013000136], [83.85057700900018, 27.55897743600019], [83.85513798500011, 27.548474640000165], [83.87036447400004, 27.541260463000015], [83.88231620900012, 27.527857355000037], [83.87563450400017, 27.510392071000183], [83.88702852600005, 27.50835536900007], [83.89758581100006, 27.498762895000084], [83.88354010700016, 27.496120976000043], [83.87460917900017, 27.489299137000046], [83.88498183400014, 27.481104097000014], [83.88655329600016, 27.472359844000152], [83.8835734170001, 27.464128537000192], [83.88968590200017, 27.461640293000016], [83.88763059700005, 27.446496370000148], [83.895441043, 27.437745590000134], [83.91575487800009, 27.442240441000024], [83.93626183900017, 27.451748283000086], [83.94448615800002, 27.465770403000192], [83.93863749200017, 27.49151043900008], [83.96172520000016, 27.502622052000106], [83.96890227500006, 27.510611260000132], [83.96602374800005, 27.521968883000056], [83.954174964, 27.527534072000037], [83.94181177900003, 27.515710877000117], [83.931104258, 27.513007390000155], [83.92552846600017, 27.51470802500006], [83.92162291100004, 27.518496499000037], [83.91865602100006, 27.53300746000008], [83.91964167700007, 27.54062304100006], [83.92433447300004, 27.54456519900009], [83.93164573300015, 27.545424049000076], [83.94835861500007, 27.54015378400004], [83.95764040400007, 27.548374442000068], [83.9702925520001, 27.550525760000085], [83.98524431900006, 27.543874279000136], [84.00544436500007, 27.54474589500012], [84.01818360800007, 27.538440661000152], [84.03105823100015, 27.537188414000184], [84.03873739500011, 27.54050548800018], [84.04391684600012, 27.552207456000133], [84.05048526300016, 27.55646736500006], [84.06431027700006, 27.551321795000092], [84.07454525300011, 27.559491286000082], [84.10718625400017, 27.551692441000057], [84.11459667499997, 27.55327048000015], [84.11928330500018, 27.55633059100012], [84.13515113000011, 27.584513], [84.17630146400012, 27.619071552000037], [84.20656197900001, 27.63872708200006], [84.25021773700007, 27.654106088000106], [84.25780141500013, 27.651066544000173], [84.27085612600018, 27.662916314000086], [84.29225460800006, 27.668290113000182], [84.31385199100009, 27.680246138000086], [84.32285560600013, 27.68649553300014], [84.32524369800018, 27.693949089000114], [84.34359840100018, 27.70223932900018], [84.35018470000006, 27.702775637000173], [84.35995355600011, 27.69825388800001], [84.36507963600019, 27.688529658000164], [84.37876877700018, 27.68126840600013], [84.43054957800001, 27.70581148000008], [84.42121167900007, 27.743056544000126], [84.42405848900006, 27.746075694000183], [84.41717275300016, 27.750406006000162], [84.41986451700012, 27.753642259000173], [84.41863534600014, 27.757675626000037], [84.40613486200004, 27.76175599400011], [84.391576638, 27.775655571000073], [84.38008285100017, 27.77901108100008], [84.37203713400015, 27.777753752000024], [84.36658508600004, 27.772815920000028], [84.3612066230001, 27.754089954000165], [84.35163550400017, 27.74885539500002], [84.34377837700015, 27.751115564000088], [84.33986004600001, 27.743932396000105], [84.33399816200017, 27.74887654500003], [84.32503579700011, 27.748663231000137], [84.32187787800007, 27.75922298100005], [84.31554632500013, 27.76327395100003], [84.3182187430001, 27.77429844100004], [84.313760048, 27.785359561000064], [84.2999893010001, 27.79231446300014], [84.29795628500011, 27.80641791100004], [84.30168166900012, 27.809137602000078], [84.30080466200013, 27.815242538000177], [84.3056233210001, 27.818803545000037], [84.29996999600019, 27.822705665000115], [84.29149425300011, 27.837783920000106], [84.27244619400011, 27.836403673000177], [84.26745868800009, 27.83244707400013], [84.26575003900007, 27.83870229700011], [84.25256817700006, 27.83838411200003], [84.24573356900015, 27.84536581100008], [84.24006130000004, 27.846594171000106], [84.22760510500012, 27.84564961800004], [84.22861413900017, 27.84036392200005], [84.22534409200006, 27.836558587000013], [84.21833970700004, 27.845955628000127], [84.213446911, 27.846491251000145], [84.20999672700003, 27.844353139000134], [84.211750945, 27.84057581800016], [84.20939292300017, 27.838706762000072], [84.20590056800012, 27.842130210000164], [84.2073014230001, 27.849336645], [84.20208368100003, 27.852376725], [84.1907225010001, 27.84655387900017], [84.17322815400007, 27.85236407400015], [84.16934212100011, 27.845609308000064], [84.16244545500007, 27.84679309000012], [84.16257947900016, 27.84157656200017], [84.15609188300016, 27.839612135000095], [84.15566770200013, 27.84825391300012], [84.14309377500012, 27.850298089000148], [84.12767549100016, 27.845421782000187], [84.12184055000012, 27.847033480000164], [84.12952549500011, 27.85468853800006], [84.12514304100006, 27.859590839000077], [84.1198719300001, 27.859622565], [84.12112288000003, 27.853947096000184], [84.11829988200009, 27.85081570699998], [84.1138238320001, 27.851873102000184], [84.10905414300004, 27.861756886000137], [84.10333128700012, 27.855358183000135], [84.0995985300001, 27.855509923000113], [84.09537888900013, 27.859467935], [84.10127928800006, 27.86565928400006]]]}, "properties": {"district": "Nawalparasi East", "population": 405350, "events": 174, "deaths": 68, "missing": 28, "injured": 30, "houses_destroyed": 1723, "severity_score": 1125.0, "by_hazard": {"landslide": 58, "flood": 116, "flash_flood": 0, "glof": 0, "debris_flow": 0, "avalanche": 0, "other": 0}, "first_year": 1974, "last_year": 2026, "deaths_per_100k": 16.78}}, {"type": "Feature", "geometry": {"type": "Polygon", "coordinates": [[[83.37818461100017, 27.95787179100006], [83.37140708300018, 27.957789132000073], [83.36082218300015, 27.951612781000165], [83.35451566600011, 27.95421176000019], [83.34528092500017, 27.949849951000147], [83.3425121140001, 27.939968680000163], [83.34659775600011, 27.93663998200003], [83.34610730200006, 27.93123658899998], [83.3380872240001, 27.922898035000173], [83.32514593900004, 27.920755157000144], [83.30886045200003, 27.926086736000116], [83.30639857000006, 27.91453668300005], [83.2973755380001, 27.910763949], [83.31095420800006, 27.90167948000004], [83.30888741900003, 27.88893348000005], [83.32017715200004, 27.882663469000022], [83.32063211200006, 27.87846479300009], [83.32792462400016, 27.878929240000048], [83.33034837300005, 27.875119183000038], [83.31736908900012, 27.860158403000128], [83.30778193400016, 27.85692048700008], [83.30050123000007, 27.859760306000112], [83.31002030200005, 27.851485389000175], [83.292985149, 27.838358818000017], [83.29017247100018, 27.82824825400013], [83.27396167700005, 27.82630943200013], [83.24805935000012, 27.831838163999976], [83.23092324800018, 27.82322693400016], [83.24772584500016, 27.80838178300013], [83.24932221000017, 27.804361046999986], [83.24528127300005, 27.79009165200017], [83.25276377199998, 27.790010522000046], [83.25820957200011, 27.785328967], [83.25573806500017, 27.767074955000112], [83.25992238500015, 27.756917751000117], [83.28589891100006, 27.756907708000085], [83.29642168200007, 27.76068877600011], [83.30295860100011, 27.768140076000066], [83.31374408000016, 27.762461191000114], [83.31916793500011, 27.764789250000092], [83.3235579470001, 27.762800622000043], [83.32855794000017, 27.76743877900003], [83.34370855300006, 27.756948207000107], [83.34602244100006, 27.74989969300009], [83.35742743300011, 27.752211533000093], [83.36233940600016, 27.742248508000046], [83.37094014600018, 27.735041040000056], [83.37577165500016, 27.743237060000126], [83.3835478100001, 27.74284096500014], [83.388652326, 27.748822190000055], [83.40568425900017, 27.7347456600001], [83.41623827100017, 27.741872740000076], [83.43195915600018, 27.739348084000085], [83.43337710000009, 27.73240260600005], [83.43844393000006, 27.73214352000008], [83.44393716700012, 27.72384260500013], [83.45489205800015, 27.728114262000133], [83.47552186900003, 27.721450242000117], [83.48725906100009, 27.73048966800002], [83.49235172300007, 27.725783985000135], [83.49925573000013, 27.729473195000025], [83.50668644600017, 27.72510257800019], [83.51336610000004, 27.729169314000046], [83.51838999600005, 27.725777760000085], [83.53111397900005, 27.725997435000068], [83.54737598700018, 27.71674020900008], [83.56706130500004, 27.71297885100006], [83.57789819600009, 27.705253216000074], [83.5978520220001, 27.705811223000126], [83.60866858900005, 27.701997609999978], [83.6214755210001, 27.688279170000044], [83.63069443600006, 27.693696512000088], [83.65307987500012, 27.69104459800002], [83.66189005000012, 27.679449031000104], [83.68317913800013, 27.66398087900012], [83.68936989600007, 27.662952506000067], [83.69246893200017, 27.66548638800009], [83.69517238700013, 27.66209442200011], [83.69925768799999, 27.67638544800019], [83.70450236400018, 27.682809014000043], [83.68982802500005, 27.697900549], [83.68900766400014, 27.709100902000102], [83.68267727, 27.718156610000108], [83.67697821100018, 27.718475120000164], [83.67847991700012, 27.720044439000105], [83.71444051800017, 27.71555665200009], [83.72847896100006, 27.709100452000087], [83.73220630000003, 27.71414593100019], [83.75102634200005, 27.720952047000026], [83.78221472700017, 27.72501848000013], [83.80132319000012, 27.721288303000165], [83.82033092700016, 27.710597128000074], [83.82483488400004, 27.713987268000096], [83.833492105, 27.71396184300005], [83.84616606800017, 27.70946175900019], [83.84873286400011, 27.71200288300014], [83.84440973000017, 27.716255619000094], [83.84171612000006, 27.730410488000075], [83.84485192500006, 27.734989750000068], [83.87546687800017, 27.733157022000114], [83.8766734130001, 27.735833986000102], [83.88352201900005, 27.735002857000154], [83.88864530300015, 27.730176435000146], [83.89635277800005, 27.730015508000065], [83.90300694200016, 27.73063624499997], [83.90440190600009, 27.73563931500007], [83.9080936310001, 27.734173006000162], [83.90652183300006, 27.731487098000116], [83.92406102299998, 27.726786736000065], [83.92826037800006, 27.734252629000082], [83.95039210100009, 27.747472663000053], [83.98579768200011, 27.748022298000137], [83.9938902290001, 27.751091400000064], [83.99275723500011, 27.761452012000177], [83.99942455900003, 27.77574770400014], [84.00023506900015, 27.78858118500017], [84.01225990000006, 27.801179427000193], [84.02001421600005, 27.81791741600017], [84.02663659300003, 27.820558347000087], [84.02490727900016, 27.835206061000065], [84.02015105000015, 27.84081579100001], [84.02842325800003, 27.856379895000146], [84.01996802600013, 27.861879765000083], [84.01523892000017, 27.85808315700018], [84.02153108900006, 27.85461456900009], [84.02122957200004, 27.851180625000154], [84.00024955200018, 27.854668101000073], [83.99453064900013, 27.86600998700004], [83.97833612, 27.866051225000092], [83.9714317850001, 27.872579464000125], [83.96798716700005, 27.870234494999977], [83.95816604900011, 27.87297534200019], [83.94866963900006, 27.869357768000043], [83.93870579500003, 27.878013016000125], [83.92465418000012, 27.868193804000157], [83.91062352600011, 27.872661741000115], [83.91367001800006, 27.87771983300013], [83.91001683100006, 27.880212862000064], [83.89226364600012, 27.886072990000173], [83.8808805540001, 27.882295776000092], [83.87743608200003, 27.88831905300009], [83.86100634700017, 27.882290715000124], [83.85826850100011, 27.873509088000162], [83.85148144900006, 27.874539700000128], [83.8509108930001, 27.881231032000073], [83.84508786300006, 27.881576586999984], [83.84691188500017, 27.87032019800006], [83.84085211900009, 27.86823991400007], [83.82080048400019, 27.877716117000148], [83.81593920500006, 27.87411792800009], [83.8062425710001, 27.873445780000054], [83.79727797400011, 27.882437373000187], [83.78769873800013, 27.88616595800005], [83.77494940700012, 27.903283766000072], [83.7621536050001, 27.90991572500019], [83.756064944, 27.909144759000185], [83.75699537800011, 27.903063761000055], [83.74462743500004, 27.90790569100011], [83.74241398500004, 27.904598519000047], [83.74739513300005, 27.90135882600015], [83.74263591900012, 27.900145237000174], [83.7230197070001, 27.91378188400006], [83.71882470300011, 27.920196738000072], [83.71092608300012, 27.91653894400008], [83.69821696100013, 27.91693133600006], [83.68931857600012, 27.92386057000016], [83.68293907700007, 27.916362273000118], [83.67944590700006, 27.92005882100011], [83.68188425200015, 27.92410530500007], [83.67554334500011, 27.92744765600014], [83.66574799700004, 27.919737511000164], [83.65485967000018, 27.902435157000127], [83.64892790400017, 27.90229614000009], [83.64465355000004, 27.89849029100003], [83.640908351, 27.90234538500016], [83.63419918100004, 27.899302181000053], [83.63135872300018, 27.910164840999983], [83.63339062199998, 27.91410276700003], [83.6208980990001, 27.917606630000137], [83.626034495, 27.92601807500006], [83.62027263400017, 27.92643100900011], [83.61632370600006, 27.930544326000188], [83.61067206900009, 27.925124978000156], [83.6005870780001, 27.92333173300017], [83.59284614600017, 27.931140219000042], [83.5745104940001, 27.930189082000084], [83.57629249500019, 27.93718185200015], [83.57090903600016, 27.94298605500012], [83.56550836200006, 27.934607855000024], [83.55975137800016, 27.93482193400007], [83.54834991100012, 27.92806624400015], [83.53781238500005, 27.928038020000088], [83.53669348200015, 27.93704081200019], [83.53089559200004, 27.93912622000005], [83.53051259500006, 27.93208341500008], [83.52362673800008, 27.924057223000148], [83.52285497400015, 27.929911493000134], [83.51601142800007, 27.93757656800011], [83.50654651300005, 27.940455661000044], [83.50280051800013, 27.937076034000086], [83.50969655200015, 27.932906581000168], [83.50605481100001, 27.928685844000086], [83.49037065000005, 27.92911831300006], [83.48376103800007, 27.922659172000067], [83.46814458000011, 27.92822205200008], [83.46038506200006, 27.934355625000137], [83.44798808399997, 27.92860751800015], [83.44004688000018, 27.932789892000187], [83.44059075300015, 27.93539791300003], [83.43372685800006, 27.935568417000127], [83.43157181300018, 27.93978750200006], [83.42673334500006, 27.939413212000034], [83.41924814000004, 27.93078381500004], [83.40988395099998, 27.93096509300011], [83.39915881200017, 27.93487363700018], [83.39257856400019, 27.94796859799999], [83.38202964100014, 27.955560810000065], [83.37664804300005, 27.955929069000092], [83.37818461100017, 27.95787179100006]]]}, "properties": {"district": "Palpa", "population": 252870, "events": 223, "deaths": 161, "missing": 58, "injured": 86, "houses_destroyed": 381, "severity_score": 1332.4, "by_hazard": {"landslide": 182, "flood": 41, "flash_flood": 0, "glof": 0, "debris_flow": 0, "avalanche": 0, "other": 0}, "first_year": 1971, "last_year": 2026, "deaths_per_100k": 63.67}}, {"type": "Feature", "geometry": {"type": "Polygon", "coordinates": [[[83.65307987500012, 27.69104459800002], [83.63213039400017, 27.692454896000186], [83.63365541000007, 27.67800772200013], [83.62936930000018, 27.671304323000186], [83.62982130600011, 27.664726298000062], [83.61895073400018, 27.65943079600015], [83.60935014500012, 27.649566786000094], [83.60257195200018, 27.648038132000067], [83.59764372500018, 27.639010245000122], [83.60077955300011, 27.635853765000093], [83.59509921800009, 27.634246636000057], [83.59760183200018, 27.630544633000113], [83.59203782200007, 27.630620915], [83.59293771800009, 27.626528422999968], [83.58665963400006, 27.625828514999967], [83.58804260099998, 27.62120951500009], [83.58174197400012, 27.61953463100008], [83.58113817499998, 27.616522955999983], [83.574433671, 27.617784115000177], [83.57166605800012, 27.610379551000165], [83.57335287600006, 27.601727544000084], [83.58254084500004, 27.588448070000027], [83.58047332100006, 27.574870386000157], [83.58859220500017, 27.573315276000073], [83.59012657700015, 27.575790452000035], [83.5957468250001, 27.572733876000086], [83.59007463000017, 27.550763705000122], [83.59615989800005, 27.546702164000067], [83.58990907800018, 27.54174039000003], [83.59117463100017, 27.53346359300008], [83.58656577400012, 27.532073584000102], [83.59369409400017, 27.527751269000134], [83.59023970500004, 27.526398588000063], [83.59106626600015, 27.520771670000045], [83.59819428200018, 27.519334846], [83.59668054200017, 27.513028703000032], [83.59890689600019, 27.511701670000093], [83.59433920300017, 27.511099528000045], [83.59627670400016, 27.504160307000063], [83.59297869000011, 27.501747725000143], [83.61071005800011, 27.489844630000164], [83.61117620500005, 27.475698909000073], [83.61456755800009, 27.469555389000163], [83.82988832600017, 27.370288311000138], [83.8625065110001, 27.346659435000106], [83.88771655700003, 27.35836096500003], [83.89201842900019, 27.36771250600009], [83.90418186700009, 27.377723860000117], [83.90562533700017, 27.38858016000006], [83.87273020000003, 27.39234474700004], [83.87544670000011, 27.405896574000167], [83.8672391240001, 27.427206972000192], [83.87825996800018, 27.433830424000064], [83.895441043, 27.437745590000134], [83.88763059700005, 27.446496370000148], [83.88968590200017, 27.461640293000016], [83.8835734170001, 27.464128537000192], [83.88655329600016, 27.472359844000152], [83.88498183400014, 27.481104097000014], [83.87460917900017, 27.489299137000046], [83.88354010700016, 27.496120976000043], [83.89758581100006, 27.498762895000084], [83.88702852600005, 27.50835536900007], [83.87579130000017, 27.510166655000035], [83.88231620900012, 27.527857355000037], [83.87036447400004, 27.541260463000015], [83.85513798500011, 27.548474640000165], [83.85057700900018, 27.55897743600019], [83.84321613300011, 27.558141273], [83.841755503, 27.549222676000056], [83.83599922400009, 27.545021527000188], [83.83726580900014, 27.551272984000093], [83.83151479300005, 27.565645540000162], [83.84139852900017, 27.572584007000046], [83.83581263200011, 27.585993464000126], [83.82100403600015, 27.592689880000137], [83.80800184800012, 27.58869241200017], [83.8092972930001, 27.595372768000118], [83.80095258000006, 27.596125946000086], [83.790448803, 27.605034105000186], [83.79984909100011, 27.612491456000043], [83.79718792000011, 27.620242404000066], [83.8051046010001, 27.620840474000033], [83.8009061140001, 27.629550435999988], [83.80974600700011, 27.635426921000146], [83.80642427500004, 27.64752721600007], [83.81251785100011, 27.653261983], [83.80975192500006, 27.655442306], [83.81173802600017, 27.662337841000067], [83.78309137800011, 27.666980037000144], [83.76815500300017, 27.666574529000172], [83.7626410310001, 27.66116593000004], [83.75817625700017, 27.667392300000074], [83.74467512900009, 27.666795018000187], [83.72507213500012, 27.672427456000094], [83.71511334200005, 27.662676118000093], [83.70591783000003, 27.65881676000015], [83.70321562500004, 27.6621322310001], [83.69526632400016, 27.661462918999973], [83.692812764, 27.665430772000093], [83.68317913800013, 27.66398087900012], [83.66189005000012, 27.679449031000104], [83.65307987500012, 27.69104459800002]]]}, "properties": {"district": "Nawalparasi West", "population": 414060, "events": 59, "deaths": 9, "missing": 7, "injured": 0, "houses_destroyed": 955, "severity_score": 314.3, "by_hazard": {"landslide": 10, "flood": 49, "flash_flood": 0, "glof": 0, "debris_flow": 0, "avalanche": 0, "other": 0}, "first_year": 1976, "last_year": 2026, "deaths_per_100k": 2.17}}, {"type": "Feature", "geometry": {"type": "Polygon", "coordinates": [[[83.31340681100005, 27.76249787000006], [83.30295860100011, 27.768140076000066], [83.29642168200007, 27.76068877600011], [83.28589891100006, 27.756907708000085], [83.26463783300005, 27.75612845500018], [83.25970553600007, 27.757140039000035], [83.25573806500017, 27.767074955000112], [83.24735365600003, 27.758853385], [83.24635899700007, 27.751233497000158], [83.23743102200007, 27.750331756000094], [83.22576283700016, 27.763138108000078], [83.21224034600016, 27.7592849400001], [83.21071490800006, 27.753611180000178], [83.21776160700017, 27.736346724000043], [83.21537866500017, 27.72706059000018], [83.22259317200019, 27.715491246], [83.22161220900011, 27.703952336999976], [83.22702407500003, 27.69924703200013], [83.22610573300011, 27.694104671], [83.22915174600013, 27.69504438200005], [83.22536106100011, 27.672294818000125], [83.22784170000011, 27.667189442000165], [83.22346301900012, 27.661542574000123], [83.2242253070001, 27.64755197400018], [83.22052533900006, 27.64563377900015], [83.23042240000012, 27.625374571000066], [83.23158960800009, 27.609393844000067], [83.22144215700007, 27.595992089000106], [83.21935436300015, 27.586576596000043], [83.21428931700012, 27.585169459999975], [83.21149356100005, 27.575512976000027], [83.205770416, 27.570780755000044], [83.20917405500018, 27.569022278000148], [83.20873720300011, 27.564270575000023], [83.20417977100016, 27.559811159000162], [83.21213740400015, 27.54943740200008], [83.21549856700017, 27.550122016000046], [83.21665739100013, 27.541322639000043], [83.22129402400014, 27.534604940000122], [83.22450359100003, 27.53483046800011], [83.22376119600017, 27.52792464300012], [83.23064651800019, 27.521801173000085], [83.23152259000005, 27.51827731600008], [83.2291341560001, 27.518442390000075], [83.23293829300019, 27.51415858400003], [83.22928033000011, 27.508222564], [83.23136215500017, 27.50613584700011], [83.22656499599998, 27.505414339000083], [83.22986425600016, 27.501400875], [83.22601141500013, 27.49706102100015], [83.22806329200017, 27.495700675000023], [83.22107361700012, 27.491480951000085], [83.22287323100016, 27.485868546000177], [83.21884138600007, 27.479668482000193], [83.22185667700006, 27.479371742000126], [83.22062451500011, 27.473424259000183], [83.2245857630001, 27.472034007000104], [83.22328362200011, 27.46879584100003], [83.22728608500006, 27.468994008000152], [83.22237201100006, 27.454655539000157], [83.21777971100005, 27.453305406000084], [83.21676413700004, 27.444466624000086], [83.22015949700017, 27.437814024000147], [83.22942150100016, 27.435024977000182], [83.23123196500006, 27.430750388000092], [83.2253608530001, 27.428486441000075], [83.22167616000013, 27.418430230000183], [83.21695667400007, 27.417851024000015], [83.24003868200015, 27.40653282700015], [83.27221150899999, 27.38361168199998], [83.26555692500006, 27.365544834000104], [83.27272477200012, 27.3526449150001], [83.2915497190001, 27.33498928500012], [83.31748435399999, 27.33014779500013], [83.31543195199998, 27.332838585], [83.31786548200012, 27.33732465500009], [83.3374975750001, 27.332796044000133], [83.34397786100016, 27.33821234300018], [83.35236821000007, 27.3399843090001], [83.35108564300009, 27.342606991000025], [83.35914255800014, 27.34324661800008], [83.35788739700013, 27.350756548000106], [83.36963263000018, 27.358149748000187], [83.37370179000004, 27.35729488700008], [83.37229039800019, 27.364928366000072], [83.37472297900007, 27.36995276300007], [83.38277932400013, 27.37095654400008], [83.38804484200006, 27.37587361900006], [83.3847555050001, 27.39035807900018], [83.40237602100018, 27.400897085000167], [83.406348031, 27.411893093000117], [83.409534093, 27.41263994999997], [83.4055055130001, 27.41880052099998], [83.39970409400019, 27.419109592999973], [83.40102769500015, 27.4209248250001], [83.39316798400006, 27.424685868000154], [83.38417508900005, 27.43617825900003], [83.386316432, 27.43930357300019], [83.38386376400013, 27.44237032300009], [83.39596057000006, 27.44666499400006], [83.4018746970001, 27.45762447200019], [83.39973262, 27.463594339000053], [83.4024850130001, 27.466338510000185], [83.39792263600003, 27.46555626000014], [83.395502007, 27.469667980000168], [83.38855366200005, 27.47067328300011], [83.39230074099999, 27.4764341340001], [83.38874103000006, 27.479644915999984], [83.61456755800009, 27.469555389000163], [83.61117620500005, 27.475698909000073], [83.61071005800011, 27.489844630000164], [83.59297869000011, 27.501747725000143], [83.59627670400016, 27.504160307000063], [83.59433920300017, 27.511099528000045], [83.59890689600019, 27.511701670000093], [83.59668054200017, 27.513028703000032], [83.59819428200018, 27.519334846], [83.59106626600015, 27.520771670000045], [83.59023970500004, 27.526398588000063], [83.59369409400017, 27.527751269000134], [83.58656577400012, 27.532073584000102], [83.59117463100017, 27.53346359300008], [83.58990907800018, 27.54174039000003], [83.59615989800005, 27.546702164000067], [83.59007463000017, 27.550763705000122], [83.5957468250001, 27.572733876000086], [83.59012657700015, 27.575790452000035], [83.58859220500017, 27.573315276000073], [83.58047332100006, 27.574870386000157], [83.58254084500004, 27.588448070000027], [83.57335287600006, 27.601727544000084], [83.57166605800012, 27.610379551000165], [83.574433671, 27.617784115000177], [83.58113817499998, 27.616522955999983], [83.58174197400012, 27.61953463100008], [83.58804260099998, 27.62120951500009], [83.58665963400006, 27.625828514999967], [83.59293771800009, 27.626528422999968], [83.59203782200007, 27.630620915], [83.59760183200018, 27.630544633000113], [83.59509921800009, 27.634246636000057], [83.60077955300011, 27.635853765000093], [83.59764372500018, 27.639010245000122], [83.60257195200018, 27.648038132000067], [83.60935014500012, 27.649566786000094], [83.61895073400018, 27.65943079600015], [83.62982130600011, 27.664726298000062], [83.63377631800012, 27.688292046000186], [83.63120886700005, 27.693736204000174], [83.62115356400005, 27.68839340500017], [83.61048562600001, 27.700547458000074], [83.60260172500006, 27.704500541000073], [83.57789819600009, 27.705253216000074], [83.56706130500004, 27.71297885100006], [83.54737598700018, 27.71674020900008], [83.53111397900005, 27.725997435000068], [83.51838999600005, 27.725777760000085], [83.51371017900016, 27.72912088600009], [83.50771405800009, 27.725144591000173], [83.49925573000013, 27.729473195000025], [83.49280253800015, 27.725754057000188], [83.48725906100009, 27.73048966800002], [83.47552186900003, 27.721450242000117], [83.45489205800015, 27.728114262000133], [83.44393716700012, 27.72384260500013], [83.43844393000006, 27.73214352000008], [83.43337710000009, 27.73240260600005], [83.43195915600018, 27.739348084000085], [83.41623827100017, 27.741872740000076], [83.40568425900017, 27.7347456600001], [83.388652326, 27.748822190000055], [83.3835478100001, 27.74284096500014], [83.37577165500016, 27.743237060000126], [83.37094014600018, 27.735041040000056], [83.36233940600016, 27.742248508000046], [83.35742743300011, 27.752211533000093], [83.34602244100006, 27.74989969300009], [83.34484074000005, 27.755712711000058], [83.3347920860001, 27.76524213400006], [83.32761413100013, 27.767382330000032], [83.3235579470001, 27.762800622000043], [83.31916793500011, 27.764789250000092], [83.31340681100005, 27.76249787000006]]]}, "properties": {"district": "Rupandehi", "population": 1215020, "events": 140, "deaths": 114, "missing": 104, "injured": 18, "houses_destroyed": 2600, "severity_score": 1787.6, "by_hazard": {"landslide": 24, "flood": 116, "flash_flood": 0, "glof": 0, "debris_flow": 0, "avalanche": 0, "other": 0}, "first_year": 1971, "last_year": 2026, "deaths_per_100k": 9.38}}, {"type": "Feature", "geometry": {"type": "Polygon", "coordinates": [[[83.01650704200011, 27.809521075000077], [83.0196069160001, 27.820608929000173], [83.01088250400016, 27.811700856000073], [83.00392531500017, 27.79834246400003], [82.99635630700004, 27.792814602000078], [82.96797167000011, 27.792979976000083], [82.96057555100003, 27.79556857], [82.95287930500007, 27.790335180000056], [82.94229953700005, 27.790288403000034], [82.92979395000015, 27.78429494600016], [82.92516926000013, 27.78753021000017], [82.91912862300012, 27.78472849999997], [82.9139004270001, 27.789181456], [82.90691231600016, 27.788395423000054], [82.89881230300011, 27.793619143000114], [82.88858234200018, 27.791394067000056], [82.86589566400016, 27.793118263000054], [82.86035839400012, 27.790419677000045], [82.84449827800006, 27.793410171000062], [82.84053642900005, 27.79027502200006], [82.81628214400013, 27.795675424000137], [82.80419990200016, 27.794978059000073], [82.80507086800009, 27.78045951500019], [82.79793476200012, 27.77383282400018], [82.78567475, 27.77216004500002], [82.78340404500017, 27.769290772000033], [82.781785609, 27.777434010000036], [82.73509402400003, 27.7760445130001], [82.73120763200018, 27.7747726340001], [82.73114934500006, 27.766977903000054], [82.72549859200012, 27.76428425300014], [82.72286773800005, 27.758473554000147], [82.70924516400004, 27.759872041000108], [82.69604193300012, 27.756641766000087], [82.70177679000011, 27.749826530000178], [82.7007601950001, 27.745429164000143], [82.70826594500011, 27.724650284000063], [82.70582898800018, 27.702835227000094], [82.71822786000001, 27.687416180000184], [82.71479024200016, 27.681408362000127], [82.71592025500013, 27.67251237300013], [82.71315315600009, 27.67089397900014], [82.71579954000003, 27.668044464], [82.71168577300011, 27.665057799000067], [82.72026849800011, 27.661638297000138], [82.72031875700009, 27.657293752999976], [82.72552372700017, 27.65837954400007], [82.73132756100006, 27.649000603000047], [82.72804631200012, 27.64556630400017], [82.73299513500018, 27.646392177000052], [82.73333009500004, 27.642659395000067], [82.73621501300016, 27.643112083000062], [82.73752012700015, 27.637549481000065], [82.73495838200017, 27.635549874000105], [82.73813996100012, 27.631960309000192], [82.73356482400015, 27.628541427000073], [82.73662189600014, 27.626101254000105], [82.73072085000007, 27.624001234000048], [82.73662410300005, 27.621693154000013], [82.73300326300017, 27.618934912999975], [82.73483600200018, 27.609623158000034], [82.74534107700015, 27.60028634400004], [82.74485917000015, 27.595298476000153], [82.75576360100007, 27.587728569999967], [82.74767622200017, 27.57194738000004], [82.75123399400019, 27.565249789], [82.74351298300002, 27.56089150800011], [82.74703318100018, 27.5550397130001], [82.73811424200017, 27.55203748000008], [82.74093677700006, 27.549956022000174], [82.73773851800019, 27.546599342000093], [82.74184728500006, 27.54629599200001], [82.74309570500014, 27.541490694000174], [82.74047214000007, 27.536988813000107], [82.74450514700004, 27.53436092200019], [82.74197971600012, 27.532086653000192], [82.7450073060001, 27.53223356000018], [82.74446123700017, 27.52978989800016], [82.74716559300009, 27.53154690200006], [82.74509585400017, 27.528951858000084], [82.7494132650001, 27.52281385000009], [82.74703033000003, 27.51956179700005], [82.74200297400006, 27.521122645000048], [82.74305254100011, 27.516696874000047], [82.7367174260001, 27.518031411000095], [82.73512310200016, 27.502922004000027], [82.78525513200009, 27.500178731000176], [82.80187585100015, 27.496507867], [82.83239135700012, 27.502044186000035], [82.87029803700017, 27.498591803000124], [82.929377966, 27.5011593750001], [82.93950154400011, 27.49132128800011], [82.94469436400004, 27.47703221600017], [82.95415670500006, 27.467928115000177], [83.03407788100009, 27.448861013000112], [83.16442818700017, 27.457632094000132], [83.1878016280001, 27.45440860800005], [83.21044142100004, 27.42431672000015], [83.21695667400007, 27.417851024000015], [83.22167616000013, 27.418430230000183], [83.2253608530001, 27.428486441000075], [83.23123196500006, 27.430750388000092], [83.22942150100016, 27.435024977000182], [83.22015949700017, 27.437814024000147], [83.21682276700011, 27.443857742000148], [83.21777971100005, 27.453305406000084], [83.22237201100006, 27.454655539000157], [83.22728608500006, 27.468994008000152], [83.22328362200011, 27.46879584100003], [83.2245857630001, 27.472034007000104], [83.22062451500011, 27.473424259000183], [83.22185667700006, 27.479371742000126], [83.21883601000019, 27.479801533000057], [83.22287323100016, 27.485868546000177], [83.22107361700012, 27.491480951000085], [83.22722529700019, 27.494696503000057], [83.22601141500013, 27.49706102100015], [83.22989756900012, 27.501114465000114], [83.22656499599998, 27.505414339000083], [83.23136215500017, 27.50613584700011], [83.22928033000011, 27.508222564], [83.23293829300019, 27.51415858400003], [83.2291341560001, 27.518442390000075], [83.23152259000005, 27.51827731600008], [83.23064651800019, 27.521801173000085], [83.22376119600017, 27.52792464300012], [83.22450359100003, 27.53483046800011], [83.22129402400014, 27.534604940000122], [83.21665739100013, 27.541322639000043], [83.21549856700017, 27.550122016000046], [83.21213740400015, 27.54943740200008], [83.20417977100016, 27.559811159000162], [83.20873720300011, 27.564270575000023], [83.20917405500018, 27.569022278000148], [83.205770416, 27.570780755000044], [83.21149356100005, 27.575512976000027], [83.21428931700012, 27.585169459999975], [83.21935436300015, 27.586576596000043], [83.22144215700007, 27.595992089000106], [83.23158960800009, 27.609393844000067], [83.23042240000012, 27.625374571000066], [83.22052533900006, 27.64563377900015], [83.2242253070001, 27.64755197400018], [83.22346301900012, 27.661542574000123], [83.22784170000011, 27.667189442000165], [83.22536106100011, 27.672294818000125], [83.22915174600013, 27.69504438200005], [83.22610573300011, 27.694104671], [83.22702407500003, 27.69924703200013], [83.22161220900011, 27.703952336999976], [83.22259317200019, 27.715491246], [83.21537866500017, 27.72706059000018], [83.21776160700017, 27.736346724000043], [83.21071490800006, 27.753611180000178], [83.21233121200004, 27.759134392000078], [83.20188596500003, 27.76019126500006], [83.18569368600009, 27.754025641000055], [83.17790989100013, 27.758636231000025], [83.143576762, 27.7605914130001], [83.12691752100017, 27.768913721000047], [83.12149713300005, 27.761756976000186], [83.10837947500005, 27.770419806], [83.09991250700006, 27.769218851000062], [83.09332437700016, 27.782944571000087], [83.08916044800014, 27.782330626000032], [83.08981638200004, 27.771221517000185], [83.08651688300017, 27.774789208000072], [83.07475446000012, 27.764804561], [83.06664717600006, 27.76445903400014], [83.06607456600011, 27.75782906300003], [83.05817125400006, 27.76422555199997], [83.05243172700011, 27.756657840000173], [83.04980784800017, 27.768928627000037], [83.03445003800005, 27.78168855399997], [83.03292827500019, 27.793242297000177], [83.02238227900017, 27.798332240000093], [83.02060970200012, 27.80835905500004], [83.01650704200011, 27.809521075000077]]]}, "properties": {"district": "Kapilbastu", "population": 732098, "events": 58, "deaths": 28, "missing": 6, "injured": 1, "houses_destroyed": 3415, "severity_score": 951.1, "by_hazard": {"landslide": 12, "flood": 46, "flash_flood": 0, "glof": 0, "debris_flow": 0, "avalanche": 0, "other": 0}, "first_year": 1978, "last_year": 2026, "deaths_per_100k": 3.82}}, {"type": "Feature", "geometry": {"type": "Polygon", "coordinates": [[[83.02932468500012, 28.099060279000184], [83.00194270800017, 28.113730344000146], [83.00002056900018, 28.10840136200011], [83.00184237700012, 28.09581072400016], [82.99318994800018, 28.090784489000043], [82.9850127470001, 28.073784412000066], [82.97554365400009, 28.066680041000154], [82.97500214100012, 28.06147150800001], [82.96442909700016, 28.052941438000175], [82.96145568800011, 28.046239191000097], [82.960751695, 28.040977471000133], [82.97027915200005, 28.038357977000146], [82.97476269300006, 28.030910722000044], [82.97654266500007, 28.023154517000023], [82.97446172800011, 28.014717502000167], [82.97188783000013, 28.01442080400011], [82.97345339800017, 28.006446427000128], [82.96822223000004, 28.006120753000175], [82.96859142900013, 28.002953922000074], [82.95456409700017, 27.997828490000188], [82.9522788490001, 27.994063924000102], [82.96415512100009, 27.987972593000165], [82.96809998800006, 27.99344590400011], [82.97359715400017, 27.991914626000096], [82.9764388860001, 27.989154232000146], [82.97568245700012, 27.98425085400015], [82.98587620200004, 27.98151325500004], [82.98929771100006, 27.97667005900007], [82.99954000200012, 27.977712742000108], [83.00172110700004, 27.96999960100004], [83.00806917500017, 27.96762941200012], [83.01664742400004, 27.95645161900012], [83.01434437500018, 27.9490625680001], [83.01767295800016, 27.94742595400004], [83.01275147600006, 27.941800391000072], [83.01575754500004, 27.93670077500019], [83.01293669000012, 27.93253186100003], [83.01580288700006, 27.928259167000192], [83.01420858400019, 27.92260553100016], [83.00984140400016, 27.920038449000174], [83.00408857200006, 27.932147825000072], [83.00250534300005, 27.92907945500002], [82.99793763900016, 27.9325385730001], [82.99204979000018, 27.930092956000124], [82.98837455799998, 27.92539839], [82.98379745900007, 27.930097708000176], [82.96864737800007, 27.926219896000134], [82.94292211400017, 27.930994703000067], [82.93918108100013, 27.926302886000087], [82.928461276, 27.92263287200018], [82.92522557799998, 27.91296795200003], [82.91566459100005, 27.904112864000126], [82.90037437300003, 27.90852842300012], [82.8950329220001, 27.914107523000098], [82.88800231900007, 27.906624350000072], [82.88057425700009, 27.906428819000155], [82.87693209700018, 27.90111349900019], [82.867374283, 27.909565026000053], [82.86256358700007, 27.90782667600007], [82.86132970400001, 27.90373546600017], [82.85453372100005, 27.904764209000064], [82.84825900599998, 27.90115431900017], [82.83497094000012, 27.906571880000172], [82.82419909000004, 27.90562312000003], [82.81283575000003, 27.88505094600015], [82.80530331400013, 27.878994135000028], [82.80383587500012, 27.8728429840001], [82.80991496200016, 27.871271405000186], [82.80892927900004, 27.86805949400008], [82.79191192700011, 27.86538254800007], [82.80725089400016, 27.85728644800008], [82.79196071900009, 27.856032211000127], [82.78062167700017, 27.84267213300012], [82.755724343, 27.835327996000103], [82.74865811500013, 27.82801580600011], [82.74839555500006, 27.823034629000176], [82.75575869700003, 27.819374445], [82.75811801800012, 27.811993962000145], [82.76924949300019, 27.810372399000187], [82.78741629100011, 27.794416675000036], [82.7869812460001, 27.80324036899998], [82.79411823900006, 27.80592873000012], [82.79870644400017, 27.80212914300006], [82.79934426000005, 27.793959142000062], [82.81628214400013, 27.795675424000137], [82.84053642900005, 27.79027502200006], [82.84449827800006, 27.793410171000062], [82.86035839400012, 27.790419677000045], [82.86589566400016, 27.793118263000054], [82.88858234200018, 27.791394067000056], [82.89881230300011, 27.793619143000114], [82.90691231600016, 27.788395423000054], [82.9139004270001, 27.789181456], [82.91912862300012, 27.78472849999997], [82.92516926000013, 27.78753021000017], [82.92979395000015, 27.78429494600016], [82.94229953700005, 27.790288403000034], [82.95287930500007, 27.790335180000056], [82.96057555100003, 27.79556857], [82.96797167000011, 27.792979976000083], [82.99635630700004, 27.792814602000078], [83.00392531500017, 27.79834246400003], [83.01088250400016, 27.811700856000073], [83.0196069160001, 27.820608929000173], [83.0159718540001, 27.810018085000024], [83.02060970200012, 27.80835905500004], [83.02238227900017, 27.798332240000093], [83.03292827500019, 27.793242297000177], [83.03445003800005, 27.78168855399997], [83.04980784800017, 27.768928627000037], [83.05243172700011, 27.756657840000173], [83.05817125400006, 27.76422555199997], [83.06607456600011, 27.75782906300003], [83.06664717600006, 27.76445903400014], [83.07475446000012, 27.764804561], [83.08651688300017, 27.774789208000072], [83.08981638200004, 27.771221517000185], [83.08916044800014, 27.782330626000032], [83.09332437700016, 27.782944571000087], [83.09991250700006, 27.769218851000062], [83.10837947500005, 27.770419806], [83.12149713300005, 27.761756976000186], [83.12691752100017, 27.768913721000047], [83.143576762, 27.7605914130001], [83.17790989100013, 27.758636231000025], [83.18569368600009, 27.754025641000055], [83.20135197600018, 27.760084391000078], [83.2107673000001, 27.75892013800012], [83.2256541640001, 27.763173603000098], [83.23743102200007, 27.750331756000094], [83.24622433000019, 27.75112450400013], [83.24735365600003, 27.758853385], [83.25287097600017, 27.762396085000034], [83.25792479300009, 27.7724857500001], [83.25834362199998, 27.78496881300009], [83.25276377199998, 27.790010522000046], [83.24528127300005, 27.79009165200017], [83.24932221000017, 27.804361046999986], [83.24772584500016, 27.80838178300013], [83.23092324800018, 27.82322693400016], [83.24805935000012, 27.831838163999976], [83.27396167700005, 27.82630943200013], [83.2896853520001, 27.827934400000117], [83.29105190700011, 27.835118145000024], [83.29768566500007, 27.843804272000114], [83.31002030200005, 27.851485389000175], [83.30050123000007, 27.859760306000112], [83.30778193400016, 27.85692048700008], [83.31736908900012, 27.860158403000128], [83.33034837300005, 27.875119183000038], [83.32792462400016, 27.878929240000048], [83.32063211200006, 27.87846479300009], [83.32017715200004, 27.882663469000022], [83.30899665600009, 27.88881892900008], [83.31095420800006, 27.90167948000004], [83.29771289700005, 27.90925859200007], [83.30652379900005, 27.914711044], [83.308005912, 27.927600835000078], [83.28724175300016, 27.924613852000107], [83.28067510200015, 27.926208670000108], [83.27850335500011, 27.931408852000118], [83.28386504900004, 27.94234725600012], [83.2907531030001, 27.943571874000042], [83.29277120500007, 27.95019480500008], [83.30242394600003, 27.954801347], [83.29887945100012, 27.959746719000123], [83.30083222200011, 27.9677070890001], [83.28032053800013, 27.96753591600003], [83.26278328600017, 27.988898210000116], [83.252416154, 27.98689985800013], [83.25199404699998, 27.99526071700012], [83.24591725400018, 27.997673094000106], [83.24390600400005, 28.008337595000114], [83.23975307000012, 28.007933505000096], [83.23343347700012, 28.020938291000164], [83.233255042, 28.038175722000062], [83.22974556800006, 28.048303687000043], [83.22034008800011, 28.054226879000055], [83.21904448300012, 28.05901579900018], [83.21511624800007, 28.059631871000136], [83.210381, 28.066483301], [83.20526068200013, 28.06678088300015], [83.20081729200018, 28.07257110200004], [83.19509321500004, 28.074225177000017], [83.19285234800003, 28.082861545000185], [83.18629558800018, 28.083709430000056], [83.183795723, 28.087581666000176], [83.1711254650001, 28.078946445000042], [83.15570107600007, 28.060678059], [83.15025738800017, 28.059708252000178], [83.13779964200006, 28.062030977000063], [83.125234563, 28.06926537900017], [83.1252669540001, 28.084416813000075], [83.10218519500017, 28.077163686000063], [83.09630832500011, 28.08209727300016], [83.09864020900017, 28.094549801000028], [83.08982146700004, 28.097277732000066], [83.07311927300009, 28.090740886000106], [83.0664337130001, 28.098316220000186], [83.06850540900007, 28.109440864000135], [83.05688846000015, 28.10668818900018], [83.04878121400009, 28.111094479000087], [83.0506958520001, 28.106789836000132], [83.04512977400015, 28.100969219000035], [83.03963548900003, 28.105433730000016], [83.02932468500012, 28.099060279000184]]]}, "properties": {"district": "Arghakhanchi", "population": 181445, "events": 98, "deaths": 102, "missing": 14, "injured": 52, "houses_destroyed": 457, "severity_score": 773.9, "by_hazard": {"landslide": 74, "flood": 24, "flash_flood": 0, "glof": 0, "debris_flow": 0, "avalanche": 0, "other": 0}, "first_year": 1975, "last_year": 2026, "deaths_per_100k": 56.22}}, {"type": "Feature", "geometry": {"type": "Polygon", "coordinates": [[[83.16752609300016, 28.258048961000156], [83.15540435200006, 28.270772490000127], [83.13070238700016, 28.250079561000177], [83.12426791800004, 28.25772670400005], [83.10944009200011, 28.251722650000147], [83.09345351600007, 28.256943744000125], [83.07768865200006, 28.233633879000138], [83.0706291190001, 28.23909052400012], [83.05143561400018, 28.243603633000077], [83.02969333900006, 28.240965044000177], [83.02188450500017, 28.2350463410001], [83.02700960800013, 28.236098072000175], [83.0275843500001, 28.21951671800008], [83.03695003100006, 28.20321184600016], [83.03426432000015, 28.203680263000138], [83.03603336700007, 28.18571299000007], [83.03305783700006, 28.175540371000068], [83.02936434700018, 28.17484862800012], [83.03488642200011, 28.16812670000013], [83.04209625500005, 28.168637574000115], [83.03680605200014, 28.15765693200018], [83.05362457000012, 28.149738408000132], [83.05678091900006, 28.14524161600002], [83.0550641750001, 28.140717876], [83.04940356300017, 28.14062461100019], [83.05900672700017, 28.126773956000022], [83.05315362400006, 28.121017078000136], [83.0537962780001, 28.115018446000136], [83.05091823200019, 28.11155140600016], [83.05688846000015, 28.10668818900018], [83.06365217600006, 28.1099560560001], [83.07016883200015, 28.108288119000065], [83.06640395900013, 28.10527564900019], [83.0664337130001, 28.098316220000186], [83.07311927300009, 28.090740886000106], [83.08982146700004, 28.097277732000066], [83.09922151500012, 28.09417234400013], [83.09630832500011, 28.08209727300016], [83.10218519500017, 28.077163686000063], [83.1252669540001, 28.084416813000075], [83.12697343200011, 28.07691527200012], [83.12419086200009, 28.070754476], [83.13832132400006, 28.061910184000112], [83.15570107600007, 28.060678059], [83.1711254650001, 28.078946445000042], [83.18302201500012, 28.08754547000018], [83.18629558800018, 28.083709430000056], [83.19285234800003, 28.082861545000185], [83.19509321500004, 28.074225177000017], [83.20081729200018, 28.07257110200004], [83.20526068200013, 28.06678088300015], [83.210381, 28.066483301], [83.21511624800007, 28.059631871000136], [83.21904448300012, 28.05901579900018], [83.22034008800011, 28.054226879000055], [83.22974556800006, 28.048303687000043], [83.233255042, 28.038175722000062], [83.23343347700012, 28.020938291000164], [83.23975307000012, 28.007933505000096], [83.24390600400005, 28.008337595000114], [83.24591725400018, 27.997673094000106], [83.25199404699998, 27.99526071700012], [83.252416154, 27.98689985800013], [83.26278328600017, 27.988898210000116], [83.28032053800013, 27.96753591600003], [83.30083222200011, 27.9677070890001], [83.29887945100012, 27.959746719000123], [83.30242394600003, 27.954801347], [83.29277120500007, 27.95019480500008], [83.2907531030001, 27.943571874000042], [83.28338381300017, 27.94174461500006], [83.27850632200011, 27.933073827000158], [83.28067510200015, 27.926208670000108], [83.29131539600013, 27.92456048100007], [83.30609371800006, 27.928272558000174], [83.32514593900004, 27.920755157000144], [83.33738245000006, 27.92263523600019], [83.34420115000006, 27.926514487000077], [83.34610730200006, 27.93123658899998], [83.34659775600011, 27.93663998200003], [83.3425121140001, 27.939968680000163], [83.34528092500017, 27.949849951000147], [83.35460134100003, 27.954232447000038], [83.36082218300015, 27.951612781000165], [83.3773605780001, 27.958842691000086], [83.37664804300005, 27.955929069000092], [83.38202964100014, 27.955560810000065], [83.39257856400019, 27.94796859799999], [83.39939634600012, 27.934761899000023], [83.41880482600016, 27.930669132000048], [83.42836555200017, 27.93990056700011], [83.43303775300012, 27.939279133000184], [83.433856403, 27.935510236000027], [83.44059075300015, 27.93539791300003], [83.44530092200006, 27.939295258000186], [83.44337544700016, 27.944778856000028], [83.46148659500017, 27.953816754000172], [83.46653759200018, 27.964167206000184], [83.48307165900019, 27.981739994000066], [83.50028982300017, 27.976840203999984], [83.51108293900006, 27.96743259900012], [83.52173795800013, 27.963862463000112], [83.52664962500018, 27.96642212000006], [83.53091646100006, 27.964715278000085], [83.53403534600011, 27.968389869000077], [83.54612835800009, 27.971313603000056], [83.54985756200006, 27.976749607000045], [83.55861357800018, 27.973650961000033], [83.57748885100006, 27.974348692000092], [83.57899430000015, 27.979312327000173], [83.58510111600009, 27.978857088999973], [83.58402621500005, 27.987431670000092], [83.59328706200006, 27.989386075000027], [83.60320308100012, 27.997223520000034], [83.60480257400019, 28.01199002000004], [83.59870270400017, 28.015094830000123], [83.5962750430001, 28.020667099000093], [83.59103485300011, 28.021533752000153], [83.58965526100019, 28.02607344400002], [83.58417774500015, 28.026000615000157], [83.57831537400011, 28.033924243000115], [83.570331968, 28.032658671000036], [83.56144334900006, 28.035692132000065], [83.56392991700011, 28.040634161000185], [83.55904876400012, 28.043562818999987], [83.56390901300017, 28.058026395000184], [83.56084479900011, 28.064275093000106], [83.56732785700007, 28.064902575000133], [83.57242631300005, 28.073597741000185], [83.58055964599998, 28.077480828000034], [83.57504356000015, 28.08753276700014], [83.56252725900003, 28.092745662000027], [83.56492696600009, 28.100710539000147], [83.55507542300006, 28.10655379200017], [83.55384699600012, 28.117351917000178], [83.54418147500019, 28.120826076000128], [83.53187077200005, 28.116516150000052], [83.52522576600006, 28.12081146999998], [83.51691618100006, 28.121411911000052], [83.51023346599999, 28.12694261600012], [83.50536664400005, 28.125654845999975], [83.49955833600012, 28.11745787500007], [83.4856597810001, 28.11329360000002], [83.48234783600003, 28.117186319000155], [83.47400873200019, 28.11897077800012], [83.47813614600011, 28.130077395000058], [83.47359102400009, 28.132268688000124], [83.46249474700011, 28.12989966900011], [83.45739276000012, 28.132313808000106], [83.44590325700005, 28.12501466800012], [83.4386396760001, 28.130963639000015], [83.42319823700012, 28.125169176000156], [83.41810293700007, 28.13707095400008], [83.41349747800012, 28.137743821000072], [83.41113236000018, 28.144032588000186], [83.39466733600017, 28.15586144600013], [83.39001192100017, 28.167317269000023], [83.38410628300005, 28.163771437000094], [83.37037406600007, 28.176469133000182], [83.36978252000017, 28.182697558000143], [83.35541840900015, 28.19742337100007], [83.33011703500011, 28.188997497000116], [83.31640491300016, 28.190328415000124], [83.30618626400008, 28.197830137000153], [83.298093698, 28.192906898], [83.27794581600011, 28.190986013000156], [83.27377281900004, 28.187489704000143], [83.26872480800006, 28.19719293100019], [83.25911960600007, 28.20001090200003], [83.25168801600017, 28.214124565000077], [83.23366341200006, 28.221792091000168], [83.22575389700012, 28.235348797000086], [83.21568189900006, 28.24377606200005], [83.21529629800006, 28.248378261000084], [83.20579038200009, 28.251869735000128], [83.18490007500009, 28.270583959000078], [83.16752609300016, 28.258048961000156]]]}, "properties": {"district": "Gulmi", "population": 251824, "events": 178, "deaths": 198, "missing": 24, "injured": 56, "houses_destroyed": 314, "severity_score": 1410.1, "by_hazard": {"landslide": 148, "flood": 30, "flash_flood": 0, "glof": 0, "debris_flow": 0, "avalanche": 0, "other": 0}, "first_year": 1972, "last_year": 2026, "deaths_per_100k": 78.63}}, {"type": "Feature", "geometry": {"type": "Polygon", "coordinates": [[[82.67123787300005, 28.852175350000095], [82.65835029100009, 28.860041801000023], [82.65596173600011, 28.86660872200008], [82.6484767010001, 28.86915031100017], [82.64293931800012, 28.866419543000177], [82.63664713999998, 28.855164172000173], [82.62980804000006, 28.85333998700014], [82.62461499700004, 28.846759640000187], [82.62593784100005, 28.839135864000184], [82.61356607500011, 28.826509153000018], [82.6196177170001, 28.80900960600013], [82.61315662800007, 28.807319352000036], [82.5961171080001, 28.79194320000005], [82.58958315100011, 28.790275881000014], [82.58686692800018, 28.782086969000147], [82.56694028500016, 28.77061072800018], [82.56664319900011, 28.767506197000046], [82.561808408, 28.76791714900014], [82.56459109200006, 28.764798040000073], [82.56359540700015, 28.758625407000125], [82.56702603900015, 28.75685962000017], [82.56591237800012, 28.743844677000027], [82.58793372200017, 28.739881246000095], [82.59548268700013, 28.743778500000133], [82.60130004100006, 28.74283286100018], [82.6051638560001, 28.715589552000154], [82.61512298600007, 28.710242442000037], [82.61232339300017, 28.69579616700014], [82.61578491600011, 28.689719027000024], [82.60054188600009, 28.684796252000126], [82.59942470400006, 28.669636254000068], [82.58658867800006, 28.66383009599997], [82.57882958700014, 28.664624033000052], [82.55454452000009, 28.643976756000086], [82.53909461700016, 28.64690113300003], [82.5191286220001, 28.660612201000106], [82.50549438000013, 28.661980373000176], [82.50128227900007, 28.667685410000104], [82.49970690400016, 28.662392311000133], [82.48981567900006, 28.659242579000136], [82.49092823300009, 28.65175553400013], [82.48569690500017, 28.64057148500018], [82.50823947300017, 28.627701753000053], [82.5397712140001, 28.620685365000043], [82.5475097310001, 28.627108890000102], [82.55137418400017, 28.625167626000064], [82.54566946000011, 28.618387164000012], [82.56008866200017, 28.610382739000045], [82.56862402200011, 28.609638560000064], [82.57763227200013, 28.61448137400015], [82.58034231500005, 28.612655706999988], [82.58087579500017, 28.587155120000148], [82.57500373300013, 28.57956673000001], [82.56674376100005, 28.577733837000153], [82.5533015040001, 28.581574472000057], [82.5440803520001, 28.572967814000094], [82.5348751470001, 28.57042359900015], [82.52893918199999, 28.55818163400005], [82.53536996200006, 28.553579902000138], [82.53525007000007, 28.542284938000137], [82.54080208400012, 28.53817414700012], [82.5444734460001, 28.52584389600014], [82.56457243400007, 28.521679701000096], [82.57647665800005, 28.514005082000097], [82.58808814300005, 28.514403719000086], [82.59773167300006, 28.506823182], [82.61351439900011, 28.51085129800009], [82.64075908700016, 28.494782176000115], [82.65719496800017, 28.49273048300006], [82.65977369100011, 28.49887327100015], [82.66742615900017, 28.502022973000123], [82.67219342000016, 28.510262287000103], [82.6814414100001, 28.517324528000074], [82.686267869, 28.51482689200003], [82.68196048300013, 28.51968450700008], [82.68699634799998, 28.523764145000087], [82.69438654600003, 28.520068345000027], [82.68989330700015, 28.51200851699997], [82.70315119800011, 28.509061235000047], [82.71844513300016, 28.522041149000188], [82.73727944100011, 28.52646496300008], [82.74266293700003, 28.524572780000142], [82.74232108900003, 28.51262349700005], [82.75258972000012, 28.505215705000182], [82.75732244000017, 28.506039511000097], [82.76711078200003, 28.500737520000087], [82.79058467900012, 28.500542453000037], [82.80951052100016, 28.492927249000047], [82.81241489900015, 28.488675807000163], [82.8259571590001, 28.484033749000105], [82.83242071100005, 28.478285436000135], [82.8675865080001, 28.479331746000184], [82.87844041500011, 28.476214007000067], [82.88666461700006, 28.4796020710001], [82.90641084000009, 28.47569291500008], [82.91146562000017, 28.48083602200012], [82.89590605700016, 28.49248121900007], [82.88827618699997, 28.506562690000123], [82.87723563200018, 28.515368591000026], [82.8944961140001, 28.515372539000168], [82.91394881700018, 28.527527845000122], [82.9112460120001, 28.529775598000185], [82.91355482500006, 28.555502902000114], [82.91612486700012, 28.564372752000168], [82.92069301300006, 28.567161196000143], [82.93291826500013, 28.565509654000095], [82.97369721500019, 28.54226934200011], [82.97724565900012, 28.546157978000167], [82.98546995000004, 28.56399753000005], [82.98535427000002, 28.570793344000094], [82.96217418300012, 28.581820167000046], [82.95251935800019, 28.59803034600003], [82.95637378200007, 28.610437393000154], [82.96695431700005, 28.615366040000026], [82.97443745500016, 28.62683697800003], [82.98281743600012, 28.630721436000044], [82.99792447400006, 28.623500455000055], [83.01900947700017, 28.62166063500007], [83.02464093700019, 28.626386475000118], [83.03541880800009, 28.625656081999978], [83.04270305200009, 28.629905742000062], [83.05740732400011, 28.620049497000025], [83.08076143700004, 28.625540353000076], [83.08419418400007, 28.630785737000167], [83.09624228500013, 28.635082717000046], [83.114671757, 28.630769458000145], [83.11513456800003, 28.643492987000116], [83.12430865400006, 28.658585245999973], [83.12489334300005, 28.66393976400019], [83.118341972, 28.670639860000165], [83.11991854200011, 28.67514815900006], [83.13472238700007, 28.673644213000102], [83.14634759200015, 28.681744149999986], [83.14224797800006, 28.690227122000067], [83.15244438200011, 28.701191400000084], [83.14983961000007, 28.7043105730001], [83.15090806300009, 28.711919330000057], [83.14410083700011, 28.72546304400015], [83.14600572600011, 28.730708467000113], [83.14254431800003, 28.733808566000164], [83.14531423000005, 28.747081085000104], [83.13225373800003, 28.747976856000093], [83.11353648100004, 28.743531037000025], [83.10249858800006, 28.753408459000127], [83.09809273300016, 28.766568558000188], [83.08164832500006, 28.779439621000165], [83.07915102900017, 28.786104096000088], [83.06826231200012, 28.779911871000138], [83.06505866800006, 28.78381471300014], [83.04560418500006, 28.786444171000085], [83.03597292300003, 28.792714384000078], [83.02223482100004, 28.790693670000053], [83.01221570100006, 28.798906010999985], [82.99726468800014, 28.803841826999985], [82.98103901000002, 28.800602938000168], [82.97573648400004, 28.80337122600008], [82.96575075100009, 28.820298454000124], [82.9565396100001, 28.820904256000176], [82.94709679100015, 28.82896037000006], [82.93009431700006, 28.827013101000148], [82.90489081300018, 28.832285355000124], [82.89655965300005, 28.82465649100004], [82.867465466, 28.834186919000047], [82.85447613900004, 28.832159970000134], [82.84366096700012, 28.8264466440001], [82.83557577400006, 28.83159435900012], [82.81700448200019, 28.83126585500014], [82.79923653400016, 28.820622502000163], [82.78164228400016, 28.824215904000084], [82.76571705999999, 28.808527794000042], [82.74166927800019, 28.845786936000025], [82.72629916200015, 28.846283220000032], [82.7236170220001, 28.849704365000036], [82.71199987400007, 28.85147733800011], [82.70456782100018, 28.854582002000143], [82.69555972000012, 28.86465875100015], [82.67123787300005, 28.852175350000095]]]}, "properties": {"district": "Rukum East", "population": 58948, "events": 100, "deaths": 59, "missing": 6, "injured": 25, "houses_destroyed": 109, "severity_score": 378.8, "by_hazard": {"landslide": 76, "flood": 23, "flash_flood": 0, "glof": 0, "debris_flow": 0, "avalanche": 1, "other": 0}, "first_year": 1972, "last_year": 2026, "deaths_per_100k": 100.09}}, {"type": "Feature", "geometry": {"type": "Polygon", "coordinates": [[[82.53527071200006, 28.553740719000018], [82.52803661300004, 28.558374853000146], [82.50891089900011, 28.55117160700013], [82.49406486200019, 28.5536117260001], [82.49163707700012, 28.551916726], [82.49400806000011, 28.543527776000133], [82.49104987400011, 28.53816047500004], [82.46219103800013, 28.52106799400002], [82.43346882400004, 28.52627771800013], [82.42935697700005, 28.524532443000055], [82.41806376500006, 28.528697608000186], [82.41693698100005, 28.5176627890001], [82.40740002700005, 28.503662724000037], [82.41157090000007, 28.492610079000087], [82.40563996200018, 28.48653755100014], [82.40552569400012, 28.47814217100006], [82.40030042200016, 28.469765790000054], [82.39595598600005, 28.46838317100014], [82.39550694700011, 28.46038477200011], [82.38344878499998, 28.455985375000182], [82.37370874500004, 28.44825469200015], [82.3765005790001, 28.430303068], [82.3502660960001, 28.421831837000127], [82.35310248900004, 28.410374180000076], [82.36547614, 28.403122775000043], [82.3634727490001, 28.38826442200019], [82.38347314900005, 28.37276932000009], [82.38270965400005, 28.364634118000083], [82.37598117800002, 28.358456210000156], [82.37919980400005, 28.35169725100019], [82.36307368700011, 28.340786203000164], [82.36407574900005, 28.330113510000047], [82.36724870000012, 28.329890013000067], [82.36338941400004, 28.319480287000147], [82.37597292300018, 28.31508618500004], [82.37618015300006, 28.30459964700009], [82.38349190700018, 28.291611881], [82.39514205800003, 28.28288335000019], [82.40349456500019, 28.262151432000053], [82.41318922400006, 28.253811460000122], [82.427659178, 28.252118138000185], [82.437208554, 28.246590972000092], [82.42676173100011, 28.238954267000167], [82.42752648100014, 28.23000253500004], [82.41878135399998, 28.22973936900013], [82.40673171200007, 28.220638027000064], [82.4004677040001, 28.19234346200011], [82.40342575400007, 28.184954991000097], [82.39912323800007, 28.18011093400014], [82.40129751300015, 28.176323873000058], [82.39670608400013, 28.16884568100005], [82.43705057400007, 28.149017827000137], [82.47214338500015, 28.140021722000142], [82.47918235700007, 28.14430387200008], [82.48449333400015, 28.13045290100007], [82.49107834500006, 28.136047735000034], [82.49540015800017, 28.1349810210001], [82.50390429800018, 28.14985059999998], [82.51922778100004, 28.147287683000116], [82.51599636800006, 28.139188626000134], [82.53901965200009, 28.131850131000192], [82.55775674000017, 28.135962281000104], [82.56179517600015, 28.133577556000034], [82.55893048900003, 28.130829328], [82.56714017000007, 28.1154252930001], [82.57749619000003, 28.109887011000183], [82.58223823000003, 28.110425658000054], [82.58830548700013, 28.103163847000076], [82.59490213200013, 28.10140672900019], [82.597886141, 28.092671382000105], [82.60661702800007, 28.102780400000086], [82.60728731500018, 28.11939858100004], [82.60418389500012, 28.130787871000052], [82.58835516700015, 28.139984799000047], [82.59007742100016, 28.147410333000153], [82.60692937900006, 28.151965665000148], [82.61342485500018, 28.169969177999974], [82.62503688000004, 28.178520507000087], [82.63877348700015, 28.180737571000066], [82.65781311100005, 28.190715502000046], [82.66508504200016, 28.188797098000123], [82.68213557700005, 28.19271094900006], [82.68389450200004, 28.185834710000165], [82.69016221800013, 28.19925345200005], [82.69629518500011, 28.203602521000107], [82.69612129000006, 28.211495463000176], [82.70506980300013, 28.2075454780001], [82.71221505000011, 28.209697262000134], [82.73291352500019, 28.207419831000095], [82.73508010100005, 28.201027014000033], [82.7407746930001, 28.20019175700014], [82.74593051200014, 28.19633360800003], [82.74543571000004, 28.192674684000167], [82.7524424670001, 28.19037379500014], [82.75830684900018, 28.179789552000045], [82.78650246500018, 28.177813648000154], [82.79297695200006, 28.188556705000053], [82.8151539750001, 28.188037645000122], [82.82536475500012, 28.199661987000184], [82.82465954900005, 28.205525567000052], [82.8168953010001, 28.214459385000055], [82.82927984100007, 28.219995752000102], [82.83872960700018, 28.23103738600014], [82.8493639020001, 28.231749487000172], [82.85223482900005, 28.235473621000097], [82.84845995000012, 28.25576683700018], [82.86096810600014, 28.25759285800018], [82.88365166200009, 28.271346631000142], [82.88877816600007, 28.277531017000058], [82.88764326800015, 28.29319082100011], [82.89952474200015, 28.299071149999975], [82.90412226700016, 28.311077496000053], [82.92013591100016, 28.32140823300017], [82.92723011900006, 28.34857254500008], [82.94054794400017, 28.361776291000126], [82.95456540000004, 28.360075344000165], [82.95655603000006, 28.3653669520001], [82.95486006800007, 28.372001884000042], [82.94787163100011, 28.378636672000084], [82.95029220300006, 28.38397003500006], [82.94214523400018, 28.393787576000136], [82.94350689900011, 28.398375176000116], [82.9379771400001, 28.39856001300018], [82.93636829100012, 28.40204848200011], [82.91583154100016, 28.402951339000083], [82.91909017000006, 28.409103950000144], [82.91842591400012, 28.417350436000163], [82.91214712900012, 28.427336490000073], [82.91419490900012, 28.43415852200019], [82.90054674400017, 28.44729955000014], [82.88622970100016, 28.452396180000164], [82.87919118700006, 28.476283387000137], [82.8675865080001, 28.479331746000184], [82.83282978400007, 28.47817614000013], [82.8259571590001, 28.484033749000105], [82.81241489900015, 28.488675807000163], [82.80951052100016, 28.492927249000047], [82.79058467900012, 28.500542453000037], [82.76711078200003, 28.500737520000087], [82.75732244000017, 28.506039511000097], [82.75258972000012, 28.505215705000182], [82.74232108900003, 28.51262349700005], [82.74266293700003, 28.524572780000142], [82.73727944100011, 28.52646496300008], [82.71844513300016, 28.522041149000188], [82.70315119800011, 28.509061235000047], [82.68989330700015, 28.51200851699997], [82.69438654600003, 28.520068345000027], [82.68699634799998, 28.523764145000087], [82.68196048300013, 28.51968450700008], [82.686267869, 28.51482689200003], [82.6814414100001, 28.517324528000074], [82.67219342000016, 28.510262287000103], [82.66742615900017, 28.502022973000123], [82.65977369100011, 28.49887327100015], [82.65745143200007, 28.492848039000023], [82.64108254600018, 28.49467031600011], [82.61351439900011, 28.51085129800009], [82.59773167300006, 28.506823182], [82.58808814300005, 28.514403719000086], [82.57647665800005, 28.514005082000097], [82.56457243400007, 28.521679701000096], [82.54485952500016, 28.52555480300009], [82.54080208400012, 28.53817414700012], [82.53525007000007, 28.542284938000137], [82.53527071200006, 28.553740719000018]]]}, "properties": {"district": "Rolpa", "population": 246489, "events": 217, "deaths": 143, "missing": 36, "injured": 71, "houses_destroyed": 185, "severity_score": 1009.9, "by_hazard": {"landslide": 191, "flood": 26, "flash_flood": 0, "glof": 0, "debris_flow": 0, "avalanche": 0, "other": 0}, "first_year": 1975, "last_year": 2026, "deaths_per_100k": 58.01}}, {"type": "Feature", "geometry": {"type": "Polygon", "coordinates": [[[82.96700546099999, 28.357584949000056], [82.94054794400017, 28.361776291000126], [82.92723011900006, 28.34857254500008], [82.92013591100016, 28.32140823300017], [82.90412226700016, 28.311077496000053], [82.89952474200015, 28.299071149999975], [82.88764326800015, 28.29319082100011], [82.88877816600007, 28.277531017000058], [82.88365166200009, 28.271346631000142], [82.86096810600014, 28.25759285800018], [82.84845995000012, 28.25576683700018], [82.85195956500002, 28.23491860600012], [82.8493639020001, 28.231749487000172], [82.83872960700018, 28.23103738600014], [82.82927984100007, 28.219995752000102], [82.8168953010001, 28.214459385000055], [82.82465954900005, 28.205525567000052], [82.82536475500012, 28.199661987000184], [82.81427910200011, 28.187459313000033], [82.79297695200006, 28.188556705000053], [82.78650246500018, 28.177813648000154], [82.75830684900018, 28.179789552000045], [82.7524424670001, 28.19037379500014], [82.74543571000004, 28.192674684000167], [82.74593051200014, 28.19633360800003], [82.7407746930001, 28.20019175700014], [82.73508010100005, 28.201027014000033], [82.73291352500019, 28.207419831000095], [82.71221505000011, 28.209697262000134], [82.70506980300013, 28.2075454780001], [82.69612129000006, 28.211495463000176], [82.69629518500011, 28.203602521000107], [82.69016221800013, 28.19925345200005], [82.68389450200004, 28.185834710000165], [82.68213557700005, 28.19271094900006], [82.66508504200016, 28.188797098000123], [82.65781311100005, 28.190715502000046], [82.63877348700015, 28.180737571000066], [82.62503688000004, 28.178520507000087], [82.61342485500018, 28.169969177999974], [82.60692937900006, 28.151965665000148], [82.58985389800006, 28.1469478730001], [82.58835516700015, 28.139984799000047], [82.60418389500012, 28.130787871000052], [82.60728731500018, 28.11939858100004], [82.60668133000007, 28.10297057100007], [82.60032635800002, 28.093666264000035], [82.61051921200016, 28.091563793000034], [82.62480841500019, 28.07482334200006], [82.62479569100003, 28.070086086000117], [82.6397240170001, 28.068940035000082], [82.65626777000017, 28.059994093000114], [82.66967730900006, 28.0584148100001], [82.68508249700017, 28.051107764000164], [82.70449753400015, 28.05316923800018], [82.71861355900006, 28.04724698600012], [82.70872209400011, 28.036378268000192], [82.70273803900011, 28.035498448000055], [82.69714959000004, 28.029533095000033], [82.69573679700011, 28.015188381000087], [82.70525925500004, 28.005871620000107], [82.72133779100005, 28.001984148000133], [82.731809995, 27.99269008500005], [82.74127089600006, 27.990124147000188], [82.74639999800007, 27.974601010000185], [82.76259534200017, 27.97684335800011], [82.7594778990001, 27.96942054900012], [82.76595505600017, 27.968039521000037], [82.76609507200004, 27.962766564000106], [82.75137072000012, 27.943729454999982], [82.75633964700012, 27.945290386000124], [82.76432827600001, 27.941240872000037], [82.77544019000015, 27.92613309700016], [82.7692312370001, 27.921392312000023], [82.77421008800019, 27.89363053400018], [82.77902668100018, 27.897537624000165], [82.78237272000018, 27.89152365700005], [82.78696758700016, 27.892304092000018], [82.78864956100006, 27.888386848000096], [82.79073922999999, 27.89103332600007], [82.79149619800012, 27.880572538000138], [82.79723790100007, 27.882046239000147], [82.79981212500013, 27.878314803000137], [82.80512392300011, 27.87770225000014], [82.81283575000003, 27.88505094600015], [82.82463178000012, 27.90577123800017], [82.83497094000012, 27.906571880000172], [82.84825900599998, 27.90115431900017], [82.85453372100005, 27.904764209000064], [82.86132970400001, 27.90373546600017], [82.86256358700007, 27.90782667600007], [82.867374283, 27.909565026000053], [82.87693209700018, 27.90111349900019], [82.88057425700009, 27.906428819000155], [82.88800231900007, 27.906624350000072], [82.8950329220001, 27.914107523000098], [82.90037437300003, 27.90852842300012], [82.91662145900017, 27.904388727000082], [82.92565432300006, 27.91359171400012], [82.928461276, 27.92263287200018], [82.93918108100013, 27.926302886000087], [82.94292211400017, 27.930994703000067], [82.96864737800007, 27.926219896000134], [82.98379745900007, 27.930097708000176], [82.98837455799998, 27.92539839], [82.99204979000018, 27.930092956000124], [82.99793763900016, 27.9325385730001], [83.00250534300005, 27.92907945500002], [83.00408857200006, 27.932147825000072], [83.00984140400016, 27.920038449000174], [83.01458445300011, 27.923481269000092], [83.01580288700006, 27.928259167000192], [83.01293669000012, 27.93253186100003], [83.01575754500004, 27.93670077500019], [83.012724988, 27.941398615000082], [83.01767295800016, 27.94742595400004], [83.01434437500018, 27.9490625680001], [83.01664742400004, 27.95645161900012], [83.00806917500017, 27.96762941200012], [83.00172110700004, 27.96999960100004], [82.99954000200012, 27.977712742000108], [82.98929771100006, 27.97667005900007], [82.98587620200004, 27.98151325500004], [82.97568245700012, 27.98425085400015], [82.9764388860001, 27.989154232000146], [82.97359715400017, 27.991914626000096], [82.96809998800006, 27.99344590400011], [82.96415512100009, 27.987972593000165], [82.95240334100009, 27.993629526000063], [82.95456409700017, 27.997828490000188], [82.96859142900013, 28.002953922000074], [82.96822223000004, 28.006120753000175], [82.97336697300005, 28.00631268800015], [82.97188783000013, 28.01442080400011], [82.97620289800011, 28.019763507000107], [82.97465695099999, 28.03117613400019], [82.97027915200005, 28.038357977000146], [82.960751695, 28.040977471000133], [82.96145568800011, 28.046239191000097], [82.96442909700016, 28.052941438000175], [82.97500214100012, 28.06147150800001], [82.97554365400009, 28.066680041000154], [82.9850127470001, 28.073784412000066], [82.99318994800018, 28.090784489000043], [83.00184237700012, 28.09581072400016], [83.00194270800017, 28.113730344000146], [83.02804085399998, 28.099202310000123], [83.03963548900003, 28.105433730000016], [83.04495954900017, 28.100870975000078], [83.05036072200005, 28.106135516], [83.04816330400013, 28.110801433000177], [83.05297504000004, 28.11357569000012], [83.05294341000007, 28.120611800000177], [83.05900672700017, 28.126773956000022], [83.04940356300017, 28.14062461100019], [83.0550641750001, 28.140717876], [83.05678091900006, 28.14524161600002], [83.05362457000012, 28.149738408000132], [83.03680605200014, 28.15765693200018], [83.04209625500005, 28.168637574000115], [83.03488642200011, 28.16812670000013], [83.02936434700018, 28.17484862800012], [83.03305783700006, 28.175540371000068], [83.03603336700007, 28.18571299000007], [83.03426432000015, 28.203680263000138], [83.03695003100006, 28.20321184600016], [83.0275843500001, 28.21951671800008], [83.02700960800013, 28.236098072000175], [83.02178121100013, 28.23481554700004], [83.02969333900006, 28.240965044000177], [83.05143561400018, 28.243603633000077], [83.0706291190001, 28.23909052400012], [83.07768865200006, 28.233633879000138], [83.09426344100001, 28.258408685000063], [83.09729350800018, 28.275819643000034], [83.06930939100016, 28.30185671600009], [83.0687235360001, 28.311289035000073], [83.06151956999997, 28.31759916100009], [83.05115244100011, 28.31893738200006], [83.04411259000017, 28.32465206400002], [83.0336906760001, 28.321645993000118], [83.01891496900015, 28.325348493000035], [83.01278146300018, 28.332798220000086], [83.00408776100011, 28.33262454100003], [82.993885906, 28.350898779000033], [82.9799666180001, 28.3593517970001], [82.96700546099999, 28.357584949000056]]]}, "properties": {"district": "Pyuthan", "population": 242520, "events": 144, "deaths": 154, "missing": 15, "injured": 37, "houses_destroyed": 98, "severity_score": 904.6, "by_hazard": {"landslide": 101, "flood": 43, "flash_flood": 0, "glof": 0, "debris_flow": 0, "avalanche": 0, "other": 0}, "first_year": 1980, "last_year": 2026, "deaths_per_100k": 63.5}}, {"type": "Feature", "geometry": {"type": "Polygon", "coordinates": [[[81.94502600600015, 28.282579740000074], [81.93660826600018, 28.279328357999987], [81.93224959700007, 28.26940514400019], [81.95232456200011, 28.248972676000164], [81.95284947400017, 28.24296823400016], [81.93823839800007, 28.231952164000177], [81.92608679000006, 28.231924433000074], [81.92119092100006, 28.226962226000126], [81.9207994360001, 28.220310147000134], [81.92683355300011, 28.215767343000095], [81.92658955899998, 28.209416451000095], [81.93599626200017, 28.20757424200019], [81.93841366200019, 28.20171163500015], [81.95183971800014, 28.194037356000138], [81.96257282000016, 28.194350285000155], [81.96515138500013, 28.184442553000167], [81.97733390600007, 28.183128681000028], [81.99806814900012, 28.16359760500012], [82.01778902500007, 28.13441559600011], [82.01636298400012, 28.11611275200005], [82.02001634300018, 28.100000778000094], [82.04362005300004, 28.095291104000182], [82.05011064800016, 28.08991537500009], [82.05467788100015, 28.091337622000083], [82.07714306500014, 28.079441402000043], [82.08513103200016, 28.07698274], [82.08875162400005, 28.079374698000038], [82.10734867300005, 28.072701759000097], [82.1592936350001, 28.046810737000158], [82.17282343900007, 28.046695815000078], [82.18108328700015, 28.034928319000016], [82.18978790500006, 28.03262215400008], [82.192740528, 28.027978808000114], [82.19305697900018, 28.018063718000064], [82.18920041200005, 28.012477735000175], [82.19055677400019, 28.003025118000096], [82.185841429, 27.995023656000114], [82.19321901100011, 27.97346572900011], [82.18968311900011, 27.969577845000174], [82.19204135100017, 27.953071385000044], [82.1766076400001, 27.95171529000004], [82.1529582170001, 27.961259396000116], [82.14699482000009, 27.962006307000024], [82.14146925000011, 27.958668408000165], [82.13341658300004, 27.962193284000136], [82.1194429570001, 27.948747251000043], [82.11402311000012, 27.949628220000193], [82.11390244300014, 27.952850673000114], [82.09994395500001, 27.949010515000168], [82.09499544600015, 27.95532824300011], [82.08794311800017, 27.949915764000025], [82.07709065500006, 27.95271048000012], [82.0673269450001, 27.95067046700018], [82.06373654000015, 27.94087587200005], [82.06881590000012, 27.9315284220001], [82.06513163200009, 27.925253819000034], [82.0709959510001, 27.922582394000074], [82.09135295800019, 27.8946427300001], [82.11417000199998, 27.877542798000093], [82.1233021220001, 27.86501131900019], [82.14995834800015, 27.857901967000146], [82.15394922600012, 27.866175019000025], [82.20821771000004, 27.84309920200002], [82.23043449699998, 27.820765551000193], [82.25271731600009, 27.8101157750001], [82.30384068100011, 27.772591727000076], [82.33653429400005, 27.754787312000133], [82.36711115500003, 27.742638290000173], [82.38229895600017, 27.720309848000113], [82.40157468200005, 27.702854146000163], [82.44932358500012, 27.67859484400003], [82.473161737, 27.676471066000033], [82.48185202100018, 27.68278268100005], [82.4900053290001, 27.681199629], [82.51619115000005, 27.690393483000094], [82.54108801800015, 27.685695142999975], [82.58486516300019, 27.698567920000073], [82.59361958000005, 27.696899760000065], [82.60497714200011, 27.70592535600008], [82.61878079700011, 27.70222426700019], [82.62775961000006, 27.71147699500017], [82.63845353300013, 27.70907630500011], [82.65516927500016, 27.713270981000107], [82.66414459900005, 27.722052127000097], [82.66644097099999, 27.715624681000122], [82.67159755600005, 27.71421244600009], [82.68869137400009, 27.714932568000165], [82.69918283900012, 27.7219392720001], [82.70189020400005, 27.71632263400005], [82.70508870900011, 27.716533099000173], [82.70826326200017, 27.724478799000167], [82.70614421600015, 27.735582949], [82.7007601950001, 27.745429164000143], [82.70177679000011, 27.749826530000178], [82.69604193300012, 27.756641766000087], [82.70924516400004, 27.759872041000108], [82.72286773800005, 27.758473554000147], [82.72549859200012, 27.76428425300014], [82.73114934500006, 27.766977903000054], [82.73120763200018, 27.7747726340001], [82.73509402400003, 27.7760445130001], [82.781785609, 27.777434010000036], [82.78340404500017, 27.769290772000033], [82.80390514800013, 27.777293348000114], [82.805669002, 27.792513680000013], [82.79813759800004, 27.79462993900006], [82.79766268800017, 27.803320206000137], [82.79411823900006, 27.80592873000012], [82.78769244500006, 27.804223414999967], [82.78698690600004, 27.79456403200004], [82.76924949300019, 27.810372399000187], [82.75811801800012, 27.811993962000145], [82.75575869700003, 27.819374445], [82.74839555500006, 27.823034629000176], [82.74865811500013, 27.82801580600011], [82.755724343, 27.835327996000103], [82.78062167700017, 27.84267213300012], [82.79196071900009, 27.856032211000127], [82.80699774400017, 27.85705415300015], [82.79191192700011, 27.86538254800007], [82.80752623200004, 27.867323165000187], [82.81004651200004, 27.871024366000086], [82.80429282200004, 27.87229429100006], [82.80512392300011, 27.87770225000014], [82.79981212500013, 27.878314803000137], [82.79758566900011, 27.881913880000127], [82.79096882599998, 27.88090631300014], [82.79051888200007, 27.89118255900007], [82.78864956100006, 27.888386848000096], [82.78696758700016, 27.892304092000018], [82.78237272000018, 27.89152365700005], [82.77902668100018, 27.897537624000165], [82.77421008800019, 27.89363053400018], [82.7692312370001, 27.921392312000023], [82.77560004800006, 27.925868374000174], [82.76432827600001, 27.941240872000037], [82.75633964700012, 27.945290386000124], [82.75137072000012, 27.943729454999982], [82.76609507200004, 27.962766564000106], [82.76595505600017, 27.968039521000037], [82.7594778990001, 27.96942054900012], [82.76259534200017, 27.97684335800011], [82.74639999800007, 27.974601010000185], [82.74127089600006, 27.990124147000188], [82.731809995, 27.99269008500005], [82.72133779100005, 28.001984148000133], [82.70525925500004, 28.005871620000107], [82.6962896820001, 28.014052181000068], [82.69714959000004, 28.029533095000033], [82.70273803900011, 28.035498448000055], [82.70872209400011, 28.036378268000192], [82.71861355900006, 28.04724698600012], [82.70449753400015, 28.05316923800018], [82.68508249700017, 28.051107764000164], [82.66967730900006, 28.0584148100001], [82.65626777000017, 28.059994093000114], [82.6397240170001, 28.068940035000082], [82.62516339600018, 28.06984161300005], [82.62480841500019, 28.07482334200006], [82.61051921200016, 28.091563793000034], [82.59739370900013, 28.09269124700006], [82.59490213200013, 28.10140672900019], [82.58830548700013, 28.103163847000076], [82.58223823000003, 28.110425658000054], [82.57749619000003, 28.109887011000183], [82.56714017000007, 28.1154252930001], [82.55893048900003, 28.130829328], [82.56179517600015, 28.133577556000034], [82.55713050700012, 28.136194750000072], [82.53901965200009, 28.131850131000192], [82.51599636800006, 28.139188626000134], [82.51922778100004, 28.147287683000116], [82.50390429800018, 28.14985059999998], [82.49540015800017, 28.1349810210001], [82.49107834500006, 28.136047735000034], [82.48449333400015, 28.13045290100007], [82.47918235700007, 28.14430387200008], [82.47278486, 28.1400824750001], [82.46424298500017, 28.141592838000122], [82.40887109000016, 28.160902706000172], [82.39460050800017, 28.17141160200015], [82.39676063200017, 28.18269529000014], [82.3927141210001, 28.189226258000133], [82.37797151000007, 28.184489541000175], [82.36703007500006, 28.189789711000117], [82.35481918300013, 28.205502784000032], [82.34704904799997, 28.20860676200016], [82.34596930000004, 28.216316229000086], [82.33745538000005, 28.22347826300006], [82.3123264620001, 28.223342725], [82.3100696140001, 28.2316023730001], [82.30213498000012, 28.23259173100007], [82.30028311000018, 28.245911547000105], [82.27537330100017, 28.248433582000132], [82.25820614400004, 28.2436051520001], [82.25589609100012, 28.23966304099997], [82.24388605799999, 28.23786665900002], [82.23306560700007, 28.239911440000014], [82.21769544200015, 28.24960477000002], [82.19858102100017, 28.242879986000162], [82.18990403200019, 28.24831555100002], [82.16933312700013, 28.251513651000153], [82.16071759400006, 28.241722363], [82.14370228900003, 28.237074358000143], [82.13270407400017, 28.25148819300017], [82.12586613400015, 28.2543126490001], [82.11759761700017, 28.25149078900006], [82.10822925900004, 28.258233038000185], [82.10070245100007, 28.258966113000042], [82.09386219600015, 28.25501694000019], [82.09159235800013, 28.24927587200017], [82.08116609300015, 28.24853535300008], [82.06845845600003, 28.236967984000046], [82.052011919, 28.240977883000085], [82.04209670500012, 28.23013985900002], [82.03675976100016, 28.215032231000066], [82.03082595600006, 28.214050612000108], [82.0234343680001, 28.201525030000028], [82.01689526100006, 28.200991737000095], [81.99263250000007, 28.220577412000125], [81.97235539000013, 28.22269018200012], [81.96318815600011, 28.24196634700013], [81.97505434300007, 28.243195152000112], [81.97854531400014, 28.249789034000173], [81.98480244100011, 28.251336731000094], [81.98395573600015, 28.25865867200008], [81.976338005, 28.25924344800012], [81.96957973300005, 28.255706989000032], [81.96162517700003, 28.26643583100008], [81.95984625199998, 28.275627462000045], [81.95381384600006, 28.28112449800011], [81.94502600600015, 28.282579740000074]]]}, "properties": {"district": "Dang", "population": 726137, "events": 183, "deaths": 109, "missing": 23, "injured": 46, "houses_destroyed": 553, "severity_score": 1119.0, "by_hazard": {"landslide": 49, "flood": 134, "flash_flood": 0, "glof": 0, "debris_flow": 0, "avalanche": 0, "other": 0}, "first_year": 1973, "last_year": 2026, "deaths_per_100k": 15.01}}, {"type": "Feature", "geometry": {"type": "Polygon", "coordinates": [[[81.70196922800005, 28.334429826000132], [81.67345078600016, 28.33748377400019], [81.67586129600011, 28.3327027470001], [81.68476853400006, 28.332295096000053], [81.68445906500011, 28.32587843200008], [81.69130773300014, 28.327463693000084], [81.68442265900012, 28.3243693820001], [81.67837272800006, 28.313722090000056], [81.68039502900012, 28.323663141], [81.67668024500011, 28.3223144640001], [81.662024723, 28.287299104000112], [81.65331735100006, 28.29375714000014], [81.64594904600017, 28.282485260999977], [81.64056639000012, 28.279573268000036], [81.64644345, 28.277106825000146], [81.64417399200016, 28.274430665000068], [81.64708205500017, 28.266175777000058], [81.64311595400005, 28.266929965000088], [81.64073073300011, 28.26241790800009], [81.62303463699999, 28.2548428610001], [81.62073030000005, 28.249039675000063], [81.61244855100006, 28.248738526000125], [81.61040086300005, 28.23968314200016], [81.606377974, 28.235897371000192], [81.59670368399998, 28.234421687000122], [81.5940524770001, 28.23820299100015], [81.58992990300004, 28.235046661000126], [81.589354077, 28.24024473900016], [81.58266278400015, 28.233746744000143], [81.58280124400005, 28.22793015400009], [81.57548835500012, 28.228195718000052], [81.57844328400012, 28.2236170540001], [81.5721841730001, 28.2176017700001], [81.56388836700012, 28.21354827900018], [81.56203960700009, 28.21772730800018], [81.56148561500004, 28.207254824000188], [81.54063150200005, 28.203661494000073], [81.5279731170001, 28.194930436000107], [81.52911580100016, 28.182641829000033], [81.51813604000006, 28.178920772000083], [81.51842018400009, 28.175537835000057], [81.52382035700009, 28.173863626000184], [81.51869333900004, 28.171733126000106], [81.52257650100017, 28.16807707700019], [81.51684926300004, 28.161614905000192], [81.52198595400006, 28.161008906000063], [81.52231372500012, 28.15721069600005], [81.51488475100007, 28.156067950000192], [81.51196321300006, 28.14857747200017], [81.50622005300005, 28.152185938000116], [81.4987233170001, 28.144953438000186], [81.50433641500018, 28.127992134000124], [81.49858634200001, 28.126632429000153], [81.50577944100019, 28.122461660000113], [81.50110266000007, 28.11749067700015], [81.51093674900005, 28.107647215000156], [81.50334733200015, 28.104345352000053], [81.51170934300006, 28.096197025000095], [81.51049284900012, 28.090875059000098], [81.52468910500016, 28.084242673000062], [81.51416869800005, 28.07440087000009], [81.50389131500015, 28.07577235500014], [81.50485036800018, 28.06885168900004], [81.54724434900015, 28.04919213100004], [81.58659814200018, 28.024774591000153], [81.61702821500006, 28.010396448], [81.62429476500017, 28.00137087400003], [81.64341475200007, 27.99381064100004], [81.69827713000012, 27.988191594000057], [81.80484916600005, 27.90336819200013], [81.82109559800011, 27.90344840800003], [81.83267881800003, 27.898059123000053], [81.87353687600006, 27.86940255500008], [81.8849169290001, 27.857264632000067], [81.89952358400006, 27.85381989900003], [81.92610827400006, 27.859764663000078], [81.92536040400017, 27.875787565999985], [81.93800092400011, 27.887918510000077], [81.93806375100007, 27.893736354000055], [81.96817488400006, 27.9289406850001], [81.99113528300012, 27.929196983000168], [82.06261409600017, 27.9217066060001], [82.0681219980001, 27.92418389500017], [82.06502182700018, 27.92571264900016], [82.06877472600007, 27.93109108600015], [82.06809283900009, 27.936846801], [82.06373654000015, 27.94087587200005], [82.06966459600017, 27.952583450000077], [82.08794311800017, 27.949915764000025], [82.09499544600015, 27.95532824300011], [82.09994395500001, 27.949010515000168], [82.11390244300014, 27.952850673000114], [82.11402311000012, 27.949628220000193], [82.1194429570001, 27.948747251000043], [82.13341658300004, 27.962193284000136], [82.14146925000011, 27.958668408000165], [82.14699482000009, 27.962006307000024], [82.1529582170001, 27.961259396000116], [82.1766076400001, 27.95171529000004], [82.192204887, 27.953275244000167], [82.18968311900011, 27.969577845000174], [82.19321901100011, 27.97346572900011], [82.185841429, 27.995023656000114], [82.19055677400019, 28.003025118000096], [82.18920041200005, 28.012477735000175], [82.19381255900015, 28.025201514], [82.19000487900007, 28.03247367100016], [82.18042555199997, 28.035583687999974], [82.17406234800018, 28.0459340270001], [82.1592936350001, 28.046810737000158], [82.1063948580001, 28.073065899000028], [82.08875162400005, 28.079374698000038], [82.08513103200016, 28.07698274], [82.07714306500014, 28.079441402000043], [82.05467788100015, 28.091337622000083], [82.04941811300017, 28.090112409000028], [82.04362005300004, 28.095291104000182], [82.0209151090001, 28.099272232000033], [82.01636298400012, 28.11611275200005], [82.01778902500007, 28.13441559600011], [82.00246585800011, 28.157992347000175], [81.97780686900006, 28.182817818000103], [81.96515138500013, 28.184442553000167], [81.96257282000016, 28.194350285000155], [81.95183971800014, 28.194037356000138], [81.93841366200019, 28.20171163500015], [81.93599626200017, 28.20757424200019], [81.92658955899998, 28.209416451000095], [81.92683355300011, 28.215767343000095], [81.9207994360001, 28.220310147000134], [81.9214553590001, 28.226834597000106], [81.90919294400004, 28.232202482000105], [81.89638859400003, 28.233250269000166], [81.88278325100009, 28.243470203000072], [81.87665022100015, 28.23911739100015], [81.86080437200013, 28.238660836000122], [81.86455647800005, 28.2497679330001], [81.84343731500013, 28.271960662000026], [81.81441343200004, 28.27872863500005], [81.80836486400017, 28.282944851000025], [81.79799174600004, 28.273587253000073], [81.79353453400006, 28.2737959210001], [81.78628888400004, 28.295163296000112], [81.76733029000013, 28.300714772000106], [81.76111179300011, 28.309152972000163], [81.75368426700015, 28.307418715000097], [81.74795195600007, 28.312408864000076], [81.72509242300004, 28.31601321500017], [81.71118472200016, 28.32431600900003], [81.70196922800005, 28.334429826000132]]]}, "properties": {"district": "Banke", "population": 649419, "events": 109, "deaths": 43, "missing": 18, "injured": 12, "houses_destroyed": 619, "severity_score": 495.9, "by_hazard": {"landslide": 12, "flood": 97, "flash_flood": 0, "glof": 0, "debris_flow": 0, "avalanche": 0, "other": 0}, "first_year": 1975, "last_year": 2026, "deaths_per_100k": 6.62}}, {"type": "Feature", "geometry": {"type": "Polygon", "coordinates": [[[81.30067298500006, 28.673720821000074], [81.28522078400005, 28.673235342000112], [81.28743936100005, 28.647953024000117], [81.27097160200003, 28.63016057100009], [81.26867725500017, 28.617784560000075], [81.25951303900007, 28.61205877800012], [81.24882811300012, 28.59438314100015], [81.22421480800011, 28.57082879900014], [81.19786326200006, 28.553038586000127], [81.1679979480001, 28.52414823000015], [81.16005654499997, 28.501385852000112], [81.15310523200009, 28.501924084000052], [81.14719141300009, 28.49815860100017], [81.114720643, 28.472500850000074], [81.10889100100013, 28.461397110000064], [81.09132007600016, 28.45775752500009], [81.08575047900001, 28.438343681000163], [81.06548856600017, 28.422450065000135], [81.05909205600011, 28.40793094600008], [81.06622233000013, 28.40105130100011], [81.06726898700015, 28.39443167500019], [81.07976395100013, 28.3849247820001], [81.21333813900014, 28.358257025000114], [81.23450634200003, 28.32463215700011], [81.23266601600017, 28.288967168000113], [81.28603025100017, 28.228518572000098], [81.29954544300017, 28.219835364000176], [81.3205314220001, 28.19724741000016], [81.31829479400011, 28.182366936000108], [81.32468836400017, 28.17503325900003], [81.32118563200004, 28.16881703200005], [81.30439160200012, 28.168496649000133], [81.30174918800003, 28.16606821199997], [81.30967845700013, 28.160676502000115], [81.31058523300004, 28.155562171000156], [81.32010930100006, 28.160244182000042], [81.32785170700015, 28.14826857300011], [81.318295616, 28.145220600000073], [81.31537808900015, 28.13696100700014], [81.31796654800013, 28.13354154299998], [81.33438727300017, 28.140182779000043], [81.3712337450001, 28.14237557300015], [81.37830781200017, 28.155493402000047], [81.3770666750001, 28.158698214000026], [81.36835700400019, 28.160973451000075], [81.36684194800006, 28.165340779000132], [81.37464250400012, 28.17693844400003], [81.38987280900005, 28.173760004000144], [81.41474493000015, 28.174250920000077], [81.42572456500011, 28.170907627000133], [81.44642880900005, 28.160881140000185], [81.449884875, 28.14086977400018], [81.48398458800017, 28.118240252000078], [81.47971849400017, 28.11008600400004], [81.47835077700006, 28.082530452000015], [81.50485036800018, 28.06885168900004], [81.50389131500015, 28.07577235500014], [81.51416869800005, 28.07440087000009], [81.52468910500016, 28.084242673000062], [81.51049284900012, 28.090875059000098], [81.51170934300006, 28.096197025000095], [81.50334733200015, 28.104345352000053], [81.51093674900005, 28.107647215000156], [81.50110266000007, 28.11749067700015], [81.50577944100019, 28.122461660000113], [81.49858634200001, 28.126632429000153], [81.50433641500018, 28.127992134000124], [81.4987233170001, 28.144953438000186], [81.50622005300005, 28.152185938000116], [81.51196321300006, 28.14857747200017], [81.51488475100007, 28.156067950000192], [81.52231372500012, 28.15721069600005], [81.52198595400006, 28.161008906000063], [81.51684926300004, 28.161614905000192], [81.52257650100017, 28.16807707700019], [81.51869333900004, 28.171733126000106], [81.52382035700009, 28.173863626000184], [81.51842018400009, 28.175537835000057], [81.51813604000006, 28.178920772000083], [81.52911580100016, 28.182641829000033], [81.52816077500017, 28.195164291000026], [81.54063150200005, 28.203661494000073], [81.56148561500004, 28.207254824000188], [81.56203960700009, 28.21772730800018], [81.56388836700012, 28.21354827900018], [81.5721841730001, 28.2176017700001], [81.57844328400012, 28.2236170540001], [81.57548835500012, 28.228195718000052], [81.58280124400005, 28.22793015400009], [81.58266278400015, 28.233746744000143], [81.589354077, 28.24024473900016], [81.58992990300004, 28.235046661000126], [81.5940524770001, 28.23820299100015], [81.59670368399998, 28.234421687000122], [81.606377974, 28.235897371000192], [81.61040086300005, 28.23968314200016], [81.61244855100006, 28.248738526000125], [81.62073030000005, 28.249039675000063], [81.62303463699999, 28.2548428610001], [81.64073073300011, 28.26241790800009], [81.64311595400005, 28.266929965000088], [81.64708205500017, 28.266175777000058], [81.64417399200016, 28.274430665000068], [81.64644345, 28.277106825000146], [81.64056639000012, 28.279573268000036], [81.64594904600017, 28.282485260999977], [81.65331735100006, 28.29375714000014], [81.662024723, 28.287299104000112], [81.67668024500011, 28.3223144640001], [81.68039502900012, 28.323663141], [81.67837272800006, 28.313722090000056], [81.68442265900012, 28.3243693820001], [81.68947001300012, 28.325758512000107], [81.69130773300014, 28.327463693000084], [81.68445906500011, 28.32587843200008], [81.68476853400006, 28.332295096000053], [81.67586129600011, 28.3327027470001], [81.67352740100017, 28.337605202000134], [81.70196922800005, 28.334429826000132], [81.71756844300012, 28.319642089000013], [81.744972469, 28.313207937000016], [81.74340464000005, 28.31897819700015], [81.75160360800004, 28.33216216200009], [81.75153972499999, 28.343642981000073], [81.766593839, 28.370097947000147], [81.757570563, 28.369990455000163], [81.7521357230001, 28.37429779600012], [81.73214193700016, 28.377562716000057], [81.72431664900017, 28.383061601], [81.71652856300005, 28.384066088999987], [81.69537015300017, 28.399507061000065], [81.68810712900017, 28.410537069000156], [81.67419026600004, 28.417559479000147], [81.66967551600004, 28.413281935000043], [81.65833958000019, 28.415374398000097], [81.64289291000006, 28.430244878000167], [81.63148684900017, 28.43629228700007], [81.6261744890001, 28.444415653000192], [81.6120529160001, 28.454286423000156], [81.60777569800001, 28.453563432000067], [81.59995702900017, 28.462924148000127], [81.57440434600005, 28.47846736200006], [81.57248302000005, 28.483298577000028], [81.55723051000018, 28.494930482000143], [81.53864122800002, 28.494615129000067], [81.53928748100014, 28.500051637000126], [81.53602035500018, 28.50403047500015], [81.53008156800007, 28.50930109400008], [81.51610189100006, 28.51350582500004], [81.5120931840001, 28.524180285000057], [81.50600006600007, 28.528229953000107], [81.4972433480001, 28.53350059600001], [81.49107770700004, 28.53234993], [81.48602258600005, 28.539086302000158], [81.47599712400006, 28.5397309170001], [81.47222023300014, 28.54851967800016], [81.46899142500013, 28.54837296000011], [81.465342389, 28.553738853000084], [81.45306589600006, 28.55221026200013], [81.43787970600016, 28.55949038200015], [81.433248327, 28.563527569000144], [81.4306245040001, 28.577279077000185], [81.42434916300016, 28.577589836000072], [81.42165302700005, 28.581288959000176], [81.42453233500004, 28.587727466000047], [81.4167062620001, 28.59550082700008], [81.40978226400006, 28.59556928800015], [81.40141241500004, 28.601971832], [81.400870903, 28.60680112900019], [81.3792332490001, 28.61225051600013], [81.36448537100006, 28.62346684000005], [81.34542113200013, 28.624667281000143], [81.31624282700011, 28.636703957000066], [81.31012440800004, 28.651050047000126], [81.3161943720001, 28.652306075000126], [81.32100532500016, 28.667549294000025], [81.30728684700017, 28.67293892000015], [81.30197923800006, 28.670519010000078], [81.30067298500006, 28.673720821000074]]]}, "properties": {"district": "Bardiya", "population": 485134, "events": 107, "deaths": 66, "missing": 33, "injured": 4, "houses_destroyed": 7041, "severity_score": 2665.4, "by_hazard": {"landslide": 5, "flood": 102, "flash_flood": 0, "glof": 0, "debris_flow": 0, "avalanche": 0, "other": 0}, "first_year": 1975, "last_year": 2026, "deaths_per_100k": 13.6}}, {"type": "Feature", "geometry": {"type": "Polygon", "coordinates": [[[82.58852785500005, 28.986797805000094], [82.57472113000011, 28.99198630500007], [82.56710137400006, 28.987570286000164], [82.55189568700007, 28.98769835700017], [82.5419067950001, 28.981153312000174], [82.51315255700007, 28.949898391000033], [82.51598404700002, 28.930568905000143], [82.50428669000001, 28.921253028000024], [82.50736696700011, 28.89486007300019], [82.496696229, 28.87863922200006], [82.47110915200011, 28.868211990000077], [82.46626860800018, 28.86891429100018], [82.46198444900017, 28.874908548000064], [82.45543705400013, 28.87341183900014], [82.4432231780001, 28.865339965000032], [82.43067184000006, 28.851291261000085], [82.41690187000012, 28.849320988000045], [82.41176028000012, 28.844773643999986], [82.40018971600006, 28.8418741160001], [82.37541089600012, 28.82197820900012], [82.36407680900015, 28.795728274000055], [82.35751695900007, 28.791903468000157], [82.34920775600011, 28.792859695000118], [82.34510518600013, 28.786379795000073], [82.33573075000004, 28.78409093000016], [82.30693465200005, 28.78760943100002], [82.29417849500004, 28.784998547000043], [82.29350111400004, 28.776999963000094], [82.2833207750001, 28.762155995000057], [82.28968457700017, 28.756803769000044], [82.28380921000013, 28.748931283000104], [82.290013697, 28.73813099500012], [82.28298169800007, 28.732270182000093], [82.28894736799998, 28.72678196200019], [82.28440658600016, 28.714744068000186], [82.27584266200017, 28.706039495000027], [82.28048397700007, 28.69897390100016], [82.2798803340001, 28.694249578000154], [82.27299104600013, 28.692852918000085], [82.26117202500018, 28.702734960000043], [82.25991060100012, 28.707794850000028], [82.24729510000014, 28.712353059000122], [82.23836168500009, 28.709090040999968], [82.23244699100007, 28.70232301500016], [82.22869163600012, 28.688387933], [82.21648219200011, 28.686948637000114], [82.20902953500013, 28.675935606999985], [82.2030307230001, 28.682625214999973], [82.19700934200006, 28.683233509000047], [82.19870569200009, 28.678892121000047], [82.19443352300004, 28.668747806000113], [82.1980613720001, 28.663854747000187], [82.19390339700004, 28.65594472800018], [82.19196266400013, 28.639055506000034], [82.18639887500012, 28.638021644000105], [82.19117985500014, 28.63109535100017], [82.18461864500011, 28.623052685000175], [82.20196468000012, 28.622417244000076], [82.22102369400017, 28.607129366000095], [82.23723563900018, 28.60965305700006], [82.24958257300017, 28.600503642000035], [82.27248480300005, 28.592837993000046], [82.2825400540001, 28.59683045900016], [82.29235360300004, 28.593281679000143], [82.29942806400015, 28.597560702000067], [82.30521110700016, 28.596841977000054], [82.30727609100012, 28.592809316000057], [82.31216258800004, 28.594356870000013], [82.34028093700016, 28.58932024400002], [82.35301926200015, 28.576659283000083], [82.36515329800011, 28.573923462000096], [82.37488399600005, 28.566401984000038], [82.37743515500017, 28.559537089], [82.37588763300005, 28.55187914600009], [82.38195997800017, 28.54635211700014], [82.3780386740001, 28.54089731100015], [82.38093412100011, 28.532871716000045], [82.39255985500017, 28.526538718000097], [82.40139873900017, 28.53552214700005], [82.42909651100018, 28.524582559000123], [82.43346882400004, 28.52627771800013], [82.46283288600011, 28.521216677000155], [82.4928540250001, 28.540012166000054], [82.49221775500001, 28.552655410000057], [82.50891089900011, 28.55117160700013], [82.52145689900004, 28.55401328100004], [82.52893918199999, 28.55818163400005], [82.5348751470001, 28.57042359900015], [82.5440803520001, 28.572967814000094], [82.553495602, 28.581651031000092], [82.56674376100005, 28.577733837000153], [82.57500373300013, 28.57956673000001], [82.58087579500017, 28.587155120000148], [82.57982693800017, 28.613230021000106], [82.56008866200017, 28.610382739000045], [82.54566946000011, 28.618387164000012], [82.55137418400017, 28.625167626000064], [82.5475097310001, 28.627108890000102], [82.5397712140001, 28.620685365000043], [82.50823947300017, 28.627701753000053], [82.48569690500017, 28.64057148500018], [82.49092823300009, 28.65175553400013], [82.48981567900006, 28.659242579000136], [82.49970690400016, 28.662392311000133], [82.50128227900007, 28.667685410000104], [82.50549438000013, 28.661980373000176], [82.5191286220001, 28.660612201000106], [82.53909461700016, 28.64690113300003], [82.55454452000009, 28.643976756000086], [82.57882958700014, 28.664624033000052], [82.58658867800006, 28.66383009599997], [82.59942470400006, 28.669636254000068], [82.60054188600009, 28.684796252000126], [82.61578491600011, 28.689719027000024], [82.61232339300017, 28.69579616700014], [82.61512298600007, 28.710242442000037], [82.6051638560001, 28.715589552000154], [82.60130004100006, 28.74283286100018], [82.59548268700013, 28.743778500000133], [82.58793372200017, 28.739881246000095], [82.56591237800012, 28.743844677000027], [82.56702603900015, 28.75685962000017], [82.56359540700015, 28.758625407000125], [82.56459109200006, 28.764798040000073], [82.561808408, 28.76791714900014], [82.56664319900011, 28.767506197000046], [82.56694028500016, 28.77061072800018], [82.58686692800018, 28.782086969000147], [82.58958315100011, 28.790275881000014], [82.5961171080001, 28.79194320000005], [82.61315662800007, 28.807319352000036], [82.6196177170001, 28.80900960600013], [82.61356607500011, 28.826509153000018], [82.62593784100005, 28.839135864000184], [82.62461499700004, 28.846759640000187], [82.62980804000006, 28.85333998700014], [82.63664713999998, 28.855164172000173], [82.64293931800012, 28.866419543000177], [82.6484767010001, 28.86915031100017], [82.65596173600011, 28.86660872200008], [82.65835029100009, 28.860041801000023], [82.67169644800009, 28.852090047000104], [82.69555972000012, 28.86465875100015], [82.69966581000006, 28.88271802300011], [82.69737802500003, 28.887585977000185], [82.6908308990001, 28.88827812600016], [82.70018386600009, 28.90181852000012], [82.69898450400018, 28.90950516800001], [82.68638031199998, 28.917186957000126], [82.6846233920001, 28.925226625999983], [82.67115228000017, 28.944550453000033], [82.6661277180001, 28.963327582000147], [82.64039690900017, 28.962799303000054], [82.61479933200008, 28.978222805000087], [82.59931910000017, 28.982476429000144], [82.59339218700018, 28.980853739000167], [82.58852785500005, 28.986797805000094]]]}, "properties": {"district": "Rukum West", "population": 176692, "events": 201, "deaths": 82, "missing": 11, "injured": 32, "houses_destroyed": 345, "severity_score": 587.9, "by_hazard": {"landslide": 142, "flood": 58, "flash_flood": 0, "glof": 0, "debris_flow": 0, "avalanche": 1, "other": 0}, "first_year": 1984, "last_year": 2026, "deaths_per_100k": 46.41}}, {"type": "Feature", "geometry": {"type": "Polygon", "coordinates": [[[82.05403222300004, 28.636594115000037], [82.05876205500005, 28.641407114000117], [82.05631064300007, 28.644604471000093], [82.0466529360001, 28.642049318000147], [82.0439512150001, 28.636602219000167], [82.02858529100007, 28.640550010000084], [82.02162704400013, 28.62713814600005], [82.02685239800013, 28.616913850000174], [82.02538484200016, 28.613802991000057], [82.00393332600004, 28.613178553000125], [82.01139851400006, 28.595510038000043], [82.00074011300006, 28.587170528000172], [82.00270057199998, 28.578241255000023], [81.99561433700012, 28.575324796000075], [81.99397709400012, 28.569907147000038], [82.00397537500004, 28.56252253200006], [82.00844046000009, 28.552076745000193], [82.01730340200015, 28.544331961000125], [82.01824451600004, 28.527695256000186], [82.02746696800017, 28.51674383200003], [82.02082300300015, 28.512715483000022], [82.02510986100009, 28.499062736999974], [82.00893492600017, 28.47857245300014], [82.01028668800006, 28.46796913600008], [81.99010104100012, 28.461460635000094], [81.9832854060001, 28.45435237800018], [81.98677907200016, 28.450088383000036], [81.98568315699998, 28.446685556000148], [81.97994977600018, 28.445062122000138], [81.96178970100016, 28.450411685000176], [81.96107385700003, 28.447175098000173], [81.96595711000009, 28.44500199200013], [81.96497035300007, 28.43562246500005], [81.96029162200006, 28.431579271000032], [81.96179222600006, 28.42487328400017], [81.97188477500015, 28.41575120300007], [81.97397444600011, 28.404515703000015], [81.98973816700016, 28.39531552200009], [81.9765613720001, 28.385936072000106], [81.97550539800017, 28.375140361000092], [81.98127327500015, 28.36305267700004], [81.9688117870001, 28.35188052700005], [81.96025336600013, 28.352884065000126], [81.9460458590001, 28.341974678000156], [81.93935833600017, 28.34153812300019], [81.93691161900017, 28.337228171999982], [81.93068107600004, 28.33784833900006], [81.90729447600017, 28.349102601000084], [81.90209607400016, 28.354957302000173], [81.89169966300011, 28.355323435000173], [81.88482811500018, 28.361064311000177], [81.86608621600016, 28.364457985000172], [81.85500481300011, 28.37297398400017], [81.84236824600004, 28.374546099000156], [81.8376722650001, 28.381078809000087], [81.81960197100011, 28.380595348000156], [81.81072508000005, 28.389376541000104], [81.80359713700011, 28.387708845000134], [81.79730810100006, 28.39192374400011], [81.79117910600019, 28.389168850000033], [81.77914852200007, 28.390639108000187], [81.76836347100004, 28.38427998000003], [81.76918397399999, 28.37443277200009], [81.75153972499999, 28.343642981000073], [81.75160360800004, 28.33216216200009], [81.74340464000005, 28.31897819700015], [81.744972469, 28.313207937000016], [81.75368426700015, 28.307418715000097], [81.76111179300011, 28.309152972000163], [81.773326597, 28.29745715400003], [81.7870451660001, 28.29463554200015], [81.79353453400006, 28.2737959210001], [81.79799174600004, 28.273587253000073], [81.80836486400017, 28.282944851000025], [81.81441343200004, 28.27872863500005], [81.84343731500013, 28.271960662000026], [81.86455647800005, 28.2497679330001], [81.86080437200013, 28.238660836000122], [81.87665022100015, 28.23911739100015], [81.88278325100009, 28.243470203000072], [81.88852047000006, 28.236823143000038], [81.90919294400004, 28.232202482000105], [81.91876799600004, 28.22679198800006], [81.92701415600004, 28.23238965300004], [81.93823839800007, 28.231952164000177], [81.95246816300016, 28.242271543000186], [81.95232456200011, 28.248972676000164], [81.9322265350001, 28.269538382000178], [81.93660826600018, 28.279328357999987], [81.94328423400009, 28.283015926000132], [81.95381384600006, 28.28112449800011], [81.95984625199998, 28.275627462000045], [81.96162517700003, 28.26643583100008], [81.96957973300005, 28.255706989000032], [81.97943551300017, 28.25987549700011], [81.98022601300005, 28.25737255000007], [81.98408922400017, 28.258355451000114], [81.98480244100011, 28.251336731000094], [81.97854531400014, 28.249789034000173], [81.97505434300007, 28.243195152000112], [81.96318815600011, 28.24196634700013], [81.972109606, 28.222969465000062], [81.99263250000007, 28.220577412000125], [82.01689526100006, 28.200991737000095], [82.0234343680001, 28.201525030000028], [82.03082595600006, 28.214050612000108], [82.03675976100016, 28.215032231000066], [82.04209670500012, 28.23013985900002], [82.052011919, 28.240977883000085], [82.06845845600003, 28.236967984000046], [82.08116609300015, 28.24853535300008], [82.09159235800013, 28.24927587200017], [82.09386219600015, 28.25501694000019], [82.10070245100007, 28.258966113000042], [82.10822925900004, 28.258233038000185], [82.11759761700017, 28.25149078900006], [82.12586613400015, 28.2543126490001], [82.13270407400017, 28.25148819300017], [82.14370228900003, 28.237074358000143], [82.16071759400006, 28.241722363], [82.16933312700013, 28.251513651000153], [82.18990403200019, 28.24831555100002], [82.19858102100017, 28.242879986000162], [82.21769544200015, 28.24960477000002], [82.23306560700007, 28.239911440000014], [82.24388605799999, 28.23786665900002], [82.25589609100012, 28.23966304099997], [82.25820614400004, 28.2436051520001], [82.27537330100017, 28.248433582000132], [82.30028311000018, 28.245911547000105], [82.30213498000012, 28.23259173100007], [82.3100696140001, 28.2316023730001], [82.3123264620001, 28.223342725], [82.33745538000005, 28.22347826300006], [82.34596930000004, 28.216316229000086], [82.34704904799997, 28.20860676200016], [82.35481918300013, 28.205502784000032], [82.36703007500006, 28.189789711000117], [82.37797151000007, 28.184489541000175], [82.3927141210001, 28.189226258000133], [82.39676063200017, 28.18269529000014], [82.39384413500017, 28.173393098000133], [82.39813549900015, 28.16978523800003], [82.40129751300015, 28.176323873000058], [82.39912323800007, 28.18011093400014], [82.40342575400007, 28.184954991000097], [82.4004677040001, 28.19234346200011], [82.40673171200007, 28.220638027000064], [82.41878135399998, 28.22973936900013], [82.42752648100014, 28.23000253500004], [82.42676173100011, 28.238954267000167], [82.437208554, 28.246590972000092], [82.427659178, 28.252118138000185], [82.41318922400006, 28.253811460000122], [82.40349456500019, 28.262151432000053], [82.39514205800003, 28.28288335000019], [82.38349190700018, 28.291611881], [82.37618015300006, 28.30459964700009], [82.37597292300018, 28.31508618500004], [82.36338941400004, 28.319480287000147], [82.36724870000012, 28.329890013000067], [82.36407574900005, 28.330113510000047], [82.36307368700011, 28.340786203000164], [82.37919980400005, 28.35169725100019], [82.37598117800002, 28.358456210000156], [82.38270965400005, 28.364634118000083], [82.38347314900005, 28.37276932000009], [82.3634727490001, 28.38826442200019], [82.36547614, 28.403122775000043], [82.35310248900004, 28.410374180000076], [82.35024672700018, 28.421717035000086], [82.37612426400017, 28.42991209800016], [82.37370874500004, 28.44825469200015], [82.39631475600004, 28.461549627000124], [82.39595598600005, 28.46838317100014], [82.40054914600012, 28.470056960000193], [82.40552569400012, 28.47814217100006], [82.40573912700012, 28.486766414000158], [82.41157090000007, 28.492610079000087], [82.40740002700005, 28.503662724000037], [82.41693698100005, 28.5176627890001], [82.41715257900012, 28.530421160000117], [82.40683314000012, 28.531602087000067], [82.40139873900017, 28.53552214700005], [82.39275439000016, 28.52652547200006], [82.38341759399998, 28.529654736000168], [82.3780386740001, 28.54089731100015], [82.38195997800017, 28.54635211700014], [82.37588763300005, 28.55187914600009], [82.37743515500017, 28.559537089], [82.37488399600005, 28.566401984000038], [82.36515329800011, 28.573923462000096], [82.35301926200015, 28.576659283000083], [82.33969882300016, 28.589565089000132], [82.31216258800004, 28.594356870000013], [82.30727609100012, 28.592809316000057], [82.30521110700016, 28.596841977000054], [82.29942806400015, 28.597560702000067], [82.29235360300004, 28.593281679000143], [82.2825400540001, 28.59683045900016], [82.27239881400016, 28.59285680300019], [82.24958257300017, 28.600503642000035], [82.23723563900018, 28.60965305700006], [82.22102369400017, 28.607129366000095], [82.20196468000012, 28.622417244000076], [82.19382270200003, 28.623405036000065], [82.18461864500011, 28.623052685000175], [82.1670273090001, 28.61128845000013], [82.14268465000015, 28.615828993000036], [82.14447362100009, 28.624514219000105], [82.13815700300006, 28.626516318000142], [82.12872962400013, 28.621546889000058], [82.11935517600006, 28.623246473], [82.10849053499999, 28.61922131200015], [82.10038084100012, 28.621534107000116], [82.08219987100006, 28.618107410000164], [82.07217722600006, 28.628452938000123], [82.05403222300004, 28.636594115000037]]]}, "properties": {"district": "Salyan", "population": 248002, "events": 114, "deaths": 58, "missing": 9, "injured": 17, "houses_destroyed": 110, "severity_score": 380.5, "by_hazard": {"landslide": 84, "flood": 30, "flash_flood": 0, "glof": 0, "debris_flow": 0, "avalanche": 0, "other": 0}, "first_year": 1988, "last_year": 2026, "deaths_per_100k": 23.39}}, {"type": "Feature", "geometry": {"type": "Polygon", "coordinates": [[[81.06117556599997, 28.971459684000138], [81.04804786500011, 28.977945290000093], [81.04171411900012, 28.969966260000035], [81.02842530400005, 28.963168400000143], [81.02072034900016, 28.952815510000107], [81.00173181600013, 28.95660465100019], [80.98093365600005, 28.93870316100015], [81.02106025200015, 28.91977852300016], [81.03912399000012, 28.890080651000176], [81.05140423100005, 28.876832360000094], [81.058682047, 28.873398215000066], [81.07218358500018, 28.876728087000117], [81.07277208500017, 28.864812264000136], [81.08905090000019, 28.862806045000127], [81.10232384000005, 28.844745090000117], [81.10788051500003, 28.848487815999988], [81.12589494200006, 28.851583023000046], [81.12895672400009, 28.86516274100012], [81.13683615100001, 28.872179759000176], [81.14327288400017, 28.87301901900014], [81.14907813400015, 28.85263999], [81.15760774100005, 28.84433993800019], [81.15288100600003, 28.830338611000172], [81.15662983900017, 28.828601822000053], [81.16525805200007, 28.834806489000187], [81.17401423100006, 28.834926284000062], [81.18168048500019, 28.824994872000048], [81.20329986900003, 28.816682688000128], [81.20693674600011, 28.820358770000155], [81.20657802400012, 28.825180131000025], [81.19509289000018, 28.832982251000033], [81.19925383500009, 28.84650461500013], [81.19888256700011, 28.861102818000177], [81.20225718600017, 28.863626693000185], [81.20642752300017, 28.862016461000167], [81.20832540300017, 28.857501781000053], [81.20605090300012, 28.850351913000168], [81.23189282900006, 28.831843421000144], [81.23369999700003, 28.829611527000054], [81.22951663300012, 28.825957433000042], [81.22979763100005, 28.816714607000165], [81.24200082100009, 28.810773888000085], [81.23896580900015, 28.802987505000033], [81.22782115100017, 28.798894233000112], [81.22579705600009, 28.795082934000163], [81.23255241900011, 28.78597574500003], [81.24764941100011, 28.779609854000114], [81.25063648500014, 28.77000778400003], [81.24712768600017, 28.76085308400019], [81.26098581200017, 28.745800481], [81.25600683100004, 28.729905885000107], [81.27233940800005, 28.72701125100008], [81.27315071200002, 28.71766569000016], [81.26650779500011, 28.703911122000193], [81.28107259100011, 28.695058765000056], [81.28522078400005, 28.673235342000112], [81.30015405199998, 28.673850551000157], [81.30197923800006, 28.670519010000078], [81.30728684700017, 28.67293892000015], [81.32100532500016, 28.667549294000025], [81.3161943720001, 28.652306075000126], [81.31012440800004, 28.651050047000126], [81.31624282700011, 28.636703957000066], [81.34542113200013, 28.624667281000143], [81.36448537100006, 28.62346684000005], [81.3792332490001, 28.61225051600013], [81.400870903, 28.60680112900019], [81.40141241500004, 28.601971832], [81.40978226400006, 28.59556928800015], [81.4167062620001, 28.59550082700008], [81.42453233500004, 28.587727466000047], [81.42165302700005, 28.581288959000176], [81.42434916300016, 28.577589836000072], [81.4306245040001, 28.577279077000185], [81.43353136000007, 28.56305742900014], [81.44524904700017, 28.5542349050001], [81.46600711700012, 28.553407205000155], [81.46899142500013, 28.54837296000011], [81.47222023300014, 28.54851967800016], [81.47599712400006, 28.5397309170001], [81.48602258600005, 28.539086302000158], [81.49107770700004, 28.53234993], [81.4972433480001, 28.53350059600001], [81.51179765700005, 28.52447244200016], [81.51610189100006, 28.51350582500004], [81.53008156800007, 28.50930109400008], [81.53602035500018, 28.50403047500015], [81.53928748100014, 28.500051637000126], [81.53864122800002, 28.494615129000067], [81.55723051000018, 28.494930482000143], [81.57248302000005, 28.483298577000028], [81.57440434600005, 28.47846736200006], [81.59995702900017, 28.462924148000127], [81.60777569800001, 28.453563432000067], [81.6120529160001, 28.454286423000156], [81.6261744890001, 28.444415653000192], [81.63148684900017, 28.43629228700007], [81.64289291000006, 28.430244878000167], [81.65833958000019, 28.415374398000097], [81.66999728600001, 28.413327749000132], [81.67367021000018, 28.41764102900015], [81.68749089400006, 28.41092371300016], [81.70243030800003, 28.39324667300002], [81.73196702100006, 28.377633520000074], [81.7521357230001, 28.37429779600012], [81.757570563, 28.369990455000163], [81.766593839, 28.370097947000147], [81.76918397399999, 28.37443277200009], [81.76836347100004, 28.38427998000003], [81.77870096000015, 28.39047924200014], [81.79117910600019, 28.389168850000033], [81.79421039000016, 28.39225535800017], [81.80359713700011, 28.387708845000134], [81.810137403, 28.389671069000144], [81.81940737200006, 28.380668714000024], [81.8376722650001, 28.381078809000087], [81.8429515470001, 28.374285319000023], [81.85500481300011, 28.37297398400017], [81.86608621600016, 28.364457985000172], [81.88482811500018, 28.361064311000177], [81.89169966300011, 28.355323435000173], [81.90209607400016, 28.354957302000173], [81.90729447600017, 28.349102601000084], [81.92099489500004, 28.34429823500011], [81.92740806700004, 28.33867153100016], [81.93691161900017, 28.337228171999982], [81.93935833600017, 28.34153812300019], [81.9460458590001, 28.341974678000156], [81.96025336600013, 28.352884065000126], [81.96938726700012, 28.352212568000084], [81.98127327500015, 28.36305267700004], [81.97550539800017, 28.375140361000092], [81.9765613720001, 28.385936072000106], [81.98973816700016, 28.39531552200009], [81.97397444600011, 28.404515703000015], [81.97188477500015, 28.41575120300007], [81.96179222600006, 28.42487328400017], [81.96029162200006, 28.431579271000032], [81.96497035300007, 28.43562246500005], [81.96595711000009, 28.44500199200013], [81.96140915500007, 28.448975125000118], [81.96396132600012, 28.45141593700015], [81.97191365000015, 28.446558996000135], [81.98611247200006, 28.446878668000124], [81.98362591100016, 28.45494545400004], [81.99074332200007, 28.461902665000025], [82.01028668800006, 28.46796913600008], [82.00893492600017, 28.47857245300014], [82.02510986100009, 28.499062736999974], [82.02042620300017, 28.51155445900008], [82.027500825, 28.517465453000113], [82.01824451600004, 28.527695256000186], [82.01790965400005, 28.543154328000128], [82.00844046000009, 28.552076745000193], [82.00397537500004, 28.56252253200006], [81.99397709400012, 28.569907147000038], [81.99561433700012, 28.575324796000075], [82.00270057199998, 28.578241255000023], [82.00074011300006, 28.587170528000172], [82.01139851400006, 28.595510038000043], [82.00408286300006, 28.613448156000118], [82.01283595300009, 28.615341044000047], [82.02466582900013, 28.61306854800017], [82.02685239800013, 28.616913850000174], [82.02162704400013, 28.62713814600005], [82.02719363200009, 28.639033441000095], [82.0297419420001, 28.6407735680001], [82.03587191200012, 28.637936479000075], [82.04028161700006, 28.641859306000015], [82.00822452900007, 28.645194289000187], [81.97552659000013, 28.638445317000105], [81.95734795400006, 28.640684101000033], [81.94748781300018, 28.636090759000126], [81.93683247899997, 28.64110951900011], [81.88543323100015, 28.64316734900018], [81.87737315900011, 28.648832211000126], [81.8793332030001, 28.65572672899998], [81.87712732400013, 28.658777353000175], [81.86790191800009, 28.663982241000042], [81.86579098100015, 28.679578834999973], [81.85888585700008, 28.693310969000038], [81.84495156200012, 28.710373508000032], [81.81994545999999, 28.72403058000009], [81.81460040300016, 28.719025717000136], [81.81129878100018, 28.6989688970001], [81.80710974800007, 28.694281583000077], [81.81042050200006, 28.67961029600019], [81.79761445100019, 28.668114052000078], [81.79209755700009, 28.655373962000056], [81.78223808500019, 28.65183546300011], [81.7837839500001, 28.63730351300012], [81.77773078000018, 28.63354633600005], [81.75091257200006, 28.645903944000054], [81.73895988900011, 28.645484626000155], [81.72732117000015, 28.655259060000105], [81.71459227100007, 28.6554553630001], [81.70151076200011, 28.660996418000025], [81.69131823300012, 28.67347630900008], [81.67514933000018, 28.679078003000143], [81.63913764800003, 28.676372061000052], [81.62973145600017, 28.692105664000053], [81.61616271700007, 28.689826498000116], [81.60112157700007, 28.707135687000118], [81.58550713100004, 28.707510935000073], [81.57509314700008, 28.71243502200008], [81.5728251000001, 28.718260265000026], [81.55932100900003, 28.728192970000066], [81.55918400100006, 28.736713930000064], [81.54909944700017, 28.739469035000184], [81.54638545800009, 28.74901780100015], [81.51990761700017, 28.74947189100004], [81.53495073300013, 28.761260947000096], [81.52771410500003, 28.774495121000143], [81.51535774600018, 28.780376467000053], [81.52243737800012, 28.802928040000154], [81.50998096100005, 28.809253656000067], [81.49812423400016, 28.821204260000115], [81.49042186800006, 28.84090557700017], [81.46315349700012, 28.852732414], [81.46728120700004, 28.86185881500012], [81.46211467500012, 28.875084454000103], [81.46683706100004, 28.887337633000072], [81.46376041700006, 28.89435262700016], [81.44052404100017, 28.90033181300015], [81.4316680020001, 28.910588425000014], [81.42445026100017, 28.90928263400008], [81.41448390600004, 28.91413210900015], [81.39428120200006, 28.90844723100014], [81.38734148800012, 28.899865869000166], [81.37429545700013, 28.892769785000098], [81.34751928100013, 28.890123224000035], [81.33881443100017, 28.89563609200019], [81.33648473600005, 28.906905326000015], [81.32407947100012, 28.908023052000146], [81.31618870700004, 28.920160192000026], [81.30977064700016, 28.920021678000126], [81.30193286700018, 28.92567910800011], [81.28339709400018, 28.921557361000055], [81.27566711800006, 28.916193254000063], [81.27228986100016, 28.90736846400017], [81.26601142800013, 28.902600883000105], [81.26118957900007, 28.902946410000027], [81.25160582100006, 28.91365059700007], [81.24557424500017, 28.91508519500013], [81.24112231000015, 28.913920178000126], [81.23651870499998, 28.905911048000178], [81.20409359200005, 28.908028220000062], [81.19440995900004, 28.91615008300016], [81.18429073900018, 28.914815256999987], [81.16866906700011, 28.92137543500013], [81.14671958200006, 28.93816438900012], [81.14210021200012, 28.945338409000044], [81.13243684700018, 28.948736525000186], [81.11677483500017, 28.96448997200008], [81.09883192200016, 28.963802793000127], [81.06117556599997, 28.971459684000138]]]}, "properties": {"district": "Surkhet", "population": 444365, "events": 105, "deaths": 57, "missing": 106, "injured": 57, "houses_destroyed": 87, "severity_score": 902.3, "by_hazard": {"landslide": 55, "flood": 50, "flash_flood": 0, "glof": 0, "debris_flow": 0, "avalanche": 0, "other": 0}, "first_year": 1976, "last_year": 2026, "deaths_per_100k": 12.83}}, {"type": "Feature", "geometry": {"type": "Polygon", "coordinates": [[[82.28552998400005, 29.115860461000068], [82.27806846400011, 29.127443839000136], [82.26440575300006, 29.121415883000168], [82.26508872000016, 29.115042171000027], [82.26961468700011, 29.113912218000053], [82.26256721400006, 29.107106307000095], [82.253982081, 29.10986636100006], [82.23652674800019, 29.10122296700007], [82.23193323900017, 29.104968802000087], [82.22540150900011, 29.10464292300003], [82.22371163399998, 29.09379577800007], [82.21140650100017, 29.08705065900017], [82.20093551700012, 29.088928956000075], [82.20338340500018, 29.08054126899998], [82.19835029100011, 29.073289617000057], [82.18051506300003, 29.06178879500004], [82.16735764900011, 29.069265972000096], [82.16682974100013, 29.064969299000154], [82.15655116400012, 29.0538412410001], [82.15075209800005, 29.05278587900017], [82.14772409900007, 29.04813376499999], [82.14950285500004, 29.041579648000152], [82.1465753010001, 29.032510195000157], [82.13846560700017, 29.03173558600008], [82.12534495, 29.0155134580001], [82.11860757500006, 29.01443514800019], [82.11742700200017, 29.006965447000084], [82.12290793000017, 28.994525241000133], [82.10016040500017, 28.98436459900006], [82.09522638900012, 28.974358391000067], [82.07825204200014, 28.969316610000078], [82.04967571800006, 28.98069901700012], [82.04286423200011, 28.989258000000177], [82.0443947280001, 28.995085983000024], [82.0415605980001, 28.999269554000023], [82.04431989400013, 29.00340302400008], [82.03917555900017, 29.011881227000174], [82.00766856100012, 29.0306173460001], [82.00045244700004, 29.015664564000133], [81.98585430700012, 29.01257845200007], [81.98427970400013, 29.002795959000025], [81.96100953300004, 28.990885351000088], [81.95817295600011, 28.985559678000072], [81.93030656600013, 28.982053789000133], [81.91962703900015, 28.977638419000016], [81.92105358300006, 28.941373048000116], [81.92674021700003, 28.93620685900015], [81.92441968300005, 28.924790944], [81.89382735500016, 28.900674239000068], [81.88914869500007, 28.88969737400015], [81.88960229400004, 28.874204190000057], [81.87999059300012, 28.864592566000056], [81.8782565520001, 28.848987422000164], [81.88923556700018, 28.811359747000154], [81.91221539500015, 28.780002723], [81.88370785600011, 28.761776249000093], [81.87971473600015, 28.746713459999967], [81.84799208400017, 28.737897634000092], [81.8360792150001, 28.740606527000182], [81.82428109000011, 28.732580727000084], [81.81994545999999, 28.72403058000009], [81.84495156200012, 28.710373508000032], [81.85888585700008, 28.693310969000038], [81.86579098100015, 28.679578834999973], [81.86790191800009, 28.663982241000042], [81.8793084560001, 28.655821656000114], [81.87764925400012, 28.648363446000133], [81.88612876400009, 28.64301837200003], [81.93683247899997, 28.64110951900011], [81.94748781300018, 28.636090759000126], [81.95734795400006, 28.640684101000033], [81.97552659000013, 28.638445317000105], [82.00822452900007, 28.645194289000187], [82.03063918300018, 28.644802271000117], [82.04028161700006, 28.641859306000015], [82.03587191200012, 28.637936479000075], [82.04324393900004, 28.636501655000018], [82.0466529360001, 28.642049318000147], [82.05631064300007, 28.644604471000093], [82.05876205500005, 28.641407114000117], [82.05429397100016, 28.634771723000085], [82.06960467100009, 28.630038755000157], [82.08219987100006, 28.618107410000164], [82.10038084100012, 28.621534107000116], [82.10849053499999, 28.61922131200015], [82.11935517600006, 28.623246473], [82.12872962400013, 28.621546889000058], [82.13815700300006, 28.626516318000142], [82.14447362100009, 28.624514219000105], [82.14268465000015, 28.615828993000036], [82.16857846600016, 28.61171268300012], [82.19012973800017, 28.62826241000016], [82.19121127900007, 28.631667987000128], [82.18639887500012, 28.638021644000105], [82.19196266400013, 28.639055506000034], [82.19390339700004, 28.65594472800018], [82.1980613720001, 28.663854747000187], [82.19443352300004, 28.668747806000113], [82.19870569200009, 28.678892121000047], [82.19700934200006, 28.683233509000047], [82.2030307230001, 28.682625214999973], [82.20902953500013, 28.675935606999985], [82.21648219200011, 28.686948637000114], [82.22869163600012, 28.688387933], [82.23244699100007, 28.70232301500016], [82.23836168500009, 28.709090040999968], [82.24729510000014, 28.712353059000122], [82.25991060100012, 28.707794850000028], [82.26117202500018, 28.702734960000043], [82.27299104600013, 28.692852918000085], [82.2798803340001, 28.694249578000154], [82.28048397700007, 28.69897390100016], [82.27584266200017, 28.706039495000027], [82.28440658600016, 28.714744068000186], [82.28894736799998, 28.72678196200019], [82.28298169800007, 28.732270182000093], [82.290013697, 28.73813099500012], [82.28380921000013, 28.748931283000104], [82.28968457700017, 28.756803769000044], [82.2833207750001, 28.762155995000057], [82.29350111400004, 28.776999963000094], [82.29417849500004, 28.784998547000043], [82.30693465200005, 28.78760943100002], [82.33573075000004, 28.78409093000016], [82.34510518600013, 28.786379795000073], [82.34920775600011, 28.792859695000118], [82.35751695900007, 28.791903468000157], [82.36407680900015, 28.795728274000055], [82.37541089600012, 28.82197820900012], [82.40018971600006, 28.8418741160001], [82.41176028000012, 28.844773643999986], [82.41690187000012, 28.849320988000045], [82.43067184000006, 28.851291261000085], [82.4432231780001, 28.865339965000032], [82.45543705400013, 28.87341183900014], [82.46198444900017, 28.874908548000064], [82.46626860800018, 28.86891429100018], [82.47110915200011, 28.868211990000077], [82.496696229, 28.87863922200006], [82.50736696700011, 28.89486007300019], [82.50428669000001, 28.921253028000024], [82.51598404700002, 28.930568905000143], [82.51315255700007, 28.949898391000033], [82.5419067950001, 28.981153312000174], [82.55189568700007, 28.98769835700017], [82.56710137400006, 28.987570286000164], [82.57472113000011, 28.99198630500007], [82.58006881000011, 28.990378347000046], [82.57166593700003, 28.997436881], [82.54677037100004, 29.00434005600016], [82.535436963, 29.01129911600009], [82.50641756800013, 29.01576789300009], [82.48487901100015, 29.01484959200002], [82.47924975600006, 29.00627567500004], [82.46773370100016, 29.002732330000185], [82.46545826400006, 28.996160029000066], [82.45765413300018, 28.989846184000157], [82.44949513000017, 28.992322958000102], [82.4387200650001, 28.990564397000185], [82.42826325900018, 28.999156446000086], [82.41254611000011, 29.004151501000138], [82.39868808000011, 29.00285066400005], [82.392072068, 29.017692693000185], [82.39819961800004, 29.027023046000068], [82.39890237800012, 29.03779006100018], [82.40358406200005, 29.04057174900015], [82.40534871200003, 29.046306995], [82.40348682900009, 29.07276926800006], [82.41171139500005, 29.09550353700007], [82.35233156800007, 29.1164753970001], [82.32181053400006, 29.11002460300017], [82.30126820400017, 29.119714338000165], [82.28552998400005, 29.115860461000068]]]}, "properties": {"district": "Jajarkot", "population": 200538, "events": 177, "deaths": 134, "missing": 19, "injured": 84, "houses_destroyed": 352, "severity_score": 949.9, "by_hazard": {"landslide": 132, "flood": 45, "flash_flood": 0, "glof": 0, "debris_flow": 0, "avalanche": 0, "other": 0}, "first_year": 1988, "last_year": 2026, "deaths_per_100k": 66.82}}, {"type": "Feature", "geometry": {"type": "Polygon", "coordinates": [[[81.57911292500017, 29.135886063000157], [81.56783594600012, 29.126701634000085], [81.5512560890001, 29.119620184000155], [81.53660407600006, 29.106682055000192], [81.52340136200013, 29.104201037000053], [81.51058203800011, 29.091079140000147], [81.50047635499999, 29.09109918400003], [81.46927222900013, 29.07805864700009], [81.46669759200017, 29.06701888599997], [81.44402336600007, 29.053725868000072], [81.43955103300016, 29.040219499000102], [81.43261003000003, 29.037451597000086], [81.42542039900019, 29.022931534000122], [81.41768742099998, 29.02129551500019], [81.41479888900011, 29.013774610999974], [81.41891912100016, 29.004246930000136], [81.41014102200012, 28.996536648000074], [81.41501508300007, 28.994347106000077], [81.42503184499998, 28.980192248000037], [81.42245127299998, 28.969045435000112], [81.43086537900001, 28.958434537000073], [81.44383560900008, 28.95846683900004], [81.4445239640001, 28.940366279000045], [81.45118595800011, 28.938918381000178], [81.45579240800004, 28.931034551000153], [81.46641712400003, 28.928837153000018], [81.49154463400004, 28.894143596000163], [81.50034958000009, 28.88944609100008], [81.508866603, 28.889745869000024], [81.51503866300015, 28.874378318000083], [81.52202360600018, 28.869891706000146], [81.531807458, 28.85604337600006], [81.53776106400005, 28.83635347100011], [81.55172315800013, 28.81578932000008], [81.55677623700012, 28.797500834000175], [81.57976367300017, 28.77999358800008], [81.58191984100006, 28.764807023], [81.57881985800014, 28.75593455100011], [81.54638545800009, 28.74901780100015], [81.54976468200005, 28.738814355000045], [81.55973012800001, 28.735935635000033], [81.55870982400018, 28.729244427000083], [81.56252040600015, 28.72360706400002], [81.58550713100004, 28.707510935000073], [81.60112157700007, 28.707135687000118], [81.61616271700007, 28.689826498000116], [81.62996792700011, 28.691969180000115], [81.63913764800003, 28.676372061000052], [81.67514933000018, 28.679078003000143], [81.69131823300012, 28.67347630900008], [81.70151076200011, 28.660996418000025], [81.71195967200015, 28.65645054700019], [81.72732117000015, 28.655259060000105], [81.73202045900007, 28.648915087000034], [81.74106805700006, 28.64463398400011], [81.7494175170001, 28.64629569800013], [81.77561788200018, 28.63333732500007], [81.78108742600011, 28.634681903000114], [81.7837839500001, 28.63730351300012], [81.78223808500019, 28.65183546300011], [81.79209755700009, 28.655373962000056], [81.79761445100019, 28.668114052000078], [81.81042050200006, 28.67961029600019], [81.80710974800007, 28.694281583000077], [81.81129878100018, 28.6989688970001], [81.81460040300016, 28.719025717000136], [81.82428109000011, 28.732580727000084], [81.83618701400019, 28.740644276000182], [81.84799208400017, 28.737897634000092], [81.87971473600015, 28.746713459999967], [81.88370785600011, 28.761776249000093], [81.91221539500015, 28.780002723], [81.88923556700018, 28.811359747000154], [81.8782565520001, 28.848987422000164], [81.87999059300012, 28.864592566000056], [81.88960229400004, 28.874204190000057], [81.88914869500007, 28.88969737400015], [81.89382735500016, 28.900674239000068], [81.92441968300005, 28.924790944], [81.92674021700003, 28.93620685900015], [81.92105358300006, 28.941373048000116], [81.91962703900015, 28.977638419000016], [81.90935314600017, 28.986652061000143], [81.90044025800006, 28.98201348800012], [81.88798216500004, 28.984110614000087], [81.87247208100013, 28.97117652700007], [81.84813075100016, 28.972232207], [81.84150973500016, 28.981219965000093], [81.81893174900006, 28.984623327000122], [81.801998561, 29.001185237000186], [81.79300996500007, 29.005095934], [81.79490292500003, 29.01353911500007], [81.77117249200006, 29.01920162600004], [81.75116169800009, 29.010186115000067], [81.73008748500018, 29.02168462200018], [81.71579715100012, 29.020017824000092], [81.71523620900007, 29.027821093000114], [81.70220616000012, 29.03194790000009], [81.69045262400016, 29.049659901000155], [81.65098162300006, 29.03999948800015], [81.63050660600015, 29.046602712000094], [81.61327438600006, 29.033427754000115], [81.59871421800005, 29.04537450100014], [81.56698299300018, 29.05178995900019], [81.56362723000007, 29.053599680000104], [81.56169726000007, 29.066384279000147], [81.56764129000004, 29.095568899000114], [81.57845707900009, 29.108450293000146], [81.58207736300011, 29.123944966000067], [81.57911292500017, 29.135886063000157]]]}, "properties": {"district": "Dailekh", "population": 261504, "events": 182, "deaths": 85, "missing": 11, "injured": 69, "houses_destroyed": 308, "severity_score": 633.2, "by_hazard": {"landslide": 133, "flood": 49, "flash_flood": 0, "glof": 0, "debris_flow": 0, "avalanche": 0, "other": 0}, "first_year": 1971, "last_year": 2026, "deaths_per_100k": 32.5}}, {"type": "Feature", "geometry": {"type": "Polygon", "coordinates": [[[82.91646701300016, 29.70610441900004], [82.90819682500012, 29.70034838700019], [82.88978957300014, 29.701016347], [82.88608799900015, 29.69270350100004], [82.87673854200006, 29.691927676000034], [82.86057977600018, 29.68452061200003], [82.83853420100013, 29.69174028100008], [82.82701393800005, 29.689764536000155], [82.82691510100017, 29.649022827000067], [82.82286634300016, 29.645849746000124], [82.81534035400017, 29.646565312000178], [82.80515341500006, 29.638336542000047], [82.79827358100016, 29.63943814600009], [82.79419648800007, 29.631491634000156], [82.7960978370001, 29.61387192800015], [82.80938251700007, 29.592856715000153], [82.80752771300007, 29.586522775000105], [82.81910431, 29.55939691500015], [82.813489027, 29.555717919000188], [82.80825510000011, 29.55642214800008], [82.80309821800012, 29.55143878000007], [82.79594897600015, 29.537546398000075], [82.78491147500017, 29.52558027600014], [82.78636522900001, 29.518667378000146], [82.7814558610001, 29.51430558200002], [82.77388173200018, 29.516146231], [82.747940884, 29.50739714200006], [82.7316920940001, 29.507628807000117], [82.72624980000012, 29.500140856000087], [82.72844307300016, 29.49042085500008], [82.72340786000018, 29.479260438000097], [82.73520229400015, 29.46782999499999], [82.72625801300018, 29.455502502000115], [82.72517942000019, 29.448861289000092], [82.71708729000017, 29.44482766500016], [82.71924638600012, 29.441045861000077], [82.71444517200007, 29.431380310000122], [82.69014223300013, 29.425155513000163], [82.68563423300003, 29.41836751200009], [82.68712827200005, 29.412538574999985], [82.67301958600012, 29.402405238000085], [82.66080963700017, 29.401816167000106], [82.65909643700019, 29.395346367], [82.64195491200007, 29.385298785000032], [82.635412896, 29.393089650000093], [82.62381775000006, 29.398182563000034], [82.62676816500016, 29.413551681000172], [82.6231431270001, 29.424565477000158], [82.58611871500017, 29.422531225000057], [82.58064196400011, 29.416108425000118], [82.55836078400006, 29.41141939500011], [82.54800987600015, 29.380260319000058], [82.56082319600006, 29.36752357200004], [82.56799751000017, 29.36539056700019], [82.57179522700005, 29.3566986190001], [82.57042113200015, 29.34575448900017], [82.57474276900007, 29.337546127999985], [82.58170953300004, 29.336199486000112], [82.59029055400015, 29.32667356200011], [82.59061416500015, 29.303036258000134], [82.58041601800005, 29.295429122000087], [82.55679652700019, 29.286977795999974], [82.55038947800006, 29.27976568000014], [82.551870618, 29.265692508000086], [82.5308328530001, 29.25000245600006], [82.54012246100012, 29.243809483000064], [82.53402862000013, 29.236582060000046], [82.54299984100015, 29.226785792000044], [82.54560265000009, 29.21217449800008], [82.5540139040001, 29.204586140000174], [82.56217725900007, 29.203235139000014], [82.58208548500005, 29.190587299000185], [82.57837651400007, 29.179918231999977], [82.57095399800016, 29.17164088600009], [82.56075152600016, 29.170902362000106], [82.55488230400016, 29.16552314600017], [82.53092447400013, 29.16378975700019], [82.51435387300018, 29.156310824000172], [82.47215028400007, 29.163685943000132], [82.46071697200017, 29.15683971700014], [82.44649439000005, 29.157751919000134], [82.4330871900001, 29.146149856000193], [82.43420280200019, 29.139116899000157], [82.41696470400012, 29.136162976000094], [82.41698624700007, 29.127386915000045], [82.41353416900006, 29.123320802000137], [82.41797720200009, 29.119480224000142], [82.41806598400012, 29.110784656000078], [82.40348682900009, 29.07276926800006], [82.40534871200003, 29.046306995], [82.40358406200005, 29.04057174900015], [82.39890237800012, 29.03779006100018], [82.39819961800004, 29.027023046000068], [82.392072068, 29.017692693000185], [82.39722837500005, 29.004386], [82.41607808500004, 29.0032347], [82.42826325900018, 28.999156446000086], [82.4396390710001, 28.990333556000166], [82.44949513000017, 28.992322958000102], [82.45679731300015, 28.98975174200018], [82.46545826400006, 28.996160029000066], [82.46773370100016, 29.002732330000185], [82.47924975600006, 29.00627567500004], [82.48487901100015, 29.01484959200002], [82.50641756800013, 29.01576789300009], [82.51760617700012, 29.012355314000047], [82.52415362300007, 29.01437835000013], [82.57166593700003, 28.997436881], [82.59339218700018, 28.980853739000167], [82.59931910000017, 28.982476429000144], [82.61479933200008, 28.978222805000087], [82.64039690900017, 28.962799303000054], [82.6661277180001, 28.963327582000147], [82.67069163800011, 28.94540755300011], [82.6846233920001, 28.925226625999983], [82.68638031199998, 28.917186957000126], [82.69963187400009, 28.90839490500008], [82.70015269900011, 28.901028779000058], [82.6908308990001, 28.88827812600016], [82.69737802500003, 28.887585977000185], [82.69966581000006, 28.88271802300011], [82.69555972000012, 28.86465875100015], [82.70456782100018, 28.854582002000143], [82.71199987400007, 28.85147733800011], [82.7236170220001, 28.849704365000036], [82.72629916200015, 28.846283220000032], [82.73599850200009, 28.847937589000026], [82.74244993200011, 28.84523256200015], [82.74781295200012, 28.832655676000115], [82.76571705999999, 28.808527794000042], [82.78164228400016, 28.824215904000084], [82.79923653400016, 28.820622502000163], [82.81700448200019, 28.83126585500014], [82.83557577400006, 28.83159435900012], [82.84366096700012, 28.8264466440001], [82.85447613900004, 28.832159970000134], [82.867465466, 28.834186919000047], [82.89598841800012, 28.82465860700006], [82.90476020500017, 28.832284353000034], [82.93009431700006, 28.827013101000148], [82.94709679100015, 28.82896037000006], [82.9565396100001, 28.820904256000176], [82.96575075100009, 28.820298454000124], [82.97573648400004, 28.80337122600008], [82.98080978900015, 28.80067342700005], [82.99726468800014, 28.803841826999985], [83.01221570100006, 28.798906010999985], [83.02223482100004, 28.790693670000053], [83.03597292300003, 28.792714384000078], [83.04560418500006, 28.786444171000085], [83.06505866800006, 28.78381471300014], [83.06826231200012, 28.779911871000138], [83.07915102900017, 28.786104096000088], [83.08164832500006, 28.779439621000165], [83.09809273300016, 28.766568558000188], [83.10249858800006, 28.753408459000127], [83.11353648100004, 28.743531037000025], [83.13225373800003, 28.747976856000093], [83.15553684999998, 28.74759206600004], [83.18647743900004, 28.743500235000113], [83.20983489300016, 28.731901850000156], [83.22917943600015, 28.742812088000107], [83.24788859800003, 28.730334525000046], [83.27682617400018, 28.721906750000073], [83.29782301600017, 28.731697118000113], [83.32545291200012, 28.737881172000186], [83.36190269300016, 28.734108153000193], [83.3742311950001, 28.744472710000025], [83.37754636900013, 28.753949019000117], [83.38839978300018, 28.763028669000164], [83.41032687200016, 28.760595114000125], [83.43631801000004, 28.768743590000042], [83.44598857900019, 28.768878355000084], [83.45618366600007, 28.77372251100013], [83.46106925300006, 28.780042571000138], [83.48334375200005, 28.782811921000132], [83.48792888300005, 28.80204067200009], [83.48501463800005, 28.81218869700018], [83.47998744500006, 28.817128197000102], [83.48346567100009, 28.832191111000157], [83.48021587400007, 28.83775237800012], [83.48153544000013, 28.84465064600016], [83.49187946500007, 28.846430204000114], [83.49785257100012, 28.84258335900006], [83.50172006200012, 28.84612330500005], [83.506182432, 28.856942773000128], [83.50591527000012, 28.865162687000065], [83.49938524200019, 28.877192309000122], [83.52280379500013, 28.897928200000138], [83.52850959000017, 28.908623721000026], [83.54610795600018, 28.921815922000064], [83.55639837100011, 28.93369777700002], [83.55855696800006, 28.944826169000123], [83.56687191499998, 28.943325357000106], [83.57478230999999, 28.953879782000058], [83.57995429400017, 28.956137959000102], [83.58154844000012, 28.964930054000035], [83.59196839700013, 28.983630057000028], [83.59907081500012, 28.985621414000036], [83.60443258000015, 28.98013306600012], [83.60917042700004, 28.98023556600009], [83.6149220580001, 28.98767745000015], [83.6168669060001, 29.00615989900001], [83.61184726400006, 29.01472302600007], [83.61644708000017, 29.01888264500002], [83.61245708899997, 29.035944154000163], [83.61889263300009, 29.045750895000026], [83.61952144300005, 29.059684438000147], [83.63091397100015, 29.062427682000077], [83.63141296800018, 29.06488581600007], [83.63062690800012, 29.08099950999997], [83.61600309500011, 29.092575816000192], [83.61551476000011, 29.098301141000036], [83.62051344800017, 29.097785138000063], [83.62876476900016, 29.106831121000084], [83.64980412000006, 29.1044599600001], [83.65244343500018, 29.109197420000044], [83.65133711400006, 29.119061301000045], [83.66013250300011, 29.124420602000157], [83.68031666200011, 29.123433430000034], [83.67921851500012, 29.131652912000106], [83.67483265300012, 29.137020222000103], [83.67569384600006, 29.14894900800016], [83.66276374600011, 29.15668090400004], [83.66196580600018, 29.164923695000027], [83.66580704600005, 29.170004038], [83.65728526400017, 29.176093590999983], [83.64385677200016, 29.167008459000044], [83.64156170600018, 29.16118920700012], [83.63328175900017, 29.158437451000168], [83.62270667100017, 29.16828818500005], [83.6146212640001, 29.171326211000064], [83.61010580300012, 29.180742084000144], [83.59007227600017, 29.174165428000094], [83.57596512300006, 29.180166959000076], [83.57596141000005, 29.187385232000167], [83.56919251100015, 29.1934428780001], [83.57196275900003, 29.202501775000087], [83.56310357100011, 29.206052993000128], [83.55229009900017, 29.20011173900008], [83.53901921700009, 29.202667541000153], [83.53083158400005, 29.208258080000064], [83.53036222800012, 29.21335666600004], [83.51956778800013, 29.217658344000142], [83.51791644100001, 29.2270361410001], [83.5150503700001, 29.227993506000132], [83.52270093100014, 29.238243872000055], [83.51768231400013, 29.240562765000163], [83.51942698300013, 29.24504663000016], [83.51472251800016, 29.255807373000096], [83.50409790200001, 29.25555185100012], [83.50264589200015, 29.259469154000158], [83.49146110800018, 29.264804606000155], [83.49337772200016, 29.27377824600012], [83.48719619700017, 29.276147991000187], [83.48713118600006, 29.280142558000193], [83.47869412400007, 29.281009905000133], [83.47145793600015, 29.274169357000062], [83.46513584800005, 29.27452766000016], [83.45988588000012, 29.28613231600019], [83.45479949800011, 29.286522198000114], [83.45578877800006, 29.290599964000023], [83.45062829200015, 29.293540546000145], [83.45131636700012, 29.297511128000053], [83.44359411600004, 29.29976642000014], [83.44414652600011, 29.306461311000135], [83.43823459400016, 29.308658388000083], [83.43929115300011, 29.31688927100015], [83.4464535510001, 29.32907269800006], [83.44234278300019, 29.335682709000082], [83.44486909500012, 29.34020227000002], [83.43891639700018, 29.349488754000106], [83.42858960300015, 29.34977424800013], [83.42340529600011, 29.356286563000083], [83.41504124900007, 29.359013301000118], [83.41727984900018, 29.363586290000057], [83.41309409800016, 29.366861170000107], [83.41538215800011, 29.37602236000015], [83.41171856500011, 29.38026490900006], [83.42258106300005, 29.384636431000104], [83.42036440800001, 29.397429836000185], [83.42612052000004, 29.40240134400011], [83.41588030700018, 29.410371192000184], [83.41421931200017, 29.420809638000037], [83.38104770600017, 29.42314757600019], [83.37133166200005, 29.428511047000143], [83.37063094700011, 29.434338498000102], [83.36432756600016, 29.439717523000127], [83.36301804599998, 29.446191652000095], [83.36612217000015, 29.45001616100012], [83.35370789100017, 29.451370774000168], [83.35146966200017, 29.458805612], [83.34226689200005, 29.46579794100012], [83.341965802, 29.47499927200016], [83.34758077800012, 29.47853203500017], [83.34719041900001, 29.492230635999988], [83.34437774800011, 29.494756606000124], [83.31566772900004, 29.508903333999967], [83.3022381240001, 29.49966910000012], [83.29337785500019, 29.50435902300012], [83.2819938350001, 29.498686240000154], [83.27148557400005, 29.507809227000166], [83.26735014400003, 29.50740757400007], [83.26868315700011, 29.522082797000053], [83.2637482240001, 29.53292283800016], [83.2557877380001, 29.539227876000155], [83.25411935200009, 29.544597976000034], [83.25873090400006, 29.551013768000075], [83.25527437900018, 29.556741556000077], [83.27385590000006, 29.55443550500013], [83.28203659400015, 29.557529475000138], [83.28390866600017, 29.562835637999967], [83.27782124300018, 29.568906227000184], [83.2693530950001, 29.568255340000064], [83.26137925600017, 29.573620026000185], [83.26108733799998, 29.57756328100004], [83.23191911500004, 29.577819601000158], [83.21439532500017, 29.589236075000088], [83.21802386600012, 29.605443066000134], [83.19875260000003, 29.60620100000017], [83.19672289900006, 29.611096701000122], [83.18760288900006, 29.608244382000123], [83.18832126600012, 29.597426834000032], [83.17989788200003, 29.59294749100019], [83.15897259900015, 29.5963554650001], [83.16504423900017, 29.615935432000185], [83.14996581500009, 29.623794837000048], [83.14193338900003, 29.62479867700017], [83.13142790300014, 29.617844281000146], [83.12024789200018, 29.628538297000148], [83.11673944800015, 29.624732533000042], [83.11639954400005, 29.61638724000011], [83.10531201400016, 29.618349631], [83.1010234960001, 29.614272067000172], [83.0900618500001, 29.61195317000005], [83.09220157000004, 29.605372815000123], [83.08559052600015, 29.60271108200004], [83.06925054300007, 29.609884907000037], [83.06529175800017, 29.616497168000137], [83.06535542600011, 29.626029220000135], [83.04326427600017, 29.63079761400013], [83.038340903, 29.647903447000147], [83.03337088800015, 29.654169035000052], [83.02094628200007, 29.650633792], [83.02095088400011, 29.65770007300017], [83.01397428100012, 29.66039102500008], [83.00849496200016, 29.672520435000024], [83.0004314150001, 29.664534300000128], [82.99155558900003, 29.663323522000155], [82.98492032700011, 29.66840175700014], [82.95601264500016, 29.66234917600019], [82.94721671100012, 29.66888792900005], [82.94672537600007, 29.67319189600005], [82.94084178700007, 29.67407872100017], [82.94793650900016, 29.6919935410001], [82.93536513400016, 29.70541865500013], [82.92665592400004, 29.70058271900001], [82.91646701300016, 29.70610441900004]]]}, "properties": {"district": "Dolpa", "population": 45675, "events": 106, "deaths": 70, "missing": 23, "injured": 28, "houses_destroyed": 36, "severity_score": 503.8, "by_hazard": {"landslide": 60, "flood": 32, "flash_flood": 0, "glof": 0, "debris_flow": 0, "avalanche": 14, "other": 0}, "first_year": 1971, "last_year": 2026, "deaths_per_100k": 153.26}}, {"type": "Feature", "geometry": {"type": "Polygon", "coordinates": [[[82.32859161100004, 29.507792826000127], [82.309977731, 29.503868286000113], [82.30454197500006, 29.494298096000193], [82.30042804400011, 29.4939888130001], [82.30149588600017, 29.481880644], [82.30610331800017, 29.47865088900005], [82.29899813800012, 29.470468106000055], [82.30123126500001, 29.46116994300013], [82.29625854000005, 29.456238640000095], [82.29882225000011, 29.450033943000165], [82.29423520600017, 29.44276442500012], [82.27014407200011, 29.44195895200005], [82.26666455300006, 29.44494656000012], [82.247296549, 29.433326914000077], [82.23957049700005, 29.438802977000137], [82.22198254000011, 29.428428367000038], [82.2221498240001, 29.418996935000052], [82.21363234800003, 29.406845876000148], [82.21000633000006, 29.410769457000185], [82.20042430100011, 29.408837556000094], [82.19431153000016, 29.41107800800006], [82.18398010100003, 29.406079694000027], [82.17530385700013, 29.415356452000026], [82.16095391000005, 29.416943778000075], [82.15263566600015, 29.42687454300011], [82.14352768000009, 29.42912507400007], [82.1393037090001, 29.438077051999983], [82.14549487700003, 29.44703443500015], [82.14247615900018, 29.457047458000034], [82.13378978900005, 29.463118950000023], [82.13083781400013, 29.469824657], [82.11069865700011, 29.465142857000046], [82.10188380100016, 29.45861889700012], [82.09322212300003, 29.464353734000042], [82.09027735800004, 29.476261894000174], [82.07675981400013, 29.483722499000123], [82.06807780900004, 29.483860170000014], [82.05692230000011, 29.479219563000186], [82.04796180700009, 29.48407654000016], [82.04104102800011, 29.48276181099999], [82.02870972200014, 29.469403811000177], [82.01997462200018, 29.46850120500011], [82.01416892500004, 29.461454338000124], [82.00604050400011, 29.472915213000135], [81.99754477099998, 29.470746290000136], [81.97900607800005, 29.472925190000126], [81.97924763000015, 29.46513292000003], [81.9739814670001, 29.462307043000067], [81.96424242800015, 29.44577069200011], [81.93809441800005, 29.44374931100009], [81.92865765700003, 29.43331152100012], [81.93023448100013, 29.41493600500013], [81.92731142700006, 29.40261404900008], [81.9302500500001, 29.39471276600011], [81.92427093700019, 29.384561562000044], [81.92759876600007, 29.366358743000035], [81.92504748600004, 29.353303296000092], [81.92970480899999, 29.345629079000105], [81.93019029800013, 29.33282996400004], [81.91464580600007, 29.32242420600005], [81.90729407000015, 29.321887899000046], [81.90435942700009, 29.31432012400012], [81.89577403900012, 29.307575126000188], [81.89874257200012, 29.300968909000062], [81.89708086200011, 29.297583138000164], [81.88241990600017, 29.285460053000065], [81.87924695400017, 29.272770688000094], [81.85953432700012, 29.27316061600004], [81.8535735100001, 29.266801933000124], [81.84774994100007, 29.26631795700007], [81.84617129900005, 29.258688205999988], [81.84980344600007, 29.24445933300018], [81.85899731800015, 29.24091567100004], [81.86862947800006, 29.225695725000037], [81.87539896400011, 29.22707263200016], [81.89420364699998, 29.213858944000037], [81.90123387500012, 29.213791491000052], [81.90873562900015, 29.205701788000113], [81.91062228100009, 29.200564231000044], [81.90810967300007, 29.187992737000116], [81.90071111000009, 29.18517582900006], [81.89455455799998, 29.172761519000176], [81.90355412300005, 29.157175659000075], [81.92634676400007, 29.15725010699998], [81.93467075600012, 29.153779487000065], [81.93603413700004, 29.15019259100012], [81.94395582099997, 29.14940171600017], [81.95005300300016, 29.142041362999976], [81.94779999100007, 29.12920033500012], [81.957655419, 29.12796184300015], [81.98075627800011, 29.107667998000124], [81.99805032600017, 29.10276301800019], [82.0169820110001, 29.09197660500007], [82.01798260400005, 29.076472995000188], [82.01203243700019, 29.072045132000028], [82.01666138900003, 29.06095760100004], [82.01332651100017, 29.05544306400003], [82.01721024100016, 29.051615226000024], [82.01119414600004, 29.030399105000072], [82.01660335500003, 29.02335683600012], [82.03917555900017, 29.011881227000174], [82.04431989400013, 29.00340302400008], [82.0415605980001, 28.999269554000023], [82.0443947280001, 28.995085983000024], [82.04286423200011, 28.989258000000177], [82.04967571800006, 28.98069901700012], [82.07825204200014, 28.969316610000078], [82.09522638900012, 28.974358391000067], [82.10016040500017, 28.98436459900006], [82.12290793000017, 28.994525241000133], [82.11742700200017, 29.006965447000084], [82.11860757500006, 29.01443514800019], [82.12534495, 29.0155134580001], [82.13846560700017, 29.03173558600008], [82.1465753010001, 29.032510195000157], [82.14950285500004, 29.041579648000152], [82.14772409900007, 29.04813376499999], [82.15075209800005, 29.05278587900017], [82.15655116400012, 29.0538412410001], [82.16682974100013, 29.064969299000154], [82.16735764900011, 29.069265972000096], [82.18051506300003, 29.06178879500004], [82.19835029100011, 29.073289617000057], [82.20338340500018, 29.08054126899998], [82.20093551700012, 29.088928956000075], [82.21140650100017, 29.08705065900017], [82.21970256300006, 29.090158057000053], [82.22457723200006, 29.095653180000056], [82.22508624500017, 29.104372881000074], [82.22869316800006, 29.105654878], [82.23652674800019, 29.10122296700007], [82.253982081, 29.10986636100006], [82.26256721400006, 29.107106307000095], [82.26961468700011, 29.113912218000053], [82.26508872000016, 29.115042171000027], [82.26440575300006, 29.121415883000168], [82.27806846400011, 29.127443839000136], [82.2836315350001, 29.12338273600011], [82.28552998400005, 29.115860461000068], [82.30126820400017, 29.119714338000165], [82.32304917900012, 29.10998306300013], [82.35233156800007, 29.1164753970001], [82.41171139500005, 29.09550353700007], [82.41553623500016, 29.099437293000108], [82.41489982200017, 29.105898997000054], [82.41806598400012, 29.110784656000078], [82.41797720200009, 29.119480224000142], [82.41353416900006, 29.123320802000137], [82.41698624700007, 29.127386915000045], [82.41696470400012, 29.136162976000094], [82.43420280200019, 29.139116899000157], [82.4330871900001, 29.146149856000193], [82.44623130300005, 29.157630678000146], [82.46071697200017, 29.15683971700014], [82.47215028400007, 29.163685943000132], [82.51435387300018, 29.156310824000172], [82.53092447400013, 29.16378975700019], [82.55488230400016, 29.16552314600017], [82.56075152600016, 29.170902362000106], [82.57095399800016, 29.17164088600009], [82.57837651400007, 29.179918231999977], [82.58208548500005, 29.190587299000185], [82.56217725900007, 29.203235139000014], [82.5540139040001, 29.204586140000174], [82.54560265000009, 29.21217449800008], [82.54299984100015, 29.226785792000044], [82.53402862000013, 29.236582060000046], [82.54012246100012, 29.243809483000064], [82.5308328530001, 29.25000245600006], [82.551870618, 29.265692508000086], [82.55038947800006, 29.27976568000014], [82.55679652700019, 29.286977795999974], [82.58041601800005, 29.295429122000087], [82.59061416500015, 29.303036258000134], [82.59036017400018, 29.326498391000086], [82.58170953300004, 29.336199486000112], [82.57474276900007, 29.337546127999985], [82.57042113200015, 29.34575448900017], [82.57179522700005, 29.3566986190001], [82.56799751000017, 29.36539056700019], [82.56082319600006, 29.36752357200004], [82.54800987600015, 29.380260319000058], [82.55836078400006, 29.41141939500011], [82.54164581700019, 29.420698529000163], [82.51286411600006, 29.420646409000085], [82.51076180800004, 29.434966546000055], [82.50224450800016, 29.44559036600009], [82.50020573300014, 29.457678211000086], [82.50553681300016, 29.470530097000108], [82.50023294800019, 29.47506665800006], [82.50153960000011, 29.483595008000123], [82.49797505400005, 29.491443724000078], [82.49579931000017, 29.493540809000137], [82.49032759400006, 29.491723582000134], [82.48563141900007, 29.485630515000025], [82.48086175800006, 29.485561949000044], [82.47143419400015, 29.474877299000127], [82.45269589500009, 29.46444723500008], [82.44811068000001, 29.450173868000093], [82.43233046799998, 29.44330351800005], [82.42654770400009, 29.449184320000086], [82.41782948700018, 29.447637895000128], [82.4111067710001, 29.451222960000052], [82.41043930100017, 29.46383734000017], [82.38618774200006, 29.501541777000114], [82.37046840500017, 29.491221938000024], [82.36348362700011, 29.490353225000035], [82.34566755200007, 29.493928999000104], [82.33972416400019, 29.50416958200003], [82.33073862800012, 29.504778515000055], [82.32859161100004, 29.507792826000127]]]}, "properties": {"district": "Jumla", "population": 124995, "events": 68, "deaths": 77, "missing": 11, "injured": 22, "houses_destroyed": 14, "severity_score": 465.2, "by_hazard": {"landslide": 31, "flood": 31, "flash_flood": 0, "glof": 0, "debris_flow": 0, "avalanche": 6, "other": 0}, "first_year": 1976, "last_year": 2026, "deaths_per_100k": 61.6}}, {"type": "Feature", "geometry": {"type": "Polygon", "coordinates": [[[81.86699007600015, 29.460491461000174], [81.84144936300015, 29.461514745000102], [81.83257461200009, 29.45643690200012], [81.82799571400011, 29.457814270000085], [81.80516150000017, 29.45257267700009], [81.80304801500017, 29.44730963700016], [81.80531629200016, 29.439288669000177], [81.7989174220001, 29.429093714000146], [81.79780324100017, 29.407016131000148], [81.79033884700004, 29.39596992800017], [81.78922800500015, 29.38896394000011], [81.768720438, 29.39217384500006], [81.76640906400007, 29.385677542000167], [81.76097735300016, 29.386536446000036], [81.74956329100007, 29.366496962000156], [81.75219727100006, 29.351744063000126], [81.73954096000011, 29.333905230000028], [81.72981557800011, 29.335156473999973], [81.70307444600019, 29.33053839600018], [81.69080237400016, 29.32051534200008], [81.67818539600017, 29.321407827000087], [81.66840994000012, 29.316993224000157], [81.64762995100006, 29.321388143000036], [81.64183125100004, 29.33438609800004], [81.64397390000016, 29.354279462000193], [81.63902486600011, 29.355658888000107], [81.63461474300016, 29.364346077000107], [81.61355550700017, 29.370722058000183], [81.59978304900017, 29.36556740400016], [81.58167404500017, 29.364754409000113], [81.57305667300017, 29.36070222800015], [81.57277590300004, 29.35378311900007], [81.56690956600005, 29.347772034], [81.56093712800009, 29.351408547000062], [81.55833636500006, 29.357839099000103], [81.55026893700011, 29.349477076000028], [81.54725618300006, 29.338179587000127], [81.52879399699998, 29.326030583000147], [81.52376738800001, 29.315056286000072], [81.51508938100011, 29.311995260000117], [81.50784863700017, 29.31454254500011], [81.49988416900004, 29.297246734], [81.49064999300003, 29.290556789000107], [81.48374895200004, 29.27954034400011], [81.46794850499998, 29.27182577800005], [81.47751821500009, 29.26393308700011], [81.49109377600007, 29.261619180000025], [81.49464062400006, 29.257094714000118], [81.49510034800011, 29.24478368000007], [81.49950985500016, 29.23879192600009], [81.48692285600009, 29.22689660700007], [81.4819912000001, 29.200524930000086], [81.49064917600003, 29.184960502000138], [81.4872044280001, 29.17293888500012], [81.49513879500017, 29.168797569000105], [81.49897864600018, 29.15167815300009], [81.52455532000005, 29.152678982000054], [81.5332148120001, 29.146506991000024], [81.53472865000015, 29.137148820000107], [81.55350256200006, 29.128261661000124], [81.56783594600012, 29.126701634000085], [81.58066971900018, 29.135516182], [81.58207736300011, 29.123944966000067], [81.57845707900009, 29.108450293000146], [81.56868105600006, 29.097245008000186], [81.56589764400019, 29.089271461000067], [81.56169726000007, 29.066384279000147], [81.56362723000007, 29.053599680000104], [81.58118145300006, 29.047089158000176], [81.58923663600018, 29.04885191900007], [81.59871421800005, 29.04537450100014], [81.61327438600006, 29.033427754000115], [81.63050660600015, 29.046602712000094], [81.65098162300006, 29.03999948800015], [81.69045262400016, 29.049659901000155], [81.70220616000012, 29.03194790000009], [81.71523620900007, 29.027821093000114], [81.71579715100012, 29.020017824000092], [81.73008748500018, 29.02168462200018], [81.75116169800009, 29.010186115000067], [81.766685182, 29.018322769000065], [81.78279581400005, 29.01756444400013], [81.79106459300004, 29.012454224000066], [81.79490292500003, 29.01353911500007], [81.79300996500007, 29.005095934], [81.801998561, 29.001185237000186], [81.81893174900006, 28.984623327000122], [81.84150973500016, 28.981219965000093], [81.84813075100016, 28.972232207], [81.86468883300006, 28.970933563000017], [81.87420589900006, 28.971605138000086], [81.88866988100011, 28.98427979600001], [81.90044025800006, 28.98201348800012], [81.9098708250001, 28.986662130000127], [81.91988888000009, 28.977587053000036], [81.93030656600013, 28.982053789000133], [81.95785375200018, 28.985381440000083], [81.96100953300004, 28.990885351000088], [81.98427970400013, 29.002795959000025], [81.98585430700012, 29.01257845200007], [82.00026022800006, 29.015499077000015], [82.00719512800009, 29.03042466900007], [82.01154767800017, 29.0295460640001], [82.01721024100016, 29.051615226000024], [82.01332651100017, 29.05544306400003], [82.01666138900003, 29.06095760100004], [82.01203243700019, 29.072045132000028], [82.01798260400005, 29.076472995000188], [82.0169820110001, 29.09197660500007], [81.99805032600017, 29.10276301800019], [81.98075627800011, 29.107667998000124], [81.957655419, 29.12796184300015], [81.94779999100007, 29.12920033500012], [81.95005300300016, 29.142041362999976], [81.94395582099997, 29.14940171600017], [81.93603413700004, 29.15019259100012], [81.93467075600012, 29.153779487000065], [81.92634676400007, 29.15725010699998], [81.90355412300005, 29.157175659000075], [81.89455455799998, 29.172761519000176], [81.90071111000009, 29.18517582900006], [81.90810967300007, 29.187992737000116], [81.91062228100009, 29.200564231000044], [81.90873562900015, 29.205701788000113], [81.90123387500012, 29.213791491000052], [81.89420364699998, 29.213858944000037], [81.87539896400011, 29.22707263200016], [81.86862947800006, 29.225695725000037], [81.85899731800015, 29.24091567100004], [81.84980344600007, 29.24445933300018], [81.84617129900005, 29.258688205999988], [81.84774994100007, 29.26631795700007], [81.8535735100001, 29.266801933000124], [81.85953432700012, 29.27316061600004], [81.87924695400017, 29.272770688000094], [81.88241990600017, 29.285460053000065], [81.89708086200011, 29.297583138000164], [81.89874257200012, 29.300968909000062], [81.89577403900012, 29.307575126000188], [81.90435942700009, 29.31432012400012], [81.90729407000015, 29.321887899000046], [81.91464580600007, 29.32242420600005], [81.93019029800013, 29.33282996400004], [81.92970480899999, 29.345629079000105], [81.92504748600004, 29.353303296000092], [81.92759876600007, 29.366358743000035], [81.92427093700019, 29.384561562000044], [81.9302500500001, 29.39471276600011], [81.92731142700006, 29.40261404900008], [81.93080160100016, 29.437297804000025], [81.92146618200019, 29.444366135000166], [81.89748698400018, 29.446438154000077], [81.88470310300016, 29.443372691000036], [81.87303692600005, 29.451208728000097], [81.86699007600015, 29.460491461000174]]]}, "properties": {"district": "Kalikot", "population": 152877, "events": 181, "deaths": 142, "missing": 43, "injured": 96, "houses_destroyed": 149, "severity_score": 1063.5, "by_hazard": {"landslide": 148, "flood": 33, "flash_flood": 0, "glof": 0, "debris_flow": 0, "avalanche": 0, "other": 0}, "first_year": 1982, "last_year": 2026, "deaths_per_100k": 92.89}}, {"type": "Feature", "geometry": {"type": "Polygon", "coordinates": [[[82.56662221600004, 29.932304282000075], [82.56297899900017, 29.955152088000148], [82.529177624, 29.970925776000172], [82.51403439600011, 29.95211274000019], [82.49751538400005, 29.94729012400012], [82.49586977100006, 29.939385462000132], [82.48740628000007, 29.928382612000178], [82.47116810900008, 29.92025468500009], [82.47418934600006, 29.906599884000116], [82.46959458300012, 29.904375771000048], [82.46774676200005, 29.89879226500011], [82.45526331900004, 29.897169350000013], [82.44750899200017, 29.888621905000093], [82.45921153300003, 29.88144113200019], [82.4624892860001, 29.86527819300005], [82.45498608900004, 29.860884614000042], [82.43491265700004, 29.86070519800012], [82.43566486700013, 29.84520397100016], [82.42976287900007, 29.835133197000175], [82.43536161200012, 29.832003200000088], [82.43974485700016, 29.824134502999982], [82.43853844000012, 29.81583726100007], [82.43427853500015, 29.81208360800008], [82.42641481100003, 29.81161846800012], [82.42255518100006, 29.807050462000177], [82.40592213200006, 29.810902160000182], [82.40082444200016, 29.805291232000116], [82.40352969200018, 29.802405168000064], [82.403931634, 29.78707223200007], [82.40864045500018, 29.78560362900015], [82.41267399800006, 29.77771242700004], [82.41135662400012, 29.771060091000095], [82.3974126060001, 29.761154365000095], [82.4089003520001, 29.7359115860001], [82.41416877400007, 29.731962848000023], [82.41083082800014, 29.727066316000048], [82.4109647570001, 29.714106341000047], [82.39262942700003, 29.69656076100017], [82.37876800400005, 29.696953764000057], [82.366625839, 29.70394917600015], [82.36140270500005, 29.70258891200001], [82.35280098400005, 29.706962060000023], [82.34941932800018, 29.712948200000085], [82.33946613300009, 29.715814281000178], [82.32374813900003, 29.710557409000046], [82.31303532300007, 29.71221796700013], [82.29743975800011, 29.697096643000066], [82.28190129300009, 29.692261485000074], [82.26806772700019, 29.696580498000117], [82.26137883100006, 29.702799129000084], [82.24586493400011, 29.69763918900003], [82.23164332400012, 29.70046508600018], [82.2312603950001, 29.683734143000038], [82.23569935500007, 29.68033009000004], [82.23238936000018, 29.67449258500011], [82.23695535900004, 29.668157683000175], [82.23423508900004, 29.662689028000045], [82.21905321300011, 29.663564781000105], [82.21473065700008, 29.655257429000073], [82.20160054600018, 29.66009753000003], [82.19245280900009, 29.653141229000084], [82.18415359500017, 29.658236004], [82.16944569500004, 29.65386944200003], [82.15607975199998, 29.65819740100011], [82.14946609800006, 29.65491692], [82.14250135500015, 29.645768483999973], [82.1026672110001, 29.63475210500019], [82.1135815510001, 29.65285064000011], [82.10067070200006, 29.66563825300011], [82.10213247400003, 29.67310945300011], [82.09799951800017, 29.680645187000096], [82.10115391500011, 29.686230400000113], [82.09284023300006, 29.689833440000143], [82.09258226900005, 29.6993509830001], [82.08177582400003, 29.705163904000074], [82.08035567700006, 29.713012898999978], [82.07309391800004, 29.713288515000045], [82.06678005300017, 29.721842309000124], [82.06791384200011, 29.724656875000107], [82.06113613800011, 29.728288435000024], [82.06022829000011, 29.746140252000146], [82.04622192900001, 29.75092265900014], [82.03538813700015, 29.7490841070001], [82.02828759600004, 29.74022839300011], [82.01527365600009, 29.735716559000025], [82.00598141, 29.727124536000076], [82.00446907200012, 29.71986006900005], [81.99819677000005, 29.715229847000103], [81.9927284850001, 29.70416755000008], [81.94670617100019, 29.675095901000134], [81.93793029500006, 29.672627690000127], [81.93050478000004, 29.67758111800015], [81.92171450100005, 29.67351961800017], [81.92039022600017, 29.664797976000102], [81.91759256800015, 29.663714475000063], [81.90965254200006, 29.663119601000062], [81.89845835000006, 29.668518869000025], [81.8896587000001, 29.66740990700015], [81.88369811000001, 29.65943156500009], [81.88318085800006, 29.65343099400019], [81.87667646000011, 29.64899481300006], [81.87239412800017, 29.635000745000184], [81.866711694, 29.63312308800016], [81.8528674160001, 29.619352860000163], [81.84332311300011, 29.621946791000084], [81.82435981300011, 29.619889456000124], [81.81619605500003, 29.623316392], [81.80005302100017, 29.623123799000155], [81.79100212000009, 29.627298902000177], [81.78470384600018, 29.624740175000113], [81.78256610700015, 29.619786169000065], [81.77693805100006, 29.61735175200016], [81.77365441000006, 29.60575054000003], [81.77780533000015, 29.599690479000174], [81.79034693900019, 29.595687287000032], [81.78957846300017, 29.590044053000156], [81.79842232100009, 29.576521257000024], [81.79874243799998, 29.558179662000043], [81.79026987300017, 29.54047481800012], [81.79277165700006, 29.530526597000062], [81.78560974300007, 29.52832932300015], [81.77717429300003, 29.517277108000087], [81.78050724200006, 29.509110544000066], [81.76907980400011, 29.50930798500019], [81.76237367100009, 29.505293387000165], [81.78793114800004, 29.499970191999978], [81.80379532300003, 29.475089056000115], [81.80756377000017, 29.453918149000174], [81.83257461200009, 29.45643690200012], [81.84144936300015, 29.461514745000102], [81.85890234300001, 29.45864701500011], [81.86666436900009, 29.460601822000115], [81.87303692600005, 29.451208728000097], [81.88470310300016, 29.443372691000036], [81.89748698400018, 29.446438154000077], [81.92146618200019, 29.444366135000166], [81.93080160100016, 29.437297804000025], [81.93809441800005, 29.44374931100009], [81.96424242800015, 29.44577069200011], [81.9739814670001, 29.462307043000067], [81.97924763000015, 29.46513292000003], [81.97900607800005, 29.472925190000126], [81.99754477099998, 29.470746290000136], [82.00604050400011, 29.472915213000135], [82.01416892500004, 29.461454338000124], [82.01997462200018, 29.46850120500011], [82.02870972200014, 29.469403811000177], [82.04104102800011, 29.48276181099999], [82.04796180700009, 29.48407654000016], [82.05692230000011, 29.479219563000186], [82.06807780900004, 29.483860170000014], [82.081670406, 29.48291808300013], [82.09027735800004, 29.476261894000174], [82.09322212300003, 29.464353734000042], [82.10188380100016, 29.45861889700012], [82.11069865700011, 29.465142857000046], [82.13083781400013, 29.469824657], [82.13378978900005, 29.463118950000023], [82.14247615900018, 29.457047458000034], [82.14549487700003, 29.44703443500015], [82.1393037090001, 29.438077051999983], [82.14352768000009, 29.42912507400007], [82.15263566600015, 29.42687454300011], [82.16095391000005, 29.416943778000075], [82.17696558500018, 29.414417001000174], [82.18398010100003, 29.406079694000027], [82.19431153000016, 29.41107800800006], [82.20042430100011, 29.408837556000094], [82.21000633000006, 29.410769457000185], [82.21363234800003, 29.406845876000148], [82.2221498240001, 29.418996935000052], [82.22198254000011, 29.428428367000038], [82.23957049700005, 29.438802977000137], [82.247296549, 29.433326914000077], [82.26666455300006, 29.44494656000012], [82.27014407200011, 29.44195895200005], [82.2938232670001, 29.442432325000027], [82.29882225000011, 29.450033943000165], [82.29625854000005, 29.456238640000095], [82.30123126500001, 29.46116994300013], [82.29899813800012, 29.470468106000055], [82.30610331800017, 29.47865088900005], [82.30149588600017, 29.481880644], [82.30042804400011, 29.4939888130001], [82.30441936900019, 29.49418429200017], [82.30977701200004, 29.503696612000113], [82.31681149600013, 29.506568076000065], [82.32848430900003, 29.50801717900015], [82.33073862800012, 29.504778515000055], [82.33972416400019, 29.50416958200003], [82.34566755200007, 29.493928999000104], [82.36348362700011, 29.490353225000035], [82.37046840500017, 29.491221938000024], [82.38582378800015, 29.501750752000078], [82.39142355700011, 29.496895226000106], [82.39642489300019, 29.48327038300016], [82.41043930100017, 29.46383734000017], [82.4111067710001, 29.451222960000052], [82.41782948700018, 29.447637895000128], [82.42654770400009, 29.449184320000086], [82.43233046799998, 29.44330351800005], [82.44788646500007, 29.44999138100019], [82.45269589500009, 29.46444723500008], [82.49579931000017, 29.493540809000137], [82.50153960000011, 29.483595008000123], [82.50023294800019, 29.47506665800006], [82.50551806400011, 29.470687770000097], [82.50020573300014, 29.457678211000086], [82.50224450800016, 29.44559036600009], [82.51064606900013, 29.435238144000095], [82.5129952900001, 29.42046292800012], [82.54164581700019, 29.420698529000163], [82.55884084400014, 29.411352409000074], [82.58064196400011, 29.416108425000118], [82.58611871500017, 29.422531225000057], [82.6229672130001, 29.424620033000053], [82.62613927500018, 29.421738848000132], [82.62676816500016, 29.413551681000172], [82.62405734900005, 29.39781966200013], [82.635412896, 29.393089650000093], [82.64175987400006, 29.385296784000104], [82.65229020500016, 29.390793997000117], [82.65909643700019, 29.395346367], [82.66080963700017, 29.401816167000106], [82.67301958600012, 29.402405238000085], [82.68712827200005, 29.412538574999985], [82.68563423300003, 29.41836751200009], [82.69014223300013, 29.425155513000163], [82.71472975200015, 29.43164247800013], [82.71924638600012, 29.441045861000077], [82.71708729000017, 29.44482766500016], [82.72517942000019, 29.448861289000092], [82.72625801300018, 29.455502502000115], [82.73520229400015, 29.46782999499999], [82.72340786000018, 29.479260438000097], [82.72844307300016, 29.49042085500008], [82.72624980000012, 29.500140856000087], [82.7317597710001, 29.507706176000056], [82.747940884, 29.50739714200006], [82.77388173200018, 29.516146231], [82.7814558610001, 29.51430558200002], [82.78636522900001, 29.518667378000146], [82.78491147500017, 29.52558027600014], [82.79594897600015, 29.537546398000075], [82.80309821800012, 29.55143878000007], [82.80825510000011, 29.55642214800008], [82.813489027, 29.555717919000188], [82.81910431, 29.55939691500015], [82.80752771300007, 29.586522775000105], [82.80938251700007, 29.592856715000153], [82.7960978370001, 29.61387192800015], [82.79419648800007, 29.631491634000156], [82.79827358100016, 29.63943814600009], [82.80515341500006, 29.638336542000047], [82.81534035400017, 29.646565312000178], [82.82286634300016, 29.645849746000124], [82.82691510100017, 29.649022827000067], [82.82701393800005, 29.689764536000155], [82.81557605600011, 29.702274692000117], [82.8148585240001, 29.705547500000023], [82.82127985400007, 29.713771460000146], [82.81778724300005, 29.721083662000126], [82.79752367900011, 29.718988665000097], [82.76282392200011, 29.731129553000073], [82.76614997600012, 29.73374067500015], [82.76662998200004, 29.742401], [82.76135241300011, 29.747446448000062], [82.75845229900011, 29.760051227000133], [82.75209924500012, 29.76551918000007], [82.74463712100015, 29.769433699], [82.723706462, 29.770471526000165], [82.71890308200011, 29.766083611000113], [82.71095561400017, 29.76888866200011], [82.69761546100011, 29.76161100900009], [82.68997603700006, 29.763075878000052], [82.68639163000006, 29.773416858000132], [82.69597183900004, 29.78158549500006], [82.69400672600005, 29.79111713800006], [82.70065874100004, 29.794773088000056], [82.7101507970001, 29.79272805100004], [82.728007897, 29.80288975700006], [82.72901170500012, 29.808575930000075], [82.73702919500005, 29.81348134600006], [82.73042549900003, 29.821329511999977], [82.72649993800002, 29.83525408800017], [82.72204997600011, 29.83872032000005], [82.71048074500004, 29.83876794700018], [82.69709236400013, 29.85528925799997], [82.6863472120001, 29.85203445700006], [82.68430372000012, 29.847099948999983], [82.67594869100009, 29.84324792800004], [82.66053607200018, 29.84224003200012], [82.63960248300003, 29.833819243000164], [82.62086679000015, 29.83723100900005], [82.61882890900017, 29.84196822300015], [82.62169766000011, 29.847268647000078], [82.63161850600011, 29.849566211000138], [82.63134777100004, 29.856707852000113], [82.64040977900004, 29.862868043000105], [82.64239011100011, 29.87008027500019], [82.63760454400017, 29.874803009000118], [82.61956355000012, 29.87923194000001], [82.60227859200012, 29.88899757100006], [82.58466247100012, 29.92123691000012], [82.57955204100006, 29.921533740000143], [82.56662221600004, 29.932304282000075]]]}, "properties": {"district": "Mugu", "population": 68951, "events": 76, "deaths": 33, "missing": 7, "injured": 13, "houses_destroyed": 141, "severity_score": 247.1, "by_hazard": {"landslide": 51, "flood": 23, "flash_flood": 0, "glof": 0, "debris_flow": 0, "avalanche": 2, "other": 0}, "first_year": 1975, "last_year": 2026, "deaths_per_100k": 47.86}}, {"type": "Feature", "geometry": {"type": "Polygon", "coordinates": [[[81.6340000350001, 30.444988945000148], [81.61781838200017, 30.445826564000072], [81.62183999800004, 30.424301160000027], [81.6066999570001, 30.41209690300019], [81.58917085300016, 30.416710335000175], [81.57416523500007, 30.426576367999985], [81.56464742800011, 30.42974824099997], [81.56071388200007, 30.427951916000154], [81.55775895900007, 30.41940349300006], [81.55935303600012, 30.407355719000122], [81.55328020200017, 30.406569642000193], [81.55067270300015, 30.40257754400011], [81.54970532100003, 30.380926202000126], [81.555532964, 30.37394394800009], [81.55172026100013, 30.369747164000103], [81.53498354499999, 30.37123984100009], [81.506746582, 30.38060823000012], [81.48935303700017, 30.381197732000032], [81.47609947800004, 30.388560719000054], [81.46760980700003, 30.40320802300016], [81.45585855700011, 30.40644085700012], [81.44490926700013, 30.415831372000184], [81.43851640900016, 30.41861126599997], [81.43384598199998, 30.41273150400002], [81.4275696740001, 30.421838863000175], [81.40793790900017, 30.420992846000047], [81.40058046800004, 30.396139405000042], [81.41181527800006, 30.393526627000085], [81.42009715799998, 30.38889262400005], [81.42057216100011, 30.38530509500015], [81.42923000100006, 30.383323845000177], [81.41999183900009, 30.370500737000043], [81.39896517400018, 30.371096626000053], [81.39517169900012, 30.367865001000098], [81.39967670100015, 30.36457881500013], [81.399260707, 30.357572785000116], [81.40593043200005, 30.35308893000007], [81.40243840400012, 30.343994865000184], [81.40571340400004, 30.33655567800008], [81.3962880250001, 30.32334116600009], [81.40526811100005, 30.316037925000046], [81.41461287500016, 30.316344655000023], [81.42316359800003, 30.305026974000157], [81.41020658200017, 30.294948488999978], [81.40180259400012, 30.29301467500005], [81.40345095700013, 30.2850775120001], [81.39947988600011, 30.281487856000126], [81.41512992400004, 30.284050902000104], [81.41648909700018, 30.281585967000183], [81.40830318400009, 30.26098642000005], [81.39188871600015, 30.250456616000122], [81.39631482300018, 30.24237581800014], [81.39016934000017, 30.233611807000045], [81.3968755140001, 30.21850770500015], [81.39633196000005, 30.20892391400008], [81.37443196900006, 30.196635509000032], [81.370131443, 30.186523215000136], [81.35052356400007, 30.177970491000053], [81.33398830800013, 30.160333482000112], [81.33201827700009, 30.153148194000153], [81.3166528590001, 30.151896092000072], [81.30475308300015, 30.16418919900019], [81.30431373300019, 30.159541882000156], [81.25798128800011, 30.151221569000143], [81.25614519400006, 30.146464055000138], [81.29038485700005, 30.112450751000154], [81.28509610300011, 30.10505774800015], [81.28909387000004, 30.09470103200016], [81.28585525000017, 30.07836971400019], [81.28944470500005, 30.074263714000097], [81.27449280700017, 30.05897450600014], [81.27184999900015, 30.045187892000058], [81.28124916700017, 30.043399882000074], [81.28454988500005, 30.037467676000063], [81.29092974200006, 30.034907320000116], [81.30673850900007, 30.03096941600006], [81.31450122000012, 30.032626933000188], [81.31854235800017, 30.025521535000053], [81.34634265200003, 30.018707447999986], [81.35693166000004, 30.01047606200018], [81.38183154100017, 30.00713804300011], [81.38380746100006, 30.013512972000115], [81.3994330330001, 30.01802702100008], [81.40122026000006, 30.02274891400009], [81.43013612400017, 30.007510076000074], [81.45439469200005, 30.002353785000025], [81.46303532000019, 29.995478368000022], [81.46056959300017, 29.985738937000065], [81.46993388300012, 29.975035328000047], [81.4685714100001, 29.963620758000047], [81.45275699100017, 29.948959160000015], [81.45848644800003, 29.942558657000063], [81.45466637400017, 29.934679968000182], [81.45891409300015, 29.931760178000047], [81.46257323300006, 29.92088956600014], [81.45631365700012, 29.90111502200017], [81.47057259600012, 29.889755919000095], [81.47973585500006, 29.891978405000145], [81.49261861200011, 29.88709292300001], [81.50387358000017, 29.892806424000185], [81.51682145300009, 29.904266033000056], [81.51188159800017, 29.916074601000105], [81.51676711300018, 29.922706923000135], [81.53480041400002, 29.927506858000186], [81.54925463300003, 29.923089855], [81.57009994300012, 29.933392251000157], [81.58478292000007, 29.93678327100008], [81.59091475700018, 29.93058731600013], [81.60251310600017, 29.93008596800007], [81.61277675800011, 29.943160826000053], [81.61853174300012, 29.938431354999977], [81.62649983600011, 29.938296733000072], [81.64550884500005, 29.948086089000185], [81.65294792300006, 29.94278525800007], [81.66502749700015, 29.940216801000133], [81.687670588, 29.94900730500018], [81.69781658700009, 29.941409604000114], [81.69736365500012, 29.93142272200015], [81.70953225700009, 29.926801835], [81.7106639050001, 29.914237468000067], [81.71588009400011, 29.90935331600008], [81.72643665000015, 29.912270508000177], [81.7332650460001, 29.907863959], [81.74209334500017, 29.907225961000165], [81.75486806300006, 29.908470593000118], [81.7616755520001, 29.912315207000063], [81.76924687900015, 29.909454336000067], [81.77985308000012, 29.91099341000006], [81.78251557400012, 29.90848987300012], [81.78855847200009, 29.909554548000187], [81.79910030200011, 29.90161294800015], [81.79861977700006, 29.896620160000055], [81.79351900000017, 29.895464568000193], [81.79709383400018, 29.878725880000104], [81.79514470600003, 29.86032888900013], [81.79142540600014, 29.853731578000065], [81.79409126100018, 29.84877164400001], [81.78066197900017, 29.839207471000122], [81.7832686640001, 29.830445455000074], [81.77907705100012, 29.81431228200006], [81.78024159400007, 29.806988797000145], [81.7735388100001, 29.798078534000183], [81.76440268100009, 29.801751619000072], [81.73967588099998, 29.792428445000155], [81.73602699400016, 29.776840978000166], [81.73006408499998, 29.769144550000135], [81.73272109900012, 29.7591178400001], [81.726676521, 29.747885054999983], [81.72690118900016, 29.734064478], [81.71391257400006, 29.72223970900012], [81.70857541300018, 29.700193822000074], [81.69732807499997, 29.680804285000136], [81.702034411, 29.655450040000062], [81.7002157500001, 29.647414202999983], [81.70349165300019, 29.645353381000177], [81.69927460800005, 29.642005883000138], [81.70250972800017, 29.641898566000066], [81.70273547500011, 29.63712695200013], [81.70939365400011, 29.632273753000163], [81.7095772890001, 29.627071492000027], [81.7156810090001, 29.62079541800017], [81.71982443600018, 29.621088762000056], [81.72056779800005, 29.616359403], [81.72783033000019, 29.614916768000114], [81.73595130600012, 29.606864952000024], [81.75035887100017, 29.604846723000094], [81.77365441000006, 29.60575054000003], [81.77693805100006, 29.61735175200016], [81.789999507, 29.627338696000095], [81.82435981300011, 29.619889456000124], [81.84332311300011, 29.621946791000084], [81.8528674160001, 29.619352860000163], [81.866711694, 29.63312308800016], [81.87239412800017, 29.635000745000184], [81.87667646000011, 29.64899481300006], [81.88318085800006, 29.65343099400019], [81.88369811000001, 29.65943156500009], [81.8896587000001, 29.66740990700015], [81.89845835000006, 29.668518869000025], [81.90965254200006, 29.663119601000062], [81.91759256800015, 29.663714475000063], [81.92039022600017, 29.664797976000102], [81.92171450100005, 29.67351961800017], [81.93050478000004, 29.67758111800015], [81.93793029500006, 29.672627690000127], [81.94670617100019, 29.675095901000134], [81.9927284850001, 29.70416755000008], [81.99819677000005, 29.715229847000103], [82.00446907200012, 29.71986006900005], [82.00598141, 29.727124536000076], [82.01527365600009, 29.735716559000025], [82.02828759600004, 29.74022839300011], [82.03538813700015, 29.7490841070001], [82.04517682200014, 29.750901582000097], [82.06022829000011, 29.746140252000146], [82.06113613800011, 29.728288435000024], [82.06791384200011, 29.724656875000107], [82.06678005300017, 29.721842309000124], [82.07309391800004, 29.713288515000045], [82.08035567700006, 29.713012898999978], [82.08177582400003, 29.705163904000074], [82.09258226900005, 29.6993509830001], [82.09284023300006, 29.689833440000143], [82.10115391500011, 29.686230400000113], [82.09799951800017, 29.680645187000096], [82.10213247400003, 29.67310945300011], [82.10067070200006, 29.66563825300011], [82.1135815510001, 29.65285064000011], [82.1026672110001, 29.63475210500019], [82.14250135500015, 29.645768483999973], [82.14946609800006, 29.65491692], [82.15607975199998, 29.65819740100011], [82.16944569500004, 29.65386944200003], [82.18415359500017, 29.658236004], [82.19245280900009, 29.653141229000084], [82.20160054600018, 29.66009753000003], [82.21473065700008, 29.655257429000073], [82.21905321300011, 29.663564781000105], [82.23423508900004, 29.662689028000045], [82.23695535900004, 29.668157683000175], [82.23238936000018, 29.67449258500011], [82.23569935500007, 29.68033009000004], [82.2312603950001, 29.683734143000038], [82.23164332400012, 29.70046508600018], [82.24586493400011, 29.69763918900003], [82.26137883100006, 29.702799129000084], [82.26806772700019, 29.696580498000117], [82.28190129300009, 29.692261485000074], [82.29743975800011, 29.697096643000066], [82.31303532300007, 29.71221796700013], [82.32374813900003, 29.710557409000046], [82.33946613300009, 29.715814281000178], [82.34941932800018, 29.712948200000085], [82.35280098400005, 29.706962060000023], [82.36103781500003, 29.702728018000187], [82.37142657800013, 29.702974903000097], [82.37876800400005, 29.696953764000057], [82.39008747800011, 29.695795793000116], [82.41085483700004, 29.713960915000087], [82.41285773900006, 29.717694472], [82.41083082800014, 29.727066316000048], [82.414150898, 29.732071337000036], [82.4089003520001, 29.7359115860001], [82.3974126060001, 29.761154365000095], [82.41135662400012, 29.771060091000095], [82.41268067500016, 29.778190507000147], [82.40864045500018, 29.78560362900015], [82.403931634, 29.78707223200007], [82.40352969200018, 29.802405168000064], [82.40082444200016, 29.805291232000116], [82.40592213200006, 29.810902160000182], [82.42255518100006, 29.807050462000177], [82.42641481100003, 29.81161846800012], [82.43832016400017, 29.815494601000125], [82.43974485700016, 29.824134502999982], [82.43536161200012, 29.832003200000088], [82.42976287900007, 29.835133197000175], [82.43566486700013, 29.84520397100016], [82.43491265700004, 29.86070519800012], [82.44016864800017, 29.86259641400011], [82.44861416500004, 29.860163147000094], [82.46149689300012, 29.863629395000032], [82.45921153300003, 29.88144113200019], [82.44750899200017, 29.888621905000093], [82.45526331900004, 29.897169350000013], [82.46774676200005, 29.89879226500011], [82.46959458300012, 29.904375771000048], [82.47418934600006, 29.906599884000116], [82.4705843910001, 29.91950799600005], [82.48813566600006, 29.929073497000047], [82.49586977100006, 29.939385462000132], [82.49751538400005, 29.94729012400012], [82.47375746500012, 29.965202081000086], [82.47701013000005, 29.96894521700017], [82.4760478550001, 29.97358133200015], [82.46310233400004, 29.98199528100008], [82.45618076500011, 29.97684909400016], [82.43847226800011, 29.988626031000024], [82.43203664300012, 29.988946590000126], [82.42357879200011, 29.995745072999966], [82.42083306300003, 30.003965447000155], [82.40882738700003, 30.01068850900009], [82.40635388400005, 30.015223046000187], [82.40241787700012, 30.014500490000103], [82.39538690100011, 30.023929623000186], [82.38710086000009, 30.020375141000045], [82.38204373100012, 30.02706300000017], [82.37584515900005, 30.02635672100007], [82.37774595700012, 30.01111674000009], [82.37258657600017, 30.015570557000046], [82.36289638500017, 30.010369396000044], [82.35939564000017, 30.021575416000132], [82.34467563900017, 30.02880788800013], [82.34350776300016, 30.036755749], [82.33401136400005, 30.046842783000102], [82.31985806800014, 30.049436949000153], [82.31557634100017, 30.040271992999976], [82.29840018800019, 30.037826646999974], [82.28513076000007, 30.04717619200005], [82.28120839300016, 30.061090702000115], [82.26542504100019, 30.062132050000116], [82.2525437540001, 30.06801061500005], [82.25157436100011, 30.07241075100012], [82.24661005100006, 30.075134857000137], [82.23377036200003, 30.06970142100016], [82.23111682600006, 30.06479865400013], [82.21997110200016, 30.06820647600017], [82.21070635700016, 30.06601891600019], [82.18836316700015, 30.06969129500004], [82.1715773740001, 30.065374321000036], [82.16577291400017, 30.081354606000048], [82.168953875, 30.086407368000152], [82.17698784600015, 30.08887051], [82.18164268400017, 30.096207828000104], [82.1793276300001, 30.102299596000023], [82.18644279100005, 30.11087077400009], [82.17915373099999, 30.11713826200014], [82.1714809660001, 30.117565481000042], [82.17071117100011, 30.121913622000193], [82.17649331300015, 30.121884524999984], [82.17906825200015, 30.129102887000045], [82.18685127700007, 30.13369651000005], [82.19873015600018, 30.136202329000184], [82.19745782600006, 30.14257358700013], [82.20544569300012, 30.153559927000174], [82.19335642000016, 30.159730100000104], [82.18194709400012, 30.16080088800004], [82.18133195800004, 30.165533309000182], [82.18639880100011, 30.17284857400017], [82.18379907700012, 30.180043483000134], [82.18707921300012, 30.18495044600013], [82.18436515700006, 30.19074823500017], [82.15863554300017, 30.189216800000167], [82.1390076130001, 30.19883803400006], [82.13948316000011, 30.202530131000117], [82.13208770500006, 30.207487991000164], [82.13319669200007, 30.21923471399998], [82.12750897500013, 30.22542917000004], [82.10927160000006, 30.225932159000024], [82.09829872100016, 30.239134062000176], [82.10496532700017, 30.24422887200018], [82.10726998000018, 30.255005017000144], [82.11802817000017, 30.25876095200016], [82.11610404000015, 30.272216031000085], [82.10931150400017, 30.27711109100011], [82.1162751760001, 30.286013984000135], [82.11628794800009, 30.294139282000117], [82.12817477400006, 30.302090525000096], [82.11778185400004, 30.319530974000145], [82.12098417900006, 30.32179937100011], [82.11859016000017, 30.326727058000074], [82.1118804780001, 30.33207039000007], [82.1092235590001, 30.346144961000107], [82.09184379100003, 30.351202907000072], [82.0852933480001, 30.359067129000096], [82.07366939600007, 30.3587323590001], [82.06581154900016, 30.3552763780001], [82.06522216900004, 30.347196380000128], [82.05647483200005, 30.3400281750001], [82.05588969000013, 30.33250968599998], [82.04110406100006, 30.34087317400008], [82.03086441600004, 30.337458779000144], [82.02146013900006, 30.344318427000132], [82.01618712000015, 30.34407312000019], [82.01103981500012, 30.341760823000072], [82.0120405560001, 30.329094657000155], [82.00525686900005, 30.328937258000167], [81.998026972, 30.3206009970001], [81.98831243500013, 30.320717590000072], [81.98227484600017, 30.329292315000146], [81.97470313100013, 30.32976171900009], [81.9689663850001, 30.337839621], [81.95655584300016, 30.34116724500018], [81.96202705300004, 30.34608855000016], [81.96209170200018, 30.350704491000045], [81.94921894000015, 30.358867715000144], [81.94592805600018, 30.356985906000148], [81.94492383900013, 30.349835128000166], [81.93938015000003, 30.347475517000078], [81.91438111400015, 30.349903474000143], [81.88859976900017, 30.360712444000058], [81.88204880100011, 30.360716219000153], [81.877957004, 30.369408276000172], [81.8675818420001, 30.377242381000087], [81.8537676470001, 30.37927516900004], [81.84977382200015, 30.373054198000034], [81.84044198000004, 30.376522230999967], [81.82627340500017, 30.3749775390001], [81.80888275300015, 30.387183440000058], [81.79062405299999, 30.38890775500016], [81.77394119900009, 30.38427163199998], [81.76208299500018, 30.389007446000164], [81.75101353100018, 30.388694936000036], [81.73158365200004, 30.398205061999988], [81.72672662800016, 30.41124050700006], [81.71425603000006, 30.411715278000145], [81.69471718100016, 30.423723979000158], [81.6722147810001, 30.42752234800014], [81.6340000350001, 30.444988945000148]]]}, "properties": {"district": "Humla", "population": 58528, "events": 107, "deaths": 43, "missing": 24, "injured": 33, "houses_destroyed": 91, "severity_score": 397.0, "by_hazard": {"landslide": 64, "flood": 36, "flash_flood": 0, "glof": 0, "debris_flow": 0, "avalanche": 7, "other": 0}, "first_year": 1995, "last_year": 2026, "deaths_per_100k": 73.47}}, {"type": "Feature", "geometry": {"type": "Polygon", "coordinates": [[[81.08993874900017, 30.054112611000164], [81.06850321800005, 30.043439130000138], [81.05342840800006, 30.024024188000112], [81.03800457700015, 30.015016636000155], [81.03816624500018, 30.008216340000047], [81.02582676700007, 29.987439504000122], [81.01486559200009, 29.980638680000027], [81.02041307300016, 29.973923328000012], [81.0174881850001, 29.966040780000128], [81.02147908500007, 29.95856772700006], [81.00217253500011, 29.936075267000092], [81.00049634900017, 29.92810655700015], [81.00288242100004, 29.92319405300009], [81.0275915090001, 29.906326670999988], [81.03022565900005, 29.895366552999974], [81.04067702999998, 29.881632117000095], [81.03658590900017, 29.8645386070001], [81.04038134300015, 29.85998133900017], [81.03803497700017, 29.846365337000123], [81.03993663400001, 29.840595157000052], [81.05533189700009, 29.829733642000065], [81.06974125000016, 29.828330661999985], [81.06923240500004, 29.803131900000153], [81.06766731700003, 29.79576157100007], [81.06211487600007, 29.793425276000107], [81.06357337800017, 29.775465860000054], [81.06003223500016, 29.77227586099997], [81.0624974100001, 29.768079352000143], [81.05651523800003, 29.757510199000023], [81.03807742900011, 29.75260415600013], [81.03158569800007, 29.742300159000138], [81.02446877900019, 29.743535508000093], [81.02036625900018, 29.748279693000143], [81.01800094800012, 29.745489860000134], [81.00970139700007, 29.745874147000052], [81.00406739300007, 29.740564818000166], [80.98803140500019, 29.74107861100009], [80.97511396800013, 29.72183899200013], [80.95794237500013, 29.726458571000137], [80.94588168600012, 29.735447249000117], [80.93978009000011, 29.73538142100017], [80.91950520000012, 29.72469271000017], [80.9068455690001, 29.72461223300013], [80.89007838700013, 29.71381995500019], [80.86458128400017, 29.706278504000124], [80.85820303300011, 29.695923203000177], [80.84539203300005, 29.693337459000077], [80.84030415100011, 29.68734514000016], [80.82964579700018, 29.69144829700008], [80.82498465200007, 29.686500199000136], [80.81644638000006, 29.68707284200019], [80.8111244800001, 29.684011307000105], [80.79590175000016, 29.688245015000064], [80.7920732120001, 29.677940058], [80.78277314200017, 29.680182970000146], [80.78051786000003, 29.678239498000096], [80.77860666300012, 29.665458361000105], [80.771050709, 29.668716139000026], [80.76292613600003, 29.66189898300013], [80.76186522600005, 29.647416205000184], [80.77144274900013, 29.642254195000078], [80.78423480500004, 29.645399634], [80.79076354100005, 29.641313919000083], [80.7808232380001, 29.633410026000092], [80.78765521800017, 29.613249201000087], [80.78651406100016, 29.602607685000123], [80.77767024700006, 29.58677449000004], [80.77645523000018, 29.575983862000044], [80.78004531500011, 29.571487581000042], [80.77555158100012, 29.566580857000133], [80.77653800200011, 29.559937431000094], [80.77119188000006, 29.551796811000145], [80.75611081000017, 29.556470731000104], [80.74821201700001, 29.553206807000095], [80.74596264800016, 29.542011703000185], [80.74821428800016, 29.530600553000113], [80.78053959699997, 29.523199807000083], [80.78823208000011, 29.506723519000047], [80.79522928800014, 29.50765933800011], [80.80458355700006, 29.515166635000128], [80.80994616400011, 29.513324817000182], [80.81694672400005, 29.51565344400018], [80.82373308700016, 29.509484364000116], [80.82250922300017, 29.50076016600019], [80.84534785500011, 29.488935207999987], [80.85628882800006, 29.46901416000003], [80.87534373400018, 29.464102565000132], [80.88346856400005, 29.44241258300019], [80.89914769100017, 29.44418256700004], [80.90815225200015, 29.441383014000166], [80.91197884600018, 29.445351070000186], [80.91611789799998, 29.43136174800003], [80.92613912200017, 29.425742034999985], [80.93208982900018, 29.417417207000085], [80.93132817700007, 29.410724199000185], [80.93938030400005, 29.397475923000172], [80.95392755200004, 29.401291638000146], [80.97086118500005, 29.40021815700004], [80.98675904200013, 29.405092981000166], [81.00866095800006, 29.419958324999982], [81.02253077000012, 29.421824465000043], [81.03346313800017, 29.41174599500016], [81.04764804000018, 29.41324167500011], [81.06246464500015, 29.405374489], [81.07656138400012, 29.406240101000037], [81.08102332900006, 29.410045056000172], [81.08580553900015, 29.407023967000043], [81.09556231300007, 29.40776396900003], [81.11912129700016, 29.395668050000097], [81.12450707300007, 29.398336125000128], [81.125351254, 29.40271810200005], [81.13153762700006, 29.404268604000094], [81.14386742600016, 29.39086152800013], [81.14630097300017, 29.394116194000105], [81.16359265400007, 29.39467800600005], [81.17054939600018, 29.41155083600006], [81.18421354800006, 29.406590427000083], [81.18393783400018, 29.39972450200014], [81.18667055700007, 29.397783096000126], [81.19307560600004, 29.401741690000108], [81.20191150500006, 29.395667567000146], [81.22590623900015, 29.411599286000182], [81.2517229180001, 29.413256052000122], [81.25488830000018, 29.41651629200004], [81.25036351500012, 29.42175798900007], [81.26202725799999, 29.433778589000042], [81.27822240600011, 29.43755108800019], [81.28085189600006, 29.44237942300009], [81.30273404400015, 29.451322518000097], [81.30756578000006, 29.460311557000182], [81.30306996700011, 29.463315088000115], [81.30282985700018, 29.467734483000072], [81.29380082500006, 29.468801320000182], [81.29080325100017, 29.4747740950001], [81.31688589300018, 29.483310849000134], [81.31463149100017, 29.491486116000033], [81.32632363699997, 29.494836903000078], [81.33858901899998, 29.504981438000016], [81.35102266700011, 29.529932528000188], [81.36217367600017, 29.53801161700011], [81.37138131600011, 29.54993869300006], [81.399846819, 29.558346183000026], [81.40233920200012, 29.56652426400018], [81.39750115600003, 29.571068146000073], [81.39826413300017, 29.576776997000024], [81.40197535400017, 29.5846085660001], [81.41871137400011, 29.59776557100008], [81.41794824400017, 29.623923735000062], [81.42180486600006, 29.629277664000142], [81.42054112700004, 29.63457327500015], [81.42735664300017, 29.643916620000084], [81.4409564830001, 29.649506540000175], [81.44628498300006, 29.647167710000133], [81.46610410400007, 29.65897732300016], [81.48041352600012, 29.661666774000025], [81.51573490600015, 29.679366433000155], [81.51487961900017, 29.687665643000116], [81.51839143800004, 29.691549580000014], [81.51446455500007, 29.700758472000075], [81.52432351800002, 29.71048851300003], [81.50811040100018, 29.73885874800004], [81.51045768200015, 29.74993786700003], [81.51351269500003, 29.75344689500014], [81.54080605900003, 29.74733623400016], [81.55163358400017, 29.753367886000035], [81.55406619100006, 29.763042951000045], [81.56048616800007, 29.770547027000134], [81.54655181600015, 29.79456788500005], [81.54783220800005, 29.800932120000027], [81.55832315900005, 29.809842560000106], [81.56486147200008, 29.85148493300011], [81.55733423400005, 29.855935406000185], [81.546323803, 29.87294040100005], [81.53296437600017, 29.88345815800011], [81.51321690800017, 29.88678212400015], [81.50548226600006, 29.894331740000098], [81.49261861200011, 29.88709292300001], [81.47973585500006, 29.891978405000145], [81.47057259600012, 29.889755919000095], [81.45631365700012, 29.90111502200017], [81.46257323300006, 29.92088956600014], [81.45891409300015, 29.931760178000047], [81.45466637400017, 29.934679968000182], [81.45848644800003, 29.942558657000063], [81.45264371700006, 29.951090957000133], [81.4668097710001, 29.96066788600018], [81.47007296200019, 29.973079327000107], [81.46060009100006, 29.98561032500004], [81.46303532000019, 29.995478368000022], [81.4564947340001, 30.001309037000112], [81.43013612400017, 30.007510076000074], [81.40122026000006, 30.02274891400009], [81.3994330330001, 30.01802702100008], [81.38380746100006, 30.013512972000115], [81.38183154100017, 30.00713804300011], [81.35693166000004, 30.01047606200018], [81.34634265200003, 30.018707447999986], [81.31854235800017, 30.025521535000053], [81.31450122000012, 30.032626933000188], [81.30673850900007, 30.03096941600006], [81.29092974200006, 30.034907320000116], [81.28454988500005, 30.037467676000063], [81.28124916700017, 30.043399882000074], [81.27184999900015, 30.045187892000058], [81.23730438600006, 30.031755794000162], [81.25314929100006, 30.02355922800018], [81.25353774800016, 30.019618168000022], [81.24502908200009, 30.011004858000035], [81.23983552099997, 30.012487271000055], [81.23180453200013, 30.00766592399998], [81.2173533460001, 30.007232698000053], [81.20717343700005, 30.020680474000187], [81.19484366100005, 30.022817162000024], [81.18434920800013, 30.01081964399998], [81.17758000200013, 30.01502190300016], [81.16359551600016, 30.010450074000175], [81.14923647700004, 30.01150021100011], [81.14395955700002, 30.016190695000034], [81.13324085300007, 30.015967441000043], [81.123796702, 30.020192097000177], [81.11805161100011, 30.034152012000163], [81.11065310599997, 30.035574900000142], [81.10641934000017, 30.04440857000003], [81.08993874900017, 30.054112611000164]]]}, "properties": {"district": "Bajhang", "population": 196132, "events": 149, "deaths": 123, "missing": 45, "injured": 47, "houses_destroyed": 266, "severity_score": 969.5, "by_hazard": {"landslide": 90, "flood": 53, "flash_flood": 0, "glof": 0, "debris_flow": 0, "avalanche": 6, "other": 0}, "first_year": 1972, "last_year": 2026, "deaths_per_100k": 62.71}}, {"type": "Feature", "geometry": {"type": "Polygon", "coordinates": [[[81.69797944800018, 29.94099820700012], [81.68724076800015, 29.949203467000075], [81.66502749700015, 29.940216801000133], [81.64470633200017, 29.94804039400003], [81.62649983600011, 29.938296733000072], [81.61853174300012, 29.938431354999977], [81.61277675800011, 29.943160826000053], [81.60251310600017, 29.93008596800007], [81.59091475700018, 29.93058731600013], [81.58478292000007, 29.93678327100008], [81.57009994300012, 29.933392251000157], [81.54925463300003, 29.923089855], [81.53480041400002, 29.927506858000186], [81.51687478600013, 29.922742671000094], [81.51197682400004, 29.916595243000188], [81.51696224000005, 29.904714305000027], [81.50548226600006, 29.894331740000098], [81.51321690800017, 29.88678212400015], [81.52744353300017, 29.88565012200013], [81.54158011000004, 29.877858870000125], [81.55727761700007, 29.855994274000068], [81.56489565600003, 29.85134719600012], [81.55832315900005, 29.809842560000106], [81.54783220800005, 29.800932120000027], [81.54655181600015, 29.79456788500005], [81.56047998100019, 29.770603460000075], [81.55406619100006, 29.763042951000045], [81.55233090900003, 29.754199568000104], [81.53970009200009, 29.747024998000143], [81.51318442700006, 29.753436890000103], [81.50818487900011, 29.742740198000035], [81.51159395200017, 29.73051339300008], [81.52432351800002, 29.71048851300003], [81.51446455500007, 29.700758472000075], [81.51839143800004, 29.691549580000014], [81.51487961900017, 29.687665643000116], [81.51573490600015, 29.679366433000155], [81.48041352600012, 29.661666774000025], [81.46610410400007, 29.65897732300016], [81.44628498300006, 29.647167710000133], [81.4409564830001, 29.649506540000175], [81.42735664300017, 29.643916620000084], [81.42054112700004, 29.63457327500015], [81.42180486600006, 29.629277664000142], [81.41794824400017, 29.623923735000062], [81.41871137400011, 29.59776557100008], [81.40197535400017, 29.5846085660001], [81.39826413300017, 29.576776997000024], [81.39750115600003, 29.571068146000073], [81.40233920200012, 29.56652426400018], [81.399846819, 29.558346183000026], [81.37138131600011, 29.54993869300006], [81.36217367600017, 29.53801161700011], [81.35102266700011, 29.529932528000188], [81.33858901899998, 29.504981438000016], [81.32632363699997, 29.494836903000078], [81.31463149100017, 29.491486116000033], [81.31688589300018, 29.483310849000134], [81.29080325100017, 29.4747740950001], [81.29380082500006, 29.468801320000182], [81.30282985700018, 29.467734483000072], [81.30306996700011, 29.463315088000115], [81.30756578000006, 29.460311557000182], [81.30273404400015, 29.451322518000097], [81.28085189600006, 29.44237942300009], [81.27822240600011, 29.43755108800019], [81.26202725799999, 29.433778589000042], [81.25036351500012, 29.42175798900007], [81.25488830000018, 29.41651629200004], [81.2517229180001, 29.413256052000122], [81.22590623900015, 29.411599286000182], [81.20191150500006, 29.395667567000146], [81.19298899500006, 29.401739626000108], [81.16988737200012, 29.386592474000054], [81.17695712000011, 29.38491404000007], [81.20064385600011, 29.365136466000024], [81.22271825700017, 29.36214648800012], [81.235304816, 29.35680591199997], [81.23676643400017, 29.353079218], [81.24190152400013, 29.354175249000036], [81.24889444100006, 29.350677360000077], [81.258507415, 29.33801592600014], [81.25812872600005, 29.330527681999968], [81.25361893100018, 29.325666262000084], [81.26795857700006, 29.30574294500019], [81.26796808600005, 29.301761567000085], [81.27916255900016, 29.308320797000135], [81.29496654700006, 29.310307957000077], [81.302569602, 29.322228138000185], [81.30393695000004, 29.320244467000123], [81.309110966, 29.325064339000107], [81.31688543800004, 29.32305882300011], [81.32224486900003, 29.313957747000075], [81.32967203300012, 29.31431412900008], [81.33234478300011, 29.304553827], [81.34046765900018, 29.30168902100013], [81.34349655000005, 29.291674871000055], [81.34835571300005, 29.290802833000043], [81.35417603900004, 29.284022672000106], [81.36643110500012, 29.28450617300001], [81.382642664, 29.29664376700015], [81.38193233900012, 29.30266175900016], [81.38770859800013, 29.299965403000158], [81.39578963800017, 29.285083405000023], [81.40507188400005, 29.284117187000163], [81.41668761500006, 29.276777534000132], [81.42868809300018, 29.286222484], [81.44288408900007, 29.287360415000137], [81.46794850499998, 29.27182577800005], [81.48374895200004, 29.27954034400011], [81.49064999300003, 29.290556789000107], [81.49988416900004, 29.297246734], [81.50784863700017, 29.31454254500011], [81.51508938100011, 29.311995260000117], [81.52376738800001, 29.315056286000072], [81.52879399699998, 29.326030583000147], [81.54725618300006, 29.338179587000127], [81.55026893700011, 29.349477076000028], [81.55833636500006, 29.357839099000103], [81.56093712800009, 29.351408547000062], [81.56690956600005, 29.347772034], [81.57088316200003, 29.350382909000132], [81.57305667300017, 29.36070222800015], [81.57617052100005, 29.362791140000127], [81.60832835100018, 29.367215935000047], [81.61355550700017, 29.370722058000183], [81.6254807850001, 29.368796782], [81.63815087600011, 29.361464584000146], [81.63943150199998, 29.35530961400019], [81.64357318300011, 29.355454347000148], [81.64183125100004, 29.33438609800004], [81.64762995100006, 29.321388143000036], [81.66992811000017, 29.31683451100008], [81.67818539600017, 29.321407827000087], [81.69080237400016, 29.32051534200008], [81.70307444600019, 29.33053839600018], [81.74013599700004, 29.33422445900004], [81.75219727100006, 29.351744063000126], [81.74956329100007, 29.366496962000156], [81.76097735300016, 29.386536446000036], [81.76640906400007, 29.385677542000167], [81.768720438, 29.39217384500006], [81.78922800500015, 29.38896394000011], [81.79033884700004, 29.39596992800017], [81.79780324100017, 29.407016131000148], [81.7989174220001, 29.429093714000146], [81.80531629200016, 29.439288669000177], [81.80304801500017, 29.44730963700016], [81.80770712800012, 29.45387671800006], [81.80694306300006, 29.46609969000008], [81.78793114800004, 29.499970191999978], [81.76237367100009, 29.505293387000165], [81.76907980400011, 29.50930798500019], [81.78050724200006, 29.509110544000066], [81.77717429300003, 29.517277108000087], [81.78560974300007, 29.52832932300015], [81.79277165700006, 29.530526597000062], [81.79026987300017, 29.54047481800012], [81.79745116900017, 29.552083963000086], [81.79842232100009, 29.576521257000024], [81.78976094600011, 29.589621220000026], [81.78957402500015, 29.596600877000128], [81.77780533000015, 29.599690479000174], [81.77365441000006, 29.60575054000003], [81.73680251000019, 29.60652187000005], [81.72783033000019, 29.614916768000114], [81.72056779800005, 29.616359403], [81.71982443600018, 29.621088762000056], [81.7156810090001, 29.62079541800017], [81.7095772890001, 29.627071492000027], [81.70939365400011, 29.632273753000163], [81.70273547500011, 29.63712695200013], [81.70250972800017, 29.641898566000066], [81.69927460800005, 29.642005883000138], [81.70348266700012, 29.644618074], [81.70349165300019, 29.645353381000177], [81.7002157500001, 29.647414202999983], [81.702034411, 29.655450040000062], [81.69694817600009, 29.678250770000147], [81.70857541300018, 29.700193822000074], [81.71391257400006, 29.72223970900012], [81.72690118900016, 29.734064478], [81.726676521, 29.747885054999983], [81.73272109900012, 29.7591178400001], [81.73006408499998, 29.769144550000135], [81.73602699400016, 29.776840978000166], [81.73950391000005, 29.792163280000125], [81.76440268100009, 29.801751619000072], [81.7735388100001, 29.798078534000183], [81.78024159400007, 29.806988797000145], [81.77907705100012, 29.81431228200006], [81.7832686640001, 29.830445455000074], [81.78066197900017, 29.839207471000122], [81.79409126100018, 29.84877164400001], [81.79142540600014, 29.853731578000065], [81.79514470600003, 29.86032888900013], [81.79709383400018, 29.878725880000104], [81.79351900000017, 29.895464568000193], [81.79861977700006, 29.896620160000055], [81.79941290500011, 29.900562303000186], [81.78855847200009, 29.909554548000187], [81.78251557400012, 29.90848987300012], [81.77985308000012, 29.91099341000006], [81.76924687900015, 29.909454336000067], [81.7616755520001, 29.912315207000063], [81.75486806300006, 29.908470593000118], [81.74209334500017, 29.907225961000165], [81.7332650460001, 29.907863959], [81.72643665000015, 29.912270508000177], [81.71588009400011, 29.90935331600008], [81.7106639050001, 29.914237468000067], [81.70953225700009, 29.926801835], [81.69736365500012, 29.93142272200015], [81.69797944800018, 29.94099820700012]]]}, "properties": {"district": "Bajura", "population": 145006, "events": 192, "deaths": 123, "missing": 11, "injured": 58, "houses_destroyed": 579, "severity_score": 870.2, "by_hazard": {"landslide": 134, "flood": 57, "flash_flood": 0, "glof": 0, "debris_flow": 0, "avalanche": 1, "other": 0}, "first_year": 1973, "last_year": 2026, "deaths_per_100k": 84.82}}, {"type": "Feature", "geometry": {"type": "Polygon", "coordinates": [[[81.17110889499997, 29.38643075500005], [81.15330535500004, 29.381932055000163], [81.15442092600006, 29.362570130000165], [81.14809840900017, 29.359547888], [81.14369025900015, 29.349327595000034], [81.136132906, 29.322149718000105], [81.13556360900009, 29.30480608000005], [81.12057226200005, 29.29929163899999], [81.099897334, 29.261283904000038], [81.09720156200007, 29.24818002899997], [81.11277614400018, 29.23960497900015], [81.11336109200005, 29.22746862000008], [81.10144912900006, 29.21523397300018], [81.09061755400012, 29.21494622700004], [81.08633187300018, 29.20891266800004], [81.07858701700007, 29.20782341400013], [81.06419234300012, 29.198275609], [81.03873380800019, 29.199555456000155], [81.02660754400011, 29.195267941000054], [81.02671645300018, 29.18894503300004], [81.02990394, 29.186203644000102], [81.03617152800007, 29.18926313100002], [81.04538197900018, 29.184333842000115], [81.04317850100011, 29.175372334000087], [81.04922395500012, 29.17007141099998], [81.04931189000018, 29.162449186], [81.05841445400017, 29.15895807200019], [81.0557257480001, 29.14897515500013], [81.06589180200012, 29.145077093000168], [81.06531661800017, 29.13512263900003], [81.07182268400004, 29.134007206000035], [81.0739892040001, 29.126760411000078], [81.10185297599998, 29.100703656000178], [81.10898611400012, 29.097855705000143], [81.10980085900007, 29.08477143500005], [81.12847468100011, 29.081206521000183], [81.12553669100004, 29.074953939000068], [81.11943270000006, 29.07220748600014], [81.12126119600003, 29.065289530000086], [81.13129961900006, 29.059308974000146], [81.13645572100017, 29.041821359000153], [81.14477583600018, 29.034718134000116], [81.14417357200006, 29.018794982000145], [81.15003999600015, 29.00602962500011], [81.14517394600006, 28.993388859000106], [81.13561220900004, 28.988765346000093], [81.13171831900007, 28.980826469000192], [81.11865447200017, 28.974082356000054], [81.10528029600005, 28.97780220400017], [81.10561232700007, 28.973463924000043], [81.10188158000005, 28.970198053000104], [81.10371216300007, 28.965592506000178], [81.12061571900017, 28.96254883000006], [81.13243684700018, 28.948736525000186], [81.14210021200012, 28.945338409000044], [81.14742612200007, 28.937527456999987], [81.16912982200012, 28.921097405000012], [81.18429073900018, 28.914815256999987], [81.19440995900004, 28.91615008300016], [81.20409359200005, 28.908028220000062], [81.23651870499998, 28.905911048000178], [81.24112231000015, 28.913920178000126], [81.24557424500017, 28.91508519500013], [81.25160582100006, 28.91365059700007], [81.26118957900007, 28.902946410000027], [81.26601142800013, 28.902600883000105], [81.27228986100016, 28.90736846400017], [81.27566711800006, 28.916193254000063], [81.28339709400018, 28.921557361000055], [81.30193286700018, 28.92567910800011], [81.30977064700016, 28.920021678000126], [81.31618870700004, 28.920160192000026], [81.32407947100012, 28.908023052000146], [81.33648473600005, 28.906905326000015], [81.3370499080001, 28.899924358000078], [81.34222283300011, 28.892622731000188], [81.35512237600011, 28.88969961800018], [81.37472608200011, 28.892944524000086], [81.38734148800012, 28.899865869000166], [81.39428120200006, 28.90844723100014], [81.40342731900017, 28.908977309000136], [81.41405302900006, 28.914090607000105], [81.42445026100017, 28.90928263400008], [81.4316680020001, 28.910588425000014], [81.44052404100017, 28.90033181300015], [81.46482728600012, 28.893597775000046], [81.46683706100004, 28.887337633000072], [81.46211467500012, 28.875084454000103], [81.46728120700004, 28.86185881500012], [81.46315349700012, 28.852732414], [81.49042186800006, 28.84090557700017], [81.49812423400016, 28.821204260000115], [81.50998096100005, 28.809253656000067], [81.52225339600017, 28.80326713100004], [81.51535774600018, 28.780376467000053], [81.52771410500003, 28.774495121000143], [81.53495073300013, 28.761260947000096], [81.52034812700003, 28.749003190000053], [81.54232652100006, 28.74843404900014], [81.57814527100004, 28.755459210000083], [81.58191984100006, 28.764807023], [81.57976367300017, 28.77999358800008], [81.55677623700012, 28.797500834000175], [81.55172315800013, 28.81578932000008], [81.53776106400005, 28.83635347100011], [81.531807458, 28.85604337600006], [81.52202360600018, 28.869891706000146], [81.51503866300015, 28.874378318000083], [81.508866603, 28.889745869000024], [81.50034958000009, 28.88944609100008], [81.49154463400004, 28.894143596000163], [81.46641712400003, 28.928837153000018], [81.45579240800004, 28.931034551000153], [81.45118595800011, 28.938918381000178], [81.4445239640001, 28.940366279000045], [81.44383560900008, 28.95846683900004], [81.43267740800013, 28.957032379000054], [81.42391193500004, 28.966322645000105], [81.42503184499998, 28.980192248000037], [81.41501508300007, 28.994347106000077], [81.41002890500016, 28.996900113000038], [81.41891912100016, 29.004246930000136], [81.41479888900011, 29.013774610999974], [81.41768742099998, 29.02129551500019], [81.42542039900019, 29.022931534000122], [81.43261003000003, 29.037451597000086], [81.43955103300016, 29.040219499000102], [81.44402336600007, 29.053725868000072], [81.46669759200017, 29.06701888599997], [81.46927222900013, 29.07805864700009], [81.50047635499999, 29.09109918400003], [81.50978965400009, 29.090664855000057], [81.52340136200013, 29.104201037000053], [81.53660407600006, 29.106682055000192], [81.5512560890001, 29.119620184000155], [81.565440846, 29.126086906000182], [81.55230090900005, 29.128505684000118], [81.53517915800012, 29.136819857000148], [81.5332148120001, 29.146506991000024], [81.52455532000005, 29.152678982000054], [81.49897864600018, 29.15167815300009], [81.49683300600009, 29.154762961000074], [81.49513879500017, 29.168797569000105], [81.4872044280001, 29.17293888500012], [81.49064917600003, 29.184960502000138], [81.4819912000001, 29.200524930000086], [81.48692285600009, 29.22689660700007], [81.49950985500016, 29.23879192600009], [81.49469788300007, 29.245998687000167], [81.4942194790001, 29.257903821000014], [81.48694487600011, 29.26332383800002], [81.47751821500009, 29.26393308700011], [81.4577006350001, 29.279873509000083], [81.44288408900007, 29.287360415000137], [81.42868809300018, 29.286222484], [81.41668761500006, 29.276777534000132], [81.40507188400005, 29.284117187000163], [81.39668127800019, 29.28444460200018], [81.38770859800013, 29.299965403000158], [81.38193233900012, 29.30266175900016], [81.382642664, 29.29664376700015], [81.36643110500012, 29.28450617300001], [81.35417603900004, 29.284022672000106], [81.34835571300005, 29.290802833000043], [81.34349655000005, 29.291674871000055], [81.34046765900018, 29.30168902100013], [81.33234478300011, 29.304553827], [81.32967203300012, 29.31431412900008], [81.32224486900003, 29.313957747000075], [81.31688543800004, 29.32305882300011], [81.309110966, 29.325064339000107], [81.30393695000004, 29.320244467000123], [81.302569602, 29.322228138000185], [81.29496654700006, 29.310307957000077], [81.27916255900016, 29.308320797000135], [81.26796808600005, 29.301761567000085], [81.26795857700006, 29.30574294500019], [81.25361893100018, 29.325666262000084], [81.25812872600005, 29.330527681999968], [81.258507415, 29.33801592600014], [81.24889444100006, 29.350677360000077], [81.24190152400013, 29.354175249000036], [81.23676643400017, 29.353079218], [81.235304816, 29.35680591199997], [81.22271825700017, 29.36214648800012], [81.20064385600011, 29.365136466000024], [81.17695712000011, 29.38491404000007], [81.17110889499997, 29.38643075500005]]]}, "properties": {"district": "Achham", "population": 234175, "events": 100, "deaths": 125, "missing": 45, "injured": 48, "houses_destroyed": 246, "severity_score": 979.5, "by_hazard": {"landslide": 64, "flood": 36, "flash_flood": 0, "glof": 0, "debris_flow": 0, "avalanche": 0, "other": 0}, "first_year": 1983, "last_year": 2026, "deaths_per_100k": 53.38}}, {"type": "Feature", "geometry": {"type": "Polygon", "coordinates": [[[80.93546040500019, 29.401114780000057], [80.92613912200017, 29.425742034999985], [80.91611789799998, 29.43136174800003], [80.91164163700012, 29.445648599000037], [80.9082056360001, 29.44399283299998], [80.90728154900012, 29.438517708000063], [80.90160854500004, 29.436790293], [80.8915980750001, 29.42450487000002], [80.88438942600004, 29.421724283000117], [80.87516792200017, 29.412395531000072], [80.86190395900007, 29.414331297], [80.86101464500001, 29.41064913000008], [80.85196950400012, 29.407553609], [80.8600416540001, 29.396414698000058], [80.85832654600011, 29.38752094600011], [80.85060304800004, 29.376608550000128], [80.84505395700018, 29.375424711000164], [80.83515315100004, 29.381169353000132], [80.82666886400017, 29.371292226000094], [80.8145577680001, 29.364768236000145], [80.77453925800012, 29.364956995], [80.76989396700009, 29.357322522000118], [80.76280614600006, 29.363499723000075], [80.762211815, 29.351356290000126], [80.75721446500006, 29.346269699000175], [80.76268808300017, 29.335799565000173], [80.7590557040001, 29.33226516000002], [80.76229061900017, 29.326126465000073], [80.77625844900012, 29.31545396300004], [80.77167957500018, 29.312010787000077], [80.77240134100003, 29.30177106600007], [80.76608533200016, 29.301807541000187], [80.75622575100016, 29.308805192000136], [80.74750355800012, 29.302445859000045], [80.73825457600009, 29.302633345000118], [80.73412009200013, 29.298594226000148], [80.73587424900006, 29.29695103000006], [80.7325222340001, 29.291972764000093], [80.73864790700009, 29.2908028920001], [80.74566705500013, 29.28452976000011], [80.74370919000006, 29.274763270000108], [80.75056651200009, 29.273767955999972], [80.75665915900015, 29.267517184999974], [80.74813842800006, 29.254488164000122], [80.7355977090001, 29.24743284400006], [80.73902027900016, 29.24511848100019], [80.72374578600011, 29.236146054000017], [80.70671957400003, 29.231323149000048], [80.70770504500013, 29.22517618000012], [80.70181868500015, 29.21673120300011], [80.70663598600004, 29.21169579900004], [80.70439200400017, 29.19231176900007], [80.69987845700018, 29.194613868000033], [80.69486332899999, 29.18782175300015], [80.67867935600003, 29.191426948000128], [80.67040121100018, 29.182825948000072], [80.64570454200003, 29.178073198000106], [80.62926726100005, 29.17631208300014], [80.61947147000018, 29.180992330000038], [80.60533240300015, 29.170261460000177], [80.59823812900004, 29.170093758000178], [80.5920835330001, 29.162965030000066], [80.59111951500012, 29.157016010000063], [80.59380232500001, 29.154014889], [80.59109598800018, 29.147871115000044], [80.57617628700001, 29.14769168600003], [80.56586714700006, 29.14353743900017], [80.56470594300009, 29.135413059000086], [80.57209808300013, 29.130140272000176], [80.56652541200009, 29.118850378000047], [80.53919566300004, 29.107539140000142], [80.52643706900005, 29.105730706000088], [80.53138572600017, 29.089572154000166], [80.55890499400016, 29.07602702800017], [80.56574647800011, 29.062223718000098], [80.57215112500006, 29.06444365699997], [80.57912709900012, 29.057569827000066], [80.58389841700017, 29.059197612000162], [80.58765962600006, 29.05340732700006], [80.5933140190001, 29.05446899000009], [80.5967005380001, 29.04811793900012], [80.60657542900015, 29.048453974000097], [80.61148291600017, 29.057595185000025], [80.61691177800014, 29.05868228000014], [80.63415417800019, 29.035924380000097], [80.65648729200007, 29.022067339000102], [80.670513127, 29.018071334000126], [80.67428362900006, 29.020679202999986], [80.67796040300016, 29.01540274300004], [80.69218221700004, 29.014723243000162], [80.70353281500002, 29.009528815000067], [80.71652652500006, 29.01019748600004], [80.72082192600016, 29.00714539000012], [80.72427776600006, 29.01081590600006], [80.73805781800019, 29.01078709000018], [80.75262590100004, 29.002621607000037], [80.76146781400018, 29.002757148000114], [80.76349096000007, 28.999997307000115], [80.76108791600018, 28.988860626000132], [80.770481695, 28.985030795000114], [80.78247230500006, 28.985021391000032], [80.80299977800018, 28.97227603800019], [80.80635634900017, 28.966835339000056], [80.80369696600013, 28.959495549999986], [80.80963579100012, 28.954972112000178], [80.80532330500017, 28.94486205700008], [80.81024060600015, 28.94274182100014], [80.81094615300015, 28.937998772000185], [80.81567992600009, 28.939031737000107], [80.81639176400017, 28.931859165000162], [80.82055209000015, 28.93065570800013], [80.8320386690001, 28.93662136800009], [80.83164778300011, 28.940295645000106], [80.83976675300005, 28.95023351600014], [80.83678531800018, 28.955709340000055], [80.85553437599998, 28.977576243000044], [80.86231386300005, 28.975359102000027], [80.86613570300011, 28.968802950000054], [80.88283115299998, 28.966131921000112], [80.8853463530001, 28.95994403200018], [80.88098225800007, 28.94575104400019], [80.88308112300007, 28.94054636900006], [80.89007580700007, 28.939704102000064], [80.89479887800019, 28.934343477000027], [80.89858896100014, 28.935684090000166], [80.89711448300017, 28.94251593500013], [80.90137119200006, 28.936532111000076], [80.90576183200005, 28.94068822000014], [80.91134736300006, 28.930921953000052], [80.92132206700012, 28.941546411], [80.92798987300006, 28.943420263000178], [80.95318774800012, 28.93576593800003], [80.96797781900005, 28.941297184000064], [80.98093365600005, 28.93870316100015], [81.00173181600013, 28.95660465100019], [81.02072034900016, 28.952815510000107], [81.02842530400005, 28.963168400000143], [81.04171411900012, 28.969966260000035], [81.04869414600006, 28.97816615300019], [81.06426253100005, 28.97035215400018], [81.10052000600018, 28.963749696000093], [81.10371216300007, 28.965592506000178], [81.10188158000005, 28.970198053000104], [81.10561232700007, 28.973463924000043], [81.10528029600005, 28.97780220400017], [81.11807105300011, 28.97399948100002], [81.1319309110001, 28.981002206000085], [81.13593134800004, 28.989038013000027], [81.14349803500005, 28.99074233200008], [81.15003999600015, 29.00602962500011], [81.14417357200006, 29.018794982000145], [81.14454691800006, 29.03533194900018], [81.13645572100017, 29.041821359000153], [81.13129961900006, 29.059308974000146], [81.12126119600003, 29.065289530000086], [81.11943270000006, 29.07220748600014], [81.12553669100004, 29.074953939000068], [81.12847468100011, 29.081206521000183], [81.10980085900007, 29.08477143500005], [81.10898611400012, 29.097855705000143], [81.10185297599998, 29.100703656000178], [81.0739892040001, 29.126760411000078], [81.07182268400004, 29.134007206000035], [81.06531661800017, 29.13512263900003], [81.06589180200012, 29.145077093000168], [81.0557257480001, 29.14897515500013], [81.05841445400017, 29.15895807200019], [81.04931189000018, 29.162449186], [81.04922395500012, 29.17007141099998], [81.04317850100011, 29.175372334000087], [81.04538197900018, 29.184333842000115], [81.03617152800007, 29.18926313100002], [81.02990394, 29.186203644000102], [81.02671645300018, 29.18894503300004], [81.02660754400011, 29.195267941000054], [81.03873380800019, 29.199555456000155], [81.06419234300012, 29.198275609], [81.07858701700007, 29.20782341400013], [81.08633187300018, 29.20891266800004], [81.09061755400012, 29.21494622700004], [81.10144912900006, 29.21523397300018], [81.11336109200005, 29.22746862000008], [81.11277614400018, 29.23960497900015], [81.09720156200007, 29.24818002899997], [81.099897334, 29.261283904000038], [81.12057226200005, 29.29929163899999], [81.13556360900009, 29.30480608000005], [81.136132906, 29.322149718000105], [81.14369025900015, 29.349327595000034], [81.14809840900017, 29.359547888], [81.15442092600006, 29.362570130000165], [81.15330535500004, 29.381932055000163], [81.16830648000001, 29.38574859300013], [81.18643778000006, 29.39760523500007], [81.18393783400018, 29.39972450200014], [81.18592028299997, 29.404835427000023], [81.17054939600018, 29.41155083600006], [81.16359265400007, 29.39467800600005], [81.14630097300017, 29.394116194000105], [81.14386742600016, 29.39086152800013], [81.13153762700006, 29.404268604000094], [81.125351254, 29.40271810200005], [81.12450707300007, 29.398336125000128], [81.11912129700016, 29.395668050000097], [81.09556231300007, 29.40776396900003], [81.08580553900015, 29.407023967000043], [81.08102332900006, 29.410045056000172], [81.07656138400012, 29.406240101000037], [81.06246464500015, 29.405374489], [81.04764804000018, 29.41324167500011], [81.03346313800017, 29.41174599500016], [81.02253077000012, 29.421824465000043], [81.00866095800006, 29.419958324999982], [80.98675904200013, 29.405092981000166], [80.97086118500005, 29.40021815700004], [80.95392755200004, 29.401291638000146], [80.93938030400005, 29.397475923000172], [80.93546040500019, 29.401114780000057]]]}, "properties": {"district": "Doti", "population": 212415, "events": 114, "deaths": 159, "missing": 11, "injured": 49, "houses_destroyed": 210, "severity_score": 978.3, "by_hazard": {"landslide": 81, "flood": 33, "flash_flood": 0, "glof": 0, "debris_flow": 0, "avalanche": 0, "other": 0}, "first_year": 1971, "last_year": 2026, "deaths_per_100k": 74.85}}, {"type": "Feature", "geometry": {"type": "Polygon", "coordinates": [[[80.56591883100009, 29.062127291000024], [80.56105421000018, 29.068080234000035], [80.5571632220001, 29.05818267], [80.54494722400011, 29.04994434300005], [80.54680647500004, 29.038434878000146], [80.53414542000007, 29.029686591000086], [80.53541357400019, 29.013936577000095], [80.51877801300014, 29.00438125200003], [80.51892764200016, 28.999220549000142], [80.50056669700007, 28.993200560000048], [80.48518066300011, 28.997836802000165], [80.48372236000017, 28.994264805000114], [80.48989555100013, 28.984681028000182], [80.48830401400016, 28.97744293300019], [80.4807193850001, 28.95754706499997], [80.46808068000001, 28.938770152000075], [80.48156730500011, 28.936763263000046], [80.48784727800006, 28.92433519100007], [80.50490123800012, 28.925402811000083], [80.51059627600006, 28.921340701000076], [80.50307121800006, 28.911604136000165], [80.50364391700009, 28.902458870000032], [80.50774495100012, 28.896782577000124], [80.50361060600011, 28.88768318400014], [80.50539994399998, 28.87891464800009], [80.50084683400001, 28.870472376], [80.50241004300017, 28.86389113300004], [80.49641795200006, 28.85481852500004], [80.50296411200009, 28.847615093000172], [80.50341597500005, 28.840883101000088], [80.50785026700015, 28.83943079300019], [80.5051411660001, 28.837697483000113], [80.5076135430001, 28.832371447000128], [80.51178667600016, 28.83128347700017], [80.51519496300017, 28.835047233000182], [80.5182586580001, 28.83184819500019], [80.51419098200012, 28.823340373000065], [80.5179057850001, 28.819608955000035], [80.51097768400018, 28.81506785099998], [80.52608658200012, 28.805956206000076], [80.53108186800006, 28.796573519000106], [80.53866571700007, 28.795936426000083], [80.53846027700013, 28.79023745300003], [80.55017038200009, 28.777797511000188], [80.54851476800008, 28.772055336000165], [80.537026228, 28.771184081000115], [80.53572602300017, 28.76783412600014], [80.54487797600007, 28.75182379500012], [80.55673870800018, 28.753239316000077], [80.54997078600007, 28.743967903999987], [80.5381048700001, 28.738660368000183], [80.55067461000004, 28.73367212000005], [80.55941460100013, 28.722620009000025], [80.55034488800015, 28.719664292000118], [80.5482298120001, 28.711545081000054], [80.53861498900011, 28.71597473300011], [80.54209460100009, 28.706922431000066], [80.5405408790001, 28.70295809300012], [80.54409468400007, 28.700560798000083], [80.54263239100015, 28.696368982000024], [80.59034290200003, 28.679706332000137], [80.58011979200012, 28.661260037000034], [80.59752575400017, 28.655937069000174], [80.58965309100012, 28.647715479000055], [80.60618232100012, 28.652343951000034], [80.61150518500017, 28.639277356000093], [80.6332054450001, 28.63729625900004], [80.641444223, 28.643249064000088], [80.65116580200015, 28.633894307000105], [80.66754218500006, 28.64186959300008], [80.67069048200005, 28.628321391000156], [80.67949084900016, 28.620442236000088], [80.67732347700002, 28.60432520200004], [80.69564943100005, 28.603352405000123], [80.69020663300017, 28.587056657000062], [80.71455869500016, 28.56786456500015], [80.72445566900012, 28.57478142800005], [80.73868831500005, 28.565860252000164], [80.73833772500018, 28.574195288000055], [80.76790308699998, 28.565599782999982], [80.76946457900004, 28.549686588000043], [80.789467898, 28.543352750000054], [80.78447987500005, 28.52926311400006], [80.78893416400007, 28.524347564000152], [80.81540480800004, 28.52064119000005], [80.82992897900016, 28.51172426900007], [80.84347527500012, 28.499700308000058], [80.84430029700013, 28.495450962], [80.85522559300011, 28.49709182900017], [80.8654863860001, 28.489547099000106], [80.86150424600015, 28.504128072000128], [80.87577902000015, 28.509743490000062], [80.8960456420001, 28.50563426300016], [80.89969685700015, 28.500479848999987], [80.9085524510001, 28.497557799000163], [80.90691512100017, 28.489660696000044], [80.90136294300015, 28.48567949000011], [80.90565344400017, 28.465768825], [80.91558335600018, 28.45762664500012], [80.91441553000004, 28.467796003000046], [80.919504845, 28.463736008000126], [80.91752730600007, 28.459728165000058], [80.93052463499998, 28.45760128200004], [80.93232286200004, 28.46303911500013], [80.94248557500003, 28.468424378000066], [80.94518818500018, 28.466110815000093], [80.93221976300009, 28.458583401000055], [80.95153649899999, 28.455575435000185], [80.95168561500009, 28.44751930600006], [80.9640206520001, 28.449571591000108], [80.96698862400018, 28.45697657200003], [80.97977735100005, 28.455241900000033], [80.96478900500017, 28.44471230100004], [80.96802765700005, 28.442867701000182], [80.96525262200004, 28.437721014000033], [80.97903761800006, 28.434335322000038], [80.97779458700012, 28.442477116000134], [80.9891231850001, 28.441632469000126], [80.99964885700001, 28.453989092000143], [81.01740204500004, 28.451621421000084], [81.012932692, 28.438209913000094], [81.01915014700012, 28.43166897500015], [81.02952274500018, 28.438538978000054], [81.03371085400005, 28.427909889000148], [81.01668775100012, 28.415753099000085], [81.02095638700018, 28.41032453200006], [81.03226554700012, 28.398737627000173], [81.03476870800017, 28.41334931100016], [81.04588381700012, 28.40998908], [81.06726898700015, 28.39443167500019], [81.06699762500006, 28.399550699000088], [81.05945003900013, 28.40987102100013], [81.06848222700017, 28.425778486000127], [81.08575047900001, 28.438343681000163], [81.09052257600007, 28.456894031000047], [81.10889100100013, 28.461397110000064], [81.114720643, 28.472500850000074], [81.14719141300009, 28.49815860100017], [81.15310523200009, 28.501924084000052], [81.16005654499997, 28.501385852000112], [81.1679979480001, 28.52414823000015], [81.19786326200006, 28.553038586000127], [81.22421480800011, 28.57082879900014], [81.24853472100017, 28.594067854000116], [81.25951303900007, 28.61205877800012], [81.26867725500017, 28.617784560000075], [81.27097160200003, 28.63016057100009], [81.28743936100005, 28.647953024000117], [81.281293758, 28.69454394100012], [81.26639705700018, 28.70413916300015], [81.27304792000007, 28.71726203800017], [81.272717871, 28.726155522000056], [81.25600683100004, 28.729905885000107], [81.26098581200017, 28.745800481], [81.24712768600017, 28.76085308400019], [81.25063648500014, 28.77000778400003], [81.24764941100011, 28.779609854000114], [81.23255241900011, 28.78597574500003], [81.22579705600009, 28.795082934000163], [81.22782115100017, 28.798894233000112], [81.23896580900015, 28.802987505000033], [81.24213657000007, 28.80980360400008], [81.22953471900018, 28.817288051000048], [81.22951663300012, 28.825957433000042], [81.23359038300003, 28.8298418170001], [81.22421106700006, 28.838813544000175], [81.20843863400006, 28.847120121000103], [81.20515485500005, 28.85286416800011], [81.20803472000017, 28.859674638000115], [81.20225718600017, 28.863626693000185], [81.19864986400012, 28.860185088000094], [81.19925383500009, 28.84650461500013], [81.19509289000018, 28.832982251000033], [81.20657802400012, 28.825180131000025], [81.20495319200012, 28.817458450000174], [81.18168048500019, 28.824994872000048], [81.17401423100006, 28.834926284000062], [81.16525805200007, 28.834806489000187], [81.15481326500014, 28.82903250700008], [81.15258789600011, 28.831845841000188], [81.15756324500012, 28.84451142100005], [81.14907813400015, 28.85263999], [81.14275307800011, 28.87313000200004], [81.13683615100001, 28.872179759000176], [81.12895672400009, 28.86516274100012], [81.12589494200006, 28.851583023000046], [81.10788051500003, 28.848487815999988], [81.10232384000005, 28.844745090000117], [81.08905090000019, 28.862806045000127], [81.07277208500017, 28.864812264000136], [81.07218358500018, 28.876728087000117], [81.058682047, 28.873398215000066], [81.05140423100005, 28.876832360000094], [81.03912399000012, 28.890080651000176], [81.02147901600017, 28.919381440000052], [81.00741517, 28.927470187000097], [80.96888756900017, 28.941308695000032], [80.9539699550001, 28.935700891000067], [80.93627206700017, 28.942519832000187], [80.92474570000013, 28.942897393000067], [80.91134736300006, 28.930921953000052], [80.90635363200016, 28.94037057000014], [80.90137119200006, 28.936532111000076], [80.89737375900012, 28.942576995000024], [80.89858896100014, 28.935684090000166], [80.89440887000006, 28.934356658000127], [80.88112664400012, 28.943969024000182], [80.88528240100015, 28.957751296000083], [80.88283115299998, 28.966131921000112], [80.86613570300011, 28.968802950000054], [80.85873482400012, 28.97704727200005], [80.8504740570001, 28.974633637000125], [80.8369714100001, 28.956020877000185], [80.83968933100005, 28.949926605000087], [80.83164778300011, 28.940295645000106], [80.8320386690001, 28.93662136800009], [80.82695500500012, 28.932035539000026], [80.81668466800005, 28.931482829000117], [80.81567992600009, 28.939031737000107], [80.81094615300015, 28.937998772000185], [80.81024060600015, 28.94274182100014], [80.80532330500017, 28.94486205700008], [80.80963579100012, 28.954972112000178], [80.80369696600013, 28.959495549999986], [80.80635634900017, 28.966835339000056], [80.80299977800018, 28.97227603800019], [80.78247230500006, 28.985021391000032], [80.770481695, 28.985030795000114], [80.76108791600018, 28.988860626000132], [80.76349096000007, 28.999997307000115], [80.76146781400018, 29.002757148000114], [80.75262590100004, 29.002621607000037], [80.7383845230001, 29.01073359999998], [80.72427776600006, 29.01081590600006], [80.72062626600012, 29.007142700000088], [80.71672199900007, 29.010161805000052], [80.70353281500002, 29.009528815000067], [80.69218221700004, 29.014723243000162], [80.67796040300016, 29.01540274300004], [80.67428362900006, 29.020679202999986], [80.67083939500003, 29.018056340000157], [80.66369103400018, 29.01973277700006], [80.63934897700005, 29.03154185700015], [80.61656813400015, 29.05883919900009], [80.61148291600017, 29.057595185000025], [80.60709985200009, 29.048771326000065], [80.59838206600017, 29.047701125000117], [80.59301349400005, 29.054682403000072], [80.58765962600006, 29.05340732700006], [80.58389841700017, 29.059197612000162], [80.57912709900012, 29.057569827000066], [80.57249676700008, 29.064363544], [80.56591883100009, 29.062127291000024]]]}, "properties": {"district": "Kailali", "population": 966165, "events": 217, "deaths": 100, "missing": 38, "injured": 23, "houses_destroyed": 4816, "severity_score": 2016.3, "by_hazard": {"landslide": 27, "flood": 190, "flash_flood": 0, "glof": 0, "debris_flow": 0, "avalanche": 0, "other": 0}, "first_year": 1984, "last_year": 2026, "deaths_per_100k": 10.35}}, {"type": "Feature", "geometry": {"type": "Polygon", "coordinates": [[[80.1867381300001, 29.12718056400007], [80.18343755100011, 29.137047553000173], [80.17807942700017, 29.128490661000058], [80.16775732700017, 29.125711165000098], [80.1638998140001, 29.116926188000036], [80.14435653900006, 29.10296218500008], [80.12848009400011, 29.061019719], [80.13646434700019, 29.058847210000124], [80.12642641700012, 29.031671374000098], [80.13133807700007, 29.03035205900011], [80.12455516500017, 29.013020468000036], [80.1362619900001, 29.009543567000037], [80.13557356000013, 29.00724058500009], [80.12679203400006, 29.005988279000064], [80.11792383500006, 28.98163894200019], [80.10023180800016, 28.986418835000165], [80.09604781400003, 28.97525445200006], [80.05846710800012, 28.916371417000164], [80.06473264600015, 28.837320995000027], [80.07496920199998, 28.82433095900012], [80.11810053599999, 28.828768021000087], [80.13844967700015, 28.813826606000077], [80.17092599000006, 28.78232969800007], [80.21603831600004, 28.755353713000147], [80.23347280700006, 28.75926150700019], [80.2414511390001, 28.756125836000024], [80.25144125400004, 28.757354536000094], [80.26505355500007, 28.743504122], [80.26298629900009, 28.734262080000065], [80.25618249700005, 28.729354638000075], [80.27755464000012, 28.70994627600004], [80.29363248099997, 28.71129672900014], [80.29889340500006, 28.706395063000116], [80.31726143800012, 28.69981172100006], [80.32188650600017, 28.691395873000033], [80.32121482600019, 28.681252496000184], [80.32588036900012, 28.666326254000126], [80.3603393140001, 28.645349203000023], [80.35716594900003, 28.640653286000088], [80.36070717500007, 28.635492873000032], [80.3675410570001, 28.635218048000127], [80.37127496000005, 28.629090477000034], [80.376318471, 28.62830605000005], [80.41837680400016, 28.639003341999967], [80.43763086000018, 28.63530599300003], [80.44255248700017, 28.628466128000127], [80.45157381600006, 28.62860673100016], [80.46428111800009, 28.614914601000066], [80.46024931200009, 28.61376390700002], [80.47160558100012, 28.59055476800006], [80.46850681600012, 28.58300567900011], [80.48105931300017, 28.58534399700011], [80.4997363970001, 28.569681375000016], [80.50637883100006, 28.56804536300001], [80.51757456900003, 28.551793263000036], [80.52271997800005, 28.55279054900012], [80.53066120000005, 28.57224403400005], [80.52155386500016, 28.57687755000012], [80.50346862900017, 28.665192185000137], [80.5060938630001, 28.670970120000106], [80.53978406300001, 28.69061579100014], [80.55414497400017, 28.690713530000153], [80.54263239100015, 28.696368982000024], [80.54409468400007, 28.700560798000083], [80.5405408790001, 28.70295809300012], [80.54209460100009, 28.706922431000066], [80.53821550300012, 28.714649163000047], [80.54019982600005, 28.71651476600016], [80.54917299000016, 28.71186631300003], [80.55034488800015, 28.719664292000118], [80.55940953400017, 28.722829802000035], [80.55067461000004, 28.73367212000005], [80.5381048700001, 28.738660368000183], [80.54997078600007, 28.743967903999987], [80.55680144000019, 28.753774143000044], [80.54814105200006, 28.750490274000185], [80.5409703730001, 28.756268206000072], [80.53610111600005, 28.770434201000057], [80.54851476800008, 28.772055336000165], [80.54999496000016, 28.778329334000034], [80.53846027700013, 28.79023745300003], [80.53866571700007, 28.795936426000083], [80.53108186800006, 28.796573519000106], [80.52608658200012, 28.805956206000076], [80.51097768400018, 28.81506785099998], [80.5179057850001, 28.819608955000035], [80.51419098200012, 28.823340373000065], [80.5182586580001, 28.83184819500019], [80.51519496300017, 28.835047233000182], [80.51178667600016, 28.83128347700017], [80.5076135430001, 28.832371447000128], [80.5051411660001, 28.837697483000113], [80.50785026700015, 28.83943079300019], [80.50341597500005, 28.840883101000088], [80.50296411200009, 28.847615093000172], [80.49641795200006, 28.85481852500004], [80.50241004300017, 28.86389113300004], [80.50084683400001, 28.870472376], [80.50539994399998, 28.87891464800009], [80.50361060600011, 28.88768318400014], [80.50774495100012, 28.896782577000124], [80.50364391700009, 28.902458870000032], [80.50307121800006, 28.911604136000165], [80.51059627600006, 28.921340701000076], [80.50490123800012, 28.925402811000083], [80.48784727800006, 28.92433519100007], [80.48156730500011, 28.936763263000046], [80.4680806830001, 28.93857842], [80.4807193850001, 28.95754706499997], [80.48980603000012, 28.98292344099997], [80.48372236000017, 28.994264805000114], [80.48561428500011, 28.998161029000073], [80.47965311100018, 28.993865727000127], [80.47171721300009, 28.996767229000056], [80.47803349300011, 29.01798939300005], [80.46885336200017, 29.018722643000103], [80.46807278400007, 29.02981341000003], [80.46082449900013, 29.03149891000004], [80.45956451100017, 29.03741521600017], [80.420225023, 29.026419047000104], [80.41502200600019, 29.032723891000046], [80.41022648800009, 29.031978711000022], [80.39241997900018, 29.040317889999983], [80.38667477200005, 29.047397344000103], [80.37795284900005, 29.04332398700012], [80.36040636700005, 29.047901895000166], [80.35559314600016, 29.044429909000144], [80.35423774500003, 29.049686026000074], [80.34859969899998, 29.053883748000146], [80.32485718400011, 29.05130093500003], [80.31262768500011, 29.05821369600011], [80.2934930180001, 29.056959317000178], [80.28306076700017, 29.052751265000154], [80.2820661610001, 29.04855933200014], [80.27770830300011, 29.04983303199998], [80.27246414900003, 29.04579853100006], [80.26489870600011, 29.052159089000156], [80.25502754800016, 29.052887395000027], [80.22762761800004, 29.045505299000126], [80.22234550200017, 29.05097640800011], [80.22316293500006, 29.055921269000066], [80.2115336330001, 29.057197814000062], [80.21102672200016, 29.067376982000155], [80.19142373500011, 29.08583813300004], [80.18585116500014, 29.087153313000158], [80.1867381300001, 29.12718056400007]]]}, "properties": {"district": "Kanchanpur", "population": 546613, "events": 165, "deaths": 63, "missing": 14, "injured": 24, "houses_destroyed": 1156, "severity_score": 883.5, "by_hazard": {"landslide": 13, "flood": 152, "flash_flood": 0, "glof": 0, "debris_flow": 0, "avalanche": 0, "other": 0}, "first_year": 1972, "last_year": 2026, "deaths_per_100k": 11.53}}, {"type": "Feature", "geometry": {"type": "Polygon", "coordinates": [[[80.70251688899998, 29.419543044000193], [80.68100731300018, 29.425085050000064], [80.66884121800013, 29.418886157000088], [80.67772882800011, 29.410528120000038], [80.67848957200016, 29.401279497000132], [80.65774489100016, 29.392268311000066], [80.65044162600009, 29.38248676000012], [80.64501967600017, 29.38636351000008], [80.62642051400013, 29.388178102000154], [80.61613453800015, 29.39646555800016], [80.58174901600006, 29.396296681000138], [80.57623638300004, 29.41177334600019], [80.55211220900009, 29.41848171000015], [80.54778291800005, 29.41186708500004], [80.54787419600018, 29.39866732500019], [80.53199918100017, 29.39194930800005], [80.50780803200013, 29.394169720000093], [80.50248518500013, 29.398805589000062], [80.48977082300013, 29.39432303200016], [80.47975753400004, 29.38565865000004], [80.45777738200019, 29.396010204000163], [80.45195311900011, 29.392359283000133], [80.44746226600006, 29.394348288000117], [80.44111384200005, 29.386070669000105], [80.43785135600012, 29.393254702000036], [80.43108067500009, 29.392459063000047], [80.42411717400012, 29.37909841300018], [80.419737591, 29.378907937000065], [80.41550395300004, 29.37344658100011], [80.41925589800002, 29.368428412000128], [80.41437784300012, 29.355964954000058], [80.410195666, 29.359731485000054], [80.40245392100013, 29.355941364000046], [80.40184942299999, 29.360630417000152], [80.38631695300006, 29.355868099000133], [80.38578820500015, 29.348886746000062], [80.38010064900016, 29.354138618000093], [80.37753365300017, 29.348952259000043], [80.37381863800005, 29.35045513200015], [80.37183627700006, 29.347287966000124], [80.36800013400017, 29.349904420000087], [80.36569898700009, 29.34040853100015], [80.37195941800019, 29.337968216000093], [80.36253505200006, 29.33265659200009], [80.36262251000005, 29.327026933000127], [80.35349939600013, 29.334178582000106], [80.35056515700006, 29.327814704000048], [80.34370904800011, 29.327041312000176], [80.33317056900006, 29.319031177000113], [80.33407000000011, 29.312171769000088], [80.32532457700012, 29.308374574000027], [80.31697076800003, 29.31330794200005], [80.31792083500005, 29.30159023900012], [80.30426017400015, 29.285236346000147], [80.30396992400011, 29.272779135000178], [80.29914148000012, 29.26050797200014], [80.30031968800006, 29.24206521500014], [80.2907179290001, 29.23183936100014], [80.29602106400017, 29.221351474000187], [80.29398738800012, 29.21113159200013], [80.29738082000006, 29.205968245000065], [80.29355904900012, 29.197581856000113], [80.28720771200017, 29.195145877000073], [80.27496694500013, 29.20701710800006], [80.26078458600006, 29.206666585000107], [80.25695998800018, 29.217837928000108], [80.25266864400004, 29.221405039000103], [80.24715242700006, 29.21995985300009], [80.24074327100016, 29.203276834], [80.257895431, 29.187301549000097], [80.26060989200016, 29.17462164500006], [80.25832366700013, 29.16573294800014], [80.27277155300004, 29.143467466000118], [80.25405615100016, 29.13791262100017], [80.24878702300009, 29.12892820600007], [80.23326083, 29.118423490999987], [80.20968913400014, 29.12180093800015], [80.20341162200015, 29.129295469], [80.18434817200006, 29.13723348500008], [80.18839915100011, 29.11242104500002], [80.1852269740001, 29.107728069000075], [80.18585116500014, 29.087153313000158], [80.19142373500011, 29.08583813300004], [80.20438745200005, 29.074610159000088], [80.20404366800005, 29.07189678200018], [80.21107109200011, 29.067282492000118], [80.2115336330001, 29.057197814000062], [80.2221568710001, 29.05673868000008], [80.22234550200017, 29.05097640800011], [80.22873703400018, 29.045189092000157], [80.25502754800016, 29.052887395000027], [80.26489870600011, 29.052159089000156], [80.27246414900003, 29.04579853100006], [80.27770830300011, 29.04983303199998], [80.2820661610001, 29.04855933200014], [80.28306076700017, 29.052751265000154], [80.2934930180001, 29.056959317000178], [80.31262768500011, 29.05821369600011], [80.32485718400011, 29.05130093500003], [80.34859969899998, 29.053883748000146], [80.35423774500003, 29.049686026000074], [80.35559314600016, 29.044429909000144], [80.36040636700005, 29.047901895000166], [80.37795284900005, 29.04332398700012], [80.38667477200005, 29.047397344000103], [80.39241997900018, 29.040317889999983], [80.41022648800009, 29.031978711000022], [80.41502200600019, 29.032723891000046], [80.420225023, 29.026419047000104], [80.45898971200012, 29.0375143870001], [80.46082449900013, 29.03149891000004], [80.46807278400007, 29.02981341000003], [80.46885336200017, 29.018722643000103], [80.47817679200017, 29.017629053000064], [80.47188982000006, 28.996499444000165], [80.47965311100018, 28.993865727000127], [80.48531145100009, 28.998236580000025], [80.50102044500011, 28.993220314000098], [80.51892764200016, 28.999220549000142], [80.51877801300014, 29.00438125200003], [80.53541357400019, 29.013936577000095], [80.53414542000007, 29.029686591000086], [80.54680647500004, 29.038434878000146], [80.54459403300012, 29.04933639500001], [80.55751460400006, 29.058639507000066], [80.562112674, 29.072651635], [80.53138572600017, 29.089572154000166], [80.52643706900005, 29.105730706000088], [80.53919566300004, 29.107539140000142], [80.56652541200009, 29.118850378000047], [80.57209808300013, 29.130140272000176], [80.56470594300009, 29.135413059000086], [80.56655159900004, 29.144448676000138], [80.59109598800018, 29.147871115000044], [80.59380232500001, 29.154014889], [80.59111951500012, 29.157016010000063], [80.59226019100015, 29.16319338600016], [80.59823812900004, 29.170093758000178], [80.60533240300015, 29.170261460000177], [80.61667374600017, 29.179908395000155], [80.62926726100005, 29.17631208300014], [80.64570454200003, 29.178073198000106], [80.67040121100018, 29.182825948000072], [80.67867935600003, 29.191426948000128], [80.69486332899999, 29.18782175300015], [80.69987845700018, 29.194613868000033], [80.7042205950001, 29.192119658000024], [80.70663598600004, 29.21169579900004], [80.70181868500015, 29.21673120300011], [80.70770504500013, 29.22517618000012], [80.70671957400003, 29.231323149000048], [80.72374578600011, 29.236146054000017], [80.73902027900016, 29.24511848100019], [80.7355977090001, 29.24743284400006], [80.74813842800006, 29.254488164000122], [80.75665915900015, 29.267517184999974], [80.75056651200009, 29.273767955999972], [80.74370919000006, 29.274763270000108], [80.74566705500013, 29.28452976000011], [80.73864790700009, 29.2908028920001], [80.7325222340001, 29.291972764000093], [80.73587424900006, 29.29695103000006], [80.73412009200013, 29.298594226000148], [80.73825457600009, 29.302633345000118], [80.74750355800012, 29.302445859000045], [80.75622575100016, 29.308805192000136], [80.76608533200016, 29.301807541000187], [80.77240134100003, 29.30177106600007], [80.77167957500018, 29.312010787000077], [80.77625844900012, 29.31545396300004], [80.76022048400017, 29.32858820600012], [80.7590557040001, 29.33226516000002], [80.76251014700017, 29.337078255000108], [80.75731644000007, 29.34682477400014], [80.762211815, 29.351356290000126], [80.76280614600006, 29.363499723000075], [80.77010081300011, 29.35735445900019], [80.77453925800012, 29.364956995], [80.78568445400015, 29.366349013000104], [80.78569650300017, 29.370587554000053], [80.77845465700017, 29.379377384000065], [80.76223464800006, 29.385744321000118], [80.76258349000011, 29.39218947200004], [80.76762954000003, 29.399612781000087], [80.74132405600005, 29.4016666120001], [80.72125548900004, 29.409464614000115], [80.71850920800011, 29.418587597000112], [80.70682950900016, 29.414504449000106], [80.70251688899998, 29.419543044000193]]]}, "properties": {"district": "Dadeldhura", "population": 145125, "events": 102, "deaths": 53, "missing": 5, "injured": 21, "houses_destroyed": 80, "severity_score": 345.8, "by_hazard": {"landslide": 55, "flood": 47, "flash_flood": 0, "glof": 0, "debris_flow": 0, "avalanche": 0, "other": 0}, "first_year": 1972, "last_year": 2026, "deaths_per_100k": 36.52}}, {"type": "Feature", "geometry": {"type": "Polygon", "coordinates": [[[80.76452327500016, 29.701618208000184], [80.75392874699997, 29.70789653700018], [80.70820895300005, 29.69918286500001], [80.70089448900006, 29.70469724800006], [80.68899686999998, 29.705134484000155], [80.67425353100003, 29.687167226000156], [80.65138841400011, 29.681086679000032], [80.63339385500007, 29.690500239000187], [80.62388548100012, 29.686742841000125], [80.60649375700012, 29.68656375100005], [80.60125832500017, 29.691684012000167], [80.57349585300011, 29.687418043000037], [80.56879871700016, 29.67855875100014], [80.55888303300003, 29.670748917000026], [80.55374210800005, 29.67130460800007], [80.53717396200017, 29.663644297000133], [80.50631792100017, 29.644683235000173], [80.49681364100019, 29.624590998000144], [80.46699545000013, 29.620369440000047], [80.45875173600018, 29.626119352000103], [80.45010381700007, 29.625307816000088], [80.44220993300007, 29.616523287000064], [80.43677224300012, 29.620167873000184], [80.42901609800009, 29.618066407000015], [80.42715739400012, 29.612155562000112], [80.41767373300013, 29.613963831000035], [80.41776821700012, 29.60678932000019], [80.40882991800015, 29.60493625200013], [80.40771143500007, 29.594812876000105], [80.39141184600015, 29.58154641100009], [80.38824076000014, 29.571972707000043], [80.37907528400012, 29.57141595200011], [80.37879849300003, 29.561262341000088], [80.36360916600012, 29.564003135000064], [80.3639944890001, 29.556550340000058], [80.34265874300013, 29.552853348000042], [80.34562547100012, 29.548537292000162], [80.34180163700012, 29.540256270000157], [80.34852452100017, 29.540411219000077], [80.35796029500017, 29.53246565100011], [80.34847511900017, 29.52407612900015], [80.34976814900006, 29.519185606000065], [80.3453119830001, 29.51360600900017], [80.34082916500012, 29.509871177000036], [80.33228779000012, 29.512855535000085], [80.32867698000013, 29.505276639000044], [80.31382681800011, 29.498991285000102], [80.31302979900016, 29.484459016000187], [80.30447070300005, 29.48594382700003], [80.2990472460001, 29.490525702000184], [80.29299896500015, 29.478823412], [80.28675904300007, 29.477109678000147], [80.30246597200016, 29.453040205000036], [80.28045154199998, 29.450856876000103], [80.28045461500017, 29.457544747000043], [80.27617893700005, 29.458484605000024], [80.26914315400012, 29.454981655000097], [80.27424860700006, 29.449465364000105], [80.26687682500011, 29.448479924000083], [80.25810010400016, 29.45173344300008], [80.25560244900004, 29.44799332400015], [80.24315809800004, 29.444395439000118], [80.24733891200009, 29.432342813000105], [80.24395590400013, 29.423407295000118], [80.245928505, 29.416038200000116], [80.24161292700018, 29.41153637900004], [80.27522175100012, 29.392162881000047], [80.27289885900012, 29.386134543000082], [80.27888860000019, 29.37849802400018], [80.271268293, 29.373613822000152], [80.27125096300017, 29.363668754000116], [80.27908332500004, 29.3597707830001], [80.27943367000017, 29.34758555600007], [80.29048752000011, 29.336655411000095], [80.29114997500011, 29.33011090900004], [80.29690241700018, 29.32373083100009], [80.309586325, 29.322037653000166], [80.31697076800003, 29.31330794200005], [80.32639649200007, 29.308467892000124], [80.33531087200015, 29.313348612000027], [80.33387239800015, 29.31976099200017], [80.34370904800011, 29.327041312000176], [80.35056515700006, 29.327814704000048], [80.35281012000013, 29.333875227000135], [80.36262251000005, 29.327026933000127], [80.36253505200006, 29.33265659200009], [80.37195941800019, 29.337968216000093], [80.36569898700009, 29.34040853100015], [80.36800013400017, 29.349904420000087], [80.37183627700006, 29.347287966000124], [80.37381863800005, 29.35045513200015], [80.37753365300017, 29.348952259000043], [80.38010064900016, 29.354138618000093], [80.38578820500015, 29.348886746000062], [80.38631695300006, 29.355868099000133], [80.40184942299999, 29.360630417000152], [80.40245392100013, 29.355941364000046], [80.410195666, 29.359731485000054], [80.41437784300012, 29.355964954000058], [80.41925589800002, 29.368428412000128], [80.41550395300004, 29.37344658100011], [80.419737591, 29.378907937000065], [80.42411717400012, 29.37909841300018], [80.43108067500009, 29.392459063000047], [80.43785135600012, 29.393254702000036], [80.44111384200005, 29.386070669000105], [80.44746226600006, 29.394348288000117], [80.45195311900011, 29.392359283000133], [80.45777738200019, 29.396010204000163], [80.47975753400004, 29.38565865000004], [80.48977082300013, 29.39432303200016], [80.50248518500013, 29.398805589000062], [80.50780803200013, 29.394169720000093], [80.53199918100017, 29.39194930800005], [80.54787419600018, 29.39866732500019], [80.54778291800005, 29.41186708500004], [80.55211220900009, 29.41848171000015], [80.57623638300004, 29.41177334600019], [80.58174901600006, 29.396296681000138], [80.61613453800015, 29.39646555800016], [80.62642051400013, 29.388178102000154], [80.64501967600017, 29.38636351000008], [80.65044162600009, 29.38248676000012], [80.65774489100016, 29.392268311000066], [80.67848957200016, 29.401279497000132], [80.67772882800011, 29.410528120000038], [80.66866637000004, 29.418675924000013], [80.6820087370001, 29.425062690000175], [80.69524601600017, 29.41939577300019], [80.70251688899998, 29.419543044000193], [80.70682950900016, 29.414504449000106], [80.71850920800011, 29.418587597000112], [80.72125548900004, 29.409464614000115], [80.74132405600005, 29.4016666120001], [80.76732189000012, 29.399833320000084], [80.76223464800006, 29.385744321000118], [80.77845465700017, 29.379377384000065], [80.78488732500017, 29.372848707000173], [80.7858620560001, 29.366247838000163], [80.8145577680001, 29.364768236000145], [80.82666886400017, 29.371292226000094], [80.83515315100004, 29.381169353000132], [80.84505395700018, 29.375424711000164], [80.85156521700014, 29.37728406300016], [80.85832654600011, 29.38752094600011], [80.8600416540001, 29.396414698000058], [80.85196950400012, 29.407553609], [80.86101464500001, 29.41064913000008], [80.86190395900007, 29.414331297], [80.87516792200017, 29.412395531000072], [80.90815225200015, 29.441383014000166], [80.89914769100017, 29.44418256700004], [80.883127731, 29.442669430000024], [80.8838598700001, 29.44669643600014], [80.87534373400018, 29.464102565000132], [80.85628882800006, 29.46901416000003], [80.84534785500011, 29.488935207999987], [80.82250922300017, 29.50076016600019], [80.82373308700016, 29.509484364000116], [80.81694672400005, 29.51565344400018], [80.80994616400011, 29.513324817000182], [80.80458355700006, 29.515166635000128], [80.79522928800014, 29.50765933800011], [80.78823208000011, 29.506723519000047], [80.78053959699997, 29.523199807000083], [80.74821428800016, 29.530600553000113], [80.74596264800016, 29.542011703000185], [80.74821201700001, 29.553206807000095], [80.75611081000017, 29.556470731000104], [80.77119188000006, 29.551796811000145], [80.77653800200011, 29.559937431000094], [80.77555158100012, 29.566580857000133], [80.78004531500011, 29.571487581000042], [80.77645523000018, 29.575983862000044], [80.77767024700006, 29.58677449000004], [80.78651406100016, 29.602607685000123], [80.78765521800017, 29.613249201000087], [80.7808232380001, 29.633410026000092], [80.79076354100005, 29.641313919000083], [80.78423480500004, 29.645399634], [80.77144274900013, 29.642254195000078], [80.76186522600005, 29.647416205000184], [80.76292613600003, 29.66189898300013], [80.771050709, 29.668716139000026], [80.77860666300012, 29.665458361000105], [80.78051786000003, 29.678239498000096], [80.78277314200017, 29.680182970000146], [80.7920732120001, 29.677940058], [80.79590175000016, 29.688245015000064], [80.77982109500005, 29.702095558000053], [80.76452327500016, 29.701618208000184]]]}, "properties": {"district": "Baitadi", "population": 251031, "events": 129, "deaths": 70, "missing": 19, "injured": 76, "houses_destroyed": 215, "severity_score": 581.1, "by_hazard": {"landslide": 100, "flood": 29, "flash_flood": 0, "glof": 0, "debris_flow": 0, "avalanche": 0, "other": 0}, "first_year": 1988, "last_year": 2026, "deaths_per_100k": 27.89}}, {"type": "Feature", "geometry": {"type": "Polygon", "coordinates": [[[81.02876586700006, 30.232933852000144], [80.98526140800004, 30.246103217000098], [80.97607522400006, 30.23786513700003], [80.92737771700001, 30.23575422700003], [80.89714851300016, 30.212230400000067], [80.88388507700017, 30.194293330000107], [80.88535229600012, 30.18819600300003], [80.8800304190001, 30.18120848200016], [80.86809444500017, 30.17563292000017], [80.8628094340001, 30.168888250000066], [80.87127719500006, 30.160841986000094], [80.87766546100016, 30.128694614000096], [80.84488010500019, 30.115943804999972], [80.84177744900012, 30.110333041000104], [80.84605467600011, 30.106533209000133], [80.84518262500012, 30.102237791000164], [80.83703559100019, 30.097367451000082], [80.82246118600017, 30.099809270000037], [80.81536729400011, 30.09626969500016], [80.78977500400003, 30.073015917000134], [80.77939198800016, 30.056572389999985], [80.76115601300006, 30.04941781800011], [80.75564708000013, 30.039519739000127], [80.75747692300013, 30.023813810000092], [80.74462786900011, 30.003912015000026], [80.73802867500018, 29.99943322200005], [80.71952178000004, 30.000227395000138], [80.71227527700006, 29.990091441000118], [80.68998439300009, 29.97408783700007], [80.68257499300006, 29.962862734000055], [80.6740531480001, 29.957097226000144], [80.64856019500013, 29.955831750000073], [80.62977793800013, 29.96506162600008], [80.6038902520001, 29.9587950560001], [80.59521449400006, 29.95284581300018], [80.57421579400011, 29.923384001000045], [80.56966155400005, 29.908925116000148], [80.57260401600013, 29.895176203000062], [80.56588797600011, 29.87913350200006], [80.5568593110001, 29.870534880000037], [80.56153986400005, 29.86632365200012], [80.5514929260001, 29.85643113900005], [80.55266874600005, 29.850320480000107], [80.538865021, 29.847072415000014], [80.53579397000004, 29.838587737000182], [80.53115062000006, 29.838136030000044], [80.52172349200004, 29.826964521000036], [80.50723193600004, 29.823020512000085], [80.49735956500007, 29.81150059200013], [80.50024284100004, 29.808628963000103], [80.492677502, 29.801964429000066], [80.49331321600005, 29.795457489000114], [80.47952911600015, 29.795620477000114], [80.46391228300018, 29.802193713000065], [80.44412663300005, 29.799049060000186], [80.43533516300005, 29.8059925390001], [80.42889350300015, 29.798023268000065], [80.41593458500012, 29.79562769800009], [80.41309829400018, 29.79176952500012], [80.40685686000018, 29.79437157100017], [80.40709525900007, 29.783927434000077], [80.39632688500012, 29.765022699999975], [80.39750469800015, 29.75920663900007], [80.385133795, 29.758459547000086], [80.38575453500005, 29.75034032000019], [80.36800729400005, 29.750565753000103], [80.36409620300003, 29.740065691000154], [80.36964759900013, 29.734347553000077], [80.36611466200014, 29.729842119000125], [80.36637060400017, 29.72392036700012], [80.37547104500004, 29.719772878000015], [80.37199085400016, 29.71522963500007], [80.37984445300009, 29.700955395000165], [80.3803511590001, 29.688480202999983], [80.38521167500005, 29.685006781000027], [80.38465250300015, 29.6740174950001], [80.39005012300004, 29.67099522600006], [80.39084269500006, 29.66409013599997], [80.39892860999998, 29.662320347], [80.398079725, 29.658775356000092], [80.40601736300005, 29.659801302000062], [80.41002522900004, 29.65362549800011], [80.41623953000004, 29.651733508000063], [80.41400165500005, 29.64426905700003], [80.42020170200016, 29.639063440000143], [80.42109360800004, 29.630117294000172], [80.40848437199998, 29.621355265000034], [80.40567890600005, 29.612767099000166], [80.40882991800015, 29.60493625200013], [80.41727673200006, 29.606189495000024], [80.41780290100019, 29.61406138600006], [80.42759045700018, 29.612313053000037], [80.42914495300016, 29.61816389900008], [80.43712082100018, 29.62015125400012], [80.4436570950001, 29.617169995000097], [80.44975530400006, 29.625247753000053], [80.45875173600018, 29.626119352000103], [80.46699545000013, 29.620369440000047], [80.49681364100019, 29.624590998000144], [80.50631792100017, 29.644683235000173], [80.53717396200017, 29.663644297000133], [80.55374210800005, 29.67130460800007], [80.55888303300003, 29.670748917000026], [80.56879871700016, 29.67855875100014], [80.57349585300011, 29.687418043000037], [80.60125832500017, 29.691684012000167], [80.60649375700012, 29.68656375100005], [80.62388548100012, 29.686742841000125], [80.63339385500007, 29.690500239000187], [80.65138841400011, 29.681086679000032], [80.67425353100003, 29.687167226000156], [80.68899686999998, 29.705134484000155], [80.70089448900006, 29.70469724800006], [80.70857940200005, 29.69918143200016], [80.75449710800001, 29.707904357000075], [80.76452327500016, 29.701618208000184], [80.77982109500005, 29.702095558000053], [80.7937264200001, 29.688507836000042], [80.8111244800001, 29.684011307000105], [80.81644638000006, 29.68707284200019], [80.82498465200007, 29.686500199000136], [80.82964579700018, 29.69144829700008], [80.83959725200015, 29.687152524], [80.84539203300005, 29.693337459000077], [80.85820303300011, 29.695923203000177], [80.86458128400017, 29.706278504000124], [80.89007838700013, 29.71381995500019], [80.9068455690001, 29.72461223300013], [80.91950520000012, 29.72469271000017], [80.93978009000011, 29.73538142100017], [80.94588168600012, 29.735447249000117], [80.95794237500013, 29.726458571000137], [80.97511396800013, 29.72183899200013], [80.98803140500019, 29.74107861100009], [81.00406739300007, 29.740564818000166], [81.00970139700007, 29.745874147000052], [81.01800094800012, 29.745489860000134], [81.02036625900018, 29.748279693000143], [81.02446877900019, 29.743535508000093], [81.03158569800007, 29.742300159000138], [81.03807742900011, 29.75260415600013], [81.05651523800003, 29.757510199000023], [81.0624974100001, 29.768079352000143], [81.06003223500016, 29.77227586099997], [81.06357337800017, 29.775465860000054], [81.06211487600007, 29.793425276000107], [81.06766731700003, 29.79576157100007], [81.06923240500004, 29.803131900000153], [81.06974125000016, 29.828330661999985], [81.05533189700009, 29.829733642000065], [81.03993663400001, 29.840595157000052], [81.03803497700017, 29.846365337000123], [81.04038134300015, 29.85998133900017], [81.03658590900017, 29.8645386070001], [81.04067702999998, 29.881632117000095], [81.03022565900005, 29.895366552999974], [81.0275915090001, 29.906326670999988], [81.00288242100004, 29.92319405300009], [81.00049634900017, 29.92810655700015], [81.00217253500011, 29.936075267000092], [81.02147908500007, 29.95856772700006], [81.0174881850001, 29.966040780000128], [81.02041307300016, 29.973923328000012], [81.01486559200009, 29.980638680000027], [81.02582676700007, 29.987439504000122], [81.03816624500018, 30.008216340000047], [81.03800457700015, 30.015016636000155], [81.05342840800006, 30.024024188000112], [81.06850321800005, 30.043439130000138], [81.09079306700016, 30.054143620000104], [81.09880101800007, 30.06459868200011], [81.100716503, 30.074733254000023], [81.10711050200018, 30.077734747000136], [81.10862045100015, 30.086076419], [81.09821000600004, 30.09993533900007], [81.08111685700015, 30.100447739000174], [81.08441341200017, 30.1167931170001], [81.07816388200018, 30.124576044000037], [81.08273204400012, 30.135674498000128], [81.08304445600004, 30.148110827000153], [81.07727669200011, 30.154803927000103], [81.06399851800018, 30.158697186000097], [81.06147938600009, 30.167713360000164], [81.05685767400013, 30.169810722000193], [81.05160791800012, 30.178866168000127], [81.04378403300012, 30.180506527999967], [81.04238029800007, 30.19351627900005], [81.03346653000011, 30.196940267000173], [81.0339928140001, 30.201243492000174], [81.04327440400016, 30.204630615000042], [81.04502018900007, 30.20997763400004], [81.02893329500006, 30.219761608000056], [81.02930863500006, 30.2256324330001], [81.02569273600011, 30.226945758000113], [81.02876586700006, 30.232933852000144]]]}, "properties": {"district": "Darchula", "population": 138974, "events": 203, "deaths": 114, "missing": 23, "injured": 125, "houses_destroyed": 192, "severity_score": 876.1, "by_hazard": {"landslide": 159, "flood": 40, "flash_flood": 0, "glof": 0, "debris_flow": 0, "avalanche": 4, "other": 0}, "first_year": 1971, "last_year": 2026, "deaths_per_100k": 82.03}}]}