{"type": "FeatureCollection", "features": [{"type": "Feature", "geometry": {"type": "Point", "coordinates": [85.8689, 28.1602]}, "properties": {"id": "demo-0", "source": "demo", "date": "1979-08-18", "date_precision": "day", "year": 1979, "month": 8, "hazard": "glof", "hazard_raw": "glof", "district": null, "lon": 85.8689, "lat": 28.1602, "geo_precision": "exact", "deaths": 6, "missing": 0, "injured": 3, "people_affected": 907, "houses_destroyed": 74, "houses_damaged": 218, "title": "(demo) glof event", "source_url": "", "severity_score": 60.51, "severity_class": "major"}}, {"type": "Feature", "geometry": {"type": "Point", "coordinates": [81.5205, 29.6177]}, "properties": {"id": "demo-1", "source": "demo", "date": "2019-09-23", "date_precision": "day", "year": 2019, "month": 9, "hazard": "landslide", "hazard_raw": "landslide", "district": null, "lon": 81.5205, "lat": 29.6177, "geo_precision": "exact", "deaths": 0, "missing": 0, "injured": 0, "people_affected": 0, "houses_destroyed": 0, "houses_damaged": 0, "title": "(demo) landslide event", "source_url": "", "severity_score": 0.0, "severity_class": "minor"}}, {"type": "Feature", "geometry": {"type": "Point", "coordinates": [85.5892, 27.6938]}, "properties": {"id": "demo-2", "source": "demo", "date": "2006-06-21", "date_precision": "day", "year": 2006, "month": 6, "hazard": "flood", "hazard_raw": "flood", "district": null, "lon": 85.5892, "lat": 27.6938, "geo_precision": "exact", "deaths": 4, "missing": 0, "injured": 3, "people_affected": 146, "houses_destroyed": 21, "houses_damaged": 26, "title": "(demo) flood event", "source_url": "", "severity_score": 28.79, "severity_class": "major"}}, {"type": "Feature", "geometry": {"type": "Point", "coordinates": [83.4718, 28.2975]}, "properties": {"id": "demo-3", "source": "demo", "date": "2006-08-23", "date_precision": "day", "year": 2006, "month": 8, "hazard": "landslide", "hazard_raw": "landslide", "district": null, "lon": 83.4718, "lat": 28.2975, "geo_precision": "exact", "deaths": 1, "missing": 0, "injured": 0, "people_affected": 194, "houses_destroyed": 14, "houses_damaged": 55, "title": "(demo) landslide event", "source_url": "", "severity_score": 10.94, "severity_class": "moderate"}}, {"type": "Feature", "geometry": {"type": "Point", "coordinates": [85.3445, 28.4444]}, "properties": {"id": "demo-4", "source": "demo", "date": "2001-09-13", "date_precision": "day", "year": 2001, "month": 9, "hazard": "flash_flood", "hazard_raw": "flash_flood", "district": null, "lon": 85.3445, "lat": 28.4444, "geo_precision": "exact", "deaths": 1, "missing": 0, "injured": 1, "people_affected": 28, "houses_destroyed": 4, "houses_damaged": 7, "title": "(demo) flash_flood event", "source_url": "", "severity_score": 7.21, "severity_class": "moderate"}}, {"type": "Feature", "geometry": {"type": "Point", "coordinates": [85.5544, 28.0308]}, "properties": {"id": "demo-5", "source": "demo", "date": "2008-07-08", "date_precision": "day", "year": 2008, "month": 7, "hazard": "flash_flood", "hazard_raw": "flash_flood", "district": null, "lon": 85.5544, "lat": 28.0308, "geo_precision": "exact", "deaths": 0, "missing": 0, "injured": 0, "people_affected": 0, "houses_destroyed": 0, "houses_damaged": 0, "title": "(demo) flash_flood event", "source_url": "", "severity_score": 0.0, "severity_class": "minor"}}, {"type": "Feature", "geometry": {"type": "Point", "coordinates": [87.6235, 26.6452]}, "properties": {"id": "demo-6", "source": "demo", "date": "2006-09-01", "date_precision": "day", "year": 2006, "month": 9, "hazard": "flood", "hazard_raw": "flood", "district": null, "lon": 87.6235, "lat": 26.6452, "geo_precision": "exact", "deaths": 3, "missing": 0, "injured": 0, "people_affected": 1203, "houses_destroyed": 79, "houses_damaged": 250, "title": "(demo) flood event", "source_url": "", "severity_score": 45.71, "severity_class": "major"}}, {"type": "Feature", "geometry": {"type": "Point", "coordinates": [85.8679, 28.339]}, "properties": {"id": "demo-7", "source": "demo", "date": "2024-08-20", "date_precision": "day", "year": 2024, "month": 8, "hazard": "flood", "hazard_raw": "flood", "district": null, "lon": 85.8679, "lat": 28.339, "geo_precision": "exact", "deaths": 2, "missing": 0, "injured": 2, "people_affected": 4, "houses_destroyed": 1, "houses_damaged": 2, "title": "(demo) flood event", "source_url": "", "severity_score": 12.31, "severity_class": "moderate"}}, {"type": "Feature", "geometry": {"type": "Point", "coordinates": [83.9858, 27.6017]}, "properties": {"id": "demo-8", "source": "demo", "date": "2007-11-03", "date_precision": "day", "year": 2007, "month": 11, "hazard": "flash_flood", "hazard_raw": "flash_flood", "district": null, "lon": 83.9858, "lat": 27.6017, "geo_precision": "exact", "deaths": 0, "missing": 0, "injured": 0, "people_affected": 0, "houses_destroyed": 0, "houses_damaged": 0, "title": "(demo) flash_flood event", "source_url": "", "severity_score": 0.0, "severity_class": "minor"}}, {"type": "Feature", "geometry": {"type": "Point", "coordinates": [86.6764, 27.8736]}, "properties": {"id": "demo-9", "source": "demo", "date": "2021-08-15", "date_precision": "day", "year": 2021, "month": 8, "hazard": "avalanche", "hazard_raw": "avalanche", "district": null, "lon": 86.6764, "lat": 27.8736, "geo_precision": "exact", "deaths": 0, "missing": 0, "injured": 0, "people_affected": 45, "houses_destroyed": 3, "houses_damaged": 3, "title": "(demo) avalanche event", "source_url": "", "severity_score": 0.84, "severity_class": "small"}}, {"type": "Feature", "geometry": {"type": "Point", "coordinates": [85.7797, 27.5425]}, "properties": {"id": "demo-10", "source": "demo", "date": "2008-08-07", "date_precision": "day", "year": 2008, "month": 8, "hazard": "landslide", "hazard_raw": "landslide", "district": null, "lon": 85.7797, "lat": 27.5425, "geo_precision": "exact", "deaths": 0, "missing": 0, "injured": 0, "people_affected": 39, "houses_destroyed": 4, "houses_damaged": 8, "title": "(demo) landslide event", "source_url": "", "severity_score": 1.28, "severity_class": "small"}}, {"type": "Feature", "geometry": {"type": "Point", "coordinates": [82.4268, 29.5428]}, "properties": {"id": "demo-11", "source": "demo", "date": "1996-09-04", "date_precision": "day", "year": 1996, "month": 9, "hazard": "flood", "hazard_raw": "flood", "district": null, "lon": 82.4268, "lat": 29.5428, "geo_precision": "exact", "deaths": 0, "missing": 0, "injured": 0, "people_affected": 35, "houses_destroyed": 2, "houses_damaged": 4, "title": "(demo) flood event", "source_url": "", "severity_score": 0.67, "severity_class": "small"}}, {"type": "Feature", "geometry": {"type": "Point", "coordinates": [85.3586, 28.037]}, "properties": {"id": "demo-12", "source": "demo", "date": "1971-10-28", "date_precision": "day", "year": 1971, "month": 10, "hazard": "flash_flood", "hazard_raw": "flash_flood", "district": null, "lon": 85.3586, "lat": 28.037, "geo_precision": "exact", "deaths": 2, "missing": 0, "injured": 0, "people_affected": 0, "houses_destroyed": 0, "houses_damaged": 0, "title": "(demo) flash_flood event", "source_url": "", "severity_score": 10.0, "severity_class": "moderate"}}, {"type": "Feature", "geometry": {"type": "Point", "coordinates": [84.6775, 28.2369]}, "properties": {"id": "demo-13", "source": "demo", "date": "2021-08-23", "date_precision": "day", "year": 2021, "month": 8, "hazard": "debris_flow", "hazard_raw": "debris_flow", "district": null, "lon": 84.6775, "lat": 28.2369, "geo_precision": "exact", "deaths": 0, "missing": 0, "injured": 0, "people_affected": 33, "houses_destroyed": 3, "houses_damaged": 3, "title": "(demo) debris_flow event", "source_url": "", "severity_score": 0.82, "severity_class": "small"}}, {"type": "Feature", "geometry": {"type": "Point", "coordinates": [86.811, 27.964]}, "properties": {"id": "demo-14", "source": "demo", "date": "2002-08-08", "date_precision": "day", "year": 2002, "month": 8, "hazard": "landslide", "hazard_raw": "landslide", "district": null, "lon": 86.811, "lat": 27.964, "geo_precision": "exact", "deaths": 2, "missing": 0, "injured": 2, "people_affected": 142, "houses_destroyed": 17, "houses_damaged": 45, "title": "(demo) landslide event", "source_url": "", "severity_score": 17.93, "severity_class": "moderate"}}, {"type": "Feature", "geometry": {"type": "Point", "coordinates": [85.8564, 26.7845]}, "properties": {"id": "demo-15", "source": "demo", "date": "2020-06-11", "date_precision": "day", "year": 2020, "month": 6, "hazard": "flood", "hazard_raw": "flood", "district": null, "lon": 85.8564, "lat": 26.7845, "geo_precision": "exact", "deaths": 3, "missing": 0, "injured": 1, "people_affected": 70, "houses_destroyed": 17, "houses_damaged": 34, "title": "(demo) flood event", "source_url": "", "severity_score": 21.24, "severity_class": "moderate"}}, {"type": "Feature", "geometry": {"type": "Point", "coordinates": [81.9105, 29.5536]}, "properties": {"id": "demo-16", "source": "demo", "date": "2016-07-26", "date_precision": "day", "year": 2016, "month": 7, "hazard": "landslide", "hazard_raw": "landslide", "district": null, "lon": 81.9105, "lat": 29.5536, "geo_precision": "exact", "deaths": 0, "missing": 0, "injured": 0, "people_affected": 0, "houses_destroyed": 0, "houses_damaged": 0, "title": "(demo) landslide event", "source_url": "", "severity_score": 0.0, "severity_class": "minor"}}, {"type": "Feature", "geometry": {"type": "Point", "coordinates": [83.3847, 28.9536]}, "properties": {"id": "demo-17", "source": "demo", "date": "2025-06-16", "date_precision": "day", "year": 2025, "month": 6, "hazard": "flash_flood", "hazard_raw": "flash_flood", "district": null, "lon": 83.3847, "lat": 28.9536, "geo_precision": "exact", "deaths": 11, "missing": 0, "injured": 21, "people_affected": 515, "houses_destroyed": 49, "houses_damaged": 72, "title": "(demo) flash_flood event", "source_url": "", "severity_score": 90.43, "severity_class": "major"}}, {"type": "Feature", "geometry": {"type": "Point", "coordinates": [86.6605, 27.9538]}, "properties": {"id": "demo-18", "source": "demo", "date": "2015-10-18", "date_precision": "day", "year": 2015, "month": 10, "hazard": "glof", "hazard_raw": "glof", "district": null, "lon": 86.6605, "lat": 27.9538, "geo_precision": "exact", "deaths": 30, "missing": 4, "injured": 56, "people_affected": 1143, "houses_destroyed": 311, "houses_damaged": 1218, "title": "(demo) glof event", "source_url": "", "severity_score": 351.39, "severity_class": "catastrophic"}}, {"type": "Feature", "geometry": {"type": "Point", "coordinates": [84.0204, 27.6245]}, "properties": {"id": "demo-19", "source": "demo", "date": "2020-08-28", "date_precision": "day", "year": 2020, "month": 8, "hazard": "flood", "hazard_raw": "flood", "district": null, "lon": 84.0204, "lat": 27.6245, "geo_precision": "exact", "deaths": 3, "missing": 1, "injured": 5, "people_affected": 3, "houses_destroyed": 1, "houses_damaged": 3, "title": "(demo) flood event", "source_url": "", "severity_score": 25.36, "severity_class": "major"}}, {"type": "Feature", "geometry": {"type": "Point", "coordinates": [86.1956, 28.0755]}, "properties": {"id": "demo-20", "source": "demo", "date": "2018-09-09", "date_precision": "day", "year": 2018, "month": 9, "hazard": "flash_flood", "hazard_raw": "flash_flood", "district": null, "lon": 86.1956, "lat": 28.0755, "geo_precision": "exact", "deaths": 5, "missing": 0, "injured": 9, "people_affected": 355, "houses_destroyed": 21, "houses_damaged": 43, "title": "(demo) flash_flood event", "source_url": "", "severity_score": 41.06, "severity_class": "major"}}, {"type": "Feature", "geometry": {"type": "Point", "coordinates": [82.4814, 29.5655]}, "properties": {"id": "demo-21", "source": "demo", "date": "2002-12-09", "date_precision": "day", "year": 2002, "month": 12, "hazard": "avalanche", "hazard_raw": "avalanche", "district": null, "lon": 82.4814, "lat": 29.5655, "geo_precision": "exact", "deaths": 0, "missing": 0, "injured": 0, "people_affected": 12, "houses_destroyed": 1, "houses_damaged": 1, "title": "(demo) avalanche event", "source_url": "", "severity_score": 0.27, "severity_class": "small"}}, {"type": "Feature", "geometry": {"type": "Point", "coordinates": [85.6881, 26.816]}, "properties": {"id": "demo-22", "source": "demo", "date": "2021-07-20", "date_precision": "day", "year": 2021, "month": 7, "hazard": "flood", "hazard_raw": "flood", "district": null, "lon": 85.6881, "lat": 26.816, "geo_precision": "exact", "deaths": 1, "missing": 0, "injured": 1, "people_affected": 0, "houses_destroyed": 0, "houses_damaged": 0, "title": "(demo) flood event", "source_url": "", "severity_score": 6.0, "severity_class": "moderate"}}, {"type": "Feature", "geometry": {"type": "Point", "coordinates": [85.8052, 28.2094]}, "properties": {"id": "demo-23", "source": "demo", "date": "2021-07-13", "date_precision": "day", "year": 2021, "month": 7, "hazard": "flood", "hazard_raw": "flood", "district": null, "lon": 85.8052, "lat": 28.2094, "geo_precision": "exact", "deaths": 0, "missing": 0, "injured": 0, "people_affected": 9, "houses_destroyed": 1, "houses_damaged": 2, "title": "(demo) flood event", "source_url": "", "severity_score": 0.32, "severity_class": "small"}}, {"type": "Feature", "geometry": {"type": "Point", "coordinates": [82.2318, 29.7151]}, "properties": {"id": "demo-24", "source": "demo", "date": "2008-08-11", "date_precision": "day", "year": 2008, "month": 8, "hazard": "avalanche", "hazard_raw": "avalanche", "district": null, "lon": 82.2318, "lat": 29.7151, "geo_precision": "exact", "deaths": 0, "missing": 0, "injured": 0, "people_affected": 47, "houses_destroyed": 4, "houses_damaged": 5, "title": "(demo) avalanche event", "source_url": "", "severity_score": 1.14, "severity_class": "small"}}, {"type": "Feature", "geometry": {"type": "Point", "coordinates": [86.0756, 28.2452]}, "properties": {"id": "demo-25", "source": "demo", "date": "2006-05-02", "date_precision": "day", "year": 2006, "month": 5, "hazard": "landslide", "hazard_raw": "landslide", "district": null, "lon": 86.0756, "lat": 28.2452, "geo_precision": "exact", "deaths": 0, "missing": 0, "injured": 0, "people_affected": 34, "houses_destroyed": 3, "houses_damaged": 9, "title": "(demo) landslide event", "source_url": "", "severity_score": 1.12, "severity_class": "small"}}, {"type": "Feature", "geometry": {"type": "Point", "coordinates": [81.394, 28.9876]}, "properties": {"id": "demo-26", "source": "demo", "date": "2026-09-04", "date_precision": "day", "year": 2026, "month": 9, "hazard": "landslide", "hazard_raw": "landslide", "district": null, "lon": 81.394, "lat": 28.9876, "geo_precision": "exact", "deaths": 0, "missing": 0, "injured": 0, "people_affected": 0, "houses_destroyed": 0, "houses_damaged": 0, "title": "(demo) landslide event", "source_url": "", "severity_score": 0.0, "severity_class": "minor"}}, {"type": "Feature", "geometry": {"type": "Point", "coordinates": [80.2, 28.5789]}, "properties": {"id": "demo-27", "source": "demo", "date": "1999-08-17", "date_precision": "day", "year": 1999, "month": 8, "hazard": "avalanche", "hazard_raw": "avalanche", "district": null, "lon": 80.2, "lat": 28.5789, "geo_precision": "exact", "deaths": 4, "missing": 0, "injured": 6, "people_affected": 324, "houses_destroyed": 42, "houses_damaged": 147, "title": "(demo) avalanche event", "source_url": "", "severity_score": 42.4, "severity_class": "major"}}, {"type": "Feature", "geometry": {"type": "Point", "coordinates": [85.1431, 27.9584]}, "properties": {"id": "demo-28", "source": "demo", "date": "1975-06-11", "date_precision": "day", "year": 1975, "month": 6, "hazard": "debris_flow", "hazard_raw": "debris_flow", "district": null, "lon": 85.1431, "lat": 27.9584, "geo_precision": "exact", "deaths": 0, "missing": 0, "injured": 0, "people_affected": 158, "houses_destroyed": 13, "houses_damaged": 28, "title": "(demo) debris_flow event", "source_url": "", "severity_score": 4.32, "severity_class": "small"}}, {"type": "Feature", "geometry": {"type": "Point", "coordinates": [87.4184, 26.5121]}, "properties": {"id": "demo-29", "source": "demo", "date": "2020-08-23", "date_precision": "day", "year": 2020, "month": 8, "hazard": "flood", "hazard_raw": "flood", "district": null, "lon": 87.4184, "lat": 26.5121, "geo_precision": "exact", "deaths": 0, "missing": 0, "injured": 0, "people_affected": 9051, "houses_destroyed": 526, "houses_damaged": 1933, "title": "(demo) flood event", "source_url": "", "severity_score": 219.95, "severity_class": "catastrophic"}}, {"type": "Feature", "geometry": {"type": "Point", "coordinates": [85.4025, 28.1318]}, "properties": {"id": "demo-30", "source": "demo", "date": "2015-02-11", "date_precision": "day", "year": 2015, "month": 2, "hazard": "flood", "hazard_raw": "flood", "district": null, "lon": 85.4025, "lat": 28.1318, "geo_precision": "exact", "deaths": 15, "missing": 5, "injured": 18, "people_affected": 0, "houses_destroyed": 0, "houses_damaged": 0, "title": "(demo) flood event", "source_url": "", "severity_score": 118.0, "severity_class": "catastrophic"}}, {"type": "Feature", "geometry": {"type": "Point", "coordinates": [85.7856, 28.2125]}, "properties": {"id": "demo-31", "source": "demo", "date": "2000-06-09", "date_precision": "day", "year": 2000, "month": 6, "hazard": "glof", "hazard_raw": "glof", "district": null, "lon": 85.7856, "lat": 28.2125, "geo_precision": "exact", "deaths": 2, "missing": 0, "injured": 3, "people_affected": 0, "houses_destroyed": 0, "houses_damaged": 0, "title": "(demo) glof event", "source_url": "", "severity_score": 13.0, "severity_class": "moderate"}}, {"type": "Feature", "geometry": {"type": "Point", "coordinates": [85.5105, 27.6861]}, "properties": {"id": "demo-32", "source": "demo", "date": "1975-08-25", "date_precision": "day", "year": 1975, "month": 8, "hazard": "landslide", "hazard_raw": "landslide", "district": null, "lon": 85.5105, "lat": 27.6861, "geo_precision": "exact", "deaths": 0, "missing": 0, "injured": 0, "people_affected": 0, "houses_destroyed": 0, "houses_damaged": 0, "title": "(demo) landslide event", "source_url": "", "severity_score": 0.0, "severity_class": "minor"}}, {"type": "Feature", "geometry": {"type": "Point", "coordinates": [85.5368, 26.7343]}, "properties": {"id": "demo-33", "source": "demo", "date": "1978-05-10", "date_precision": "day", "year": 1978, "month": 5, "hazard": "landslide", "hazard_raw": "landslide", "district": null, "lon": 85.5368, "lat": 26.7343, "geo_precision": "exact", "deaths": 0, "missing": 0, "injured": 0, "people_affected": 0, "houses_destroyed": 0, "houses_damaged": 0, "title": "(demo) landslide event", "source_url": "", "severity_score": 0.0, "severity_class": "minor"}}, {"type": "Feature", "geometry": {"type": "Point", "coordinates": [85.8027, 28.1518]}, "properties": {"id": "demo-34", "source": "demo", "date": "2014-08-04", "date_precision": "day", "year": 2014, "month": 8, "hazard": "glof", "hazard_raw": "glof", "district": null, "lon": 85.8027, "lat": 28.1518, "geo_precision": "exact", "deaths": 0, "missing": 0, "injured": 0, "people_affected": 314, "houses_destroyed": 31, "houses_damaged": 32, "title": "(demo) glof event", "source_url": "", "severity_score": 8.43, "severity_class": "moderate"}}, {"type": "Feature", "geometry": {"type": "Point", "coordinates": [80.9858, 28.7446]}, "properties": {"id": "demo-35", "source": "demo", "date": "2024-07-05", "date_precision": "day", "year": 2024, "month": 7, "hazard": "flood", "hazard_raw": "flood", "district": null, "lon": 80.9858, "lat": 28.7446, "geo_precision": "exact", "deaths": 0, "missing": 0, "injured": 0, "people_affected": 0, "houses_destroyed": 0, "houses_damaged": 0, "title": "(demo) flood event", "source_url": "", "severity_score": 0.0, "severity_class": "minor"}}, {"type": "Feature", "geometry": {"type": "Point", "coordinates": [81.8556, 29.6311]}, "properties": {"id": "demo-36", "source": "demo", "date": "2007-08-13", "date_precision": "day", "year": 2007, "month": 8, "hazard": "landslide", "hazard_raw": "landslide", "district": null, "lon": 81.8556, "lat": 29.6311, "geo_precision": "exact", "deaths": 0, "missing": 0, "injured": 0, "people_affected": 53, "houses_destroyed": 3, "houses_damaged": 8, "title": "(demo) landslide event", "source_url": "", "severity_score": 1.11, "severity_class": "small"}}, {"type": "Feature", "geometry": {"type": "Point", "coordinates": [85.6722, 28.1783]}, "properties": {"id": "demo-37", "source": "demo", "date": "2017-07-18", "date_precision": "day", "year": 2017, "month": 7, "hazard": "flash_flood", "hazard_raw": "flash_flood", "district": null, "lon": 85.6722, "lat": 28.1783, "geo_precision": "exact", "deaths": 0, "missing": 0, "injured": 0, "people_affected": 221, "houses_destroyed": 27, "houses_damaged": 83, "title": "(demo) flash_flood event", "source_url": "", "severity_score": 9.99, "severity_class": "moderate"}}, {"type": "Feature", "geometry": {"type": "Point", "coordinates": [83.3774, 28.7016]}, "properties": {"id": "demo-38", "source": "demo", "date": "2018-08-12", "date_precision": "day", "year": 2018, "month": 8, "hazard": "flash_flood", "hazard_raw": "flash_flood", "district": null, "lon": 83.3774, "lat": 28.7016, "geo_precision": "exact", "deaths": 1, "missing": 0, "injured": 1, "people_affected": 43, "houses_destroyed": 7, "houses_damaged": 23, "title": "(demo) flash_flood event", "source_url": "", "severity_score": 8.64, "severity_class": "moderate"}}, {"type": "Feature", "geometry": {"type": "Point", "coordinates": [81.2198, 29.1557]}, "properties": {"id": "demo-39", "source": "demo", "date": "2009-06-04", "date_precision": "day", "year": 2009, "month": 6, "hazard": "landslide", "hazard_raw": "landslide", "district": null, "lon": 81.2198, "lat": 29.1557, "geo_precision": "exact", "deaths": 0, "missing": 0, "injured": 0, "people_affected": 31, "houses_destroyed": 4, "houses_damaged": 4, "title": "(demo) landslide event", "source_url": "", "severity_score": 1.06, "severity_class": "small"}}, {"type": "Feature", "geometry": {"type": "Point", "coordinates": [86.7652, 27.8151]}, "properties": {"id": "demo-40", "source": "demo", "date": "2014-07-02", "date_precision": "day", "year": 2014, "month": 7, "hazard": "flash_flood", "hazard_raw": "flash_flood", "district": null, "lon": 86.7652, "lat": 27.8151, "geo_precision": "exact", "deaths": 0, "missing": 0, "injured": 0, "people_affected": 0, "houses_destroyed": 0, "houses_damaged": 0, "title": "(demo) flash_flood event", "source_url": "", "severity_score": 0.0, "severity_class": "minor"}}, {"type": "Feature", "geometry": {"type": "Point", "coordinates": [81.6546, 29.0824]}, "properties": {"id": "demo-41", "source": "demo", "date": "2021-08-25", "date_precision": "day", "year": 2021, "month": 8, "hazard": "landslide", "hazard_raw": "landslide", "district": null, "lon": 81.6546, "lat": 29.0824, "geo_precision": "exact", "deaths": 1, "missing": 0, "injured": 1, "people_affected": 0, "houses_destroyed": 0, "houses_damaged": 0, "title": "(demo) landslide event", "source_url": "", "severity_score": 6.0, "severity_class": "moderate"}}, {"type": "Feature", "geometry": {"type": "Point", "coordinates": [85.3998, 28.2781]}, "properties": {"id": "demo-42", "source": "demo", "date": "2017-04-01", "date_precision": "day", "year": 2017, "month": 4, "hazard": "debris_flow", "hazard_raw": "debris_flow", "district": null, "lon": 85.3998, "lat": 28.2781, "geo_precision": "exact", "deaths": 2, "missing": 0, "injured": 3, "people_affected": 76, "houses_destroyed": 11, "houses_damaged": 13, "title": "(demo) debris_flow event", "source_url": "", "severity_score": 16.0, "severity_class": "moderate"}}, {"type": "Feature", "geometry": {"type": "Point", "coordinates": [85.5546, 26.5838]}, "properties": {"id": "demo-43", "source": "demo", "date": "2007-08-09", "date_precision": "day", "year": 2007, "month": 8, "hazard": "flood", "hazard_raw": "flood", "district": null, "lon": 85.5546, "lat": 26.5838, "geo_precision": "exact", "deaths": 0, "missing": 0, "injured": 0, "people_affected": 0, "houses_destroyed": 0, "houses_damaged": 0, "title": "(demo) flood event", "source_url": "", "severity_score": 0.0, "severity_class": "minor"}}, {"type": "Feature", "geometry": {"type": "Point", "coordinates": [85.2105, 28.2823]}, "properties": {"id": "demo-44", "source": "demo", "date": "1998-08-01", "date_precision": "day", "year": 1998, "month": 8, "hazard": "flash_flood", "hazard_raw": "flash_flood", "district": null, "lon": 85.2105, "lat": 28.2823, "geo_precision": "exact", "deaths": 60, "missing": 6, "injured": 22, "people_affected": 1759, "houses_destroyed": 160, "houses_damaged": 523, "title": "(demo) flash_flood event", "source_url": "", "severity_score": 413.67, "severity_class": "catastrophic"}}, {"type": "Feature", "geometry": {"type": "Point", "coordinates": [85.7123, 28.816]}, "properties": {"id": "demo-45", "source": "demo", "date": "1998-07-03", "date_precision": "day", "year": 1998, "month": 7, "hazard": "glof", "hazard_raw": "glof", "district": null, "lon": 85.7123, "lat": 28.816, "geo_precision": "exact", "deaths": 6, "missing": 0, "injured": 6, "people_affected": 411, "houses_destroyed": 42, "houses_damaged": 125, "title": "(demo) glof event", "source_url": "", "severity_score": 51.47, "severity_class": "major"}}, {"type": "Feature", "geometry": {"type": "Point", "coordinates": [85.0664, 28.0889]}, "properties": {"id": "demo-46", "source": "demo", "date": "2024-07-17", "date_precision": "day", "year": 2024, "month": 7, "hazard": "debris_flow", "hazard_raw": "debris_flow", "district": null, "lon": 85.0664, "lat": 28.0889, "geo_precision": "exact", "deaths": 0, "missing": 0, "injured": 0, "people_affected": 22, "houses_destroyed": 3, "houses_damaged": 3, "title": "(demo) debris_flow event", "source_url": "", "severity_score": 0.79, "severity_class": "small"}}, {"type": "Feature", "geometry": {"type": "Point", "coordinates": [86.6845, 27.7229]}, "properties": {"id": "demo-47", "source": "demo", "date": "2011-08-08", "date_precision": "day", "year": 2011, "month": 8, "hazard": "flood", "hazard_raw": "flood", "district": null, "lon": 86.6845, "lat": 27.7229, "geo_precision": "exact", "deaths": 0, "missing": 0, "injured": 0, "people_affected": 37, "houses_destroyed": 2, "houses_damaged": 2, "title": "(demo) flood event", "source_url": "", "severity_score": 0.57, "severity_class": "small"}}, {"type": "Feature", "geometry": {"type": "Point", "coordinates": [85.8221, 27.2003]}, "properties": {"id": "demo-48", "source": "demo", "date": "2001-06-18", "date_precision": "day", "year": 2001, "month": 6, "hazard": "flood", "hazard_raw": "flood", "district": null, "lon": 85.8221, "lat": 27.2003, "geo_precision": "exact", "deaths": 0, "missing": 0, "injured": 0, "people_affected": 0, "houses_destroyed": 0, "houses_damaged": 0, "title": "(demo) flood event", "source_url": "", "severity_score": 0.0, "severity_class": "minor"}}, {"type": "Feature", "geometry": {"type": "Point", "coordinates": [85.3979, 27.9321]}, "properties": {"id": "demo-49", "source": "demo", "date": "1990-08-22", "date_precision": "day", "year": 1990, "month": 8, "hazard": "debris_flow", "hazard_raw": "debris_flow", "district": null, "lon": 85.3979, "lat": 27.9321, "geo_precision": "exact", "deaths": 0, "missing": 0, "injured": 0, "people_affected": 12, "houses_destroyed": 2, "houses_damaged": 3, "title": "(demo) debris_flow event", "source_url": "", "severity_score": 0.57, "severity_class": "small"}}, {"type": "Feature", "geometry": {"type": "Point", "coordinates": [86.1412, 28.1613]}, "properties": {"id": "demo-50", "source": "demo", "date": "2023-07-26", "date_precision": "day", "year": 2023, "month": 7, "hazard": "glof", "hazard_raw": "glof", "district": null, "lon": 86.1412, "lat": 28.1613, "geo_precision": "exact", "deaths": 12, "missing": 4, "injured": 10, "people_affected": 850, "houses_destroyed": 49, "houses_damaged": 63, "title": "(demo) glof event", "source_url": "", "severity_score": 104.65, "severity_class": "catastrophic"}}, {"type": "Feature", "geometry": {"type": "Point", "coordinates": [83.548, 28.2785]}, "properties": {"id": "demo-51", "source": "demo", "date": "1997-12-03", "date_precision": "day", "year": 1997, "month": 12, "hazard": "landslide", "hazard_raw": "landslide", "district": null, "lon": 83.548, "lat": 28.2785, "geo_precision": "exact", "deaths": 0, "missing": 0, "injured": 0, "people_affected": 0, "houses_destroyed": 0, "houses_damaged": 0, "title": "(demo) landslide event", "source_url": "", "severity_score": 0.0, "severity_class": "minor"}}, {"type": "Feature", "geometry": {"type": "Point", "coordinates": [83.6716, 27.5651]}, "properties": {"id": "demo-52", "source": "demo", "date": "2010-03-21", "date_precision": "day", "year": 2010, "month": 3, "hazard": "debris_flow", "hazard_raw": "debris_flow", "district": null, "lon": 83.6716, "lat": 27.5651, "geo_precision": "exact", "deaths": 1, "missing": 0, "injured": 1, "people_affected": 40, "houses_destroyed": 7, "houses_damaged": 9, "title": "(demo) debris_flow event", "source_url": "", "severity_score": 7.93, "severity_class": "moderate"}}, {"type": "Feature", "geometry": {"type": "Point", "coordinates": [85.9667, 26.7722]}, "properties": {"id": "demo-53", "source": "demo", "date": "2007-07-19", "date_precision": "day", "year": 2007, "month": 7, "hazard": "landslide", "hazard_raw": "landslide", "district": null, "lon": 85.9667, "lat": 26.7722, "geo_precision": "exact", "deaths": 0, "missing": 0, "injured": 0, "people_affected": 0, "houses_destroyed": 0, "houses_damaged": 0, "title": "(demo) landslide event", "source_url": "", "severity_score": 0.0, "severity_class": "minor"}}, {"type": "Feature", "geometry": {"type": "Point", "coordinates": [85.8787, 28.302]}, "properties": {"id": "demo-54", "source": "demo", "date": "2022-07-10", "date_precision": "day", "year": 2022, "month": 7, "hazard": "glof", "hazard_raw": "glof", "district": null, "lon": 85.8787, "lat": 28.302, "geo_precision": "exact", "deaths": 0, "missing": 0, "injured": 0, "people_affected": 451, "houses_destroyed": 26, "houses_damaged": 45, "title": "(demo) glof event", "source_url": "", "severity_score": 8.35, "severity_class": "moderate"}}, {"type": "Feature", "geometry": {"type": "Point", "coordinates": [81.8351, 29.3974]}, "properties": {"id": "demo-55", "source": "demo", "date": "2022-06-27", "date_precision": "day", "year": 2022, "month": 6, "hazard": "debris_flow", "hazard_raw": "debris_flow", "district": null, "lon": 81.8351, "lat": 29.3974, "geo_precision": "exact", "deaths": 0, "missing": 0, "injured": 0, "people_affected": 0, "houses_destroyed": 0, "houses_damaged": 0, "title": "(demo) debris_flow event", "source_url": "", "severity_score": 0.0, "severity_class": "minor"}}, {"type": "Feature", "geometry": {"type": "Point", "coordinates": [85.9631, 26.7934]}, "properties": {"id": "demo-56", "source": "demo", "date": "1983-08-24", "date_precision": "day", "year": 1983, "month": 8, "hazard": "landslide", "hazard_raw": "landslide", "district": null, "lon": 85.9631, "lat": 26.7934, "geo_precision": "exact", "deaths": 1, "missing": 0, "injured": 1, "people_affected": 73, "houses_destroyed": 8, "houses_damaged": 8, "title": "(demo) landslide event", "source_url": "", "severity_score": 8.15, "severity_class": "moderate"}}, {"type": "Feature", "geometry": {"type": "Point", "coordinates": [86.6001, 28.0549]}, "properties": {"id": "demo-57", "source": "demo", "date": "2025-07-12", "date_precision": "day", "year": 2025, "month": 7, "hazard": "landslide", "hazard_raw": "landslide", "district": null, "lon": 86.6001, "lat": 28.0549, "geo_precision": "exact", "deaths": 0, "missing": 0, "injured": 0, "people_affected": 0, "houses_destroyed": 0, "houses_damaged": 0, "title": "(demo) landslide event", "source_url": "", "severity_score": 0.0, "severity_class": "minor"}}, {"type": "Feature", "geometry": {"type": "Point", "coordinates": [86.5427, 27.5855]}, "properties": {"id": "demo-58", "source": "demo", "date": "1996-09-12", "date_precision": "day", "year": 1996, "month": 9, "hazard": "landslide", "hazard_raw": "landslide", "district": null, "lon": 86.5427, "lat": 27.5855, "geo_precision": "exact", "deaths": 0, "missing": 0, "injured": 0, "people_affected": 41, "houses_destroyed": 3, "houses_damaged": 6, "title": "(demo) landslide event", "source_url": "", "severity_score": 0.98, "severity_class": "small"}}, {"type": "Feature", "geometry": {"type": "Point", "coordinates": [84.0264, 27.5858]}, "properties": {"id": "demo-59", "source": "demo", "date": "2006-07-20", "date_precision": "day", "year": 2006, "month": 7, "hazard": "flood", "hazard_raw": "flood", "district": null, "lon": 84.0264, "lat": 27.5858, "geo_precision": "exact", "deaths": 1, "missing": 0, "injured": 0, "people_affected": 107, "houses_destroyed": 23, "houses_damaged": 56, "title": "(demo) flood event", "source_url": "", "severity_score": 12.61, "severity_class": "moderate"}}, {"type": "Feature", "geometry": {"type": "Point", "coordinates": [86.4937, 28.0792]}, "properties": {"id": "demo-60", "source": "demo", "date": "2018-08-18", "date_precision": "day", "year": 2018, "month": 8, "hazard": "avalanche", "hazard_raw": "avalanche", "district": null, "lon": 86.4937, "lat": 28.0792, "geo_precision": "exact", "deaths": 0, "missing": 0, "injured": 0, "people_affected": 28, "houses_destroyed": 8, "houses_damaged": 30, "title": "(demo) avalanche event", "source_url": "", "severity_score": 3.16, "severity_class": "small"}}, {"type": "Feature", "geometry": {"type": "Point", "coordinates": [83.8268, 27.59]}, "properties": {"id": "demo-61", "source": "demo", "date": "2021-07-21", "date_precision": "day", "year": 2021, "month": 7, "hazard": "flood", "hazard_raw": "flood", "district": null, "lon": 83.8268, "lat": 27.59, "geo_precision": "exact", "deaths": 1, "missing": 0, "injured": 1, "people_affected": 144, "houses_destroyed": 11, "houses_damaged": 32, "title": "(demo) flood event", "source_url": "", "severity_score": 10.09, "severity_class": "moderate"}}, {"type": "Feature", "geometry": {"type": "Point", "coordinates": [84.8995, 28.1351]}, "properties": {"id": "demo-62", "source": "demo", "date": "2021-08-03", "date_precision": "day", "year": 2021, "month": 8, "hazard": "landslide", "hazard_raw": "landslide", "district": null, "lon": 84.8995, "lat": 28.1351, "geo_precision": "exact", "deaths": 0, "missing": 0, "injured": 0, "people_affected": 7, "houses_destroyed": 1, "houses_damaged": 2, "title": "(demo) landslide event", "source_url": "", "severity_score": 0.31, "severity_class": "small"}}, {"type": "Feature", "geometry": {"type": "Point", "coordinates": [86.7706, 27.7263]}, "properties": {"id": "demo-63", "source": "demo", "date": "2026-02-01", "date_precision": "day", "year": 2026, "month": 2, "hazard": "flood", "hazard_raw": "flood", "district": null, "lon": 86.7706, "lat": 27.7263, "geo_precision": "exact", "deaths": 6, "missing": 0, "injured": 6, "people_affected": 97, "houses_destroyed": 24, "houses_damaged": 32, "title": "(demo) flood event", "source_url": "", "severity_score": 42.59, "severity_class": "major"}}, {"type": "Feature", "geometry": {"type": "Point", "coordinates": [80.8567, 28.9199]}, "properties": {"id": "demo-64", "source": "demo", "date": "2010-03-26", "date_precision": "day", "year": 2010, "month": 3, "hazard": "flood", "hazard_raw": "flood", "district": null, "lon": 80.8567, "lat": 28.9199, "geo_precision": "exact", "deaths": 1, "missing": 0, "injured": 1, "people_affected": 33, "houses_destroyed": 7, "houses_damaged": 15, "title": "(demo) flood event", "source_url": "", "severity_score": 8.22, "severity_class": "moderate"}}, {"type": "Feature", "geometry": {"type": "Point", "coordinates": [86.885, 28.0565]}, "properties": {"id": "demo-65", "source": "demo", "date": "2019-08-18", "date_precision": "day", "year": 2019, "month": 8, "hazard": "landslide", "hazard_raw": "landslide", "district": null, "lon": 86.885, "lat": 28.0565, "geo_precision": "exact", "deaths": 0, "missing": 0, "injured": 0, "people_affected": 42, "houses_destroyed": 3, "houses_damaged": 4, "title": "(demo) landslide event", "source_url": "", "severity_score": 0.88, "severity_class": "small"}}, {"type": "Feature", "geometry": {"type": "Point", "coordinates": [86.7669, 28.1512]}, "properties": {"id": "demo-66", "source": "demo", "date": "2026-07-14", "date_precision": "day", "year": 2026, "month": 7, "hazard": "flash_flood", "hazard_raw": "flash_flood", "district": null, "lon": 86.7669, "lat": 28.1512, "geo_precision": "exact", "deaths": 0, "missing": 0, "injured": 0, "people_affected": 80, "houses_destroyed": 18, "houses_damaged": 22, "title": "(demo) flash_flood event", "source_url": "", "severity_score": 4.86, "severity_class": "small"}}, {"type": "Feature", "geometry": {"type": "Point", "coordinates": [87.244, 26.4]}, "properties": {"id": "demo-67", "source": "demo", "date": "2006-03-18", "date_precision": "day", "year": 2006, "month": 3, "hazard": "flood", "hazard_raw": "flood", "district": null, "lon": 87.244, "lat": 26.4, "geo_precision": "exact", "deaths": 4, "missing": 0, "injured": 7, "people_affected": 0, "houses_destroyed": 0, "houses_damaged": 0, "title": "(demo) flood event", "source_url": "", "severity_score": 27.0, "severity_class": "major"}}, {"type": "Feature", "geometry": {"type": "Point", "coordinates": [85.7291, 26.848]}, "properties": {"id": "demo-68", "source": "demo", "date": "2013-07-28", "date_precision": "day", "year": 2013, "month": 7, "hazard": "flood", "hazard_raw": "flood", "district": null, "lon": 85.7291, "lat": 26.848, "geo_precision": "exact", "deaths": 2, "missing": 0, "injured": 3, "people_affected": 0, "houses_destroyed": 0, "houses_damaged": 0, "title": "(demo) flood event", "source_url": "", "severity_score": 13.0, "severity_class": "moderate"}}, {"type": "Feature", "geometry": {"type": "Point", "coordinates": [83.3024, 28.6018]}, "properties": {"id": "demo-69", "source": "demo", "date": "2015-06-06", "date_precision": "day", "year": 2015, "month": 6, "hazard": "flood", "hazard_raw": "flood", "district": null, "lon": 83.3024, "lat": 28.6018, "geo_precision": "exact", "deaths": 1, "missing": 0, "injured": 1, "people_affected": 41, "houses_destroyed": 9, "houses_damaged": 35, "title": "(demo) flood event", "source_url": "", "severity_score": 9.63, "severity_class": "moderate"}}, {"type": "Feature", "geometry": {"type": "Point", "coordinates": [85.3361, 28.2705]}, "properties": {"id": "demo-70", "source": "demo", "date": "2010-09-19", "date_precision": "day", "year": 2010, "month": 9, "hazard": "flash_flood", "hazard_raw": "flash_flood", "district": null, "lon": 85.3361, "lat": 28.2705, "geo_precision": "exact", "deaths": 3, "missing": 0, "injured": 3, "people_affected": 186, "houses_destroyed": 14, "houses_damaged": 31, "title": "(demo) flash_flood event", "source_url": "", "severity_score": 22.72, "severity_class": "moderate"}}, {"type": "Feature", "geometry": {"type": "Point", "coordinates": [87.2843, 26.5714]}, "properties": {"id": "demo-71", "source": "demo", "date": "2021-08-16", "date_precision": "day", "year": 2021, "month": 8, "hazard": "flood", "hazard_raw": "flood", "district": null, "lon": 87.2843, "lat": 26.5714, "geo_precision": "exact", "deaths": 0, "missing": 0, "injured": 0, "people_affected": 47, "houses_destroyed": 3, "houses_damaged": 9, "title": "(demo) flood event", "source_url": "", "severity_score": 1.14, "severity_class": "small"}}, {"type": "Feature", "geometry": {"type": "Point", "coordinates": [86.3637, 26.9129]}, "properties": {"id": "demo-72", "source": "demo", "date": "2017-08-17", "date_precision": "day", "year": 2017, "month": 8, "hazard": "flood", "hazard_raw": "flood", "district": null, "lon": 86.3637, "lat": 26.9129, "geo_precision": "exact", "deaths": 0, "missing": 0, "injured": 0, "people_affected": 158, "houses_destroyed": 19, "houses_damaged": 23, "title": "(demo) flood event", "source_url": "", "severity_score": 5.27, "severity_class": "moderate"}}, {"type": "Feature", "geometry": {"type": "Point", "coordinates": [87.2067, 26.489]}, "properties": {"id": "demo-73", "source": "demo", "date": "2010-06-20", "date_precision": "day", "year": 2010, "month": 6, "hazard": "flood", "hazard_raw": "flood", "district": null, "lon": 87.2067, "lat": 26.489, "geo_precision": "exact", "deaths": 0, "missing": 0, "injured": 0, "people_affected": 213, "houses_destroyed": 12, "houses_damaged": 14, "title": "(demo) flood event", "source_url": "", "severity_score": 3.53, "severity_class": "small"}}, {"type": "Feature", "geometry": {"type": "Point", "coordinates": [86.4653, 28.0342]}, "properties": {"id": "demo-74", "source": "demo", "date": "2003-08-17", "date_precision": "day", "year": 2003, "month": 8, "hazard": "glof", "hazard_raw": "glof", "district": null, "lon": 86.4653, "lat": 28.0342, "geo_precision": "exact", "deaths": 14, "missing": 4, "injured": 9, "people_affected": 0, "houses_destroyed": 0, "houses_damaged": 0, "title": "(demo) glof event", "source_url": "", "severity_score": 99.0, "severity_class": "major"}}, {"type": "Feature", "geometry": {"type": "Point", "coordinates": [83.6264, 28.6868]}, "properties": {"id": "demo-75", "source": "demo", "date": "2020-08-15", "date_precision": "day", "year": 2020, "month": 8, "hazard": "flash_flood", "hazard_raw": "flash_flood", "district": null, "lon": 83.6264, "lat": 28.6868, "geo_precision": "exact", "deaths": 7, "missing": 1, "injured": 9, "people_affected": 109, "houses_destroyed": 8, "houses_damaged": 28, "title": "(demo) flash_flood event", "source_url": "", "severity_score": 52.22, "severity_class": "major"}}, {"type": "Feature", "geometry": {"type": "Point", "coordinates": [86.3419, 27.8439]}, "properties": {"id": "demo-76", "source": "demo", "date": "2021-06-02", "date_precision": "day", "year": 2021, "month": 6, "hazard": "landslide", "hazard_raw": "landslide", "district": null, "lon": 86.3419, "lat": 27.8439, "geo_precision": "exact", "deaths": 0, "missing": 0, "injured": 0, "people_affected": 0, "houses_destroyed": 0, "houses_damaged": 0, "title": "(demo) landslide event", "source_url": "", "severity_score": 0.0, "severity_class": "minor"}}, {"type": "Feature", "geometry": {"type": "Point", "coordinates": [83.2738, 28.7972]}, "properties": {"id": "demo-77", "source": "demo", "date": "2021-08-02", "date_precision": "day", "year": 2021, "month": 8, "hazard": "flash_flood", "hazard_raw": "flash_flood", "district": null, "lon": 83.2738, "lat": 28.7972, "geo_precision": "exact", "deaths": 3, "missing": 0, "injured": 1, "people_affected": 1773, "houses_destroyed": 97, "houses_damaged": 127, "title": "(demo) flash_flood event", "source_url": "", "severity_score": 45.3, "severity_class": "major"}}, {"type": "Feature", "geometry": {"type": "Point", "coordinates": [83.9719, 27.5141]}, "properties": {"id": "demo-78", "source": "demo", "date": "2016-07-15", "date_precision": "day", "year": 2016, "month": 7, "hazard": "landslide", "hazard_raw": "landslide", "district": null, "lon": 83.9719, "lat": 27.5141, "geo_precision": "exact", "deaths": 1, "missing": 0, "injured": 1, "people_affected": 27, "houses_destroyed": 2, "houses_damaged": 2, "title": "(demo) landslide event", "source_url": "", "severity_score": 6.55, "severity_class": "moderate"}}, {"type": "Feature", "geometry": {"type": "Point", "coordinates": [84.3696, 27.6848]}, "properties": {"id": "demo-79", "source": "demo", "date": "2021-12-20", "date_precision": "day", "year": 2021, "month": 12, "hazard": "flood", "hazard_raw": "flood", "district": null, "lon": 84.3696, "lat": 27.6848, "geo_precision": "exact", "deaths": 0, "missing": 0, "injured": 0, "people_affected": 52, "houses_destroyed": 4, "houses_damaged": 8, "title": "(demo) flood event", "source_url": "", "severity_score": 1.3, "severity_class": "small"}}, {"type": "Feature", "geometry": {"type": "Point", "coordinates": [83.6256, 28.4083]}, "properties": {"id": "demo-80", "source": "demo", "date": "2023-05-23", "date_precision": "day", "year": 2023, "month": 5, "hazard": "landslide", "hazard_raw": "landslide", "district": null, "lon": 83.6256, "lat": 28.4083, "geo_precision": "exact", "deaths": 0, "missing": 0, "injured": 0, "people_affected": 54, "houses_destroyed": 9, "houses_damaged": 18, "title": "(demo) landslide event", "source_url": "", "severity_score": 2.81, "severity_class": "small"}}, {"type": "Feature", "geometry": {"type": "Point", "coordinates": [81.6385, 29.1961]}, "properties": {"id": "demo-81", "source": "demo", "date": "2009-09-04", "date_precision": "day", "year": 2009, "month": 9, "hazard": "landslide", "hazard_raw": "landslide", "district": null, "lon": 81.6385, "lat": 29.1961, "geo_precision": "exact", "deaths": 0, "missing": 0, "injured": 0, "people_affected": 16, "houses_destroyed": 3, "houses_damaged": 8, "title": "(demo) landslide event", "source_url": "", "severity_score": 1.03, "severity_class": "small"}}, {"type": "Feature", "geometry": {"type": "Point", "coordinates": [86.7911, 27.7103]}, "properties": {"id": "demo-82", "source": "demo", "date": "2011-08-08", "date_precision": "day", "year": 2011, "month": 8, "hazard": "flash_flood", "hazard_raw": "flash_flood", "district": null, "lon": 86.7911, "lat": 27.7103, "geo_precision": "exact", "deaths": 3, "missing": 0, "injured": 5, "people_affected": 91, "houses_destroyed": 5, "houses_damaged": 16, "title": "(demo) flash_flood event", "source_url": "", "severity_score": 21.98, "severity_class": "moderate"}}, {"type": "Feature", "geometry": {"type": "Point", "coordinates": [82.3838, 29.1494]}, "properties": {"id": "demo-83", "source": "demo", "date": "2000-09-25", "date_precision": "day", "year": 2000, "month": 9, "hazard": "landslide", "hazard_raw": "landslide", "district": null, "lon": 82.3838, "lat": 29.1494, "geo_precision": "exact", "deaths": 3, "missing": 0, "injured": 2, "people_affected": 0, "houses_destroyed": 0, "houses_damaged": 0, "title": "(demo) landslide event", "source_url": "", "severity_score": 17.0, "severity_class": "moderate"}}, {"type": "Feature", "geometry": {"type": "Point", "coordinates": [85.4162, 28.1918]}, "properties": {"id": "demo-84", "source": "demo", "date": "1976-06-17", "date_precision": "day", "year": 1976, "month": 6, "hazard": "flood", "hazard_raw": "flood", "district": null, "lon": 85.4162, "lat": 28.1918, "geo_precision": "exact", "deaths": 0, "missing": 0, "injured": 0, "people_affected": 11, "houses_destroyed": 1, "houses_damaged": 1, "title": "(demo) flood event", "source_url": "", "severity_score": 0.27, "severity_class": "small"}}, {"type": "Feature", "geometry": {"type": "Point", "coordinates": [81.794, 29.356]}, "properties": {"id": "demo-85", "source": "demo", "date": "1991-09-21", "date_precision": "day", "year": 1991, "month": 9, "hazard": "landslide", "hazard_raw": "landslide", "district": null, "lon": 81.794, "lat": 29.356, "geo_precision": "exact", "deaths": 3, "missing": 0, "injured": 4, "people_affected": 0, "houses_destroyed": 0, "houses_damaged": 0, "title": "(demo) landslide event", "source_url": "", "severity_score": 19.0, "severity_class": "moderate"}}, {"type": "Feature", "geometry": {"type": "Point", "coordinates": [81.5711, 29.106]}, "properties": {"id": "demo-86", "source": "demo", "date": "1978-06-04", "date_precision": "day", "year": 1978, "month": 6, "hazard": "flood", "hazard_raw": "flood", "district": null, "lon": 81.5711, "lat": 29.106, "geo_precision": "exact", "deaths": 2, "missing": 0, "injured": 2, "people_affected": 458, "houses_destroyed": 39, "houses_damaged": 40, "title": "(demo) flood event", "source_url": "", "severity_score": 22.72, "severity_class": "moderate"}}, {"type": "Feature", "geometry": {"type": "Point", "coordinates": [81.8812, 29.3015]}, "properties": {"id": "demo-87", "source": "demo", "date": "2007-07-22", "date_precision": "day", "year": 2007, "month": 7, "hazard": "landslide", "hazard_raw": "landslide", "district": null, "lon": 81.8812, "lat": 29.3015, "geo_precision": "exact", "deaths": 1, "missing": 0, "injured": 1, "people_affected": 35, "houses_destroyed": 2, "houses_damaged": 2, "title": "(demo) landslide event", "source_url": "", "severity_score": 6.57, "severity_class": "moderate"}}, {"type": "Feature", "geometry": {"type": "Point", "coordinates": [85.3188, 27.7489]}, "properties": {"id": "demo-88", "source": "demo", "date": "2021-03-08", "date_precision": "day", "year": 2021, "month": 3, "hazard": "avalanche", "hazard_raw": "avalanche", "district": null, "lon": 85.3188, "lat": 27.7489, "geo_precision": "exact", "deaths": 1, "missing": 0, "injured": 1, "people_affected": 5, "houses_destroyed": 1, "houses_damaged": 3, "title": "(demo) avalanche event", "source_url": "", "severity_score": 6.36, "severity_class": "moderate"}}, {"type": "Feature", "geometry": {"type": "Point", "coordinates": [85.124, 28.0637]}, "properties": {"id": "demo-89", "source": "demo", "date": "2024-11-02", "date_precision": "day", "year": 2024, "month": 11, "hazard": "avalanche", "hazard_raw": "avalanche", "district": null, "lon": 85.124, "lat": 28.0637, "geo_precision": "exact", "deaths": 2, "missing": 0, "injured": 1, "people_affected": 732, "houses_destroyed": 45, "houses_damaged": 93, "title": "(demo) avalanche event", "source_url": "", "severity_score": 26.11, "severity_class": "major"}}, {"type": "Feature", "geometry": {"type": "Point", "coordinates": [82.3916, 29.3867]}, "properties": {"id": "demo-90", "source": "demo", "date": "1996-09-13", "date_precision": "day", "year": 1996, "month": 9, "hazard": "landslide", "hazard_raw": "landslide", "district": null, "lon": 82.3916, "lat": 29.3867, "geo_precision": "exact", "deaths": 0, "missing": 0, "injured": 0, "people_affected": 10, "houses_destroyed": 1, "houses_damaged": 2, "title": "(demo) landslide event", "source_url": "", "severity_score": 0.32, "severity_class": "small"}}, {"type": "Feature", "geometry": {"type": "Point", "coordinates": [82.2646, 29.6217]}, "properties": {"id": "demo-91", "source": "demo", "date": "1991-07-20", "date_precision": "day", "year": 1991, "month": 7, "hazard": "avalanche", "hazard_raw": "avalanche", "district": null, "lon": 82.2646, "lat": 29.6217, "geo_precision": "exact", "deaths": 0, "missing": 0, "injured": 0, "people_affected": 13, "houses_destroyed": 1, "houses_damaged": 2, "title": "(demo) avalanche event", "source_url": "", "severity_score": 0.33, "severity_class": "small"}}, {"type": "Feature", "geometry": {"type": "Point", "coordinates": [85.1272, 27.9344]}, "properties": {"id": "demo-92", "source": "demo", "date": "2022-08-06", "date_precision": "day", "year": 2022, "month": 8, "hazard": "landslide", "hazard_raw": "landslide", "district": null, "lon": 85.1272, "lat": 27.9344, "geo_precision": "exact", "deaths": 0, "missing": 0, "injured": 0, "people_affected": 0, "houses_destroyed": 0, "houses_damaged": 0, "title": "(demo) landslide event", "source_url": "", "severity_score": 0.0, "severity_class": "minor"}}, {"type": "Feature", "geometry": {"type": "Point", "coordinates": [83.7945, 28.8937]}, "properties": {"id": "demo-93", "source": "demo", "date": "2024-04-05", "date_precision": "day", "year": 2024, "month": 4, "hazard": "flash_flood", "hazard_raw": "flash_flood", "district": null, "lon": 83.7945, "lat": 28.8937, "geo_precision": "exact", "deaths": 0, "missing": 0, "injured": 0, "people_affected": 87, "houses_destroyed": 7, "houses_damaged": 15, "title": "(demo) flash_flood event", "source_url": "", "severity_score": 2.32, "severity_class": "small"}}, {"type": "Feature", "geometry": {"type": "Point", "coordinates": [85.985, 27.1147]}, "properties": {"id": "demo-94", "source": "demo", "date": "2015-10-16", "date_precision": "day", "year": 2015, "month": 10, "hazard": "flood", "hazard_raw": "flood", "district": null, "lon": 85.985, "lat": 27.1147, "geo_precision": "exact", "deaths": 0, "missing": 0, "injured": 0, "people_affected": 0, "houses_destroyed": 0, "houses_damaged": 0, "title": "(demo) flood event", "source_url": "", "severity_score": 0.0, "severity_class": "minor"}}, {"type": "Feature", "geometry": {"type": "Point", "coordinates": [85.9842, 28.0029]}, "properties": {"id": "demo-95", "source": "demo", "date": "2016-08-23", "date_precision": "day", "year": 2016, "month": 8, "hazard": "flash_flood", "hazard_raw": "flash_flood", "district": null, "lon": 85.9842, "lat": 28.0029, "geo_precision": "exact", "deaths": 6, "missing": 0, "injured": 9, "people_affected": 496, "houses_destroyed": 40, "houses_damaged": 43, "title": "(demo) flash_flood event", "source_url": "", "severity_score": 50.14, "severity_class": "major"}}, {"type": "Feature", "geometry": {"type": "Point", "coordinates": [84.1668, 27.541]}, "properties": {"id": "demo-96", "source": "demo", "date": "2012-07-24", "date_precision": "day", "year": 2012, "month": 7, "hazard": "flood", "hazard_raw": "flood", "district": null, "lon": 84.1668, "lat": 27.541, "geo_precision": "exact", "deaths": 0, "missing": 0, "injured": 0, "people_affected": 35, "houses_destroyed": 3, "houses_damaged": 7, "title": "(demo) flood event", "source_url": "", "severity_score": 1.02, "severity_class": "small"}}, {"type": "Feature", "geometry": {"type": "Point", "coordinates": [86.6167, 27.7219]}, "properties": {"id": "demo-97", "source": "demo", "date": "2001-09-17", "date_precision": "day", "year": 2001, "month": 9, "hazard": "flash_flood", "hazard_raw": "flash_flood", "district": null, "lon": 86.6167, "lat": 27.7219, "geo_precision": "exact", "deaths": 0, "missing": 0, "injured": 0, "people_affected": 0, "houses_destroyed": 0, "houses_damaged": 0, "title": "(demo) flash_flood event", "source_url": "", "severity_score": 0.0, "severity_class": "minor"}}, {"type": "Feature", "geometry": {"type": "Point", "coordinates": [85.6067, 28.1238]}, "properties": {"id": "demo-98", "source": "demo", "date": "2005-08-19", "date_precision": "day", "year": 2005, "month": 8, "hazard": "landslide", "hazard_raw": "landslide", "district": null, "lon": 85.6067, "lat": 28.1238, "geo_precision": "exact", "deaths": 0, "missing": 0, "injured": 0, "people_affected": 0, "houses_destroyed": 0, "houses_damaged": 0, "title": "(demo) landslide event", "source_url": "", "severity_score": 0.0, "severity_class": "minor"}}, {"type": "Feature", "geometry": {"type": "Point", "coordinates": [85.9689, 28.4822]}, "properties": {"id": "demo-99", "source": "demo", "date": "2010-08-16", "date_precision": "day", "year": 2010, "month": 8, "hazard": "landslide", "hazard_raw": "landslide", "district": null, "lon": 85.9689, "lat": 28.4822, "geo_precision": "exact", "deaths": 0, "missing": 0, "injured": 0, "people_affected": 88, "houses_destroyed": 6, "houses_damaged": 14, "title": "(demo) landslide event", "source_url": "", "severity_score": 2.08, "severity_class": "small"}}, {"type": "Feature", "geometry": {"type": "Point", "coordinates": [86.5418, 27.8107]}, "properties": {"id": "demo-100", "source": "demo", "date": "2009-05-28", "date_precision": "day", "year": 2009, "month": 5, "hazard": "landslide", "hazard_raw": "landslide", "district": null, "lon": 86.5418, "lat": 27.8107, "geo_precision": "exact", "deaths": 0, "missing": 0, "injured": 0, "people_affected": 23, "houses_destroyed": 3, "houses_damaged": 3, "title": "(demo) landslide event", "source_url": "", "severity_score": 0.8, "severity_class": "small"}}, {"type": "Feature", "geometry": {"type": "Point", "coordinates": [87.8674, 26.5698]}, "properties": {"id": "demo-101", "source": "demo", "date": "2023-07-19", "date_precision": "day", "year": 2023, "month": 7, "hazard": "landslide", "hazard_raw": "landslide", "district": null, "lon": 87.8674, "lat": 26.5698, "geo_precision": "exact", "deaths": 0, "missing": 0, "injured": 0, "people_affected": 9, "houses_destroyed": 1, "houses_damaged": 1, "title": "(demo) landslide event", "source_url": "", "severity_score": 0.27, "severity_class": "small"}}, {"type": "Feature", "geometry": {"type": "Point", "coordinates": [80.5457, 28.8411]}, "properties": {"id": "demo-102", "source": "demo", "date": "2002-08-27", "date_precision": "day", "year": 2002, "month": 8, "hazard": "landslide", "hazard_raw": "landslide", "district": null, "lon": 80.5457, "lat": 28.8411, "geo_precision": "exact", "deaths": 0, "missing": 0, "injured": 0, "people_affected": 0, "houses_destroyed": 0, "houses_damaged": 0, "title": "(demo) landslide event", "source_url": "", "severity_score": 0.0, "severity_class": "minor"}}, {"type": "Feature", "geometry": {"type": "Point", "coordinates": [87.0341, 26.5925]}, "properties": {"id": "demo-103", "source": "demo", "date": "2016-07-18", "date_precision": "day", "year": 2016, "month": 7, "hazard": "flood", "hazard_raw": "flood", "district": null, "lon": 87.0341, "lat": 26.5925, "geo_precision": "exact", "deaths": 0, "missing": 0, "injured": 0, "people_affected": 69, "houses_destroyed": 6, "houses_damaged": 15, "title": "(demo) flood event", "source_url": "", "severity_score": 2.09, "severity_class": "small"}}, {"type": "Feature", "geometry": {"type": "Point", "coordinates": [85.2054, 27.4387]}, "properties": {"id": "demo-104", "source": "demo", "date": "2004-07-20", "date_precision": "day", "year": 2004, "month": 7, "hazard": "landslide", "hazard_raw": "landslide", "district": null, "lon": 85.2054, "lat": 27.4387, "geo_precision": "exact", "deaths": 0, "missing": 0, "injured": 0, "people_affected": 0, "houses_destroyed": 0, "houses_damaged": 0, "title": "(demo) landslide event", "source_url": "", "severity_score": 0.0, "severity_class": "minor"}}, {"type": "Feature", "geometry": {"type": "Point", "coordinates": [83.7278, 28.6095]}, "properties": {"id": "demo-105", "source": "demo", "date": "2014-04-14", "date_precision": "day", "year": 2014, "month": 4, "hazard": "flash_flood", "hazard_raw": "flash_flood", "district": null, "lon": 83.7278, "lat": 28.6095, "geo_precision": "exact", "deaths": 9, "missing": 1, "injured": 17, "people_affected": 874, "houses_destroyed": 54, "houses_damaged": 180, "title": "(demo) flash_flood event", "source_url": "", "severity_score": 88.55, "severity_class": "major"}}, {"type": "Feature", "geometry": {"type": "Point", "coordinates": [83.9239, 28.8081]}, "properties": {"id": "demo-106", "source": "demo", "date": "2004-08-20", "date_precision": "day", "year": 2004, "month": 8, "hazard": "flash_flood", "hazard_raw": "flash_flood", "district": null, "lon": 83.9239, "lat": 28.8081, "geo_precision": "exact", "deaths": 0, "missing": 0, "injured": 0, "people_affected": 50, "houses_destroyed": 5, "houses_damaged": 11, "title": "(demo) flash_flood event", "source_url": "", "severity_score": 1.65, "severity_class": "small"}}, {"type": "Feature", "geometry": {"type": "Point", "coordinates": [87.3785, 26.4]}, "properties": {"id": "demo-107", "source": "demo", "date": "2026-09-24", "date_precision": "day", "year": 2026, "month": 9, "hazard": "landslide", "hazard_raw": "landslide", "district": null, "lon": 87.3785, "lat": 26.4, "geo_precision": "exact", "deaths": 0, "missing": 0, "injured": 0, "people_affected": 37, "houses_destroyed": 2, "houses_damaged": 3, "title": "(demo) landslide event", "source_url": "", "severity_score": 0.62, "severity_class": "small"}}, {"type": "Feature", "geometry": {"type": "Point", "coordinates": [83.7671, 27.2625]}, "properties": {"id": "demo-108", "source": "demo", "date": "2014-08-23", "date_precision": "day", "year": 2014, "month": 8, "hazard": "flood", "hazard_raw": "flood", "district": null, "lon": 83.7671, "lat": 27.2625, "geo_precision": "exact", "deaths": 0, "missing": 0, "injured": 0, "people_affected": 74, "houses_destroyed": 5, "houses_damaged": 16, "title": "(demo) flood event", "source_url": "", "severity_score": 1.95, "severity_class": "small"}}, {"type": "Feature", "geometry": {"type": "Point", "coordinates": [86.1706, 28.2532]}, "properties": {"id": "demo-109", "source": "demo", "date": "2021-08-10", "date_precision": "day", "year": 2021, "month": 8, "hazard": "landslide", "hazard_raw": "landslide", "district": null, "lon": 86.1706, "lat": 28.2532, "geo_precision": "exact", "deaths": 2, "missing": 0, "injured": 3, "people_affected": 23, "houses_destroyed": 3, "houses_damaged": 5, "title": "(demo) landslide event", "source_url": "", "severity_score": 13.9, "severity_class": "moderate"}}, {"type": "Feature", "geometry": {"type": "Point", "coordinates": [86.9133, 27.8426]}, "properties": {"id": "demo-110", "source": "demo", "date": "2018-07-07", "date_precision": "day", "year": 2018, "month": 7, "hazard": "glof", "hazard_raw": "glof", "district": null, "lon": 86.9133, "lat": 27.8426, "geo_precision": "exact", "deaths": 2, "missing": 0, "injured": 1, "people_affected": 404, "houses_destroyed": 22, "houses_damaged": 25, "title": "(demo) glof event", "source_url": "", "severity_score": 17.46, "severity_class": "moderate"}}, {"type": "Feature", "geometry": {"type": "Point", "coordinates": [81.2393, 29.4318]}, "properties": {"id": "demo-111", "source": "demo", "date": "1977-05-18", "date_precision": "day", "year": 1977, "month": 5, "hazard": "landslide", "hazard_raw": "landslide", "district": null, "lon": 81.2393, "lat": 29.4318, "geo_precision": "exact", "deaths": 0, "missing": 0, "injured": 0, "people_affected": 0, "houses_destroyed": 0, "houses_damaged": 0, "title": "(demo) landslide event", "source_url": "", "severity_score": 0.0, "severity_class": "minor"}}, {"type": "Feature", "geometry": {"type": "Point", "coordinates": [85.0103, 27.6311]}, "properties": {"id": "demo-112", "source": "demo", "date": "2017-09-02", "date_precision": "day", "year": 2017, "month": 9, "hazard": "landslide", "hazard_raw": "landslide", "district": null, "lon": 85.0103, "lat": 27.6311, "geo_precision": "exact", "deaths": 0, "missing": 0, "injured": 0, "people_affected": 47, "houses_destroyed": 15, "houses_damaged": 54, "title": "(demo) landslide event", "source_url": "", "severity_score": 5.79, "severity_class": "moderate"}}, {"type": "Feature", "geometry": {"type": "Point", "coordinates": [83.463, 28.9016]}, "properties": {"id": "demo-113", "source": "demo", "date": "2012-08-16", "date_precision": "day", "year": 2012, "month": 8, "hazard": "debris_flow", "hazard_raw": "debris_flow", "district": null, "lon": 83.463, "lat": 28.9016, "geo_precision": "exact", "deaths": 0, "missing": 0, "injured": 0, "people_affected": 45, "houses_destroyed": 3, "houses_damaged": 8, "title": "(demo) debris_flow event", "source_url": "", "severity_score": 1.09, "severity_class": "small"}}, {"type": "Feature", "geometry": {"type": "Point", "coordinates": [84.8909, 27.6088]}, "properties": {"id": "demo-114", "source": "demo", "date": "1982-08-13", "date_precision": "day", "year": 1982, "month": 8, "hazard": "flash_flood", "hazard_raw": "flash_flood", "district": null, "lon": 84.8909, "lat": 27.6088, "geo_precision": "exact", "deaths": 0, "missing": 0, "injured": 0, "people_affected": 29, "houses_destroyed": 4, "houses_damaged": 6, "title": "(demo) flash_flood event", "source_url": "", "severity_score": 1.16, "severity_class": "small"}}, {"type": "Feature", "geometry": {"type": "Point", "coordinates": [81.5933, 29.4423]}, "properties": {"id": "demo-115", "source": "demo", "date": "2008-08-01", "date_precision": "day", "year": 2008, "month": 8, "hazard": "landslide", "hazard_raw": "landslide", "district": null, "lon": 81.5933, "lat": 29.4423, "geo_precision": "exact", "deaths": 0, "missing": 0, "injured": 0, "people_affected": 0, "houses_destroyed": 0, "houses_damaged": 0, "title": "(demo) landslide event", "source_url": "", "severity_score": 0.0, "severity_class": "minor"}}, {"type": "Feature", "geometry": {"type": "Point", "coordinates": [85.7613, 28.2896]}, "properties": {"id": "demo-116", "source": "demo", "date": "2007-06-05", "date_precision": "day", "year": 2007, "month": 6, "hazard": "debris_flow", "hazard_raw": "debris_flow", "district": null, "lon": 85.7613, "lat": 28.2896, "geo_precision": "exact", "deaths": 0, "missing": 0, "injured": 0, "people_affected": 0, "houses_destroyed": 0, "houses_damaged": 0, "title": "(demo) debris_flow event", "source_url": "", "severity_score": 0.0, "severity_class": "minor"}}, {"type": "Feature", "geometry": {"type": "Point", "coordinates": [83.2075, 28.832]}, "properties": {"id": "demo-117", "source": "demo", "date": "1975-05-27", "date_precision": "day", "year": 1975, "month": 5, "hazard": "landslide", "hazard_raw": "landslide", "district": null, "lon": 83.2075, "lat": 28.832, "geo_precision": "exact", "deaths": 0, "missing": 0, "injured": 0, "people_affected": 64, "houses_destroyed": 5, "houses_damaged": 8, "title": "(demo) landslide event", "source_url": "", "severity_score": 1.53, "severity_class": "small"}}, {"type": "Feature", "geometry": {"type": "Point", "coordinates": [84.1199, 28.2392]}, "properties": {"id": "demo-118", "source": "demo", "date": "2001-08-22", "date_precision": "day", "year": 2001, "month": 8, "hazard": "flood", "hazard_raw": "flood", "district": null, "lon": 84.1199, "lat": 28.2392, "geo_precision": "exact", "deaths": 3, "missing": 0, "injured": 1, "people_affected": 0, "houses_destroyed": 0, "houses_damaged": 0, "title": "(demo) flood event", "source_url": "", "severity_score": 16.0, "severity_class": "moderate"}}, {"type": "Feature", "geometry": {"type": "Point", "coordinates": [85.385, 27.7036]}, "properties": {"id": "demo-119", "source": "demo", "date": "2004-09-24", "date_precision": "day", "year": 2004, "month": 9, "hazard": "landslide", "hazard_raw": "landslide", "district": null, "lon": 85.385, "lat": 27.7036, "geo_precision": "exact", "deaths": 0, "missing": 0, "injured": 0, "people_affected": 0, "houses_destroyed": 0, "houses_damaged": 0, "title": "(demo) landslide event", "source_url": "", "severity_score": 0.0, "severity_class": "minor"}}, {"type": "Feature", "geometry": {"type": "Point", "coordinates": [84.2995, 27.5428]}, "properties": {"id": "demo-120", "source": "demo", "date": "1979-06-01", "date_precision": "day", "year": 1979, "month": 6, "hazard": "flood", "hazard_raw": "flood", "district": null, "lon": 84.2995, "lat": 27.5428, "geo_precision": "exact", "deaths": 3, "missing": 0, "injured": 2, "people_affected": 0, "houses_destroyed": 0, "houses_damaged": 0, "title": "(demo) flood event", "source_url": "", "severity_score": 17.0, "severity_class": "moderate"}}, {"type": "Feature", "geometry": {"type": "Point", "coordinates": [82.007, 29.4897]}, "properties": {"id": "demo-121", "source": "demo", "date": "1997-10-01", "date_precision": "day", "year": 1997, "month": 10, "hazard": "flash_flood", "hazard_raw": "flash_flood", "district": null, "lon": 82.007, "lat": 29.4897, "geo_precision": "exact", "deaths": 0, "missing": 0, "injured": 0, "people_affected": 10, "houses_destroyed": 1, "houses_damaged": 1, "title": "(demo) flash_flood event", "source_url": "", "severity_score": 0.27, "severity_class": "small"}}, {"type": "Feature", "geometry": {"type": "Point", "coordinates": [85.6225, 28.1588]}, "properties": {"id": "demo-122", "source": "demo", "date": "2003-07-08", "date_precision": "day", "year": 2003, "month": 7, "hazard": "flash_flood", "hazard_raw": "flash_flood", "district": null, "lon": 85.6225, "lat": 28.1588, "geo_precision": "exact", "deaths": 0, "missing": 0, "injured": 0, "people_affected": 28, "houses_destroyed": 2, "houses_damaged": 2, "title": "(demo) flash_flood event", "source_url": "", "severity_score": 0.56, "severity_class": "small"}}, {"type": "Feature", "geometry": {"type": "Point", "coordinates": [81.5638, 29.5015]}, "properties": {"id": "demo-123", "source": "demo", "date": "2008-09-06", "date_precision": "day", "year": 2008, "month": 9, "hazard": "landslide", "hazard_raw": "landslide", "district": null, "lon": 81.5638, "lat": 29.5015, "geo_precision": "exact", "deaths": 1, "missing": 0, "injured": 1, "people_affected": 10, "houses_destroyed": 1, "houses_damaged": 1, "title": "(demo) landslide event", "source_url": "", "severity_score": 6.27, "severity_class": "moderate"}}, {"type": "Feature", "geometry": {"type": "Point", "coordinates": [86.8704, 27.9819]}, "properties": {"id": "demo-124", "source": "demo", "date": "1986-07-23", "date_precision": "day", "year": 1986, "month": 7, "hazard": "landslide", "hazard_raw": "landslide", "district": null, "lon": 86.8704, "lat": 27.9819, "geo_precision": "exact", "deaths": 0, "missing": 0, "injured": 0, "people_affected": 34, "houses_destroyed": 4, "houses_damaged": 7, "title": "(demo) landslide event", "source_url": "", "severity_score": 1.22, "severity_class": "small"}}, {"type": "Feature", "geometry": {"type": "Point", "coordinates": [84.3559, 28.351]}, "properties": {"id": "demo-125", "source": "demo", "date": "2012-08-20", "date_precision": "day", "year": 2012, "month": 8, "hazard": "flash_flood", "hazard_raw": "flash_flood", "district": null, "lon": 84.3559, "lat": 28.351, "geo_precision": "exact", "deaths": 30, "missing": 10, "injured": 24, "people_affected": 1967, "houses_destroyed": 298, "houses_damaged": 1110, "title": "(demo) flash_flood event", "source_url": "", "severity_score": 343.03, "severity_class": "catastrophic"}}, {"type": "Feature", "geometry": {"type": "Point", "coordinates": [81.9397, 29.2995]}, "properties": {"id": "demo-126", "source": "demo", "date": "1986-08-13", "date_precision": "day", "year": 1986, "month": 8, "hazard": "landslide", "hazard_raw": "landslide", "district": null, "lon": 81.9397, "lat": 29.2995, "geo_precision": "exact", "deaths": 0, "missing": 0, "injured": 0, "people_affected": 91, "houses_destroyed": 8, "houses_damaged": 20, "title": "(demo) landslide event", "source_url": "", "severity_score": 2.78, "severity_class": "small"}}, {"type": "Feature", "geometry": {"type": "Point", "coordinates": [83.998, 28.0698]}, "properties": {"id": "demo-127", "source": "demo", "date": "2013-03-28", "date_precision": "day", "year": 2013, "month": 3, "hazard": "flash_flood", "hazard_raw": "flash_flood", "district": null, "lon": 83.998, "lat": 28.0698, "geo_precision": "exact", "deaths": 1, "missing": 0, "injured": 0, "people_affected": 9, "houses_destroyed": 1, "houses_damaged": 1, "title": "(demo) flash_flood event", "source_url": "", "severity_score": 5.27, "severity_class": "moderate"}}, {"type": "Feature", "geometry": {"type": "Point", "coordinates": [81.6625, 29.43]}, "properties": {"id": "demo-128", "source": "demo", "date": "2026-07-24", "date_precision": "day", "year": 2026, "month": 7, "hazard": "avalanche", "hazard_raw": "avalanche", "district": null, "lon": 81.6625, "lat": 29.43, "geo_precision": "exact", "deaths": 0, "missing": 0, "injured": 0, "people_affected": 12, "houses_destroyed": 1, "houses_damaged": 3, "title": "(demo) avalanche event", "source_url": "", "severity_score": 0.37, "severity_class": "small"}}, {"type": "Feature", "geometry": {"type": "Point", "coordinates": [85.9384, 28.2267]}, "properties": {"id": "demo-129", "source": "demo", "date": "2023-08-25", "date_precision": "day", "year": 2023, "month": 8, "hazard": "flood", "hazard_raw": "flood", "district": null, "lon": 85.9384, "lat": 28.2267, "geo_precision": "exact", "deaths": 2, "missing": 0, "injured": 2, "people_affected": 179, "houses_destroyed": 13, "houses_damaged": 15, "title": "(demo) flood event", "source_url": "", "severity_score": 15.71, "severity_class": "moderate"}}, {"type": "Feature", "geometry": {"type": "Point", "coordinates": [86.6678, 27.9814]}, "properties": {"id": "demo-130", "source": "demo", "date": "2006-07-01", "date_precision": "day", "year": 2006, "month": 7, "hazard": "flood", "hazard_raw": "flood", "district": null, "lon": 86.6678, "lat": 27.9814, "geo_precision": "exact", "deaths": 6, "missing": 0, "injured": 3, "people_affected": 286, "houses_destroyed": 24, "houses_damaged": 37, "title": "(demo) flood event", "source_url": "", "severity_score": 40.22, "severity_class": "major"}}, {"type": "Feature", "geometry": {"type": "Point", "coordinates": [82.3317, 29.4877]}, "properties": {"id": "demo-131", "source": "demo", "date": "2007-07-08", "date_precision": "day", "year": 2007, "month": 7, "hazard": "avalanche", "hazard_raw": "avalanche", "district": null, "lon": 82.3317, "lat": 29.4877, "geo_precision": "exact", "deaths": 0, "missing": 0, "injured": 0, "people_affected": 17, "houses_destroyed": 1, "houses_damaged": 1, "title": "(demo) avalanche event", "source_url": "", "severity_score": 0.28, "severity_class": "small"}}, {"type": "Feature", "geometry": {"type": "Point", "coordinates": [85.9587, 28.2242]}, "properties": {"id": "demo-132", "source": "demo", "date": "2004-10-08", "date_precision": "day", "year": 2004, "month": 10, "hazard": "flood", "hazard_raw": "flood", "district": null, "lon": 85.9587, "lat": 28.2242, "geo_precision": "exact", "deaths": 2, "missing": 0, "injured": 2, "people_affected": 206, "houses_destroyed": 11, "houses_damaged": 12, "title": "(demo) flood event", "source_url": "", "severity_score": 15.21, "severity_class": "moderate"}}, {"type": "Feature", "geometry": {"type": "Point", "coordinates": [84.0616, 27.6361]}, "properties": {"id": "demo-133", "source": "demo", "date": "2023-08-13", "date_precision": "day", "year": 2023, "month": 8, "hazard": "flood", "hazard_raw": "flood", "district": null, "lon": 84.0616, "lat": 27.6361, "geo_precision": "exact", "deaths": 0, "missing": 0, "injured": 0, "people_affected": 0, "houses_destroyed": 0, "houses_damaged": 0, "title": "(demo) flood event", "source_url": "", "severity_score": 0.0, "severity_class": "minor"}}, {"type": "Feature", "geometry": {"type": "Point", "coordinates": [84.5422, 28.0478]}, "properties": {"id": "demo-134", "source": "demo", "date": "2007-09-11", "date_precision": "day", "year": 2007, "month": 9, "hazard": "flash_flood", "hazard_raw": "flash_flood", "district": null, "lon": 84.5422, "lat": 28.0478, "geo_precision": "exact", "deaths": 4, "missing": 1, "injured": 6, "people_affected": 82, "houses_destroyed": 12, "houses_damaged": 28, "title": "(demo) flash_flood event", "source_url": "", "severity_score": 34.96, "severity_class": "major"}}, {"type": "Feature", "geometry": {"type": "Point", "coordinates": [85.384, 27.9873]}, "properties": {"id": "demo-135", "source": "demo", "date": "1976-06-08", "date_precision": "day", "year": 1976, "month": 6, "hazard": "flood", "hazard_raw": "flood", "district": null, "lon": 85.384, "lat": 27.9873, "geo_precision": "exact", "deaths": 2, "missing": 0, "injured": 0, "people_affected": 18, "houses_destroyed": 2, "houses_damaged": 3, "title": "(demo) flood event", "source_url": "", "severity_score": 10.59, "severity_class": "moderate"}}, {"type": "Feature", "geometry": {"type": "Point", "coordinates": [86.1537, 26.9886]}, "properties": {"id": "demo-136", "source": "demo", "date": "2006-08-14", "date_precision": "day", "year": 2006, "month": 8, "hazard": "flood", "hazard_raw": "flood", "district": null, "lon": 86.1537, "lat": 26.9886, "geo_precision": "exact", "deaths": 0, "missing": 0, "injured": 0, "people_affected": 0, "houses_destroyed": 0, "houses_damaged": 0, "title": "(demo) flood event", "source_url": "", "severity_score": 0.0, "severity_class": "minor"}}, {"type": "Feature", "geometry": {"type": "Point", "coordinates": [86.9113, 27.9215]}, "properties": {"id": "demo-137", "source": "demo", "date": "1981-05-09", "date_precision": "day", "year": 1981, "month": 5, "hazard": "debris_flow", "hazard_raw": "debris_flow", "district": null, "lon": 86.9113, "lat": 27.9215, "geo_precision": "exact", "deaths": 0, "missing": 0, "injured": 0, "people_affected": 43, "houses_destroyed": 6, "houses_damaged": 10, "title": "(demo) debris_flow event", "source_url": "", "severity_score": 1.79, "severity_class": "small"}}, {"type": "Feature", "geometry": {"type": "Point", "coordinates": [85.6497, 28.1615]}, "properties": {"id": "demo-138", "source": "demo", "date": "2012-07-20", "date_precision": "day", "year": 2012, "month": 7, "hazard": "glof", "hazard_raw": "glof", "district": null, "lon": 85.6497, "lat": 28.1615, "geo_precision": "exact", "deaths": 0, "missing": 0, "injured": 0, "people_affected": 3207, "houses_destroyed": 242, "houses_damaged": 460, "title": "(demo) glof event", "source_url": "", "severity_score": 77.81, "severity_class": "major"}}, {"type": "Feature", "geometry": {"type": "Point", "coordinates": [86.266, 28.3304]}, "properties": {"id": "demo-139", "source": "demo", "date": "2022-08-19", "date_precision": "day", "year": 2022, "month": 8, "hazard": "glof", "hazard_raw": "glof", "district": null, "lon": 86.266, "lat": 28.3304, "geo_precision": "exact", "deaths": 4, "missing": 1, "injured": 2, "people_affected": 6, "houses_destroyed": 1, "houses_damaged": 3, "title": "(demo) glof event", "source_url": "", "severity_score": 27.36, "severity_class": "major"}}, {"type": "Feature", "geometry": {"type": "Point", "coordinates": [85.5981, 27.9982]}, "properties": {"id": "demo-140", "source": "demo", "date": "2016-06-26", "date_precision": "day", "year": 2016, "month": 6, "hazard": "debris_flow", "hazard_raw": "debris_flow", "district": null, "lon": 85.5981, "lat": 27.9982, "geo_precision": "exact", "deaths": 7, "missing": 1, "injured": 9, "people_affected": 0, "houses_destroyed": 0, "houses_damaged": 0, "title": "(demo) debris_flow event", "source_url": "", "severity_score": 49.0, "severity_class": "major"}}, {"type": "Feature", "geometry": {"type": "Point", "coordinates": [86.3311, 28.072]}, "properties": {"id": "demo-141", "source": "demo", "date": "2009-07-13", "date_precision": "day", "year": 2009, "month": 7, "hazard": "glof", "hazard_raw": "glof", "district": null, "lon": 86.3311, "lat": 28.072, "geo_precision": "exact", "deaths": 12, "missing": 3, "injured": 15, "people_affected": 111, "houses_destroyed": 23, "houses_damaged": 86, "title": "(demo) glof event", "source_url": "", "severity_score": 99.12, "severity_class": "major"}}, {"type": "Feature", "geometry": {"type": "Point", "coordinates": [81.5692, 29.2616]}, "properties": {"id": "demo-142", "source": "demo", "date": "2012-08-13", "date_precision": "day", "year": 2012, "month": 8, "hazard": "landslide", "hazard_raw": "landslide", "district": null, "lon": 81.5692, "lat": 29.2616, "geo_precision": "exact", "deaths": 0, "missing": 0, "injured": 0, "people_affected": 0, "houses_destroyed": 0, "houses_damaged": 0, "title": "(demo) landslide event", "source_url": "", "severity_score": 0.0, "severity_class": "minor"}}, {"type": "Feature", "geometry": {"type": "Point", "coordinates": [81.2467, 29.4739]}, "properties": {"id": "demo-143", "source": "demo", "date": "2008-08-05", "date_precision": "day", "year": 2008, "month": 8, "hazard": "landslide", "hazard_raw": "landslide", "district": null, "lon": 81.2467, "lat": 29.4739, "geo_precision": "exact", "deaths": 0, "missing": 0, "injured": 0, "people_affected": 14, "houses_destroyed": 1, "houses_damaged": 2, "title": "(demo) landslide event", "source_url": "", "severity_score": 0.33, "severity_class": "small"}}, {"type": "Feature", "geometry": {"type": "Point", "coordinates": [84.4438, 27.6198]}, "properties": {"id": "demo-144", "source": "demo", "date": "1972-08-22", "date_precision": "day", "year": 1972, "month": 8, "hazard": "flood", "hazard_raw": "flood", "district": null, "lon": 84.4438, "lat": 27.6198, "geo_precision": "exact", "deaths": 0, "missing": 0, "injured": 0, "people_affected": 74, "houses_destroyed": 12, "houses_damaged": 34, "title": "(demo) flood event", "source_url": "", "severity_score": 4.25, "severity_class": "small"}}, {"type": "Feature", "geometry": {"type": "Point", "coordinates": [86.2599, 28.3203]}, "properties": {"id": "demo-145", "source": "demo", "date": "2013-07-23", "date_precision": "day", "year": 2013, "month": 7, "hazard": "glof", "hazard_raw": "glof", "district": null, "lon": 86.2599, "lat": 28.3203, "geo_precision": "exact", "deaths": 2, "missing": 0, "injured": 2, "people_affected": 0, "houses_destroyed": 0, "houses_damaged": 0, "title": "(demo) glof event", "source_url": "", "severity_score": 12.0, "severity_class": "moderate"}}, {"type": "Feature", "geometry": {"type": "Point", "coordinates": [84.203, 28.0611]}, "properties": {"id": "demo-146", "source": "demo", "date": "2011-07-13", "date_precision": "day", "year": 2011, "month": 7, "hazard": "landslide", "hazard_raw": "landslide", "district": null, "lon": 84.203, "lat": 28.0611, "geo_precision": "exact", "deaths": 1, "missing": 0, "injured": 1, "people_affected": 0, "houses_destroyed": 0, "houses_damaged": 0, "title": "(demo) landslide event", "source_url": "", "severity_score": 6.0, "severity_class": "moderate"}}, {"type": "Feature", "geometry": {"type": "Point", "coordinates": [83.99, 28.2896]}, "properties": {"id": "demo-147", "source": "demo", "date": "1994-07-14", "date_precision": "day", "year": 1994, "month": 7, "hazard": "landslide", "hazard_raw": "landslide", "district": null, "lon": 83.99, "lat": 28.2896, "geo_precision": "exact", "deaths": 0, "missing": 0, "injured": 0, "people_affected": 23, "houses_destroyed": 4, "houses_damaged": 6, "title": "(demo) landslide event", "source_url": "", "severity_score": 1.15, "severity_class": "small"}}, {"type": "Feature", "geometry": {"type": "Point", "coordinates": [85.779, 27.061]}, "properties": {"id": "demo-148", "source": "demo", "date": "1974-11-16", "date_precision": "day", "year": 1974, "month": 11, "hazard": "flood", "hazard_raw": "flood", "district": null, "lon": 85.779, "lat": 27.061, "geo_precision": "exact", "deaths": 0, "missing": 0, "injured": 0, "people_affected": 0, "houses_destroyed": 0, "houses_damaged": 0, "title": "(demo) flood event", "source_url": "", "severity_score": 0.0, "severity_class": "minor"}}, {"type": "Feature", "geometry": {"type": "Point", "coordinates": [85.4956, 28.0733]}, "properties": {"id": "demo-149", "source": "demo", "date": "2014-08-25", "date_precision": "day", "year": 2014, "month": 8, "hazard": "debris_flow", "hazard_raw": "debris_flow", "district": null, "lon": 85.4956, "lat": 28.0733, "geo_precision": "exact", "deaths": 1, "missing": 0, "injured": 0, "people_affected": 40, "houses_destroyed": 11, "houses_damaged": 38, "title": "(demo) debris_flow event", "source_url": "", "severity_score": 9.18, "severity_class": "moderate"}}, {"type": "Feature", "geometry": {"type": "Point", "coordinates": [86.6079, 28.1151]}, "properties": {"id": "demo-150", "source": "demo", "date": "2018-09-25", "date_precision": "day", "year": 2018, "month": 9, "hazard": "glof", "hazard_raw": "glof", "district": null, "lon": 86.6079, "lat": 28.1151, "geo_precision": "exact", "deaths": 0, "missing": 0, "injured": 0, "people_affected": 0, "houses_destroyed": 0, "houses_damaged": 0, "title": "(demo) glof event", "source_url": "", "severity_score": 0.0, "severity_class": "minor"}}, {"type": "Feature", "geometry": {"type": "Point", "coordinates": [82.5424, 29.6042]}, "properties": {"id": "demo-151", "source": "demo", "date": "2005-07-23", "date_precision": "day", "year": 2005, "month": 7, "hazard": "avalanche", "hazard_raw": "avalanche", "district": null, "lon": 82.5424, "lat": 29.6042, "geo_precision": "exact", "deaths": 0, "missing": 0, "injured": 0, "people_affected": 569, "houses_destroyed": 57, "houses_damaged": 185, "title": "(demo) avalanche event", "source_url": "", "severity_score": 21.79, "severity_class": "moderate"}}, {"type": "Feature", "geometry": {"type": "Point", "coordinates": [85.7123, 27.9495]}, "properties": {"id": "demo-152", "source": "demo", "date": "2010-09-25", "date_precision": "day", "year": 2010, "month": 9, "hazard": "debris_flow", "hazard_raw": "debris_flow", "district": null, "lon": 85.7123, "lat": 27.9495, "geo_precision": "exact", "deaths": 0, "missing": 0, "injured": 0, "people_affected": 0, "houses_destroyed": 0, "houses_damaged": 0, "title": "(demo) debris_flow event", "source_url": "", "severity_score": 0.0, "severity_class": "minor"}}, {"type": "Feature", "geometry": {"type": "Point", "coordinates": [87.1641, 27.0196]}, "properties": {"id": "demo-153", "source": "demo", "date": "2015-07-01", "date_precision": "day", "year": 2015, "month": 7, "hazard": "flood", "hazard_raw": "flood", "district": null, "lon": 87.1641, "lat": 27.0196, "geo_precision": "exact", "deaths": 13, "missing": 5, "injured": 22, "people_affected": 16, "houses_destroyed": 2, "houses_damaged": 4, "title": "(demo) flood event", "source_url": "", "severity_score": 112.63, "severity_class": "catastrophic"}}, {"type": "Feature", "geometry": {"type": "Point", "coordinates": [85.5807, 26.8027]}, "properties": {"id": "demo-154", "source": "demo", "date": "2002-09-22", "date_precision": "day", "year": 2002, "month": 9, "hazard": "flood", "hazard_raw": "flood", "district": null, "lon": 85.5807, "lat": 26.8027, "geo_precision": "exact", "deaths": 0, "missing": 0, "injured": 0, "people_affected": 0, "houses_destroyed": 0, "houses_damaged": 0, "title": "(demo) flood event", "source_url": "", "severity_score": 0.0, "severity_class": "minor"}}, {"type": "Feature", "geometry": {"type": "Point", "coordinates": [85.1716, 27.9532]}, "properties": {"id": "demo-155", "source": "demo", "date": "2002-08-01", "date_precision": "day", "year": 2002, "month": 8, "hazard": "landslide", "hazard_raw": "landslide", "district": null, "lon": 85.1716, "lat": 27.9532, "geo_precision": "exact", "deaths": 0, "missing": 0, "injured": 0, "people_affected": 0, "houses_destroyed": 0, "houses_damaged": 0, "title": "(demo) landslide event", "source_url": "", "severity_score": 0.0, "severity_class": "minor"}}, {"type": "Feature", "geometry": {"type": "Point", "coordinates": [86.7984, 28.0177]}, "properties": {"id": "demo-156", "source": "demo", "date": "2017-09-04", "date_precision": "day", "year": 2017, "month": 9, "hazard": "glof", "hazard_raw": "glof", "district": null, "lon": 86.7984, "lat": 28.0177, "geo_precision": "exact", "deaths": 17, "missing": 0, "injured": 33, "people_affected": 0, "houses_destroyed": 0, "houses_damaged": 0, "title": "(demo) glof event", "source_url": "", "severity_score": 118.0, "severity_class": "catastrophic"}}, {"type": "Feature", "geometry": {"type": "Point", "coordinates": [85.2049, 27.8091]}, "properties": {"id": "demo-157", "source": "demo", "date": "2018-05-14", "date_precision": "day", "year": 2018, "month": 5, "hazard": "landslide", "hazard_raw": "landslide", "district": null, "lon": 85.2049, "lat": 27.8091, "geo_precision": "exact", "deaths": 0, "missing": 0, "injured": 0, "people_affected": 10, "houses_destroyed": 1, "houses_damaged": 2, "title": "(demo) landslide event", "source_url": "", "severity_score": 0.32, "severity_class": "small"}}, {"type": "Feature", "geometry": {"type": "Point", "coordinates": [85.2802, 28.1162]}, "properties": {"id": "demo-158", "source": "demo", "date": "2006-08-24", "date_precision": "day", "year": 2006, "month": 8, "hazard": "debris_flow", "hazard_raw": "debris_flow", "district": null, "lon": 85.2802, "lat": 28.1162, "geo_precision": "exact", "deaths": 7, "missing": 0, "injured": 8, "people_affected": 0, "houses_destroyed": 0, "houses_damaged": 0, "title": "(demo) debris_flow event", "source_url": "", "severity_score": 43.0, "severity_class": "major"}}, {"type": "Feature", "geometry": {"type": "Point", "coordinates": [85.9563, 26.7861]}, "properties": {"id": "demo-159", "source": "demo", "date": "2015-08-03", "date_precision": "day", "year": 2015, "month": 8, "hazard": "flash_flood", "hazard_raw": "flash_flood", "district": null, "lon": 85.9563, "lat": 26.7861, "geo_precision": "exact", "deaths": 0, "missing": 0, "injured": 0, "people_affected": 305, "houses_destroyed": 93, "houses_damaged": 307, "title": "(demo) flash_flood event", "source_url": "", "severity_score": 34.56, "severity_class": "major"}}, {"type": "Feature", "geometry": {"type": "Point", "coordinates": [84.1153, 28.5636]}, "properties": {"id": "demo-160", "source": "demo", "date": "2021-07-10", "date_precision": "day", "year": 2021, "month": 7, "hazard": "landslide", "hazard_raw": "landslide", "district": null, "lon": 84.1153, "lat": 28.5636, "geo_precision": "exact", "deaths": 0, "missing": 0, "injured": 0, "people_affected": 8, "houses_destroyed": 1, "houses_damaged": 1, "title": "(demo) landslide event", "source_url": "", "severity_score": 0.27, "severity_class": "small"}}, {"type": "Feature", "geometry": {"type": "Point", "coordinates": [85.6995, 28.3179]}, "properties": {"id": "demo-161", "source": "demo", "date": "2008-08-27", "date_precision": "day", "year": 2008, "month": 8, "hazard": "avalanche", "hazard_raw": "avalanche", "district": null, "lon": 85.6995, "lat": 28.3179, "geo_precision": "exact", "deaths": 0, "missing": 0, "injured": 0, "people_affected": 54, "houses_destroyed": 11, "houses_damaged": 41, "title": "(demo) avalanche event", "source_url": "", "severity_score": 4.36, "severity_class": "small"}}, {"type": "Feature", "geometry": {"type": "Point", "coordinates": [83.596, 28.4875]}, "properties": {"id": "demo-162", "source": "demo", "date": "2004-08-06", "date_precision": "day", "year": 2004, "month": 8, "hazard": "landslide", "hazard_raw": "landslide", "district": null, "lon": 83.596, "lat": 28.4875, "geo_precision": "exact", "deaths": 0, "missing": 0, "injured": 0, "people_affected": 0, "houses_destroyed": 0, "houses_damaged": 0, "title": "(demo) landslide event", "source_url": "", "severity_score": 0.0, "severity_class": "minor"}}, {"type": "Feature", "geometry": {"type": "Point", "coordinates": [84.0583, 28.0906]}, "properties": {"id": "demo-163", "source": "demo", "date": "2018-08-16", "date_precision": "day", "year": 2018, "month": 8, "hazard": "landslide", "hazard_raw": "landslide", "district": null, "lon": 84.0583, "lat": 28.0906, "geo_precision": "exact", "deaths": 0, "missing": 0, "injured": 0, "people_affected": 15, "houses_destroyed": 1, "houses_damaged": 2, "title": "(demo) landslide event", "source_url": "", "severity_score": 0.33, "severity_class": "small"}}, {"type": "Feature", "geometry": {"type": "Point", "coordinates": [81.6478, 29.2805]}, "properties": {"id": "demo-164", "source": "demo", "date": "2012-10-06", "date_precision": "day", "year": 2012, "month": 10, "hazard": "landslide", "hazard_raw": "landslide", "district": null, "lon": 81.6478, "lat": 29.2805, "geo_precision": "exact", "deaths": 4, "missing": 0, "injured": 3, "people_affected": 30, "houses_destroyed": 2, "houses_damaged": 4, "title": "(demo) landslide event", "source_url": "", "severity_score": 23.66, "severity_class": "moderate"}}, {"type": "Feature", "geometry": {"type": "Point", "coordinates": [86.2064, 27.0632]}, "properties": {"id": "demo-165", "source": "demo", "date": "2025-07-02", "date_precision": "day", "year": 2025, "month": 7, "hazard": "flood", "hazard_raw": "flood", "district": null, "lon": 86.2064, "lat": 27.0632, "geo_precision": "exact", "deaths": 0, "missing": 0, "injured": 0, "people_affected": 19, "houses_destroyed": 3, "houses_damaged": 3, "title": "(demo) flood event", "source_url": "", "severity_score": 0.79, "severity_class": "small"}}, {"type": "Feature", "geometry": {"type": "Point", "coordinates": [83.6325, 28.9032]}, "properties": {"id": "demo-166", "source": "demo", "date": "2002-07-25", "date_precision": "day", "year": 2002, "month": 7, "hazard": "flash_flood", "hazard_raw": "flash_flood", "district": null, "lon": 83.6325, "lat": 28.9032, "geo_precision": "exact", "deaths": 0, "missing": 0, "injured": 0, "people_affected": 255, "houses_destroyed": 18, "houses_damaged": 18, "title": "(demo) flash_flood event", "source_url": "", "severity_score": 5.01, "severity_class": "moderate"}}, {"type": "Feature", "geometry": {"type": "Point", "coordinates": [82.5222, 29.9891]}, "properties": {"id": "demo-167", "source": "demo", "date": "2001-12-05", "date_precision": "day", "year": 2001, "month": 12, "hazard": "landslide", "hazard_raw": "landslide", "district": null, "lon": 82.5222, "lat": 29.9891, "geo_precision": "exact", "deaths": 1, "missing": 0, "injured": 0, "people_affected": 5, "houses_destroyed": 1, "houses_damaged": 1, "title": "(demo) landslide event", "source_url": "", "severity_score": 5.26, "severity_class": "moderate"}}, {"type": "Feature", "geometry": {"type": "Point", "coordinates": [82.2159, 29.5187]}, "properties": {"id": "demo-168", "source": "demo", "date": "2013-12-08", "date_precision": "day", "year": 2013, "month": 12, "hazard": "avalanche", "hazard_raw": "avalanche", "district": null, "lon": 82.2159, "lat": 29.5187, "geo_precision": "exact", "deaths": 0, "missing": 0, "injured": 0, "people_affected": 32, "houses_destroyed": 2, "houses_damaged": 2, "title": "(demo) avalanche event", "source_url": "", "severity_score": 0.56, "severity_class": "small"}}, {"type": "Feature", "geometry": {"type": "Point", "coordinates": [84.1407, 28.3639]}, "properties": {"id": "demo-169", "source": "demo", "date": "2011-12-07", "date_precision": "day", "year": 2011, "month": 12, "hazard": "landslide", "hazard_raw": "landslide", "district": null, "lon": 84.1407, "lat": 28.3639, "geo_precision": "exact", "deaths": 0, "missing": 0, "injured": 0, "people_affected": 19, "houses_destroyed": 3, "houses_damaged": 8, "title": "(demo) landslide event", "source_url": "", "severity_score": 1.04, "severity_class": "small"}}, {"type": "Feature", "geometry": {"type": "Point", "coordinates": [82.4777, 29.6155]}, "properties": {"id": "demo-170", "source": "demo", "date": "2001-08-09", "date_precision": "day", "year": 2001, "month": 8, "hazard": "avalanche", "hazard_raw": "avalanche", "district": null, "lon": 82.4777, "lat": 29.6155, "geo_precision": "exact", "deaths": 1, "missing": 0, "injured": 1, "people_affected": 60, "houses_destroyed": 15, "houses_damaged": 20, "title": "(demo) avalanche event", "source_url": "", "severity_score": 10.12, "severity_class": "moderate"}}, {"type": "Feature", "geometry": {"type": "Point", "coordinates": [85.4207, 27.9119]}, "properties": {"id": "demo-171", "source": "demo", "date": "2011-10-03", "date_precision": "day", "year": 2011, "month": 10, "hazard": "landslide", "hazard_raw": "landslide", "district": null, "lon": 85.4207, "lat": 27.9119, "geo_precision": "exact", "deaths": 0, "missing": 0, "injured": 0, "people_affected": 0, "houses_destroyed": 0, "houses_damaged": 0, "title": "(demo) landslide event", "source_url": "", "severity_score": 0.0, "severity_class": "minor"}}, {"type": "Feature", "geometry": {"type": "Point", "coordinates": [82.3844, 29.5317]}, "properties": {"id": "demo-172", "source": "demo", "date": "2007-07-24", "date_precision": "day", "year": 2007, "month": 7, "hazard": "landslide", "hazard_raw": "landslide", "district": null, "lon": 82.3844, "lat": 29.5317, "geo_precision": "exact", "deaths": 0, "missing": 0, "injured": 0, "people_affected": 14, "houses_destroyed": 2, "houses_damaged": 5, "title": "(demo) landslide event", "source_url": "", "severity_score": 0.68, "severity_class": "small"}}, {"type": "Feature", "geometry": {"type": "Point", "coordinates": [86.1369, 26.7773]}, "properties": {"id": "demo-173", "source": "demo", "date": "2004-07-21", "date_precision": "day", "year": 2004, "month": 7, "hazard": "flood", "hazard_raw": "flood", "district": null, "lon": 86.1369, "lat": 26.7773, "geo_precision": "exact", "deaths": 1, "missing": 0, "injured": 1, "people_affected": 0, "houses_destroyed": 0, "houses_damaged": 0, "title": "(demo) flood event", "source_url": "", "severity_score": 6.0, "severity_class": "moderate"}}, {"type": "Feature", "geometry": {"type": "Point", "coordinates": [80.374, 28.7435]}, "properties": {"id": "demo-174", "source": "demo", "date": "2010-08-01", "date_precision": "day", "year": 2010, "month": 8, "hazard": "flood", "hazard_raw": "flood", "district": null, "lon": 80.374, "lat": 28.7435, "geo_precision": "exact", "deaths": 2, "missing": 0, "injured": 3, "people_affected": 0, "houses_destroyed": 0, "houses_damaged": 0, "title": "(demo) flood event", "source_url": "", "severity_score": 13.0, "severity_class": "moderate"}}, {"type": "Feature", "geometry": {"type": "Point", "coordinates": [86.0944, 27.8543]}, "properties": {"id": "demo-175", "source": "demo", "date": "2018-07-24", "date_precision": "day", "year": 2018, "month": 7, "hazard": "debris_flow", "hazard_raw": "debris_flow", "district": null, "lon": 86.0944, "lat": 27.8543, "geo_precision": "exact", "deaths": 2, "missing": 0, "injured": 2, "people_affected": 272, "houses_destroyed": 24, "houses_damaged": 46, "title": "(demo) debris_flow event", "source_url": "", "severity_score": 19.64, "severity_class": "moderate"}}, {"type": "Feature", "geometry": {"type": "Point", "coordinates": [83.9349, 28.1909]}, "properties": {"id": "demo-176", "source": "demo", "date": "2001-01-20", "date_precision": "day", "year": 2001, "month": 1, "hazard": "landslide", "hazard_raw": "landslide", "district": null, "lon": 83.9349, "lat": 28.1909, "geo_precision": "exact", "deaths": 0, "missing": 0, "injured": 0, "people_affected": 0, "houses_destroyed": 0, "houses_damaged": 0, "title": "(demo) landslide event", "source_url": "", "severity_score": 0.0, "severity_class": "minor"}}, {"type": "Feature", "geometry": {"type": "Point", "coordinates": [85.0368, 28.0249]}, "properties": {"id": "demo-177", "source": "demo", "date": "2021-07-04", "date_precision": "day", "year": 2021, "month": 7, "hazard": "debris_flow", "hazard_raw": "debris_flow", "district": null, "lon": 85.0368, "lat": 28.0249, "geo_precision": "exact", "deaths": 0, "missing": 0, "injured": 0, "people_affected": 18, "houses_destroyed": 1, "houses_damaged": 2, "title": "(demo) debris_flow event", "source_url": "", "severity_score": 0.34, "severity_class": "small"}}, {"type": "Feature", "geometry": {"type": "Point", "coordinates": [83.4726, 28.6973]}, "properties": {"id": "demo-178", "source": "demo", "date": "1990-06-06", "date_precision": "day", "year": 1990, "month": 6, "hazard": "landslide", "hazard_raw": "landslide", "district": null, "lon": 83.4726, "lat": 28.6973, "geo_precision": "exact", "deaths": 8, "missing": 1, "injured": 15, "people_affected": 454, "houses_destroyed": 29, "houses_damaged": 41, "title": "(demo) landslide event", "source_url": "", "severity_score": 68.76, "severity_class": "major"}}, {"type": "Feature", "geometry": {"type": "Point", "coordinates": [81.4516, 29.5062]}, "properties": {"id": "demo-179", "source": "demo", "date": "1976-08-24", "date_precision": "day", "year": 1976, "month": 8, "hazard": "landslide", "hazard_raw": "landslide", "district": null, "lon": 81.4516, "lat": 29.5062, "geo_precision": "exact", "deaths": 0, "missing": 0, "injured": 0, "people_affected": 28, "houses_destroyed": 3, "houses_damaged": 3, "title": "(demo) landslide event", "source_url": "", "severity_score": 0.81, "severity_class": "small"}}, {"type": "Feature", "geometry": {"type": "Point", "coordinates": [86.6953, 28.0931]}, "properties": {"id": "demo-180", "source": "demo", "date": "2012-04-16", "date_precision": "day", "year": 2012, "month": 4, "hazard": "glof", "hazard_raw": "glof", "district": null, "lon": 86.6953, "lat": 28.0931, "geo_precision": "exact", "deaths": 12, "missing": 3, "injured": 4, "people_affected": 1138, "houses_destroyed": 153, "houses_damaged": 162, "title": "(demo) glof event", "source_url": "", "severity_score": 119.98, "severity_class": "catastrophic"}}, {"type": "Feature", "geometry": {"type": "Point", "coordinates": [84.1107, 28.3461]}, "properties": {"id": "demo-181", "source": "demo", "date": "2017-04-03", "date_precision": "day", "year": 2017, "month": 4, "hazard": "landslide", "hazard_raw": "landslide", "district": null, "lon": 84.1107, "lat": 28.3461, "geo_precision": "exact", "deaths": 0, "missing": 0, "injured": 0, "people_affected": 0, "houses_destroyed": 0, "houses_damaged": 0, "title": "(demo) landslide event", "source_url": "", "severity_score": 0.0, "severity_class": "minor"}}, {"type": "Feature", "geometry": {"type": "Point", "coordinates": [87.2524, 26.5254]}, "properties": {"id": "demo-182", "source": "demo", "date": "2003-03-19", "date_precision": "day", "year": 2003, "month": 3, "hazard": "flash_flood", "hazard_raw": "flash_flood", "district": null, "lon": 87.2524, "lat": 26.5254, "geo_precision": "exact", "deaths": 1, "missing": 0, "injured": 1, "people_affected": 37, "houses_destroyed": 8, "houses_damaged": 19, "title": "(demo) flash_flood event", "source_url": "", "severity_score": 8.62, "severity_class": "moderate"}}, {"type": "Feature", "geometry": {"type": "Point", "coordinates": [81.5899, 29.3639]}, "properties": {"id": "demo-183", "source": "demo", "date": "2025-05-26", "date_precision": "day", "year": 2025, "month": 5, "hazard": "landslide", "hazard_raw": "landslide", "district": null, "lon": 81.5899, "lat": 29.3639, "geo_precision": "exact", "deaths": 0, "missing": 0, "injured": 0, "people_affected": 42, "houses_destroyed": 4, "houses_damaged": 8, "title": "(demo) landslide event", "source_url": "", "severity_score": 1.28, "severity_class": "small"}}, {"type": "Feature", "geometry": {"type": "Point", "coordinates": [85.8551, 27.2037]}, "properties": {"id": "demo-184", "source": "demo", "date": "2007-03-25", "date_precision": "day", "year": 2007, "month": 3, "hazard": "flood", "hazard_raw": "flood", "district": null, "lon": 85.8551, "lat": 27.2037, "geo_precision": "exact", "deaths": 0, "missing": 0, "injured": 0, "people_affected": 0, "houses_destroyed": 0, "houses_damaged": 0, "title": "(demo) flood event", "source_url": "", "severity_score": 0.0, "severity_class": "minor"}}, {"type": "Feature", "geometry": {"type": "Point", "coordinates": [85.0116, 28.1289]}, "properties": {"id": "demo-185", "source": "demo", "date": "2001-08-08", "date_precision": "day", "year": 2001, "month": 8, "hazard": "flash_flood", "hazard_raw": "flash_flood", "district": null, "lon": 85.0116, "lat": 28.1289, "geo_precision": "exact", "deaths": 7, "missing": 1, "injured": 9, "people_affected": 0, "houses_destroyed": 0, "houses_damaged": 0, "title": "(demo) flash_flood event", "source_url": "", "severity_score": 49.0, "severity_class": "major"}}, {"type": "Feature", "geometry": {"type": "Point", "coordinates": [86.7735, 27.9017]}, "properties": {"id": "demo-186", "source": "demo", "date": "2021-07-27", "date_precision": "day", "year": 2021, "month": 7, "hazard": "landslide", "hazard_raw": "landslide", "district": null, "lon": 86.7735, "lat": 27.9017, "geo_precision": "exact", "deaths": 3, "missing": 0, "injured": 2, "people_affected": 0, "houses_destroyed": 0, "houses_damaged": 0, "title": "(demo) landslide event", "source_url": "", "severity_score": 17.0, "severity_class": "moderate"}}, {"type": "Feature", "geometry": {"type": "Point", "coordinates": [85.9383, 26.8874]}, "properties": {"id": "demo-187", "source": "demo", "date": "2015-08-17", "date_precision": "day", "year": 2015, "month": 8, "hazard": "flood", "hazard_raw": "flood", "district": null, "lon": 85.9383, "lat": 26.8874, "geo_precision": "exact", "deaths": 0, "missing": 0, "injured": 0, "people_affected": 16, "houses_destroyed": 1, "houses_damaged": 1, "title": "(demo) flood event", "source_url": "", "severity_score": 0.28, "severity_class": "small"}}, {"type": "Feature", "geometry": {"type": "Point", "coordinates": [85.0494, 28.0174]}, "properties": {"id": "demo-188", "source": "demo", "date": "2020-07-20", "date_precision": "day", "year": 2020, "month": 7, "hazard": "debris_flow", "hazard_raw": "debris_flow", "district": null, "lon": 85.0494, "lat": 28.0174, "geo_precision": "exact", "deaths": 0, "missing": 0, "injured": 0, "people_affected": 0, "houses_destroyed": 0, "houses_damaged": 0, "title": "(demo) debris_flow event", "source_url": "", "severity_score": 0.0, "severity_class": "minor"}}, {"type": "Feature", "geometry": {"type": "Point", "coordinates": [85.3652, 27.7005]}, "properties": {"id": "demo-189", "source": "demo", "date": "2023-09-10", "date_precision": "day", "year": 2023, "month": 9, "hazard": "debris_flow", "hazard_raw": "debris_flow", "district": null, "lon": 85.3652, "lat": 27.7005, "geo_precision": "exact", "deaths": 1, "missing": 0, "injured": 1, "people_affected": 170, "houses_destroyed": 10, "houses_damaged": 23, "title": "(demo) debris_flow event", "source_url": "", "severity_score": 9.49, "severity_class": "moderate"}}, {"type": "Feature", "geometry": {"type": "Point", "coordinates": [86.156, 26.9919]}, "properties": {"id": "demo-190", "source": "demo", "date": "2023-07-16", "date_precision": "day", "year": 2023, "month": 7, "hazard": "flood", "hazard_raw": "flood", "district": null, "lon": 86.156, "lat": 26.9919, "geo_precision": "exact", "deaths": 0, "missing": 0, "injured": 0, "people_affected": 45, "houses_destroyed": 13, "houses_damaged": 47, "title": "(demo) flood event", "source_url": "", "severity_score": 5.04, "severity_class": "moderate"}}, {"type": "Feature", "geometry": {"type": "Point", "coordinates": [81.6879, 29.3147]}, "properties": {"id": "demo-191", "source": "demo", "date": "1974-08-09", "date_precision": "day", "year": 1974, "month": 8, "hazard": "landslide", "hazard_raw": "landslide", "district": null, "lon": 81.6879, "lat": 29.3147, "geo_precision": "exact", "deaths": 0, "missing": 0, "injured": 0, "people_affected": 0, "houses_destroyed": 0, "houses_damaged": 0, "title": "(demo) landslide event", "source_url": "", "severity_score": 0.0, "severity_class": "minor"}}, {"type": "Feature", "geometry": {"type": "Point", "coordinates": [80.5019, 28.8774]}, "properties": {"id": "demo-192", "source": "demo", "date": "1987-08-10", "date_precision": "day", "year": 1987, "month": 8, "hazard": "flood", "hazard_raw": "flood", "district": null, "lon": 80.5019, "lat": 28.8774, "geo_precision": "exact", "deaths": 23, "missing": 1, "injured": 32, "people_affected": 4247, "houses_destroyed": 240, "houses_damaged": 609, "title": "(demo) flood event", "source_url": "", "severity_score": 238.94, "severity_class": "catastrophic"}}, {"type": "Feature", "geometry": {"type": "Point", "coordinates": [85.4164, 28.1229]}, "properties": {"id": "demo-193", "source": "demo", "date": "2022-01-09", "date_precision": "day", "year": 2022, "month": 1, "hazard": "flood", "hazard_raw": "flood", "district": null, "lon": 85.4164, "lat": 28.1229, "geo_precision": "exact", "deaths": 3, "missing": 0, "injured": 2, "people_affected": 0, "houses_destroyed": 0, "houses_damaged": 0, "title": "(demo) flood event", "source_url": "", "severity_score": 17.0, "severity_class": "moderate"}}, {"type": "Feature", "geometry": {"type": "Point", "coordinates": [83.8883, 28.8648]}, "properties": {"id": "demo-194", "source": "demo", "date": "2013-12-27", "date_precision": "day", "year": 2013, "month": 12, "hazard": "flash_flood", "hazard_raw": "flash_flood", "district": null, "lon": 83.8883, "lat": 28.8648, "geo_precision": "exact", "deaths": 2, "missing": 0, "injured": 3, "people_affected": 458, "houses_destroyed": 26, "houses_damaged": 75, "title": "(demo) flash_flood event", "source_url": "", "severity_score": 22.87, "severity_class": "moderate"}}, {"type": "Feature", "geometry": {"type": "Point", "coordinates": [85.795, 26.8158]}, "properties": {"id": "demo-195", "source": "demo", "date": "2004-09-02", "date_precision": "day", "year": 2004, "month": 9, "hazard": "avalanche", "hazard_raw": "avalanche", "district": null, "lon": 85.795, "lat": 26.8158, "geo_precision": "exact", "deaths": 0, "missing": 0, "injured": 0, "people_affected": 0, "houses_destroyed": 0, "houses_damaged": 0, "title": "(demo) avalanche event", "source_url": "", "severity_score": 0.0, "severity_class": "minor"}}, {"type": "Feature", "geometry": {"type": "Point", "coordinates": [87.2492, 26.4391]}, "properties": {"id": "demo-196", "source": "demo", "date": "2007-09-11", "date_precision": "day", "year": 2007, "month": 9, "hazard": "flood", "hazard_raw": "flood", "district": null, "lon": 87.2492, "lat": 26.4391, "geo_precision": "exact", "deaths": 0, "missing": 0, "injured": 0, "people_affected": 0, "houses_destroyed": 0, "houses_damaged": 0, "title": "(demo) flood event", "source_url": "", "severity_score": 0.0, "severity_class": "minor"}}, {"type": "Feature", "geometry": {"type": "Point", "coordinates": [86.6142, 28.1537]}, "properties": {"id": "demo-197", "source": "demo", "date": "2018-06-26", "date_precision": "day", "year": 2018, "month": 6, "hazard": "avalanche", "hazard_raw": "avalanche", "district": null, "lon": 86.6142, "lat": 28.1537, "geo_precision": "exact", "deaths": 5, "missing": 1, "injured": 5, "people_affected": 559, "houses_destroyed": 60, "houses_damaged": 219, "title": "(demo) avalanche event", "source_url": "", "severity_score": 59.07, "severity_class": "major"}}, {"type": "Feature", "geometry": {"type": "Point", "coordinates": [83.8075, 28.6048]}, "properties": {"id": "demo-198", "source": "demo", "date": "2026-08-19", "date_precision": "day", "year": 2026, "month": 8, "hazard": "flash_flood", "hazard_raw": "flash_flood", "district": null, "lon": 83.8075, "lat": 28.6048, "geo_precision": "exact", "deaths": 0, "missing": 0, "injured": 0, "people_affected": 89, "houses_destroyed": 14, "houses_damaged": 19, "title": "(demo) flash_flood event", "source_url": "", "severity_score": 3.93, "severity_class": "small"}}, {"type": "Feature", "geometry": {"type": "Point", "coordinates": [87.4351, 26.6425]}, "properties": {"id": "demo-199", "source": "demo", "date": "2026-08-25", "date_precision": "day", "year": 2026, "month": 8, "hazard": "debris_flow", "hazard_raw": "debris_flow", "district": null, "lon": 87.4351, "lat": 26.6425, "geo_precision": "exact", "deaths": 0, "missing": 0, "injured": 0, "people_affected": 65, "houses_destroyed": 4, "houses_damaged": 5, "title": "(demo) debris_flow event", "source_url": "", "severity_score": 1.18, "severity_class": "small"}}, {"type": "Feature", "geometry": {"type": "Point", "coordinates": [85.0016, 27.9006]}, "properties": {"id": "demo-200", "source": "demo", "date": "2015-07-02", "date_precision": "day", "year": 2015, "month": 7, "hazard": "debris_flow", "hazard_raw": "debris_flow", "district": null, "lon": 85.0016, "lat": 27.9006, "geo_precision": "exact", "deaths": 2, "missing": 0, "injured": 3, "people_affected": 23, "houses_destroyed": 5, "houses_damaged": 9, "title": "(demo) debris_flow event", "source_url": "", "severity_score": 14.5, "severity_class": "moderate"}}, {"type": "Feature", "geometry": {"type": "Point", "coordinates": [85.8199, 28.4585]}, "properties": {"id": "demo-201", "source": "demo", "date": "1990-07-17", "date_precision": "day", "year": 1990, "month": 7, "hazard": "flash_flood", "hazard_raw": "flash_flood", "district": null, "lon": 85.8199, "lat": 28.4585, "geo_precision": "exact", "deaths": 0, "missing": 0, "injured": 0, "people_affected": 0, "houses_destroyed": 0, "houses_damaged": 0, "title": "(demo) flash_flood event", "source_url": "", "severity_score": 0.0, "severity_class": "minor"}}, {"type": "Feature", "geometry": {"type": "Point", "coordinates": [86.8302, 28.4372]}, "properties": {"id": "demo-202", "source": "demo", "date": "1984-08-06", "date_precision": "day", "year": 1984, "month": 8, "hazard": "landslide", "hazard_raw": "landslide", "district": null, "lon": 86.8302, "lat": 28.4372, "geo_precision": "exact", "deaths": 0, "missing": 0, "injured": 0, "people_affected": 152, "houses_destroyed": 40, "houses_damaged": 111, "title": "(demo) landslide event", "source_url": "", "severity_score": 13.85, "severity_class": "moderate"}}, {"type": "Feature", "geometry": {"type": "Point", "coordinates": [83.8725, 28.0556]}, "properties": {"id": "demo-203", "source": "demo", "date": "2008-07-05", "date_precision": "day", "year": 2008, "month": 7, "hazard": "landslide", "hazard_raw": "landslide", "district": null, "lon": 83.8725, "lat": 28.0556, "geo_precision": "exact", "deaths": 0, "missing": 0, "injured": 0, "people_affected": 23, "houses_destroyed": 2, "houses_damaged": 7, "title": "(demo) landslide event", "source_url": "", "severity_score": 0.8, "severity_class": "small"}}, {"type": "Feature", "geometry": {"type": "Point", "coordinates": [83.7201, 28.7998]}, "properties": {"id": "demo-204", "source": "demo", "date": "1983-09-27", "date_precision": "day", "year": 1983, "month": 9, "hazard": "flash_flood", "hazard_raw": "flash_flood", "district": null, "lon": 83.7201, "lat": 28.7998, "geo_precision": "exact", "deaths": 0, "missing": 0, "injured": 0, "people_affected": 8, "houses_destroyed": 1, "houses_damaged": 3, "title": "(demo) flash_flood event", "source_url": "", "severity_score": 0.37, "severity_class": "small"}}, {"type": "Feature", "geometry": {"type": "Point", "coordinates": [85.4348, 27.7611]}, "properties": {"id": "demo-205", "source": "demo", "date": "2007-08-05", "date_precision": "day", "year": 2007, "month": 8, "hazard": "landslide", "hazard_raw": "landslide", "district": null, "lon": 85.4348, "lat": 27.7611, "geo_precision": "exact", "deaths": 0, "missing": 0, "injured": 0, "people_affected": 0, "houses_destroyed": 0, "houses_damaged": 0, "title": "(demo) landslide event", "source_url": "", "severity_score": 0.0, "severity_class": "minor"}}, {"type": "Feature", "geometry": {"type": "Point", "coordinates": [85.3562, 27.7604]}, "properties": {"id": "demo-206", "source": "demo", "date": "2021-07-24", "date_precision": "day", "year": 2021, "month": 7, "hazard": "landslide", "hazard_raw": "landslide", "district": null, "lon": 85.3562, "lat": 27.7604, "geo_precision": "exact", "deaths": 2, "missing": 0, "injured": 3, "people_affected": 0, "houses_destroyed": 0, "houses_damaged": 0, "title": "(demo) landslide event", "source_url": "", "severity_score": 13.0, "severity_class": "moderate"}}, {"type": "Feature", "geometry": {"type": "Point", "coordinates": [84.1968, 28.1801]}, "properties": {"id": "demo-207", "source": "demo", "date": "1995-07-14", "date_precision": "day", "year": 1995, "month": 7, "hazard": "landslide", "hazard_raw": "landslide", "district": null, "lon": 84.1968, "lat": 28.1801, "geo_precision": "exact", "deaths": 0, "missing": 0, "injured": 0, "people_affected": 39, "houses_destroyed": 3, "houses_damaged": 6, "title": "(demo) landslide event", "source_url": "", "severity_score": 0.98, "severity_class": "small"}}, {"type": "Feature", "geometry": {"type": "Point", "coordinates": [84.9438, 28.1333]}, "properties": {"id": "demo-208", "source": "demo", "date": "2020-07-01", "date_precision": "day", "year": 2020, "month": 7, "hazard": "debris_flow", "hazard_raw": "debris_flow", "district": null, "lon": 84.9438, "lat": 28.1333, "geo_precision": "exact", "deaths": 0, "missing": 0, "injured": 0, "people_affected": 77, "houses_destroyed": 24, "houses_damaged": 71, "title": "(demo) debris_flow event", "source_url": "", "severity_score": 8.5, "severity_class": "moderate"}}, {"type": "Feature", "geometry": {"type": "Point", "coordinates": [81.9798, 29.4544]}, "properties": {"id": "demo-209", "source": "demo", "date": "2013-09-17", "date_precision": "day", "year": 2013, "month": 9, "hazard": "flash_flood", "hazard_raw": "flash_flood", "district": null, "lon": 81.9798, "lat": 29.4544, "geo_precision": "exact", "deaths": 1, "missing": 0, "injured": 1, "people_affected": 69, "houses_destroyed": 4, "houses_damaged": 8, "title": "(demo) flash_flood event", "source_url": "", "severity_score": 7.34, "severity_class": "moderate"}}, {"type": "Feature", "geometry": {"type": "Point", "coordinates": [86.2118, 28.2273]}, "properties": {"id": "demo-210", "source": "demo", "date": "2003-09-28", "date_precision": "day", "year": 2003, "month": 9, "hazard": "flood", "hazard_raw": "flood", "district": null, "lon": 86.2118, "lat": 28.2273, "geo_precision": "exact", "deaths": 0, "missing": 0, "injured": 0, "people_affected": 0, "houses_destroyed": 0, "houses_damaged": 0, "title": "(demo) flood event", "source_url": "", "severity_score": 0.0, "severity_class": "minor"}}, {"type": "Feature", "geometry": {"type": "Point", "coordinates": [81.8132, 29.6231]}, "properties": {"id": "demo-211", "source": "demo", "date": "2015-07-04", "date_precision": "day", "year": 2015, "month": 7, "hazard": "avalanche", "hazard_raw": "avalanche", "district": null, "lon": 81.8132, "lat": 29.6231, "geo_precision": "exact", "deaths": 0, "missing": 0, "injured": 0, "people_affected": 18, "houses_destroyed": 1, "houses_damaged": 2, "title": "(demo) avalanche event", "source_url": "", "severity_score": 0.34, "severity_class": "small"}}, {"type": "Feature", "geometry": {"type": "Point", "coordinates": [85.235, 27.8547]}, "properties": {"id": "demo-212", "source": "demo", "date": "1994-09-28", "date_precision": "day", "year": 1994, "month": 9, "hazard": "flash_flood", "hazard_raw": "flash_flood", "district": null, "lon": 85.235, "lat": 27.8547, "geo_precision": "exact", "deaths": 0, "missing": 0, "injured": 0, "people_affected": 101, "houses_destroyed": 15, "houses_damaged": 49, "title": "(demo) flash_flood event", "source_url": "", "severity_score": 5.65, "severity_class": "moderate"}}, {"type": "Feature", "geometry": {"type": "Point", "coordinates": [83.6847, 27.3363]}, "properties": {"id": "demo-213", "source": "demo", "date": "2006-07-23", "date_precision": "day", "year": 2006, "month": 7, "hazard": "flood", "hazard_raw": "flood", "district": null, "lon": 83.6847, "lat": 27.3363, "geo_precision": "exact", "deaths": 6, "missing": 0, "injured": 4, "people_affected": 0, "houses_destroyed": 0, "houses_damaged": 0, "title": "(demo) flood event", "source_url": "", "severity_score": 34.0, "severity_class": "major"}}, {"type": "Feature", "geometry": {"type": "Point", "coordinates": [81.8294, 29.6244]}, "properties": {"id": "demo-214", "source": "demo", "date": "2016-07-25", "date_precision": "day", "year": 2016, "month": 7, "hazard": "avalanche", "hazard_raw": "avalanche", "district": null, "lon": 81.8294, "lat": 29.6244, "geo_precision": "exact", "deaths": 0, "missing": 0, "injured": 0, "people_affected": 144, "houses_destroyed": 12, "houses_damaged": 29, "title": "(demo) avalanche event", "source_url": "", "severity_score": 4.14, "severity_class": "small"}}, {"type": "Feature", "geometry": {"type": "Point", "coordinates": [84.9812, 27.807]}, "properties": {"id": "demo-215", "source": "demo", "date": "2003-09-06", "date_precision": "day", "year": 2003, "month": 9, "hazard": "landslide", "hazard_raw": "landslide", "district": null, "lon": 84.9812, "lat": 27.807, "geo_precision": "exact", "deaths": 0, "missing": 0, "injured": 0, "people_affected": 0, "houses_destroyed": 0, "houses_damaged": 0, "title": "(demo) landslide event", "source_url": "", "severity_score": 0.0, "severity_class": "minor"}}, {"type": "Feature", "geometry": {"type": "Point", "coordinates": [82.3439, 29.2037]}, "properties": {"id": "demo-216", "source": "demo", "date": "1999-05-20", "date_precision": "day", "year": 1999, "month": 5, "hazard": "landslide", "hazard_raw": "landslide", "district": null, "lon": 82.3439, "lat": 29.2037, "geo_precision": "exact", "deaths": 0, "missing": 0, "injured": 0, "people_affected": 0, "houses_destroyed": 0, "houses_damaged": 0, "title": "(demo) landslide event", "source_url": "", "severity_score": 0.0, "severity_class": "minor"}}, {"type": "Feature", "geometry": {"type": "Point", "coordinates": [83.7515, 28.7094]}, "properties": {"id": "demo-217", "source": "demo", "date": "2016-08-06", "date_precision": "day", "year": 2016, "month": 8, "hazard": "flood", "hazard_raw": "flood", "district": null, "lon": 83.7515, "lat": 28.7094, "geo_precision": "exact", "deaths": 2, "missing": 0, "injured": 2, "people_affected": 161, "houses_destroyed": 16, "houses_damaged": 48, "title": "(demo) flood event", "source_url": "", "severity_score": 17.92, "severity_class": "moderate"}}, {"type": "Feature", "geometry": {"type": "Point", "coordinates": [86.7606, 27.8333]}, "properties": {"id": "demo-218", "source": "demo", "date": "2000-07-02", "date_precision": "day", "year": 2000, "month": 7, "hazard": "flood", "hazard_raw": "flood", "district": null, "lon": 86.7606, "lat": 27.8333, "geo_precision": "exact", "deaths": 0, "missing": 0, "injured": 0, "people_affected": 8, "houses_destroyed": 1, "houses_damaged": 3, "title": "(demo) flood event", "source_url": "", "severity_score": 0.37, "severity_class": "small"}}, {"type": "Feature", "geometry": {"type": "Point", "coordinates": [85.106, 28.1863]}, "properties": {"id": "demo-219", "source": "demo", "date": "2010-09-24", "date_precision": "day", "year": 2010, "month": 9, "hazard": "debris_flow", "hazard_raw": "debris_flow", "district": null, "lon": 85.106, "lat": 28.1863, "geo_precision": "exact", "deaths": 0, "missing": 0, "injured": 0, "people_affected": 7, "houses_destroyed": 2, "houses_damaged": 6, "title": "(demo) debris_flow event", "source_url": "", "severity_score": 0.71, "severity_class": "small"}}, {"type": "Feature", "geometry": {"type": "Point", "coordinates": [88.0159, 26.5327]}, "properties": {"id": "demo-220", "source": "demo", "date": "1991-03-24", "date_precision": "day", "year": 1991, "month": 3, "hazard": "flood", "hazard_raw": "flood", "district": null, "lon": 88.0159, "lat": 26.5327, "geo_precision": "exact", "deaths": 5, "missing": 1, "injured": 7, "people_affected": 0, "houses_destroyed": 0, "houses_damaged": 0, "title": "(demo) flood event", "source_url": "", "severity_score": 37.0, "severity_class": "major"}}, {"type": "Feature", "geometry": {"type": "Point", "coordinates": [85.5312, 28.0964]}, "properties": {"id": "demo-221", "source": "demo", "date": "2021-04-06", "date_precision": "day", "year": 2021, "month": 4, "hazard": "landslide", "hazard_raw": "landslide", "district": null, "lon": 85.5312, "lat": 28.0964, "geo_precision": "exact", "deaths": 0, "missing": 0, "injured": 0, "people_affected": 14, "houses_destroyed": 4, "houses_damaged": 15, "title": "(demo) landslide event", "source_url": "", "severity_score": 1.58, "severity_class": "small"}}, {"type": "Feature", "geometry": {"type": "Point", "coordinates": [87.317, 28.0967]}, "properties": {"id": "demo-222", "source": "demo", "date": "2010-09-10", "date_precision": "day", "year": 2010, "month": 9, "hazard": "avalanche", "hazard_raw": "avalanche", "district": null, "lon": 87.317, "lat": 28.0967, "geo_precision": "exact", "deaths": 0, "missing": 0, "injured": 0, "people_affected": 0, "houses_destroyed": 0, "houses_damaged": 0, "title": "(demo) avalanche event", "source_url": "", "severity_score": 0.0, "severity_class": "minor"}}, {"type": "Feature", "geometry": {"type": "Point", "coordinates": [87.0667, 26.7346]}, "properties": {"id": "demo-223", "source": "demo", "date": "1984-07-10", "date_precision": "day", "year": 1984, "month": 7, "hazard": "flood", "hazard_raw": "flood", "district": null, "lon": 87.0667, "lat": 26.7346, "geo_precision": "exact", "deaths": 7, "missing": 2, "injured": 2, "people_affected": 158, "houses_destroyed": 15, "houses_damaged": 45, "title": "(demo) flood event", "source_url": "", "severity_score": 52.57, "severity_class": "major"}}, {"type": "Feature", "geometry": {"type": "Point", "coordinates": [86.7031, 28.0256]}, "properties": {"id": "demo-224", "source": "demo", "date": "2025-11-13", "date_precision": "day", "year": 2025, "month": 11, "hazard": "debris_flow", "hazard_raw": "debris_flow", "district": null, "lon": 86.7031, "lat": 28.0256, "geo_precision": "exact", "deaths": 0, "missing": 0, "injured": 0, "people_affected": 42, "houses_destroyed": 5, "houses_damaged": 14, "title": "(demo) debris_flow event", "source_url": "", "severity_score": 1.78, "severity_class": "small"}}, {"type": "Feature", "geometry": {"type": "Point", "coordinates": [84.3149, 28.1561]}, "properties": {"id": "demo-225", "source": "demo", "date": "1971-06-21", "date_precision": "day", "year": 1971, "month": 6, "hazard": "landslide", "hazard_raw": "landslide", "district": null, "lon": 84.3149, "lat": 28.1561, "geo_precision": "exact", "deaths": 2, "missing": 0, "injured": 3, "people_affected": 237, "houses_destroyed": 17, "houses_damaged": 56, "title": "(demo) landslide event", "source_url": "", "severity_score": 19.67, "severity_class": "moderate"}}, {"type": "Feature", "geometry": {"type": "Point", "coordinates": [83.7368, 28.2464]}, "properties": {"id": "demo-226", "source": "demo", "date": "2005-09-18", "date_precision": "day", "year": 2005, "month": 9, "hazard": "landslide", "hazard_raw": "landslide", "district": null, "lon": 83.7368, "lat": 28.2464, "geo_precision": "exact", "deaths": 0, "missing": 0, "injured": 0, "people_affected": 45, "houses_destroyed": 3, "houses_damaged": 3, "title": "(demo) landslide event", "source_url": "", "severity_score": 0.84, "severity_class": "small"}}, {"type": "Feature", "geometry": {"type": "Point", "coordinates": [83.947, 28.1508]}, "properties": {"id": "demo-227", "source": "demo", "date": "2003-04-26", "date_precision": "day", "year": 2003, "month": 4, "hazard": "flood", "hazard_raw": "flood", "district": null, "lon": 83.947, "lat": 28.1508, "geo_precision": "exact", "deaths": 2, "missing": 0, "injured": 0, "people_affected": 26, "houses_destroyed": 4, "houses_damaged": 5, "title": "(demo) flood event", "source_url": "", "severity_score": 11.1, "severity_class": "moderate"}}, {"type": "Feature", "geometry": {"type": "Point", "coordinates": [86.6534, 27.7579]}, "properties": {"id": "demo-228", "source": "demo", "date": "2011-05-22", "date_precision": "day", "year": 2011, "month": 5, "hazard": "glof", "hazard_raw": "glof", "district": null, "lon": 86.6534, "lat": 27.7579, "geo_precision": "exact", "deaths": 4, "missing": 0, "injured": 6, "people_affected": 283, "houses_destroyed": 43, "houses_damaged": 136, "title": "(demo) glof event", "source_url": "", "severity_score": 41.97, "severity_class": "major"}}, {"type": "Feature", "geometry": {"type": "Point", "coordinates": [86.805, 28.0758]}, "properties": {"id": "demo-229", "source": "demo", "date": "2024-06-04", "date_precision": "day", "year": 2024, "month": 6, "hazard": "flood", "hazard_raw": "flood", "district": null, "lon": 86.805, "lat": 28.0758, "geo_precision": "exact", "deaths": 1, "missing": 0, "injured": 1, "people_affected": 41, "houses_destroyed": 8, "houses_damaged": 15, "title": "(demo) flood event", "source_url": "", "severity_score": 8.43, "severity_class": "moderate"}}, {"type": "Feature", "geometry": {"type": "Point", "coordinates": [85.8567, 28.3394]}, "properties": {"id": "demo-230", "source": "demo", "date": "2014-07-22", "date_precision": "day", "year": 2014, "month": 7, "hazard": "glof", "hazard_raw": "glof", "district": null, "lon": 85.8567, "lat": 28.3394, "geo_precision": "exact", "deaths": 3, "missing": 0, "injured": 0, "people_affected": 642, "houses_destroyed": 95, "houses_damaged": 165, "title": "(demo) glof event", "source_url": "", "severity_score": 43.53, "severity_class": "major"}}, {"type": "Feature", "geometry": {"type": "Point", "coordinates": [86.2818, 28.1365]}, "properties": {"id": "demo-231", "source": "demo", "date": "1992-07-12", "date_precision": "day", "year": 1992, "month": 7, "hazard": "landslide", "hazard_raw": "landslide", "district": null, "lon": 86.2818, "lat": 28.1365, "geo_precision": "exact", "deaths": 0, "missing": 0, "injured": 0, "people_affected": 6, "houses_destroyed": 1, "houses_damaged": 3, "title": "(demo) landslide event", "source_url": "", "severity_score": 0.36, "severity_class": "small"}}, {"type": "Feature", "geometry": {"type": "Point", "coordinates": [86.5983, 27.9642]}, "properties": {"id": "demo-232", "source": "demo", "date": "2003-08-27", "date_precision": "day", "year": 2003, "month": 8, "hazard": "landslide", "hazard_raw": "landslide", "district": null, "lon": 86.5983, "lat": 27.9642, "geo_precision": "exact", "deaths": 0, "missing": 0, "injured": 0, "people_affected": 0, "houses_destroyed": 0, "houses_damaged": 0, "title": "(demo) landslide event", "source_url": "", "severity_score": 0.0, "severity_class": "minor"}}, {"type": "Feature", "geometry": {"type": "Point", "coordinates": [84.3101, 27.4154]}, "properties": {"id": "demo-233", "source": "demo", "date": "2025-06-15", "date_precision": "day", "year": 2025, "month": 6, "hazard": "flood", "hazard_raw": "flood", "district": null, "lon": 84.3101, "lat": 27.4154, "geo_precision": "exact", "deaths": 0, "missing": 0, "injured": 0, "people_affected": 15, "houses_destroyed": 1, "houses_damaged": 3, "title": "(demo) flood event", "source_url": "", "severity_score": 0.38, "severity_class": "small"}}, {"type": "Feature", "geometry": {"type": "Point", "coordinates": [87.0239, 28.152]}, "properties": {"id": "demo-234", "source": "demo", "date": "2013-09-05", "date_precision": "day", "year": 2013, "month": 9, "hazard": "landslide", "hazard_raw": "landslide", "district": null, "lon": 87.0239, "lat": 28.152, "geo_precision": "exact", "deaths": 0, "missing": 0, "injured": 0, "people_affected": 39, "houses_destroyed": 6, "houses_damaged": 6, "title": "(demo) landslide event", "source_url": "", "severity_score": 1.58, "severity_class": "small"}}, {"type": "Feature", "geometry": {"type": "Point", "coordinates": [87.2031, 27.817]}, "properties": {"id": "demo-235", "source": "demo", "date": "1973-07-23", "date_precision": "day", "year": 1973, "month": 7, "hazard": "landslide", "hazard_raw": "landslide", "district": null, "lon": 87.2031, "lat": 27.817, "geo_precision": "exact", "deaths": 0, "missing": 0, "injured": 0, "people_affected": 0, "houses_destroyed": 0, "houses_damaged": 0, "title": "(demo) landslide event", "source_url": "", "severity_score": 0.0, "severity_class": "minor"}}, {"type": "Feature", "geometry": {"type": "Point", "coordinates": [86.2647, 28.2247]}, "properties": {"id": "demo-236", "source": "demo", "date": "2004-07-27", "date_precision": "day", "year": 2004, "month": 7, "hazard": "flood", "hazard_raw": "flood", "district": null, "lon": 86.2647, "lat": 28.2247, "geo_precision": "exact", "deaths": 0, "missing": 0, "injured": 0, "people_affected": 13, "houses_destroyed": 1, "houses_damaged": 1, "title": "(demo) flood event", "source_url": "", "severity_score": 0.28, "severity_class": "small"}}, {"type": "Feature", "geometry": {"type": "Point", "coordinates": [81.829, 29.4814]}, "properties": {"id": "demo-237", "source": "demo", "date": "2023-05-08", "date_precision": "day", "year": 2023, "month": 5, "hazard": "landslide", "hazard_raw": "landslide", "district": null, "lon": 81.829, "lat": 29.4814, "geo_precision": "exact", "deaths": 0, "missing": 0, "injured": 0, "people_affected": 0, "houses_destroyed": 0, "houses_damaged": 0, "title": "(demo) landslide event", "source_url": "", "severity_score": 0.0, "severity_class": "minor"}}, {"type": "Feature", "geometry": {"type": "Point", "coordinates": [86.9391, 27.9912]}, "properties": {"id": "demo-238", "source": "demo", "date": "1973-05-06", "date_precision": "day", "year": 1973, "month": 5, "hazard": "landslide", "hazard_raw": "landslide", "district": null, "lon": 86.9391, "lat": 27.9912, "geo_precision": "exact", "deaths": 1, "missing": 0, "injured": 0, "people_affected": 53, "houses_destroyed": 5, "houses_damaged": 6, "title": "(demo) landslide event", "source_url": "", "severity_score": 6.41, "severity_class": "moderate"}}, {"type": "Feature", "geometry": {"type": "Point", "coordinates": [80.7836, 28.6102]}, "properties": {"id": "demo-239", "source": "demo", "date": "2021-08-25", "date_precision": "day", "year": 2021, "month": 8, "hazard": "landslide", "hazard_raw": "landslide", "district": null, "lon": 80.7836, "lat": 28.6102, "geo_precision": "exact", "deaths": 0, "missing": 0, "injured": 0, "people_affected": 0, "houses_destroyed": 0, "houses_damaged": 0, "title": "(demo) landslide event", "source_url": "", "severity_score": 0.0, "severity_class": "minor"}}, {"type": "Feature", "geometry": {"type": "Point", "coordinates": [83.3727, 28.1601]}, "properties": {"id": "demo-240", "source": "demo", "date": "2014-07-05", "date_precision": "day", "year": 2014, "month": 7, "hazard": "landslide", "hazard_raw": "landslide", "district": null, "lon": 83.3727, "lat": 28.1601, "geo_precision": "exact", "deaths": 0, "missing": 0, "injured": 0, "people_affected": 109, "houses_destroyed": 9, "houses_damaged": 33, "title": "(demo) landslide event", "source_url": "", "severity_score": 3.67, "severity_class": "small"}}, {"type": "Feature", "geometry": {"type": "Point", "coordinates": [85.1187, 27.5633]}, "properties": {"id": "demo-241", "source": "demo", "date": "1994-08-14", "date_precision": "day", "year": 1994, "month": 8, "hazard": "flash_flood", "hazard_raw": "flash_flood", "district": null, "lon": 85.1187, "lat": 27.5633, "geo_precision": "exact", "deaths": 0, "missing": 0, "injured": 0, "people_affected": 1197, "houses_destroyed": 257, "houses_damaged": 794, "title": "(demo) flash_flood event", "source_url": "", "severity_score": 93.49, "severity_class": "major"}}, {"type": "Feature", "geometry": {"type": "Point", "coordinates": [86.7911, 27.4506]}, "properties": {"id": "demo-242", "source": "demo", "date": "2017-07-07", "date_precision": "day", "year": 2017, "month": 7, "hazard": "landslide", "hazard_raw": "landslide", "district": null, "lon": 86.7911, "lat": 27.4506, "geo_precision": "exact", "deaths": 3, "missing": 0, "injured": 2, "people_affected": 594, "houses_destroyed": 58, "houses_damaged": 76, "title": "(demo) landslide event", "source_url": "", "severity_score": 33.59, "severity_class": "major"}}, {"type": "Feature", "geometry": {"type": "Point", "coordinates": [83.8001, 28.6173]}, "properties": {"id": "demo-243", "source": "demo", "date": "1994-07-13", "date_precision": "day", "year": 1994, "month": 7, "hazard": "flash_flood", "hazard_raw": "flash_flood", "district": null, "lon": 83.8001, "lat": 28.6173, "geo_precision": "exact", "deaths": 0, "missing": 0, "injured": 0, "people_affected": 35, "houses_destroyed": 4, "houses_damaged": 7, "title": "(demo) flash_flood event", "source_url": "", "severity_score": 1.22, "severity_class": "small"}}, {"type": "Feature", "geometry": {"type": "Point", "coordinates": [86.9116, 28.1937]}, "properties": {"id": "demo-244", "source": "demo", "date": "1978-07-23", "date_precision": "day", "year": 1978, "month": 7, "hazard": "glof", "hazard_raw": "glof", "district": null, "lon": 86.9116, "lat": 28.1937, "geo_precision": "exact", "deaths": 1, "missing": 0, "injured": 1, "people_affected": 0, "houses_destroyed": 0, "houses_damaged": 0, "title": "(demo) glof event", "source_url": "", "severity_score": 6.0, "severity_class": "moderate"}}, {"type": "Feature", "geometry": {"type": "Point", "coordinates": [86.0119, 28.3286]}, "properties": {"id": "demo-245", "source": "demo", "date": "2009-07-03", "date_precision": "day", "year": 2009, "month": 7, "hazard": "glof", "hazard_raw": "glof", "district": null, "lon": 86.0119, "lat": 28.3286, "geo_precision": "exact", "deaths": 2, "missing": 0, "injured": 2, "people_affected": 0, "houses_destroyed": 0, "houses_damaged": 0, "title": "(demo) glof event", "source_url": "", "severity_score": 12.0, "severity_class": "moderate"}}, {"type": "Feature", "geometry": {"type": "Point", "coordinates": [85.1285, 27.5873]}, "properties": {"id": "demo-246", "source": "demo", "date": "1983-10-17", "date_precision": "day", "year": 1983, "month": 10, "hazard": "flash_flood", "hazard_raw": "flash_flood", "district": null, "lon": 85.1285, "lat": 27.5873, "geo_precision": "exact", "deaths": 1, "missing": 0, "injured": 0, "people_affected": 219, "houses_destroyed": 11, "houses_damaged": 16, "title": "(demo) flash_flood event", "source_url": "", "severity_score": 8.44, "severity_class": "moderate"}}, {"type": "Feature", "geometry": {"type": "Point", "coordinates": [85.1619, 27.9072]}, "properties": {"id": "demo-247", "source": "demo", "date": "2023-08-03", "date_precision": "day", "year": 2023, "month": 8, "hazard": "debris_flow", "hazard_raw": "debris_flow", "district": null, "lon": 85.1619, "lat": 27.9072, "geo_precision": "exact", "deaths": 0, "missing": 0, "injured": 0, "people_affected": 75, "houses_destroyed": 7, "houses_damaged": 27, "title": "(demo) debris_flow event", "source_url": "", "severity_score": 2.9, "severity_class": "small"}}, {"type": "Feature", "geometry": {"type": "Point", "coordinates": [87.26, 26.8132]}, "properties": {"id": "demo-248", "source": "demo", "date": "2016-06-04", "date_precision": "day", "year": 2016, "month": 6, "hazard": "flood", "hazard_raw": "flood", "district": null, "lon": 87.26, "lat": 26.8132, "geo_precision": "exact", "deaths": 0, "missing": 0, "injured": 0, "people_affected": 0, "houses_destroyed": 0, "houses_damaged": 0, "title": "(demo) flood event", "source_url": "", "severity_score": 0.0, "severity_class": "minor"}}, {"type": "Feature", "geometry": {"type": "Point", "coordinates": [80.8078, 28.6601]}, "properties": {"id": "demo-249", "source": "demo", "date": "2020-09-08", "date_precision": "day", "year": 2020, "month": 9, "hazard": "debris_flow", "hazard_raw": "debris_flow", "district": null, "lon": 80.8078, "lat": 28.6601, "geo_precision": "exact", "deaths": 0, "missing": 0, "injured": 0, "people_affected": 4, "houses_destroyed": 1, "houses_damaged": 1, "title": "(demo) debris_flow event", "source_url": "", "severity_score": 0.26, "severity_class": "small"}}, {"type": "Feature", "geometry": {"type": "Point", "coordinates": [85.7146, 28.2463]}, "properties": {"id": "demo-250", "source": "demo", "date": "2018-06-24", "date_precision": "day", "year": 2018, "month": 6, "hazard": "landslide", "hazard_raw": "landslide", "district": null, "lon": 85.7146, "lat": 28.2463, "geo_precision": "exact", "deaths": 3, "missing": 1, "injured": 1, "people_affected": 253, "houses_destroyed": 35, "houses_damaged": 56, "title": "(demo) landslide event", "source_url": "", "severity_score": 31.31, "severity_class": "major"}}, {"type": "Feature", "geometry": {"type": "Point", "coordinates": [83.6456, 28.6705]}, "properties": {"id": "demo-251", "source": "demo", "date": "1976-08-20", "date_precision": "day", "year": 1976, "month": 8, "hazard": "flash_flood", "hazard_raw": "flash_flood", "district": null, "lon": 83.6456, "lat": 28.6705, "geo_precision": "exact", "deaths": 6, "missing": 2, "injured": 7, "people_affected": 5546, "houses_destroyed": 908, "houses_damaged": 1656, "title": "(demo) flash_flood event", "source_url": "", "severity_score": 322.49, "severity_class": "catastrophic"}}, {"type": "Feature", "geometry": {"type": "Point", "coordinates": [85.364, 28.2566]}, "properties": {"id": "demo-252", "source": "demo", "date": "2013-07-18", "date_precision": "day", "year": 2013, "month": 7, "hazard": "landslide", "hazard_raw": "landslide", "district": null, "lon": 85.364, "lat": 28.2566, "geo_precision": "exact", "deaths": 0, "missing": 0, "injured": 0, "people_affected": 0, "houses_destroyed": 0, "houses_damaged": 0, "title": "(demo) landslide event", "source_url": "", "severity_score": 0.0, "severity_class": "minor"}}, {"type": "Feature", "geometry": {"type": "Point", "coordinates": [85.663, 28.2108]}, "properties": {"id": "demo-253", "source": "demo", "date": "2010-09-06", "date_precision": "day", "year": 2010, "month": 9, "hazard": "glof", "hazard_raw": "glof", "district": null, "lon": 85.663, "lat": 28.2108, "geo_precision": "exact", "deaths": 0, "missing": 0, "injured": 0, "people_affected": 46, "houses_destroyed": 5, "houses_damaged": 15, "title": "(demo) glof event", "source_url": "", "severity_score": 1.84, "severity_class": "small"}}, {"type": "Feature", "geometry": {"type": "Point", "coordinates": [81.9528, 29.6135]}, "properties": {"id": "demo-254", "source": "demo", "date": "2007-08-27", "date_precision": "day", "year": 2007, "month": 8, "hazard": "avalanche", "hazard_raw": "avalanche", "district": null, "lon": 81.9528, "lat": 29.6135, "geo_precision": "exact", "deaths": 0, "missing": 0, "injured": 0, "people_affected": 50, "houses_destroyed": 3, "houses_damaged": 4, "title": "(demo) avalanche event", "source_url": "", "severity_score": 0.9, "severity_class": "small"}}, {"type": "Feature", "geometry": {"type": "Point", "coordinates": [87.1232, 28.0531]}, "properties": {"id": "demo-255", "source": "demo", "date": "2011-07-24", "date_precision": "day", "year": 2011, "month": 7, "hazard": "landslide", "hazard_raw": "landslide", "district": null, "lon": 87.1232, "lat": 28.0531, "geo_precision": "exact", "deaths": 0, "missing": 0, "injured": 0, "people_affected": 14, "houses_destroyed": 2, "houses_damaged": 3, "title": "(demo) landslide event", "source_url": "", "severity_score": 0.58, "severity_class": "small"}}, {"type": "Feature", "geometry": {"type": "Point", "coordinates": [82.1656, 29.6805]}, "properties": {"id": "demo-256", "source": "demo", "date": "2006-08-26", "date_precision": "day", "year": 2006, "month": 8, "hazard": "flood", "hazard_raw": "flood", "district": null, "lon": 82.1656, "lat": 29.6805, "geo_precision": "exact", "deaths": 0, "missing": 0, "injured": 0, "people_affected": 0, "houses_destroyed": 0, "houses_damaged": 0, "title": "(demo) flood event", "source_url": "", "severity_score": 0.0, "severity_class": "minor"}}, {"type": "Feature", "geometry": {"type": "Point", "coordinates": [86.8902, 28.0544]}, "properties": {"id": "demo-257", "source": "demo", "date": "2000-08-05", "date_precision": "day", "year": 2000, "month": 8, "hazard": "glof", "hazard_raw": "glof", "district": null, "lon": 86.8902, "lat": 28.0544, "geo_precision": "exact", "deaths": 0, "missing": 0, "injured": 0, "people_affected": 846, "houses_destroyed": 60, "houses_damaged": 116, "title": "(demo) glof event", "source_url": "", "severity_score": 19.49, "severity_class": "moderate"}}, {"type": "Feature", "geometry": {"type": "Point", "coordinates": [86.4131, 27.8496]}, "properties": {"id": "demo-258", "source": "demo", "date": "1999-10-24", "date_precision": "day", "year": 1999, "month": 10, "hazard": "glof", "hazard_raw": "glof", "district": null, "lon": 86.4131, "lat": 27.8496, "geo_precision": "exact", "deaths": 29, "missing": 8, "injured": 41, "people_affected": 3191, "houses_destroyed": 214, "houses_damaged": 817, "title": "(demo) glof event", "source_url": "", "severity_score": 316.03, "severity_class": "catastrophic"}}, {"type": "Feature", "geometry": {"type": "Point", "coordinates": [83.8799, 28.2532]}, "properties": {"id": "demo-259", "source": "demo", "date": "2001-08-01", "date_precision": "day", "year": 2001, "month": 8, "hazard": "landslide", "hazard_raw": "landslide", "district": null, "lon": 83.8799, "lat": 28.2532, "geo_precision": "exact", "deaths": 0, "missing": 0, "injured": 0, "people_affected": 0, "houses_destroyed": 0, "houses_damaged": 0, "title": "(demo) landslide event", "source_url": "", "severity_score": 0.0, "severity_class": "minor"}}, {"type": "Feature", "geometry": {"type": "Point", "coordinates": [86.7656, 27.7673]}, "properties": {"id": "demo-260", "source": "demo", "date": "2013-07-11", "date_precision": "day", "year": 2013, "month": 7, "hazard": "landslide", "hazard_raw": "landslide", "district": null, "lon": 86.7656, "lat": 27.7673, "geo_precision": "exact", "deaths": 0, "missing": 0, "injured": 0, "people_affected": 0, "houses_destroyed": 0, "houses_damaged": 0, "title": "(demo) landslide event", "source_url": "", "severity_score": 0.0, "severity_class": "minor"}}, {"type": "Feature", "geometry": {"type": "Point", "coordinates": [80.2863, 28.7238]}, "properties": {"id": "demo-261", "source": "demo", "date": "2011-07-12", "date_precision": "day", "year": 2011, "month": 7, "hazard": "flood", "hazard_raw": "flood", "district": null, "lon": 80.2863, "lat": 28.7238, "geo_precision": "exact", "deaths": 0, "missing": 0, "injured": 0, "people_affected": 95, "houses_destroyed": 6, "houses_damaged": 15, "title": "(demo) flood event", "source_url": "", "severity_score": 2.14, "severity_class": "small"}}, {"type": "Feature", "geometry": {"type": "Point", "coordinates": [86.6945, 27.804]}, "properties": {"id": "demo-262", "source": "demo", "date": "2002-11-16", "date_precision": "day", "year": 2002, "month": 11, "hazard": "landslide", "hazard_raw": "landslide", "district": null, "lon": 86.6945, "lat": 27.804, "geo_precision": "exact", "deaths": 0, "missing": 0, "injured": 0, "people_affected": 0, "houses_destroyed": 0, "houses_damaged": 0, "title": "(demo) landslide event", "source_url": "", "severity_score": 0.0, "severity_class": "minor"}}, {"type": "Feature", "geometry": {"type": "Point", "coordinates": [81.5975, 29.1415]}, "properties": {"id": "demo-263", "source": "demo", "date": "2002-07-08", "date_precision": "day", "year": 2002, "month": 7, "hazard": "landslide", "hazard_raw": "landslide", "district": null, "lon": 81.5975, "lat": 29.1415, "geo_precision": "exact", "deaths": 1, "missing": 0, "injured": 1, "people_affected": 18, "houses_destroyed": 3, "houses_damaged": 5, "title": "(demo) landslide event", "source_url": "", "severity_score": 6.89, "severity_class": "moderate"}}, {"type": "Feature", "geometry": {"type": "Point", "coordinates": [83.8819, 28.4307]}, "properties": {"id": "demo-264", "source": "demo", "date": "2010-07-23", "date_precision": "day", "year": 2010, "month": 7, "hazard": "landslide", "hazard_raw": "landslide", "district": null, "lon": 83.8819, "lat": 28.4307, "geo_precision": "exact", "deaths": 0, "missing": 0, "injured": 0, "people_affected": 0, "houses_destroyed": 0, "houses_damaged": 0, "title": "(demo) landslide event", "source_url": "", "severity_score": 0.0, "severity_class": "minor"}}, {"type": "Feature", "geometry": {"type": "Point", "coordinates": [86.7898, 27.9635]}, "properties": {"id": "demo-265", "source": "demo", "date": "2021-09-12", "date_precision": "day", "year": 2021, "month": 9, "hazard": "landslide", "hazard_raw": "landslide", "district": null, "lon": 86.7898, "lat": 27.9635, "geo_precision": "exact", "deaths": 2, "missing": 0, "injured": 3, "people_affected": 0, "houses_destroyed": 0, "houses_damaged": 0, "title": "(demo) landslide event", "source_url": "", "severity_score": 13.0, "severity_class": "moderate"}}, {"type": "Feature", "geometry": {"type": "Point", "coordinates": [81.5872, 29.3173]}, "properties": {"id": "demo-266", "source": "demo", "date": "2020-08-13", "date_precision": "day", "year": 2020, "month": 8, "hazard": "landslide", "hazard_raw": "landslide", "district": null, "lon": 81.5872, "lat": 29.3173, "geo_precision": "exact", "deaths": 0, "missing": 0, "injured": 0, "people_affected": 22, "houses_destroyed": 2, "houses_damaged": 7, "title": "(demo) landslide event", "source_url": "", "severity_score": 0.79, "severity_class": "small"}}, {"type": "Feature", "geometry": {"type": "Point", "coordinates": [86.1255, 28.4969]}, "properties": {"id": "demo-267", "source": "demo", "date": "2018-10-17", "date_precision": "day", "year": 2018, "month": 10, "hazard": "glof", "hazard_raw": "glof", "district": null, "lon": 86.1255, "lat": 28.4969, "geo_precision": "exact", "deaths": 4, "missing": 1, "injured": 7, "people_affected": 487, "houses_destroyed": 47, "houses_damaged": 80, "title": "(demo) glof event", "source_url": "", "severity_score": 46.37, "severity_class": "major"}}, {"type": "Feature", "geometry": {"type": "Point", "coordinates": [85.2969, 27.7997]}, "properties": {"id": "demo-268", "source": "demo", "date": "2021-06-02", "date_precision": "day", "year": 2021, "month": 6, "hazard": "landslide", "hazard_raw": "landslide", "district": null, "lon": 85.2969, "lat": 27.7997, "geo_precision": "exact", "deaths": 2, "missing": 0, "injured": 2, "people_affected": 201, "houses_destroyed": 23, "houses_damaged": 70, "title": "(demo) landslide event", "source_url": "", "severity_score": 20.5, "severity_class": "moderate"}}, {"type": "Feature", "geometry": {"type": "Point", "coordinates": [85.0323, 27.8539]}, "properties": {"id": "demo-269", "source": "demo", "date": "2021-04-16", "date_precision": "day", "year": 2021, "month": 4, "hazard": "landslide", "hazard_raw": "landslide", "district": null, "lon": 85.0323, "lat": 27.8539, "geo_precision": "exact", "deaths": 2, "missing": 0, "injured": 1, "people_affected": 822, "houses_destroyed": 45, "houses_damaged": 63, "title": "(demo) landslide event", "source_url": "", "severity_score": 24.79, "severity_class": "moderate"}}, {"type": "Feature", "geometry": {"type": "Point", "coordinates": [80.2867, 28.7507]}, "properties": {"id": "demo-270", "source": "demo", "date": "2007-06-12", "date_precision": "day", "year": 2007, "month": 6, "hazard": "flood", "hazard_raw": "flood", "district": null, "lon": 80.2867, "lat": 28.7507, "geo_precision": "exact", "deaths": 0, "missing": 0, "injured": 0, "people_affected": 0, "houses_destroyed": 0, "houses_damaged": 0, "title": "(demo) flood event", "source_url": "", "severity_score": 0.0, "severity_class": "minor"}}, {"type": "Feature", "geometry": {"type": "Point", "coordinates": [85.9592, 28.201]}, "properties": {"id": "demo-271", "source": "demo", "date": "1995-09-20", "date_precision": "day", "year": 1995, "month": 9, "hazard": "flash_flood", "hazard_raw": "flash_flood", "district": null, "lon": 85.9592, "lat": 28.201, "geo_precision": "exact", "deaths": 1, "missing": 0, "injured": 0, "people_affected": 0, "houses_destroyed": 0, "houses_damaged": 0, "title": "(demo) flash_flood event", "source_url": "", "severity_score": 5.0, "severity_class": "moderate"}}, {"type": "Feature", "geometry": {"type": "Point", "coordinates": [85.5006, 28.3608]}, "properties": {"id": "demo-272", "source": "demo", "date": "2016-08-02", "date_precision": "day", "year": 2016, "month": 8, "hazard": "flash_flood", "hazard_raw": "flash_flood", "district": null, "lon": 85.5006, "lat": 28.3608, "geo_precision": "exact", "deaths": 0, "missing": 0, "injured": 0, "people_affected": 74, "houses_destroyed": 5, "houses_damaged": 12, "title": "(demo) flash_flood event", "source_url": "", "severity_score": 1.75, "severity_class": "small"}}, {"type": "Feature", "geometry": {"type": "Point", "coordinates": [85.9815, 27.1502]}, "properties": {"id": "demo-273", "source": "demo", "date": "1971-06-16", "date_precision": "day", "year": 1971, "month": 6, "hazard": "flood", "hazard_raw": "flood", "district": null, "lon": 85.9815, "lat": 27.1502, "geo_precision": "exact", "deaths": 1, "missing": 0, "injured": 1, "people_affected": 82, "houses_destroyed": 5, "houses_damaged": 17, "title": "(demo) flood event", "source_url": "", "severity_score": 8.01, "severity_class": "moderate"}}, {"type": "Feature", "geometry": {"type": "Point", "coordinates": [85.4235, 27.7354]}, "properties": {"id": "demo-274", "source": "demo", "date": "2006-12-04", "date_precision": "day", "year": 2006, "month": 12, "hazard": "landslide", "hazard_raw": "landslide", "district": null, "lon": 85.4235, "lat": 27.7354, "geo_precision": "exact", "deaths": 0, "missing": 0, "injured": 0, "people_affected": 37, "houses_destroyed": 3, "houses_damaged": 8, "title": "(demo) landslide event", "source_url": "", "severity_score": 1.07, "severity_class": "small"}}, {"type": "Feature", "geometry": {"type": "Point", "coordinates": [86.3802, 27.8348]}, "properties": {"id": "demo-275", "source": "demo", "date": "2000-08-14", "date_precision": "day", "year": 2000, "month": 8, "hazard": "glof", "hazard_raw": "glof", "district": null, "lon": 86.3802, "lat": 27.8348, "geo_precision": "exact", "deaths": 0, "missing": 0, "injured": 0, "people_affected": 251, "houses_destroyed": 28, "houses_damaged": 65, "title": "(demo) glof event", "source_url": "", "severity_score": 9.35, "severity_class": "moderate"}}, {"type": "Feature", "geometry": {"type": "Point", "coordinates": [84.5604, 27.5439]}, "properties": {"id": "demo-276", "source": "demo", "date": "1997-07-24", "date_precision": "day", "year": 1997, "month": 7, "hazard": "flood", "hazard_raw": "flood", "district": null, "lon": 84.5604, "lat": 27.5439, "geo_precision": "exact", "deaths": 0, "missing": 0, "injured": 0, "people_affected": 57, "houses_destroyed": 3, "houses_damaged": 7, "title": "(demo) flood event", "source_url": "", "severity_score": 1.06, "severity_class": "small"}}, {"type": "Feature", "geometry": {"type": "Point", "coordinates": [85.0413, 27.6106]}, "properties": {"id": "demo-277", "source": "demo", "date": "2007-06-11", "date_precision": "day", "year": 2007, "month": 6, "hazard": "avalanche", "hazard_raw": "avalanche", "district": null, "lon": 85.0413, "lat": 27.6106, "geo_precision": "exact", "deaths": 40, "missing": 8, "injured": 74, "people_affected": 2789, "houses_destroyed": 766, "houses_damaged": 1121, "title": "(demo) avalanche event", "source_url": "", "severity_score": 528.83, "severity_class": "catastrophic"}}, {"type": "Feature", "geometry": {"type": "Point", "coordinates": [83.9647, 27.8844]}, "properties": {"id": "demo-278", "source": "demo", "date": "2025-07-19", "date_precision": "day", "year": 2025, "month": 7, "hazard": "flood", "hazard_raw": "flood", "district": null, "lon": 83.9647, "lat": 27.8844, "geo_precision": "exact", "deaths": 12, "missing": 3, "injured": 15, "people_affected": 1600, "houses_destroyed": 122, "houses_damaged": 454, "title": "(demo) flood event", "source_url": "", "severity_score": 140.3, "severity_class": "catastrophic"}}, {"type": "Feature", "geometry": {"type": "Point", "coordinates": [85.9984, 26.7536]}, "properties": {"id": "demo-279", "source": "demo", "date": "2020-03-25", "date_precision": "day", "year": 2020, "month": 3, "hazard": "flood", "hazard_raw": "flood", "district": null, "lon": 85.9984, "lat": 26.7536, "geo_precision": "exact", "deaths": 4, "missing": 1, "injured": 6, "people_affected": 300, "houses_destroyed": 16, "houses_damaged": 56, "title": "(demo) flood event", "source_url": "", "severity_score": 37.6, "severity_class": "major"}}, {"type": "Feature", "geometry": {"type": "Point", "coordinates": [85.8526, 28.3237]}, "properties": {"id": "demo-280", "source": "demo", "date": "2005-08-11", "date_precision": "day", "year": 2005, "month": 8, "hazard": "landslide", "hazard_raw": "landslide", "district": null, "lon": 85.8526, "lat": 28.3237, "geo_precision": "exact", "deaths": 0, "missing": 0, "injured": 0, "people_affected": 77, "houses_destroyed": 8, "houses_damaged": 14, "title": "(demo) landslide event", "source_url": "", "severity_score": 2.45, "severity_class": "small"}}, {"type": "Feature", "geometry": {"type": "Point", "coordinates": [86.2722, 27.84]}, "properties": {"id": "demo-281", "source": "demo", "date": "2006-07-03", "date_precision": "day", "year": 2006, "month": 7, "hazard": "landslide", "hazard_raw": "landslide", "district": null, "lon": 86.2722, "lat": 27.84, "geo_precision": "exact", "deaths": 0, "missing": 0, "injured": 0, "people_affected": 0, "houses_destroyed": 0, "houses_damaged": 0, "title": "(demo) landslide event", "source_url": "", "severity_score": 0.0, "severity_class": "minor"}}, {"type": "Feature", "geometry": {"type": "Point", "coordinates": [86.5606, 28.0758]}, "properties": {"id": "demo-282", "source": "demo", "date": "2018-04-22", "date_precision": "day", "year": 2018, "month": 4, "hazard": "glof", "hazard_raw": "glof", "district": null, "lon": 86.5606, "lat": 28.0758, "geo_precision": "exact", "deaths": 0, "missing": 0, "injured": 0, "people_affected": 1085, "houses_destroyed": 64, "houses_damaged": 131, "title": "(demo) glof event", "source_url": "", "severity_score": 21.52, "severity_class": "moderate"}}, {"type": "Feature", "geometry": {"type": "Point", "coordinates": [85.3517, 28.0885]}, "properties": {"id": "demo-283", "source": "demo", "date": "2023-06-22", "date_precision": "day", "year": 2023, "month": 6, "hazard": "debris_flow", "hazard_raw": "debris_flow", "district": null, "lon": 85.3517, "lat": 28.0885, "geo_precision": "exact", "deaths": 0, "missing": 0, "injured": 0, "people_affected": 7, "houses_destroyed": 1, "houses_damaged": 2, "title": "(demo) debris_flow event", "source_url": "", "severity_score": 0.31, "severity_class": "small"}}, {"type": "Feature", "geometry": {"type": "Point", "coordinates": [80.4593, 28.5763]}, "properties": {"id": "demo-284", "source": "demo", "date": "2021-07-09", "date_precision": "day", "year": 2021, "month": 7, "hazard": "avalanche", "hazard_raw": "avalanche", "district": null, "lon": 80.4593, "lat": 28.5763, "geo_precision": "exact", "deaths": 0, "missing": 0, "injured": 0, "people_affected": 0, "houses_destroyed": 0, "houses_damaged": 0, "title": "(demo) avalanche event", "source_url": "", "severity_score": 0.0, "severity_class": "minor"}}, {"type": "Feature", "geometry": {"type": "Point", "coordinates": [82.4814, 29.6335]}, "properties": {"id": "demo-285", "source": "demo", "date": "2012-07-13", "date_precision": "day", "year": 2012, "month": 7, "hazard": "landslide", "hazard_raw": "landslide", "district": null, "lon": 82.4814, "lat": 29.6335, "geo_precision": "exact", "deaths": 0, "missing": 0, "injured": 0, "people_affected": 11, "houses_destroyed": 3, "houses_damaged": 9, "title": "(demo) landslide event", "source_url": "", "severity_score": 1.07, "severity_class": "small"}}, {"type": "Feature", "geometry": {"type": "Point", "coordinates": [86.5597, 28.1184]}, "properties": {"id": "demo-286", "source": "demo", "date": "2021-07-21", "date_precision": "day", "year": 2021, "month": 7, "hazard": "avalanche", "hazard_raw": "avalanche", "district": null, "lon": 86.5597, "lat": 28.1184, "geo_precision": "exact", "deaths": 0, "missing": 0, "injured": 0, "people_affected": 95, "houses_destroyed": 5, "houses_damaged": 19, "title": "(demo) avalanche event", "source_url": "", "severity_score": 2.14, "severity_class": "small"}}, {"type": "Feature", "geometry": {"type": "Point", "coordinates": [81.947, 29.1591]}, "properties": {"id": "demo-287", "source": "demo", "date": "1976-07-22", "date_precision": "day", "year": 1976, "month": 7, "hazard": "landslide", "hazard_raw": "landslide", "district": null, "lon": 81.947, "lat": 29.1591, "geo_precision": "exact", "deaths": 0, "missing": 0, "injured": 0, "people_affected": 73, "houses_destroyed": 6, "houses_damaged": 11, "title": "(demo) landslide event", "source_url": "", "severity_score": 1.9, "severity_class": "small"}}, {"type": "Feature", "geometry": {"type": "Point", "coordinates": [81.5442, 29.2015]}, "properties": {"id": "demo-288", "source": "demo", "date": "2022-09-05", "date_precision": "day", "year": 2022, "month": 9, "hazard": "flood", "hazard_raw": "flood", "district": null, "lon": 81.5442, "lat": 29.2015, "geo_precision": "exact", "deaths": 2, "missing": 0, "injured": 3, "people_affected": 259, "houses_destroyed": 15, "houses_damaged": 23, "title": "(demo) flood event", "source_url": "", "severity_score": 17.67, "severity_class": "moderate"}}, {"type": "Feature", "geometry": {"type": "Point", "coordinates": [86.9412, 27.6869]}, "properties": {"id": "demo-289", "source": "demo", "date": "2023-10-21", "date_precision": "day", "year": 2023, "month": 10, "hazard": "flash_flood", "hazard_raw": "flash_flood", "district": null, "lon": 86.9412, "lat": 27.6869, "geo_precision": "exact", "deaths": 0, "missing": 0, "injured": 0, "people_affected": 12, "houses_destroyed": 1, "houses_damaged": 1, "title": "(demo) flash_flood event", "source_url": "", "severity_score": 0.27, "severity_class": "small"}}, {"type": "Feature", "geometry": {"type": "Point", "coordinates": [81.6277, 29.3365]}, "properties": {"id": "demo-290", "source": "demo", "date": "1976-07-17", "date_precision": "day", "year": 1976, "month": 7, "hazard": "landslide", "hazard_raw": "landslide", "district": null, "lon": 81.6277, "lat": 29.3365, "geo_precision": "exact", "deaths": 0, "missing": 0, "injured": 0, "people_affected": 39, "houses_destroyed": 4, "houses_damaged": 6, "title": "(demo) landslide event", "source_url": "", "severity_score": 1.18, "severity_class": "small"}}, {"type": "Feature", "geometry": {"type": "Point", "coordinates": [85.3917, 27.9551]}, "properties": {"id": "demo-291", "source": "demo", "date": "1983-03-15", "date_precision": "day", "year": 1983, "month": 3, "hazard": "avalanche", "hazard_raw": "avalanche", "district": null, "lon": 85.3917, "lat": 27.9551, "geo_precision": "exact", "deaths": 0, "missing": 0, "injured": 0, "people_affected": 37, "houses_destroyed": 4, "houses_damaged": 12, "title": "(demo) avalanche event", "source_url": "", "severity_score": 1.47, "severity_class": "small"}}, {"type": "Feature", "geometry": {"type": "Point", "coordinates": [84.3584, 27.4722]}, "properties": {"id": "demo-292", "source": "demo", "date": "2005-07-23", "date_precision": "day", "year": 2005, "month": 7, "hazard": "flood", "hazard_raw": "flood", "district": null, "lon": 84.3584, "lat": 27.4722, "geo_precision": "exact", "deaths": 1, "missing": 0, "injured": 1, "people_affected": 61, "houses_destroyed": 4, "houses_damaged": 8, "title": "(demo) flood event", "source_url": "", "severity_score": 7.32, "severity_class": "moderate"}}, {"type": "Feature", "geometry": {"type": "Point", "coordinates": [85.6283, 27.7917]}, "properties": {"id": "demo-293", "source": "demo", "date": "2012-09-25", "date_precision": "day", "year": 2012, "month": 9, "hazard": "flash_flood", "hazard_raw": "flash_flood", "district": null, "lon": 85.6283, "lat": 27.7917, "geo_precision": "exact", "deaths": 0, "missing": 0, "injured": 0, "people_affected": 64, "houses_destroyed": 6, "houses_damaged": 20, "title": "(demo) flash_flood event", "source_url": "", "severity_score": 2.33, "severity_class": "small"}}, {"type": "Feature", "geometry": {"type": "Point", "coordinates": [86.7087, 28.142]}, "properties": {"id": "demo-294", "source": "demo", "date": "2015-08-13", "date_precision": "day", "year": 2015, "month": 8, "hazard": "glof", "hazard_raw": "glof", "district": null, "lon": 86.7087, "lat": 28.142, "geo_precision": "exact", "deaths": 0, "missing": 0, "injured": 0, "people_affected": 73, "houses_destroyed": 5, "houses_damaged": 8, "title": "(demo) glof event", "source_url": "", "severity_score": 1.55, "severity_class": "small"}}, {"type": "Feature", "geometry": {"type": "Point", "coordinates": [86.6871, 27.9104]}, "properties": {"id": "demo-295", "source": "demo", "date": "2016-07-12", "date_precision": "day", "year": 2016, "month": 7, "hazard": "landslide", "hazard_raw": "landslide", "district": null, "lon": 86.6871, "lat": 27.9104, "geo_precision": "exact", "deaths": 4, "missing": 0, "injured": 4, "people_affected": 53, "houses_destroyed": 9, "houses_damaged": 10, "title": "(demo) landslide event", "source_url": "", "severity_score": 26.41, "severity_class": "major"}}, {"type": "Feature", "geometry": {"type": "Point", "coordinates": [83.934, 27.4731]}, "properties": {"id": "demo-296", "source": "demo", "date": "2026-05-25", "date_precision": "day", "year": 2026, "month": 5, "hazard": "flood", "hazard_raw": "flood", "district": null, "lon": 83.934, "lat": 27.4731, "geo_precision": "exact", "deaths": 0, "missing": 0, "injured": 0, "people_affected": 0, "houses_destroyed": 0, "houses_damaged": 0, "title": "(demo) flood event", "source_url": "", "severity_score": 0.0, "severity_class": "minor"}}, {"type": "Feature", "geometry": {"type": "Point", "coordinates": [83.291, 28.7528]}, "properties": {"id": "demo-297", "source": "demo", "date": "2022-01-16", "date_precision": "day", "year": 2022, "month": 1, "hazard": "landslide", "hazard_raw": "landslide", "district": null, "lon": 83.291, "lat": 28.7528, "geo_precision": "exact", "deaths": 0, "missing": 0, "injured": 0, "people_affected": 67, "houses_destroyed": 5, "houses_damaged": 13, "title": "(demo) landslide event", "source_url": "", "severity_score": 1.78, "severity_class": "small"}}, {"type": "Feature", "geometry": {"type": "Point", "coordinates": [85.5975, 28.2494]}, "properties": {"id": "demo-298", "source": "demo", "date": "2001-08-27", "date_precision": "day", "year": 2001, "month": 8, "hazard": "landslide", "hazard_raw": "landslide", "district": null, "lon": 85.5975, "lat": 28.2494, "geo_precision": "exact", "deaths": 1, "missing": 0, "injured": 0, "people_affected": 89, "houses_destroyed": 6, "houses_damaged": 17, "title": "(demo) landslide event", "source_url": "", "severity_score": 7.23, "severity_class": "moderate"}}, {"type": "Feature", "geometry": {"type": "Point", "coordinates": [83.2661, 28.8083]}, "properties": {"id": "demo-299", "source": "demo", "date": "2009-07-13", "date_precision": "day", "year": 2009, "month": 7, "hazard": "landslide", "hazard_raw": "landslide", "district": null, "lon": 83.2661, "lat": 28.8083, "geo_precision": "exact", "deaths": 0, "missing": 0, "injured": 0, "people_affected": 6, "houses_destroyed": 1, "houses_damaged": 1, "title": "(demo) landslide event", "source_url": "", "severity_score": 0.26, "severity_class": "small"}}, {"type": "Feature", "geometry": {"type": "Point", "coordinates": [85.2699, 27.4965]}, "properties": {"id": "demo-300", "source": "demo", "date": "2022-08-26", "date_precision": "day", "year": 2022, "month": 8, "hazard": "landslide", "hazard_raw": "landslide", "district": null, "lon": 85.2699, "lat": 27.4965, "geo_precision": "exact", "deaths": 0, "missing": 0, "injured": 0, "people_affected": 25, "houses_destroyed": 2, "houses_damaged": 2, "title": "(demo) landslide event", "source_url": "", "severity_score": 0.55, "severity_class": "small"}}, {"type": "Feature", "geometry": {"type": "Point", "coordinates": [85.7669, 27.8899]}, "properties": {"id": "demo-301", "source": "demo", "date": "1985-12-01", "date_precision": "day", "year": 1985, "month": 12, "hazard": "flood", "hazard_raw": "flood", "district": null, "lon": 85.7669, "lat": 27.8899, "geo_precision": "exact", "deaths": 0, "missing": 0, "injured": 0, "people_affected": 8, "houses_destroyed": 1, "houses_damaged": 1, "title": "(demo) flood event", "source_url": "", "severity_score": 0.27, "severity_class": "small"}}, {"type": "Feature", "geometry": {"type": "Point", "coordinates": [85.3688, 28.1741]}, "properties": {"id": "demo-302", "source": "demo", "date": "2021-03-10", "date_precision": "day", "year": 2021, "month": 3, "hazard": "landslide", "hazard_raw": "landslide", "district": null, "lon": 85.3688, "lat": 28.1741, "geo_precision": "exact", "deaths": 0, "missing": 0, "injured": 0, "people_affected": 0, "houses_destroyed": 0, "houses_damaged": 0, "title": "(demo) landslide event", "source_url": "", "severity_score": 0.0, "severity_class": "minor"}}, {"type": "Feature", "geometry": {"type": "Point", "coordinates": [85.8056, 28.2869]}, "properties": {"id": "demo-303", "source": "demo", "date": "2020-07-28", "date_precision": "day", "year": 2020, "month": 7, "hazard": "glof", "hazard_raw": "glof", "district": null, "lon": 85.8056, "lat": 28.2869, "geo_precision": "exact", "deaths": 0, "missing": 0, "injured": 0, "people_affected": 142, "houses_destroyed": 17, "houses_damaged": 53, "title": "(demo) glof event", "source_url": "", "severity_score": 6.33, "severity_class": "moderate"}}, {"type": "Feature", "geometry": {"type": "Point", "coordinates": [85.3378, 28.1329]}, "properties": {"id": "demo-304", "source": "demo", "date": "2021-07-05", "date_precision": "day", "year": 2021, "month": 7, "hazard": "flash_flood", "hazard_raw": "flash_flood", "district": null, "lon": 85.3378, "lat": 28.1329, "geo_precision": "exact", "deaths": 0, "missing": 0, "injured": 0, "people_affected": 344, "houses_destroyed": 23, "houses_damaged": 74, "title": "(demo) flash_flood event", "source_url": "", "severity_score": 8.99, "severity_class": "moderate"}}, {"type": "Feature", "geometry": {"type": "Point", "coordinates": [84.5101, 27.7199]}, "properties": {"id": "demo-305", "source": "demo", "date": "2009-06-10", "date_precision": "day", "year": 2009, "month": 6, "hazard": "landslide", "hazard_raw": "landslide", "district": null, "lon": 84.5101, "lat": 27.7199, "geo_precision": "exact", "deaths": 0, "missing": 0, "injured": 0, "people_affected": 16, "houses_destroyed": 3, "houses_damaged": 11, "title": "(demo) landslide event", "source_url": "", "severity_score": 1.18, "severity_class": "small"}}, {"type": "Feature", "geometry": {"type": "Point", "coordinates": [83.5413, 27.5091]}, "properties": {"id": "demo-306", "source": "demo", "date": "1980-04-17", "date_precision": "day", "year": 1980, "month": 4, "hazard": "flash_flood", "hazard_raw": "flash_flood", "district": null, "lon": 83.5413, "lat": 27.5091, "geo_precision": "exact", "deaths": 0, "missing": 0, "injured": 0, "people_affected": 26, "houses_destroyed": 6, "houses_damaged": 16, "title": "(demo) flash_flood event", "source_url": "", "severity_score": 2.05, "severity_class": "small"}}, {"type": "Feature", "geometry": {"type": "Point", "coordinates": [80.647, 28.5366]}, "properties": {"id": "demo-307", "source": "demo", "date": "2009-08-07", "date_precision": "day", "year": 2009, "month": 8, "hazard": "landslide", "hazard_raw": "landslide", "district": null, "lon": 80.647, "lat": 28.5366, "geo_precision": "exact", "deaths": 0, "missing": 0, "injured": 0, "people_affected": 6, "houses_destroyed": 2, "houses_damaged": 3, "title": "(demo) landslide event", "source_url": "", "severity_score": 0.56, "severity_class": "small"}}, {"type": "Feature", "geometry": {"type": "Point", "coordinates": [83.9002, 28.87]}, "properties": {"id": "demo-308", "source": "demo", "date": "2006-07-05", "date_precision": "day", "year": 2006, "month": 7, "hazard": "flash_flood", "hazard_raw": "flash_flood", "district": null, "lon": 83.9002, "lat": 28.87, "geo_precision": "exact", "deaths": 7, "missing": 2, "injured": 8, "people_affected": 209, "houses_destroyed": 60, "houses_damaged": 69, "title": "(demo) flash_flood event", "source_url": "", "severity_score": 68.87, "severity_class": "major"}}, {"type": "Feature", "geometry": {"type": "Point", "coordinates": [86.9785, 28.036]}, "properties": {"id": "demo-309", "source": "demo", "date": "1982-09-21", "date_precision": "day", "year": 1982, "month": 9, "hazard": "landslide", "hazard_raw": "landslide", "district": null, "lon": 86.9785, "lat": 28.036, "geo_precision": "exact", "deaths": 0, "missing": 0, "injured": 0, "people_affected": 410, "houses_destroyed": 21, "houses_damaged": 54, "title": "(demo) landslide event", "source_url": "", "severity_score": 7.72, "severity_class": "moderate"}}, {"type": "Feature", "geometry": {"type": "Point", "coordinates": [85.7207, 28.2088]}, "properties": {"id": "demo-310", "source": "demo", "date": "2015-07-15", "date_precision": "day", "year": 2015, "month": 7, "hazard": "flood", "hazard_raw": "flood", "district": null, "lon": 85.7207, "lat": 28.2088, "geo_precision": "exact", "deaths": 0, "missing": 0, "injured": 0, "people_affected": 247, "houses_destroyed": 27, "houses_damaged": 47, "title": "(demo) flood event", "source_url": "", "severity_score": 8.24, "severity_class": "moderate"}}, {"type": "Feature", "geometry": {"type": "Point", "coordinates": [86.8698, 27.4787]}, "properties": {"id": "demo-311", "source": "demo", "date": "2000-07-03", "date_precision": "day", "year": 2000, "month": 7, "hazard": "flood", "hazard_raw": "flood", "district": null, "lon": 86.8698, "lat": 27.4787, "geo_precision": "exact", "deaths": 0, "missing": 0, "injured": 0, "people_affected": 135, "houses_destroyed": 8, "houses_damaged": 10, "title": "(demo) flood event", "source_url": "", "severity_score": 2.37, "severity_class": "small"}}, {"type": "Feature", "geometry": {"type": "Point", "coordinates": [85.1992, 28.0288]}, "properties": {"id": "demo-312", "source": "demo", "date": "2012-08-08", "date_precision": "day", "year": 2012, "month": 8, "hazard": "debris_flow", "hazard_raw": "debris_flow", "district": null, "lon": 85.1992, "lat": 28.0288, "geo_precision": "exact", "deaths": 7, "missing": 2, "injured": 9, "people_affected": 2673, "houses_destroyed": 257, "houses_damaged": 861, "title": "(demo) debris_flow event", "source_url": "", "severity_score": 153.8, "severity_class": "catastrophic"}}, {"type": "Feature", "geometry": {"type": "Point", "coordinates": [85.2406, 27.9574]}, "properties": {"id": "demo-313", "source": "demo", "date": "2013-04-23", "date_precision": "day", "year": 2013, "month": 4, "hazard": "debris_flow", "hazard_raw": "debris_flow", "district": null, "lon": 85.2406, "lat": 27.9574, "geo_precision": "exact", "deaths": 0, "missing": 0, "injured": 0, "people_affected": 25, "houses_destroyed": 6, "houses_damaged": 23, "title": "(demo) debris_flow event", "source_url": "", "severity_score": 2.4, "severity_class": "small"}}, {"type": "Feature", "geometry": {"type": "Point", "coordinates": [84.086, 28.081]}, "properties": {"id": "demo-314", "source": "demo", "date": "2012-08-03", "date_precision": "day", "year": 2012, "month": 8, "hazard": "flood", "hazard_raw": "flood", "district": null, "lon": 84.086, "lat": 28.081, "geo_precision": "exact", "deaths": 0, "missing": 0, "injured": 0, "people_affected": 0, "houses_destroyed": 0, "houses_damaged": 0, "title": "(demo) flood event", "source_url": "", "severity_score": 0.0, "severity_class": "minor"}}, {"type": "Feature", "geometry": {"type": "Point", "coordinates": [83.7618, 28.9781]}, "properties": {"id": "demo-315", "source": "demo", "date": "2025-10-10", "date_precision": "day", "year": 2025, "month": 10, "hazard": "flash_flood", "hazard_raw": "flash_flood", "district": null, "lon": 83.7618, "lat": 28.9781, "geo_precision": "exact", "deaths": 0, "missing": 0, "injured": 0, "people_affected": 213, "houses_destroyed": 11, "houses_damaged": 40, "title": "(demo) flash_flood event", "source_url": "", "severity_score": 4.63, "severity_class": "small"}}, {"type": "Feature", "geometry": {"type": "Point", "coordinates": [84.9673, 27.966]}, "properties": {"id": "demo-316", "source": "demo", "date": "2026-02-14", "date_precision": "day", "year": 2026, "month": 2, "hazard": "flash_flood", "hazard_raw": "flash_flood", "district": null, "lon": 84.9673, "lat": 27.966, "geo_precision": "exact", "deaths": 0, "missing": 0, "injured": 0, "people_affected": 68, "houses_destroyed": 11, "houses_damaged": 26, "title": "(demo) flash_flood event", "source_url": "", "severity_score": 3.64, "severity_class": "small"}}, {"type": "Feature", "geometry": {"type": "Point", "coordinates": [87.0795, 26.7156]}, "properties": {"id": "demo-317", "source": "demo", "date": "2026-08-05", "date_precision": "day", "year": 2026, "month": 8, "hazard": "landslide", "hazard_raw": "landslide", "district": null, "lon": 87.0795, "lat": 26.7156, "geo_precision": "exact", "deaths": 15, "missing": 5, "injured": 7, "people_affected": 16, "houses_destroyed": 1, "houses_damaged": 1, "title": "(demo) landslide event", "source_url": "", "severity_score": 107.28, "severity_class": "catastrophic"}}, {"type": "Feature", "geometry": {"type": "Point", "coordinates": [82.3923, 29.3386]}, "properties": {"id": "demo-318", "source": "demo", "date": "1998-07-14", "date_precision": "day", "year": 1998, "month": 7, "hazard": "avalanche", "hazard_raw": "avalanche", "district": null, "lon": 82.3923, "lat": 29.3386, "geo_precision": "exact", "deaths": 0, "missing": 0, "injured": 0, "people_affected": 80, "houses_destroyed": 7, "houses_damaged": 11, "title": "(demo) avalanche event", "source_url": "", "severity_score": 2.11, "severity_class": "small"}}, {"type": "Feature", "geometry": {"type": "Point", "coordinates": [87.3561, 26.6593]}, "properties": {"id": "demo-319", "source": "demo", "date": "2001-08-04", "date_precision": "day", "year": 2001, "month": 8, "hazard": "flood", "hazard_raw": "flood", "district": null, "lon": 87.3561, "lat": 26.6593, "geo_precision": "exact", "deaths": 4, "missing": 0, "injured": 4, "people_affected": 0, "houses_destroyed": 0, "houses_damaged": 0, "title": "(demo) flood event", "source_url": "", "severity_score": 24.0, "severity_class": "moderate"}}, {"type": "Feature", "geometry": {"type": "Point", "coordinates": [81.5828, 28.8939]}, "properties": {"id": "demo-320", "source": "demo", "date": "1975-07-19", "date_precision": "day", "year": 1975, "month": 7, "hazard": "landslide", "hazard_raw": "landslide", "district": null, "lon": 81.5828, "lat": 28.8939, "geo_precision": "exact", "deaths": 0, "missing": 0, "injured": 0, "people_affected": 0, "houses_destroyed": 0, "houses_damaged": 0, "title": "(demo) landslide event", "source_url": "", "severity_score": 0.0, "severity_class": "minor"}}, {"type": "Feature", "geometry": {"type": "Point", "coordinates": [85.5138, 28.2642]}, "properties": {"id": "demo-321", "source": "demo", "date": "2009-08-24", "date_precision": "day", "year": 2009, "month": 8, "hazard": "debris_flow", "hazard_raw": "debris_flow", "district": null, "lon": 85.5138, "lat": 28.2642, "geo_precision": "exact", "deaths": 0, "missing": 0, "injured": 0, "people_affected": 0, "houses_destroyed": 0, "houses_damaged": 0, "title": "(demo) debris_flow event", "source_url": "", "severity_score": 0.0, "severity_class": "minor"}}, {"type": "Feature", "geometry": {"type": "Point", "coordinates": [80.2, 28.789]}, "properties": {"id": "demo-322", "source": "demo", "date": "2019-06-28", "date_precision": "day", "year": 2019, "month": 6, "hazard": "flood", "hazard_raw": "flood", "district": null, "lon": 80.2, "lat": 28.789, "geo_precision": "exact", "deaths": 6, "missing": 1, "injured": 5, "people_affected": 32, "houses_destroyed": 2, "houses_damaged": 3, "title": "(demo) flood event", "source_url": "", "severity_score": 40.61, "severity_class": "major"}}, {"type": "Feature", "geometry": {"type": "Point", "coordinates": [81.7901, 28.9968]}, "properties": {"id": "demo-323", "source": "demo", "date": "1992-12-20", "date_precision": "day", "year": 1992, "month": 12, "hazard": "landslide", "hazard_raw": "landslide", "district": null, "lon": 81.7901, "lat": 28.9968, "geo_precision": "exact", "deaths": 0, "missing": 0, "injured": 0, "people_affected": 0, "houses_destroyed": 0, "houses_damaged": 0, "title": "(demo) landslide event", "source_url": "", "severity_score": 0.0, "severity_class": "minor"}}, {"type": "Feature", "geometry": {"type": "Point", "coordinates": [86.5032, 28.2449]}, "properties": {"id": "demo-324", "source": "demo", "date": "2012-07-16", "date_precision": "day", "year": 2012, "month": 7, "hazard": "landslide", "hazard_raw": "landslide", "district": null, "lon": 86.5032, "lat": 28.2449, "geo_precision": "exact", "deaths": 0, "missing": 0, "injured": 0, "people_affected": 54, "houses_destroyed": 17, "houses_damaged": 61, "title": "(demo) landslide event", "source_url": "", "severity_score": 6.56, "severity_class": "moderate"}}, {"type": "Feature", "geometry": {"type": "Point", "coordinates": [86.5619, 28.1602]}, "properties": {"id": "demo-325", "source": "demo", "date": "2017-08-28", "date_precision": "day", "year": 2017, "month": 8, "hazard": "landslide", "hazard_raw": "landslide", "district": null, "lon": 86.5619, "lat": 28.1602, "geo_precision": "exact", "deaths": 0, "missing": 0, "injured": 0, "people_affected": 46, "houses_destroyed": 3, "houses_damaged": 9, "title": "(demo) landslide event", "source_url": "", "severity_score": 1.14, "severity_class": "small"}}, {"type": "Feature", "geometry": {"type": "Point", "coordinates": [83.2318, 28.2956]}, "properties": {"id": "demo-326", "source": "demo", "date": "2021-01-03", "date_precision": "day", "year": 2021, "month": 1, "hazard": "flood", "hazard_raw": "flood", "district": null, "lon": 83.2318, "lat": 28.2956, "geo_precision": "exact", "deaths": 8, "missing": 0, "injured": 3, "people_affected": 1458, "houses_destroyed": 103, "houses_damaged": 392, "title": "(demo) flood event", "source_url": "", "severity_score": 86.12, "severity_class": "major"}}, {"type": "Feature", "geometry": {"type": "Point", "coordinates": [82.1842, 29.5023]}, "properties": {"id": "demo-327", "source": "demo", "date": "2019-05-22", "date_precision": "day", "year": 2019, "month": 5, "hazard": "avalanche", "hazard_raw": "avalanche", "district": null, "lon": 82.1842, "lat": 29.5023, "geo_precision": "exact", "deaths": 2, "missing": 0, "injured": 1, "people_affected": 98, "houses_destroyed": 23, "houses_damaged": 68, "title": "(demo) avalanche event", "source_url": "", "severity_score": 19.2, "severity_class": "moderate"}}, {"type": "Feature", "geometry": {"type": "Point", "coordinates": [80.2, 28.9532]}, "properties": {"id": "demo-328", "source": "demo", "date": "2020-09-09", "date_precision": "day", "year": 2020, "month": 9, "hazard": "landslide", "hazard_raw": "landslide", "district": null, "lon": 80.2, "lat": 28.9532, "geo_precision": "exact", "deaths": 1, "missing": 0, "injured": 1, "people_affected": 75, "houses_destroyed": 4, "houses_damaged": 9, "title": "(demo) landslide event", "source_url": "", "severity_score": 7.4, "severity_class": "moderate"}}, {"type": "Feature", "geometry": {"type": "Point", "coordinates": [83.5381, 28.6893]}, "properties": {"id": "demo-329", "source": "demo", "date": "2005-09-07", "date_precision": "day", "year": 2005, "month": 9, "hazard": "flash_flood", "hazard_raw": "flash_flood", "district": null, "lon": 83.5381, "lat": 28.6893, "geo_precision": "exact", "deaths": 0, "missing": 0, "injured": 0, "people_affected": 9, "houses_destroyed": 3, "houses_damaged": 9, "title": "(demo) flash_flood event", "source_url": "", "severity_score": 1.07, "severity_class": "small"}}, {"type": "Feature", "geometry": {"type": "Point", "coordinates": [80.2, 28.5129]}, "properties": {"id": "demo-330", "source": "demo", "date": "2013-07-05", "date_precision": "day", "year": 2013, "month": 7, "hazard": "flood", "hazard_raw": "flood", "district": null, "lon": 80.2, "lat": 28.5129, "geo_precision": "exact", "deaths": 0, "missing": 0, "injured": 0, "people_affected": 439, "houses_destroyed": 27, "houses_damaged": 95, "title": "(demo) flood event", "source_url": "", "severity_score": 11.03, "severity_class": "moderate"}}, {"type": "Feature", "geometry": {"type": "Point", "coordinates": [85.3417, 28.2058]}, "properties": {"id": "demo-331", "source": "demo", "date": "2015-09-16", "date_precision": "day", "year": 2015, "month": 9, "hazard": "debris_flow", "hazard_raw": "debris_flow", "district": null, "lon": 85.3417, "lat": 28.2058, "geo_precision": "exact", "deaths": 2, "missing": 0, "injured": 1, "people_affected": 52, "houses_destroyed": 6, "houses_damaged": 21, "title": "(demo) debris_flow event", "source_url": "", "severity_score": 13.35, "severity_class": "moderate"}}, {"type": "Feature", "geometry": {"type": "Point", "coordinates": [82.3419, 29.3201]}, "properties": {"id": "demo-332", "source": "demo", "date": "2012-08-10", "date_precision": "day", "year": 2012, "month": 8, "hazard": "avalanche", "hazard_raw": "avalanche", "district": null, "lon": 82.3419, "lat": 29.3201, "geo_precision": "exact", "deaths": 3, "missing": 0, "injured": 4, "people_affected": 251, "houses_destroyed": 40, "houses_damaged": 56, "title": "(demo) avalanche event", "source_url": "", "severity_score": 30.3, "severity_class": "major"}}, {"type": "Feature", "geometry": {"type": "Point", "coordinates": [86.1697, 28.1326]}, "properties": {"id": "demo-333", "source": "demo", "date": "2012-07-18", "date_precision": "day", "year": 2012, "month": 7, "hazard": "landslide", "hazard_raw": "landslide", "district": null, "lon": 86.1697, "lat": 28.1326, "geo_precision": "exact", "deaths": 0, "missing": 0, "injured": 0, "people_affected": 11, "houses_destroyed": 1, "houses_damaged": 2, "title": "(demo) landslide event", "source_url": "", "severity_score": 0.32, "severity_class": "small"}}, {"type": "Feature", "geometry": {"type": "Point", "coordinates": [85.8685, 28.1636]}, "properties": {"id": "demo-334", "source": "demo", "date": "2004-07-01", "date_precision": "day", "year": 2004, "month": 7, "hazard": "flood", "hazard_raw": "flood", "district": null, "lon": 85.8685, "lat": 28.1636, "geo_precision": "exact", "deaths": 1, "missing": 0, "injured": 1, "people_affected": 64, "houses_destroyed": 11, "houses_damaged": 26, "title": "(demo) flood event", "source_url": "", "severity_score": 9.63, "severity_class": "moderate"}}, {"type": "Feature", "geometry": {"type": "Point", "coordinates": [83.6767, 28.6782]}, "properties": {"id": "demo-335", "source": "demo", "date": "2009-09-08", "date_precision": "day", "year": 2009, "month": 9, "hazard": "flash_flood", "hazard_raw": "flash_flood", "district": null, "lon": 83.6767, "lat": 28.6782, "geo_precision": "exact", "deaths": 1, "missing": 0, "injured": 0, "people_affected": 0, "houses_destroyed": 0, "houses_damaged": 0, "title": "(demo) flash_flood event", "source_url": "", "severity_score": 5.0, "severity_class": "moderate"}}, {"type": "Feature", "geometry": {"type": "Point", "coordinates": [84.0535, 27.3363]}, "properties": {"id": "demo-336", "source": "demo", "date": "2008-05-14", "date_precision": "day", "year": 2008, "month": 5, "hazard": "flash_flood", "hazard_raw": "flash_flood", "district": null, "lon": 84.0535, "lat": 27.3363, "geo_precision": "exact", "deaths": 1, "missing": 0, "injured": 1, "people_affected": 140, "houses_destroyed": 15, "houses_damaged": 43, "title": "(demo) flash_flood event", "source_url": "", "severity_score": 11.43, "severity_class": "moderate"}}, {"type": "Feature", "geometry": {"type": "Point", "coordinates": [86.6985, 27.8015]}, "properties": {"id": "demo-337", "source": "demo", "date": "1982-08-19", "date_precision": "day", "year": 1982, "month": 8, "hazard": "landslide", "hazard_raw": "landslide", "district": null, "lon": 86.6985, "lat": 27.8015, "geo_precision": "exact", "deaths": 0, "missing": 0, "injured": 0, "people_affected": 0, "houses_destroyed": 0, "houses_damaged": 0, "title": "(demo) landslide event", "source_url": "", "severity_score": 0.0, "severity_class": "minor"}}, {"type": "Feature", "geometry": {"type": "Point", "coordinates": [86.8703, 27.9704]}, "properties": {"id": "demo-338", "source": "demo", "date": "1976-09-12", "date_precision": "day", "year": 1976, "month": 9, "hazard": "landslide", "hazard_raw": "landslide", "district": null, "lon": 86.8703, "lat": 27.9704, "geo_precision": "exact", "deaths": 1, "missing": 0, "injured": 1, "people_affected": 23, "houses_destroyed": 2, "houses_damaged": 7, "title": "(demo) landslide event", "source_url": "", "severity_score": 6.8, "severity_class": "moderate"}}, {"type": "Feature", "geometry": {"type": "Point", "coordinates": [80.5696, 28.9036]}, "properties": {"id": "demo-339", "source": "demo", "date": "2021-05-28", "date_precision": "day", "year": 2021, "month": 5, "hazard": "flood", "hazard_raw": "flood", "district": null, "lon": 80.5696, "lat": 28.9036, "geo_precision": "exact", "deaths": 0, "missing": 0, "injured": 0, "people_affected": 34, "houses_destroyed": 4, "houses_damaged": 9, "title": "(demo) flood event", "source_url": "", "severity_score": 1.32, "severity_class": "small"}}, {"type": "Feature", "geometry": {"type": "Point", "coordinates": [85.3728, 28.082]}, "properties": {"id": "demo-340", "source": "demo", "date": "2005-06-26", "date_precision": "day", "year": 2005, "month": 6, "hazard": "flood", "hazard_raw": "flood", "district": null, "lon": 85.3728, "lat": 28.082, "geo_precision": "exact", "deaths": 12, "missing": 2, "injured": 12, "people_affected": 2813, "houses_destroyed": 154, "houses_damaged": 499, "title": "(demo) flood event", "source_url": "", "severity_score": 143.38, "severity_class": "catastrophic"}}, {"type": "Feature", "geometry": {"type": "Point", "coordinates": [81.9939, 29.4513]}, "properties": {"id": "demo-341", "source": "demo", "date": "2026-06-08", "date_precision": "day", "year": 2026, "month": 6, "hazard": "landslide", "hazard_raw": "landslide", "district": null, "lon": 81.9939, "lat": 29.4513, "geo_precision": "exact", "deaths": 0, "missing": 0, "injured": 0, "people_affected": 43, "houses_destroyed": 4, "houses_damaged": 8, "title": "(demo) landslide event", "source_url": "", "severity_score": 1.29, "severity_class": "small"}}, {"type": "Feature", "geometry": {"type": "Point", "coordinates": [81.6632, 29.3797]}, "properties": {"id": "demo-342", "source": "demo", "date": "2015-08-09", "date_precision": "day", "year": 2015, "month": 8, "hazard": "avalanche", "hazard_raw": "avalanche", "district": null, "lon": 81.6632, "lat": 29.3797, "geo_precision": "exact", "deaths": 2, "missing": 0, "injured": 2, "people_affected": 332, "houses_destroyed": 24, "houses_damaged": 80, "title": "(demo) avalanche event", "source_url": "", "severity_score": 21.46, "severity_class": "moderate"}}, {"type": "Feature", "geometry": {"type": "Point", "coordinates": [83.4287, 28.7124]}, "properties": {"id": "demo-343", "source": "demo", "date": "1997-07-07", "date_precision": "day", "year": 1997, "month": 7, "hazard": "flood", "hazard_raw": "flood", "district": null, "lon": 83.4287, "lat": 28.7124, "geo_precision": "exact", "deaths": 1, "missing": 0, "injured": 0, "people_affected": 0, "houses_destroyed": 0, "houses_damaged": 0, "title": "(demo) flood event", "source_url": "", "severity_score": 5.0, "severity_class": "moderate"}}, {"type": "Feature", "geometry": {"type": "Point", "coordinates": [83.8537, 28.6507]}, "properties": {"id": "demo-344", "source": "demo", "date": "2015-08-17", "date_precision": "day", "year": 2015, "month": 8, "hazard": "debris_flow", "hazard_raw": "debris_flow", "district": null, "lon": 83.8537, "lat": 28.6507, "geo_precision": "exact", "deaths": 15, "missing": 2, "injured": 10, "people_affected": 0, "houses_destroyed": 0, "houses_damaged": 0, "title": "(demo) debris_flow event", "source_url": "", "severity_score": 95.0, "severity_class": "major"}}, {"type": "Feature", "geometry": {"type": "Point", "coordinates": [86.6027, 28.0977]}, "properties": {"id": "demo-345", "source": "demo", "date": "1986-04-16", "date_precision": "day", "year": 1986, "month": 4, "hazard": "glof", "hazard_raw": "glof", "district": null, "lon": 86.6027, "lat": 28.0977, "geo_precision": "exact", "deaths": 0, "missing": 0, "injured": 0, "people_affected": 74, "houses_destroyed": 5, "houses_damaged": 7, "title": "(demo) glof event", "source_url": "", "severity_score": 1.5, "severity_class": "small"}}, {"type": "Feature", "geometry": {"type": "Point", "coordinates": [86.3433, 27.8504]}, "properties": {"id": "demo-346", "source": "demo", "date": "2026-08-13", "date_precision": "day", "year": 2026, "month": 8, "hazard": "landslide", "hazard_raw": "landslide", "district": null, "lon": 86.3433, "lat": 27.8504, "geo_precision": "exact", "deaths": 0, "missing": 0, "injured": 0, "people_affected": 32, "houses_destroyed": 2, "houses_damaged": 6, "title": "(demo) landslide event", "source_url": "", "severity_score": 0.76, "severity_class": "small"}}, {"type": "Feature", "geometry": {"type": "Point", "coordinates": [84.2867, 28.1305]}, "properties": {"id": "demo-347", "source": "demo", "date": "2014-07-02", "date_precision": "day", "year": 2014, "month": 7, "hazard": "landslide", "hazard_raw": "landslide", "district": null, "lon": 84.2867, "lat": 28.1305, "geo_precision": "exact", "deaths": 0, "missing": 0, "injured": 0, "people_affected": 12, "houses_destroyed": 2, "houses_damaged": 6, "title": "(demo) landslide event", "source_url": "", "severity_score": 0.72, "severity_class": "small"}}, {"type": "Feature", "geometry": {"type": "Point", "coordinates": [84.2616, 27.6695]}, "properties": {"id": "demo-348", "source": "demo", "date": "2019-08-23", "date_precision": "day", "year": 2019, "month": 8, "hazard": "flood", "hazard_raw": "flood", "district": null, "lon": 84.2616, "lat": 27.6695, "geo_precision": "exact", "deaths": 0, "missing": 0, "injured": 0, "people_affected": 150, "houses_destroyed": 17, "houses_damaged": 20, "title": "(demo) flood event", "source_url": "", "severity_score": 4.7, "severity_class": "small"}}, {"type": "Feature", "geometry": {"type": "Point", "coordinates": [80.7513, 28.6417]}, "properties": {"id": "demo-349", "source": "demo", "date": "2005-08-18", "date_precision": "day", "year": 2005, "month": 8, "hazard": "flood", "hazard_raw": "flood", "district": null, "lon": 80.7513, "lat": 28.6417, "geo_precision": "exact", "deaths": 0, "missing": 0, "injured": 0, "people_affected": 0, "houses_destroyed": 0, "houses_damaged": 0, "title": "(demo) flood event", "source_url": "", "severity_score": 0.0, "severity_class": "minor"}}, {"type": "Feature", "geometry": {"type": "Point", "coordinates": [84.1651, 28.1311]}, "properties": {"id": "demo-350", "source": "demo", "date": "2008-05-05", "date_precision": "day", "year": 2008, "month": 5, "hazard": "landslide", "hazard_raw": "landslide", "district": null, "lon": 84.1651, "lat": 28.1311, "geo_precision": "exact", "deaths": 0, "missing": 0, "injured": 0, "people_affected": 44, "houses_destroyed": 5, "houses_damaged": 6, "title": "(demo) landslide event", "source_url": "", "severity_score": 1.39, "severity_class": "small"}}, {"type": "Feature", "geometry": {"type": "Point", "coordinates": [80.6221, 28.8313]}, "properties": {"id": "demo-351", "source": "demo", "date": "2022-06-17", "date_precision": "day", "year": 2022, "month": 6, "hazard": "landslide", "hazard_raw": "landslide", "district": null, "lon": 80.6221, "lat": 28.8313, "geo_precision": "exact", "deaths": 0, "missing": 0, "injured": 0, "people_affected": 0, "houses_destroyed": 0, "houses_damaged": 0, "title": "(demo) landslide event", "source_url": "", "severity_score": 0.0, "severity_class": "minor"}}, {"type": "Feature", "geometry": {"type": "Point", "coordinates": [86.0923, 26.8183]}, "properties": {"id": "demo-352", "source": "demo", "date": "2021-06-16", "date_precision": "day", "year": 2021, "month": 6, "hazard": "flood", "hazard_raw": "flood", "district": null, "lon": 86.0923, "lat": 26.8183, "geo_precision": "exact", "deaths": 0, "missing": 0, "injured": 0, "people_affected": 0, "houses_destroyed": 0, "houses_damaged": 0, "title": "(demo) flood event", "source_url": "", "severity_score": 0.0, "severity_class": "minor"}}, {"type": "Feature", "geometry": {"type": "Point", "coordinates": [86.5842, 27.578]}, "properties": {"id": "demo-353", "source": "demo", "date": "2003-03-11", "date_precision": "day", "year": 2003, "month": 3, "hazard": "flash_flood", "hazard_raw": "flash_flood", "district": null, "lon": 86.5842, "lat": 27.578, "geo_precision": "exact", "deaths": 1, "missing": 0, "injured": 1, "people_affected": 191, "houses_destroyed": 18, "houses_damaged": 25, "title": "(demo) flash_flood event", "source_url": "", "severity_score": 11.23, "severity_class": "moderate"}}, {"type": "Feature", "geometry": {"type": "Point", "coordinates": [86.7755, 27.8249]}, "properties": {"id": "demo-354", "source": "demo", "date": "2002-09-15", "date_precision": "day", "year": 2002, "month": 9, "hazard": "landslide", "hazard_raw": "landslide", "district": null, "lon": 86.7755, "lat": 27.8249, "geo_precision": "exact", "deaths": 0, "missing": 0, "injured": 0, "people_affected": 19, "houses_destroyed": 1, "houses_damaged": 3, "title": "(demo) landslide event", "source_url": "", "severity_score": 0.39, "severity_class": "small"}}, {"type": "Feature", "geometry": {"type": "Point", "coordinates": [85.3204, 28.1411]}, "properties": {"id": "demo-355", "source": "demo", "date": "2003-08-02", "date_precision": "day", "year": 2003, "month": 8, "hazard": "glof", "hazard_raw": "glof", "district": null, "lon": 85.3204, "lat": 28.1411, "geo_precision": "exact", "deaths": 0, "missing": 0, "injured": 0, "people_affected": 1348, "houses_destroyed": 97, "houses_damaged": 113, "title": "(demo) glof event", "source_url": "", "severity_score": 27.75, "severity_class": "major"}}, {"type": "Feature", "geometry": {"type": "Point", "coordinates": [83.7134, 28.4821]}, "properties": {"id": "demo-356", "source": "demo", "date": "2017-09-22", "date_precision": "day", "year": 2017, "month": 9, "hazard": "flash_flood", "hazard_raw": "flash_flood", "district": null, "lon": 83.7134, "lat": 28.4821, "geo_precision": "exact", "deaths": 0, "missing": 0, "injured": 0, "people_affected": 27, "houses_destroyed": 3, "houses_damaged": 11, "title": "(demo) flash_flood event", "source_url": "", "severity_score": 1.2, "severity_class": "small"}}, {"type": "Feature", "geometry": {"type": "Point", "coordinates": [86.6969, 27.8164]}, "properties": {"id": "demo-357", "source": "demo", "date": "2014-09-03", "date_precision": "day", "year": 2014, "month": 9, "hazard": "flood", "hazard_raw": "flood", "district": null, "lon": 86.6969, "lat": 27.8164, "geo_precision": "exact", "deaths": 1, "missing": 0, "injured": 1, "people_affected": 172, "houses_destroyed": 10, "houses_damaged": 22, "title": "(demo) flood event", "source_url": "", "severity_score": 9.44, "severity_class": "moderate"}}, {"type": "Feature", "geometry": {"type": "Point", "coordinates": [83.7033, 28.9252]}, "properties": {"id": "demo-358", "source": "demo", "date": "2026-07-11", "date_precision": "day", "year": 2026, "month": 7, "hazard": "flash_flood", "hazard_raw": "flash_flood", "district": null, "lon": 83.7033, "lat": 28.9252, "geo_precision": "exact", "deaths": 0, "missing": 0, "injured": 0, "people_affected": 5, "houses_destroyed": 1, "houses_damaged": 3, "title": "(demo) flash_flood event", "source_url": "", "severity_score": 0.36, "severity_class": "small"}}, {"type": "Feature", "geometry": {"type": "Point", "coordinates": [86.21, 27.8176]}, "properties": {"id": "demo-359", "source": "demo", "date": "1990-07-18", "date_precision": "day", "year": 1990, "month": 7, "hazard": "landslide", "hazard_raw": "landslide", "district": null, "lon": 86.21, "lat": 27.8176, "geo_precision": "exact", "deaths": 0, "missing": 0, "injured": 0, "people_affected": 0, "houses_destroyed": 0, "houses_damaged": 0, "title": "(demo) landslide event", "source_url": "", "severity_score": 0.0, "severity_class": "minor"}}, {"type": "Feature", "geometry": {"type": "Point", "coordinates": [85.4733, 26.9124]}, "properties": {"id": "demo-360", "source": "demo", "date": "2024-06-03", "date_precision": "day", "year": 2024, "month": 6, "hazard": "flood", "hazard_raw": "flood", "district": null, "lon": 85.4733, "lat": 26.9124, "geo_precision": "exact", "deaths": 0, "missing": 0, "injured": 0, "people_affected": 37, "houses_destroyed": 4, "houses_damaged": 13, "title": "(demo) flood event", "source_url": "", "severity_score": 1.52, "severity_class": "small"}}, {"type": "Feature", "geometry": {"type": "Point", "coordinates": [86.6441, 27.8712]}, "properties": {"id": "demo-361", "source": "demo", "date": "2014-09-05", "date_precision": "day", "year": 2014, "month": 9, "hazard": "glof", "hazard_raw": "glof", "district": null, "lon": 86.6441, "lat": 27.8712, "geo_precision": "exact", "deaths": 0, "missing": 0, "injured": 0, "people_affected": 0, "houses_destroyed": 0, "houses_damaged": 0, "title": "(demo) glof event", "source_url": "", "severity_score": 0.0, "severity_class": "minor"}}, {"type": "Feature", "geometry": {"type": "Point", "coordinates": [82.0079, 29.4496]}, "properties": {"id": "demo-362", "source": "demo", "date": "2005-07-11", "date_precision": "day", "year": 2005, "month": 7, "hazard": "landslide", "hazard_raw": "landslide", "district": null, "lon": 82.0079, "lat": 29.4496, "geo_precision": "exact", "deaths": 0, "missing": 0, "injured": 0, "people_affected": 0, "houses_destroyed": 0, "houses_damaged": 0, "title": "(demo) landslide event", "source_url": "", "severity_score": 0.0, "severity_class": "minor"}}, {"type": "Feature", "geometry": {"type": "Point", "coordinates": [85.6119, 28.0378]}, "properties": {"id": "demo-363", "source": "demo", "date": "2004-07-27", "date_precision": "day", "year": 2004, "month": 7, "hazard": "flash_flood", "hazard_raw": "flash_flood", "district": null, "lon": 85.6119, "lat": 28.0378, "geo_precision": "exact", "deaths": 14, "missing": 2, "injured": 17, "people_affected": 0, "houses_destroyed": 0, "houses_damaged": 0, "title": "(demo) flash_flood event", "source_url": "", "severity_score": 97.0, "severity_class": "major"}}, {"type": "Feature", "geometry": {"type": "Point", "coordinates": [80.6356, 28.822]}, "properties": {"id": "demo-364", "source": "demo", "date": "2011-05-15", "date_precision": "day", "year": 2011, "month": 5, "hazard": "landslide", "hazard_raw": "landslide", "district": null, "lon": 80.6356, "lat": 28.822, "geo_precision": "exact", "deaths": 0, "missing": 0, "injured": 0, "people_affected": 263, "houses_destroyed": 15, "houses_damaged": 25, "title": "(demo) landslide event", "source_url": "", "severity_score": 4.78, "severity_class": "small"}}, {"type": "Feature", "geometry": {"type": "Point", "coordinates": [86.927, 28.2365]}, "properties": {"id": "demo-365", "source": "demo", "date": "1998-09-03", "date_precision": "day", "year": 1998, "month": 9, "hazard": "landslide", "hazard_raw": "landslide", "district": null, "lon": 86.927, "lat": 28.2365, "geo_precision": "exact", "deaths": 5, "missing": 1, "injured": 6, "people_affected": 774, "houses_destroyed": 42, "houses_damaged": 101, "title": "(demo) landslide event", "source_url": "", "severity_score": 51.0, "severity_class": "major"}}, {"type": "Feature", "geometry": {"type": "Point", "coordinates": [85.0877, 27.487]}, "properties": {"id": "demo-366", "source": "demo", "date": "2021-05-20", "date_precision": "day", "year": 2021, "month": 5, "hazard": "landslide", "hazard_raw": "landslide", "district": null, "lon": 85.0877, "lat": 27.487, "geo_precision": "exact", "deaths": 0, "missing": 0, "injured": 0, "people_affected": 89, "houses_destroyed": 10, "houses_damaged": 38, "title": "(demo) landslide event", "source_url": "", "severity_score": 4.08, "severity_class": "small"}}, {"type": "Feature", "geometry": {"type": "Point", "coordinates": [86.4782, 27.6764]}, "properties": {"id": "demo-367", "source": "demo", "date": "2018-09-17", "date_precision": "day", "year": 2018, "month": 9, "hazard": "flash_flood", "hazard_raw": "flash_flood", "district": null, "lon": 86.4782, "lat": 27.6764, "geo_precision": "exact", "deaths": 1, "missing": 0, "injured": 0, "people_affected": 11, "houses_destroyed": 1, "houses_damaged": 1, "title": "(demo) flash_flood event", "source_url": "", "severity_score": 5.27, "severity_class": "moderate"}}, {"type": "Feature", "geometry": {"type": "Point", "coordinates": [86.4926, 27.853]}, "properties": {"id": "demo-368", "source": "demo", "date": "2014-11-06", "date_precision": "day", "year": 2014, "month": 11, "hazard": "glof", "hazard_raw": "glof", "district": null, "lon": 86.4926, "lat": 27.853, "geo_precision": "exact", "deaths": 0, "missing": 0, "injured": 0, "people_affected": 2071, "houses_destroyed": 175, "houses_damaged": 419, "title": "(demo) glof event", "source_url": "", "severity_score": 60.09, "severity_class": "major"}}, {"type": "Feature", "geometry": {"type": "Point", "coordinates": [80.5245, 28.7838]}, "properties": {"id": "demo-369", "source": "demo", "date": "2012-06-20", "date_precision": "day", "year": 2012, "month": 6, "hazard": "flood", "hazard_raw": "flood", "district": null, "lon": 80.5245, "lat": 28.7838, "geo_precision": "exact", "deaths": 9, "missing": 3, "injured": 9, "people_affected": 2021, "houses_destroyed": 111, "houses_damaged": 396, "title": "(demo) flood event", "source_url": "", "severity_score": 115.04, "severity_class": "catastrophic"}}, {"type": "Feature", "geometry": {"type": "Point", "coordinates": [85.2242, 27.9592]}, "properties": {"id": "demo-370", "source": "demo", "date": "2014-07-04", "date_precision": "day", "year": 2014, "month": 7, "hazard": "debris_flow", "hazard_raw": "debris_flow", "district": null, "lon": 85.2242, "lat": 27.9592, "geo_precision": "exact", "deaths": 1, "missing": 0, "injured": 1, "people_affected": 163, "houses_destroyed": 9, "houses_damaged": 29, "title": "(demo) debris_flow event", "source_url": "", "severity_score": 9.58, "severity_class": "moderate"}}, {"type": "Feature", "geometry": {"type": "Point", "coordinates": [86.9815, 27.7774]}, "properties": {"id": "demo-371", "source": "demo", "date": "2009-09-13", "date_precision": "day", "year": 2009, "month": 9, "hazard": "landslide", "hazard_raw": "landslide", "district": null, "lon": 86.9815, "lat": 27.7774, "geo_precision": "exact", "deaths": 3, "missing": 0, "injured": 2, "people_affected": 1087, "houses_destroyed": 78, "houses_damaged": 262, "title": "(demo) landslide event", "source_url": "", "severity_score": 47.87, "severity_class": "major"}}, {"type": "Feature", "geometry": {"type": "Point", "coordinates": [86.9372, 26.4]}, "properties": {"id": "demo-372", "source": "demo", "date": "2002-07-05", "date_precision": "day", "year": 2002, "month": 7, "hazard": "flood", "hazard_raw": "flood", "district": null, "lon": 86.9372, "lat": 26.4, "geo_precision": "exact", "deaths": 0, "missing": 0, "injured": 0, "people_affected": 8, "houses_destroyed": 2, "houses_damaged": 2, "title": "(demo) flood event", "source_url": "", "severity_score": 0.52, "severity_class": "small"}}, {"type": "Feature", "geometry": {"type": "Point", "coordinates": [86.0444, 28.4767]}, "properties": {"id": "demo-373", "source": "demo", "date": "2019-08-25", "date_precision": "day", "year": 2019, "month": 8, "hazard": "glof", "hazard_raw": "glof", "district": null, "lon": 86.0444, "lat": 28.4767, "geo_precision": "exact", "deaths": 54, "missing": 14, "injured": 61, "people_affected": 954, "houses_destroyed": 108, "houses_damaged": 192, "title": "(demo) glof event", "source_url": "", "severity_score": 434.11, "severity_class": "catastrophic"}}, {"type": "Feature", "geometry": {"type": "Point", "coordinates": [82.7729, 29.5801]}, "properties": {"id": "demo-374", "source": "demo", "date": "1998-05-15", "date_precision": "day", "year": 1998, "month": 5, "hazard": "avalanche", "hazard_raw": "avalanche", "district": null, "lon": 82.7729, "lat": 29.5801, "geo_precision": "exact", "deaths": 0, "missing": 0, "injured": 0, "people_affected": 34, "houses_destroyed": 3, "houses_damaged": 9, "title": "(demo) avalanche event", "source_url": "", "severity_score": 1.12, "severity_class": "small"}}, {"type": "Feature", "geometry": {"type": "Point", "coordinates": [86.3651, 27.9745]}, "properties": {"id": "demo-375", "source": "demo", "date": "2007-08-22", "date_precision": "day", "year": 2007, "month": 8, "hazard": "landslide", "hazard_raw": "landslide", "district": null, "lon": 86.3651, "lat": 27.9745, "geo_precision": "exact", "deaths": 0, "missing": 0, "injured": 0, "people_affected": 18, "houses_destroyed": 2, "houses_damaged": 5, "title": "(demo) landslide event", "source_url": "", "severity_score": 0.69, "severity_class": "small"}}, {"type": "Feature", "geometry": {"type": "Point", "coordinates": [86.1237, 28.2604]}, "properties": {"id": "demo-376", "source": "demo", "date": "2004-09-12", "date_precision": "day", "year": 2004, "month": 9, "hazard": "glof", "hazard_raw": "glof", "district": null, "lon": 86.1237, "lat": 28.2604, "geo_precision": "exact", "deaths": 3, "missing": 0, "injured": 5, "people_affected": 95, "houses_destroyed": 24, "houses_damaged": 53, "title": "(demo) glof event", "source_url": "", "severity_score": 27.64, "severity_class": "major"}}, {"type": "Feature", "geometry": {"type": "Point", "coordinates": [81.3958, 29.1281]}, "properties": {"id": "demo-377", "source": "demo", "date": "2015-03-10", "date_precision": "day", "year": 2015, "month": 3, "hazard": "landslide", "hazard_raw": "landslide", "district": null, "lon": 81.3958, "lat": 29.1281, "geo_precision": "exact", "deaths": 0, "missing": 0, "injured": 0, "people_affected": 3, "houses_destroyed": 1, "houses_damaged": 2, "title": "(demo) landslide event", "source_url": "", "severity_score": 0.31, "severity_class": "small"}}, {"type": "Feature", "geometry": {"type": "Point", "coordinates": [80.8716, 28.7861]}, "properties": {"id": "demo-378", "source": "demo", "date": "2003-09-04", "date_precision": "day", "year": 2003, "month": 9, "hazard": "flood", "hazard_raw": "flood", "district": null, "lon": 80.8716, "lat": 28.7861, "geo_precision": "exact", "deaths": 0, "missing": 0, "injured": 0, "people_affected": 0, "houses_destroyed": 0, "houses_damaged": 0, "title": "(demo) flood event", "source_url": "", "severity_score": 0.0, "severity_class": "minor"}}, {"type": "Feature", "geometry": {"type": "Point", "coordinates": [86.0666, 28.1129]}, "properties": {"id": "demo-379", "source": "demo", "date": "2009-07-13", "date_precision": "day", "year": 2009, "month": 7, "hazard": "flash_flood", "hazard_raw": "flash_flood", "district": null, "lon": 86.0666, "lat": 28.1129, "geo_precision": "exact", "deaths": 1, "missing": 0, "injured": 1, "people_affected": 115, "houses_destroyed": 13, "houses_damaged": 29, "title": "(demo) flash_flood event", "source_url": "", "severity_score": 10.28, "severity_class": "moderate"}}, {"type": "Feature", "geometry": {"type": "Point", "coordinates": [84.0795, 28.0493]}, "properties": {"id": "demo-380", "source": "demo", "date": "2005-07-14", "date_precision": "day", "year": 2005, "month": 7, "hazard": "landslide", "hazard_raw": "landslide", "district": null, "lon": 84.0795, "lat": 28.0493, "geo_precision": "exact", "deaths": 0, "missing": 0, "injured": 0, "people_affected": 12, "houses_destroyed": 1, "houses_damaged": 3, "title": "(demo) landslide event", "source_url": "", "severity_score": 0.37, "severity_class": "small"}}, {"type": "Feature", "geometry": {"type": "Point", "coordinates": [81.8246, 29.2521]}, "properties": {"id": "demo-381", "source": "demo", "date": "2011-07-20", "date_precision": "day", "year": 2011, "month": 7, "hazard": "flash_flood", "hazard_raw": "flash_flood", "district": null, "lon": 81.8246, "lat": 29.2521, "geo_precision": "exact", "deaths": 2, "missing": 0, "injured": 3, "people_affected": 503, "houses_destroyed": 29, "houses_damaged": 95, "title": "(demo) flash_flood event", "source_url": "", "severity_score": 24.56, "severity_class": "moderate"}}, {"type": "Feature", "geometry": {"type": "Point", "coordinates": [87.3293, 26.5989]}, "properties": {"id": "demo-382", "source": "demo", "date": "1984-06-10", "date_precision": "day", "year": 1984, "month": 6, "hazard": "flood", "hazard_raw": "flood", "district": null, "lon": 87.3293, "lat": 26.5989, "geo_precision": "exact", "deaths": 0, "missing": 0, "injured": 0, "people_affected": 21, "houses_destroyed": 2, "houses_damaged": 6, "title": "(demo) flood event", "source_url": "", "severity_score": 0.74, "severity_class": "small"}}, {"type": "Feature", "geometry": {"type": "Point", "coordinates": [85.716, 28.14]}, "properties": {"id": "demo-383", "source": "demo", "date": "2008-09-09", "date_precision": "day", "year": 2008, "month": 9, "hazard": "flood", "hazard_raw": "flood", "district": null, "lon": 85.716, "lat": 28.14, "geo_precision": "exact", "deaths": 14, "missing": 0, "injured": 18, "people_affected": 750, "houses_destroyed": 41, "houses_damaged": 147, "title": "(demo) flood event", "source_url": "", "severity_score": 105.05, "severity_class": "catastrophic"}}, {"type": "Feature", "geometry": {"type": "Point", "coordinates": [87.4921, 26.5441]}, "properties": {"id": "demo-384", "source": "demo", "date": "2024-08-05", "date_precision": "day", "year": 2024, "month": 8, "hazard": "flood", "hazard_raw": "flood", "district": null, "lon": 87.4921, "lat": 26.5441, "geo_precision": "exact", "deaths": 2, "missing": 0, "injured": 3, "people_affected": 171, "houses_destroyed": 15, "houses_damaged": 38, "title": "(demo) flood event", "source_url": "", "severity_score": 18.24, "severity_class": "moderate"}}, {"type": "Feature", "geometry": {"type": "Point", "coordinates": [84.345, 28.4116]}, "properties": {"id": "demo-385", "source": "demo", "date": "1992-08-26", "date_precision": "day", "year": 1992, "month": 8, "hazard": "landslide", "hazard_raw": "landslide", "district": null, "lon": 84.345, "lat": 28.4116, "geo_precision": "exact", "deaths": 0, "missing": 0, "injured": 0, "people_affected": 13, "houses_destroyed": 1, "houses_damaged": 1, "title": "(demo) landslide event", "source_url": "", "severity_score": 0.28, "severity_class": "small"}}, {"type": "Feature", "geometry": {"type": "Point", "coordinates": [80.5573, 28.7256]}, "properties": {"id": "demo-386", "source": "demo", "date": "2005-07-22", "date_precision": "day", "year": 2005, "month": 7, "hazard": "flood", "hazard_raw": "flood", "district": null, "lon": 80.5573, "lat": 28.7256, "geo_precision": "exact", "deaths": 0, "missing": 0, "injured": 0, "people_affected": 18, "houses_destroyed": 1, "houses_damaged": 2, "title": "(demo) flood event", "source_url": "", "severity_score": 0.34, "severity_class": "small"}}, {"type": "Feature", "geometry": {"type": "Point", "coordinates": [85.7197, 27.631]}, "properties": {"id": "demo-387", "source": "demo", "date": "2021-08-09", "date_precision": "day", "year": 2021, "month": 8, "hazard": "flood", "hazard_raw": "flood", "district": null, "lon": 85.7197, "lat": 27.631, "geo_precision": "exact", "deaths": 0, "missing": 0, "injured": 0, "people_affected": 29, "houses_destroyed": 3, "houses_damaged": 11, "title": "(demo) flood event", "source_url": "", "severity_score": 1.21, "severity_class": "small"}}, {"type": "Feature", "geometry": {"type": "Point", "coordinates": [87.1393, 28.1399]}, "properties": {"id": "demo-388", "source": "demo", "date": "2005-10-21", "date_precision": "day", "year": 2005, "month": 10, "hazard": "avalanche", "hazard_raw": "avalanche", "district": null, "lon": 87.1393, "lat": 28.1399, "geo_precision": "exact", "deaths": 3, "missing": 0, "injured": 4, "people_affected": 62, "houses_destroyed": 4, "houses_damaged": 9, "title": "(demo) avalanche event", "source_url": "", "severity_score": 20.37, "severity_class": "moderate"}}, {"type": "Feature", "geometry": {"type": "Point", "coordinates": [87.0708, 27.7727]}, "properties": {"id": "demo-389", "source": "demo", "date": "2023-05-09", "date_precision": "day", "year": 2023, "month": 5, "hazard": "flood", "hazard_raw": "flood", "district": null, "lon": 87.0708, "lat": 27.7727, "geo_precision": "exact", "deaths": 0, "missing": 0, "injured": 0, "people_affected": 0, "houses_destroyed": 0, "houses_damaged": 0, "title": "(demo) flood event", "source_url": "", "severity_score": 0.0, "severity_class": "minor"}}, {"type": "Feature", "geometry": {"type": "Point", "coordinates": [85.8661, 28.2703]}, "properties": {"id": "demo-390", "source": "demo", "date": "1983-07-03", "date_precision": "day", "year": 1983, "month": 7, "hazard": "glof", "hazard_raw": "glof", "district": null, "lon": 85.8661, "lat": 28.2703, "geo_precision": "exact", "deaths": 1, "missing": 0, "injured": 1, "people_affected": 0, "houses_destroyed": 0, "houses_damaged": 0, "title": "(demo) glof event", "source_url": "", "severity_score": 6.0, "severity_class": "moderate"}}, {"type": "Feature", "geometry": {"type": "Point", "coordinates": [80.5798, 28.6762]}, "properties": {"id": "demo-391", "source": "demo", "date": "2014-08-11", "date_precision": "day", "year": 2014, "month": 8, "hazard": "flood", "hazard_raw": "flood", "district": null, "lon": 80.5798, "lat": 28.6762, "geo_precision": "exact", "deaths": 0, "missing": 0, "injured": 0, "people_affected": 114, "houses_destroyed": 6, "houses_damaged": 10, "title": "(demo) flood event", "source_url": "", "severity_score": 1.93, "severity_class": "small"}}, {"type": "Feature", "geometry": {"type": "Point", "coordinates": [86.5461, 27.9054]}, "properties": {"id": "demo-392", "source": "demo", "date": "1976-06-23", "date_precision": "day", "year": 1976, "month": 6, "hazard": "avalanche", "hazard_raw": "avalanche", "district": null, "lon": 86.5461, "lat": 27.9054, "geo_precision": "exact", "deaths": 1, "missing": 0, "injured": 0, "people_affected": 64, "houses_destroyed": 4, "houses_damaged": 10, "title": "(demo) avalanche event", "source_url": "", "severity_score": 6.43, "severity_class": "moderate"}}, {"type": "Feature", "geometry": {"type": "Point", "coordinates": [86.6351, 27.9087]}, "properties": {"id": "demo-393", "source": "demo", "date": "2016-06-28", "date_precision": "day", "year": 2016, "month": 6, "hazard": "avalanche", "hazard_raw": "avalanche", "district": null, "lon": 86.6351, "lat": 27.9087, "geo_precision": "exact", "deaths": 0, "missing": 0, "injured": 0, "people_affected": 15, "houses_destroyed": 1, "houses_damaged": 3, "title": "(demo) avalanche event", "source_url": "", "severity_score": 0.38, "severity_class": "small"}}, {"type": "Feature", "geometry": {"type": "Point", "coordinates": [81.488, 29.3489]}, "properties": {"id": "demo-394", "source": "demo", "date": "1989-06-15", "date_precision": "day", "year": 1989, "month": 6, "hazard": "landslide", "hazard_raw": "landslide", "district": null, "lon": 81.488, "lat": 29.3489, "geo_precision": "exact", "deaths": 0, "missing": 0, "injured": 0, "people_affected": 14, "houses_destroyed": 1, "houses_damaged": 3, "title": "(demo) landslide event", "source_url": "", "severity_score": 0.38, "severity_class": "small"}}, {"type": "Feature", "geometry": {"type": "Point", "coordinates": [86.2154, 28.05]}, "properties": {"id": "demo-395", "source": "demo", "date": "2001-03-08", "date_precision": "day", "year": 2001, "month": 3, "hazard": "glof", "hazard_raw": "glof", "district": null, "lon": 86.2154, "lat": 28.05, "geo_precision": "exact", "deaths": 0, "missing": 0, "injured": 0, "people_affected": 0, "houses_destroyed": 0, "houses_damaged": 0, "title": "(demo) glof event", "source_url": "", "severity_score": 0.0, "severity_class": "minor"}}, {"type": "Feature", "geometry": {"type": "Point", "coordinates": [87.0673, 26.7446]}, "properties": {"id": "demo-396", "source": "demo", "date": "2006-03-06", "date_precision": "day", "year": 2006, "month": 3, "hazard": "flood", "hazard_raw": "flood", "district": null, "lon": 87.0673, "lat": 26.7446, "geo_precision": "exact", "deaths": 1, "missing": 0, "injured": 1, "people_affected": 19, "houses_destroyed": 4, "houses_damaged": 5, "title": "(demo) flood event", "source_url": "", "severity_score": 7.09, "severity_class": "moderate"}}, {"type": "Feature", "geometry": {"type": "Point", "coordinates": [85.5443, 27.6984]}, "properties": {"id": "demo-397", "source": "demo", "date": "1994-06-09", "date_precision": "day", "year": 1994, "month": 6, "hazard": "flood", "hazard_raw": "flood", "district": null, "lon": 85.5443, "lat": 27.6984, "geo_precision": "exact", "deaths": 0, "missing": 0, "injured": 0, "people_affected": 189, "houses_destroyed": 34, "houses_damaged": 111, "title": "(demo) flood event", "source_url": "", "severity_score": 12.73, "severity_class": "moderate"}}, {"type": "Feature", "geometry": {"type": "Point", "coordinates": [82.1315, 29.5881]}, "properties": {"id": "demo-398", "source": "demo", "date": "2001-07-06", "date_precision": "day", "year": 2001, "month": 7, "hazard": "flood", "hazard_raw": "flood", "district": null, "lon": 82.1315, "lat": 29.5881, "geo_precision": "exact", "deaths": 0, "missing": 0, "injured": 0, "people_affected": 9, "houses_destroyed": 2, "houses_damaged": 2, "title": "(demo) flood event", "source_url": "", "severity_score": 0.52, "severity_class": "small"}}, {"type": "Feature", "geometry": {"type": "Point", "coordinates": [82.5372, 29.3207]}, "properties": {"id": "demo-399", "source": "demo", "date": "2023-06-22", "date_precision": "day", "year": 2023, "month": 6, "hazard": "avalanche", "hazard_raw": "avalanche", "district": null, "lon": 82.5372, "lat": 29.3207, "geo_precision": "exact", "deaths": 0, "missing": 0, "injured": 0, "people_affected": 17, "houses_destroyed": 5, "houses_damaged": 18, "title": "(demo) avalanche event", "source_url": "", "severity_score": 1.93, "severity_class": "small"}}, {"type": "Feature", "geometry": {"type": "Point", "coordinates": [85.4286, 28.5427]}, "properties": {"id": "demo-400", "source": "demo", "date": "1977-05-03", "date_precision": "day", "year": 1977, "month": 5, "hazard": "landslide", "hazard_raw": "landslide", "district": null, "lon": 85.4286, "lat": 28.5427, "geo_precision": "exact", "deaths": 0, "missing": 0, "injured": 0, "people_affected": 27, "houses_destroyed": 2, "houses_damaged": 2, "title": "(demo) landslide event", "source_url": "", "severity_score": 0.55, "severity_class": "small"}}, {"type": "Feature", "geometry": {"type": "Point", "coordinates": [80.5473, 28.5412]}, "properties": {"id": "demo-401", "source": "demo", "date": "2022-08-07", "date_precision": "day", "year": 2022, "month": 8, "hazard": "flood", "hazard_raw": "flood", "district": null, "lon": 80.5473, "lat": 28.5412, "geo_precision": "exact", "deaths": 2, "missing": 0, "injured": 2, "people_affected": 0, "houses_destroyed": 0, "houses_damaged": 0, "title": "(demo) flood event", "source_url": "", "severity_score": 12.0, "severity_class": "moderate"}}, {"type": "Feature", "geometry": {"type": "Point", "coordinates": [82.0839, 29.4663]}, "properties": {"id": "demo-402", "source": "demo", "date": "2012-06-25", "date_precision": "day", "year": 2012, "month": 6, "hazard": "debris_flow", "hazard_raw": "debris_flow", "district": null, "lon": 82.0839, "lat": 29.4663, "geo_precision": "exact", "deaths": 0, "missing": 0, "injured": 0, "people_affected": 0, "houses_destroyed": 0, "houses_damaged": 0, "title": "(demo) debris_flow event", "source_url": "", "severity_score": 0.0, "severity_class": "minor"}}, {"type": "Feature", "geometry": {"type": "Point", "coordinates": [83.3984, 28.2317]}, "properties": {"id": "demo-403", "source": "demo", "date": "2001-06-20", "date_precision": "day", "year": 2001, "month": 6, "hazard": "flood", "hazard_raw": "flood", "district": null, "lon": 83.3984, "lat": 28.2317, "geo_precision": "exact", "deaths": 2, "missing": 0, "injured": 0, "people_affected": 250, "houses_destroyed": 23, "houses_damaged": 46, "title": "(demo) flood event", "source_url": "", "severity_score": 17.4, "severity_class": "moderate"}}, {"type": "Feature", "geometry": {"type": "Point", "coordinates": [81.9307, 29.2174]}, "properties": {"id": "demo-404", "source": "demo", "date": "2012-07-10", "date_precision": "day", "year": 2012, "month": 7, "hazard": "flood", "hazard_raw": "flood", "district": null, "lon": 81.9307, "lat": 29.2174, "geo_precision": "exact", "deaths": 1, "missing": 0, "injured": 1, "people_affected": 234, "houses_destroyed": 20, "houses_damaged": 75, "title": "(demo) flood event", "source_url": "", "severity_score": 14.22, "severity_class": "moderate"}}, {"type": "Feature", "geometry": {"type": "Point", "coordinates": [85.9013, 28.3316]}, "properties": {"id": "demo-405", "source": "demo", "date": "2007-09-12", "date_precision": "day", "year": 2007, "month": 9, "hazard": "flash_flood", "hazard_raw": "flash_flood", "district": null, "lon": 85.9013, "lat": 28.3316, "geo_precision": "exact", "deaths": 0, "missing": 0, "injured": 0, "people_affected": 13, "houses_destroyed": 3, "houses_damaged": 6, "title": "(demo) flash_flood event", "source_url": "", "severity_score": 0.93, "severity_class": "small"}}, {"type": "Feature", "geometry": {"type": "Point", "coordinates": [86.6236, 27.7143]}, "properties": {"id": "demo-406", "source": "demo", "date": "1999-06-28", "date_precision": "day", "year": 1999, "month": 6, "hazard": "landslide", "hazard_raw": "landslide", "district": null, "lon": 86.6236, "lat": 27.7143, "geo_precision": "exact", "deaths": 0, "missing": 0, "injured": 0, "people_affected": 9, "houses_destroyed": 1, "houses_damaged": 1, "title": "(demo) landslide event", "source_url": "", "severity_score": 0.27, "severity_class": "small"}}, {"type": "Feature", "geometry": {"type": "Point", "coordinates": [84.8948, 27.7552]}, "properties": {"id": "demo-407", "source": "demo", "date": "2026-08-24", "date_precision": "day", "year": 2026, "month": 8, "hazard": "landslide", "hazard_raw": "landslide", "district": null, "lon": 84.8948, "lat": 27.7552, "geo_precision": "exact", "deaths": 0, "missing": 0, "injured": 0, "people_affected": 16, "houses_destroyed": 2, "houses_damaged": 4, "title": "(demo) landslide event", "source_url": "", "severity_score": 0.63, "severity_class": "small"}}, {"type": "Feature", "geometry": {"type": "Point", "coordinates": [86.9172, 28.0743]}, "properties": {"id": "demo-408", "source": "demo", "date": "2015-12-28", "date_precision": "day", "year": 2015, "month": 12, "hazard": "landslide", "hazard_raw": "landslide", "district": null, "lon": 86.9172, "lat": 28.0743, "geo_precision": "exact", "deaths": 5, "missing": 1, "injured": 6, "people_affected": 1608, "houses_destroyed": 100, "houses_damaged": 125, "title": "(demo) landslide event", "source_url": "", "severity_score": 65.47, "severity_class": "major"}}, {"type": "Feature", "geometry": {"type": "Point", "coordinates": [86.8972, 27.8132]}, "properties": {"id": "demo-409", "source": "demo", "date": "1980-07-16", "date_precision": "day", "year": 1980, "month": 7, "hazard": "landslide", "hazard_raw": "landslide", "district": null, "lon": 86.8972, "lat": 27.8132, "geo_precision": "exact", "deaths": 3, "missing": 1, "injured": 1, "people_affected": 466, "houses_destroyed": 34, "houses_damaged": 34, "title": "(demo) landslide event", "source_url": "", "severity_score": 30.43, "severity_class": "major"}}, {"type": "Feature", "geometry": {"type": "Point", "coordinates": [86.2673, 28.0446]}, "properties": {"id": "demo-410", "source": "demo", "date": "2008-08-18", "date_precision": "day", "year": 2008, "month": 8, "hazard": "glof", "hazard_raw": "glof", "district": null, "lon": 86.2673, "lat": 28.0446, "geo_precision": "exact", "deaths": 0, "missing": 0, "injured": 0, "people_affected": 55, "houses_destroyed": 8, "houses_damaged": 28, "title": "(demo) glof event", "source_url": "", "severity_score": 3.11, "severity_class": "small"}}, {"type": "Feature", "geometry": {"type": "Point", "coordinates": [85.1048, 27.7856]}, "properties": {"id": "demo-411", "source": "demo", "date": "2020-07-16", "date_precision": "day", "year": 2020, "month": 7, "hazard": "landslide", "hazard_raw": "landslide", "district": null, "lon": 85.1048, "lat": 27.7856, "geo_precision": "exact", "deaths": 0, "missing": 0, "injured": 0, "people_affected": 73, "houses_destroyed": 7, "houses_damaged": 16, "title": "(demo) landslide event", "source_url": "", "severity_score": 2.35, "severity_class": "small"}}, {"type": "Feature", "geometry": {"type": "Point", "coordinates": [85.7744, 28.1212]}, "properties": {"id": "demo-412", "source": "demo", "date": "2009-09-23", "date_precision": "day", "year": 2009, "month": 9, "hazard": "flash_flood", "hazard_raw": "flash_flood", "district": null, "lon": 85.7744, "lat": 28.1212, "geo_precision": "exact", "deaths": 0, "missing": 0, "injured": 0, "people_affected": 0, "houses_destroyed": 0, "houses_damaged": 0, "title": "(demo) flash_flood event", "source_url": "", "severity_score": 0.0, "severity_class": "minor"}}, {"type": "Feature", "geometry": {"type": "Point", "coordinates": [85.4139, 28.2863]}, "properties": {"id": "demo-413", "source": "demo", "date": "1976-05-07", "date_precision": "day", "year": 1976, "month": 5, "hazard": "landslide", "hazard_raw": "landslide", "district": null, "lon": 85.4139, "lat": 28.2863, "geo_precision": "exact", "deaths": 0, "missing": 0, "injured": 0, "people_affected": 9, "houses_destroyed": 1, "houses_damaged": 3, "title": "(demo) landslide event", "source_url": "", "severity_score": 0.37, "severity_class": "small"}}, {"type": "Feature", "geometry": {"type": "Point", "coordinates": [86.1854, 27.152]}, "properties": {"id": "demo-414", "source": "demo", "date": "2003-02-03", "date_precision": "day", "year": 2003, "month": 2, "hazard": "flood", "hazard_raw": "flood", "district": null, "lon": 86.1854, "lat": 27.152, "geo_precision": "exact", "deaths": 0, "missing": 0, "injured": 0, "people_affected": 16, "houses_destroyed": 1, "houses_damaged": 3, "title": "(demo) flood event", "source_url": "", "severity_score": 0.38, "severity_class": "small"}}, {"type": "Feature", "geometry": {"type": "Point", "coordinates": [85.8094, 28.3992]}, "properties": {"id": "demo-415", "source": "demo", "date": "2003-08-04", "date_precision": "day", "year": 2003, "month": 8, "hazard": "flash_flood", "hazard_raw": "flash_flood", "district": null, "lon": 85.8094, "lat": 28.3992, "geo_precision": "exact", "deaths": 0, "missing": 0, "injured": 0, "people_affected": 912, "houses_destroyed": 56, "houses_damaged": 158, "title": "(demo) flash_flood event", "source_url": "", "severity_score": 20.92, "severity_class": "moderate"}}, {"type": "Feature", "geometry": {"type": "Point", "coordinates": [84.2913, 28.3487]}, "properties": {"id": "demo-416", "source": "demo", "date": "2026-06-12", "date_precision": "day", "year": 2026, "month": 6, "hazard": "landslide", "hazard_raw": "landslide", "district": null, "lon": 84.2913, "lat": 28.3487, "geo_precision": "exact", "deaths": 0, "missing": 0, "injured": 0, "people_affected": 5, "houses_destroyed": 1, "houses_damaged": 2, "title": "(demo) landslide event", "source_url": "", "severity_score": 0.31, "severity_class": "small"}}, {"type": "Feature", "geometry": {"type": "Point", "coordinates": [82.7708, 29.498]}, "properties": {"id": "demo-417", "source": "demo", "date": "2025-07-10", "date_precision": "day", "year": 2025, "month": 7, "hazard": "avalanche", "hazard_raw": "avalanche", "district": null, "lon": 82.7708, "lat": 29.498, "geo_precision": "exact", "deaths": 0, "missing": 0, "injured": 0, "people_affected": 0, "houses_destroyed": 0, "houses_damaged": 0, "title": "(demo) avalanche event", "source_url": "", "severity_score": 0.0, "severity_class": "minor"}}, {"type": "Feature", "geometry": {"type": "Point", "coordinates": [81.0553, 29.4548]}, "properties": {"id": "demo-418", "source": "demo", "date": "2000-11-17", "date_precision": "day", "year": 2000, "month": 11, "hazard": "landslide", "hazard_raw": "landslide", "district": null, "lon": 81.0553, "lat": 29.4548, "geo_precision": "exact", "deaths": 0, "missing": 0, "injured": 0, "people_affected": 16, "houses_destroyed": 2, "houses_damaged": 2, "title": "(demo) landslide event", "source_url": "", "severity_score": 0.53, "severity_class": "small"}}, {"type": "Feature", "geometry": {"type": "Point", "coordinates": [85.7377, 28.1517]}, "properties": {"id": "demo-419", "source": "demo", "date": "2013-10-05", "date_precision": "day", "year": 2013, "month": 10, "hazard": "debris_flow", "hazard_raw": "debris_flow", "district": null, "lon": 85.7377, "lat": 28.1517, "geo_precision": "exact", "deaths": 0, "missing": 0, "injured": 0, "people_affected": 114, "houses_destroyed": 14, "houses_damaged": 37, "title": "(demo) debris_flow event", "source_url": "", "severity_score": 4.88, "severity_class": "small"}}, {"type": "Feature", "geometry": {"type": "Point", "coordinates": [86.2575, 28.1988]}, "properties": {"id": "demo-420", "source": "demo", "date": "2004-08-05", "date_precision": "day", "year": 2004, "month": 8, "hazard": "glof", "hazard_raw": "glof", "district": null, "lon": 86.2575, "lat": 28.1988, "geo_precision": "exact", "deaths": 0, "missing": 0, "injured": 0, "people_affected": 293, "houses_destroyed": 18, "houses_damaged": 65, "title": "(demo) glof event", "source_url": "", "severity_score": 7.44, "severity_class": "moderate"}}, {"type": "Feature", "geometry": {"type": "Point", "coordinates": [87.5801, 26.7504]}, "properties": {"id": "demo-421", "source": "demo", "date": "1995-08-05", "date_precision": "day", "year": 1995, "month": 8, "hazard": "debris_flow", "hazard_raw": "debris_flow", "district": null, "lon": 87.5801, "lat": 26.7504, "geo_precision": "exact", "deaths": 0, "missing": 0, "injured": 0, "people_affected": 90, "houses_destroyed": 5, "houses_damaged": 5, "title": "(demo) debris_flow event", "source_url": "", "severity_score": 1.43, "severity_class": "small"}}, {"type": "Feature", "geometry": {"type": "Point", "coordinates": [85.5863, 28.4756]}, "properties": {"id": "demo-422", "source": "demo", "date": "2017-07-17", "date_precision": "day", "year": 2017, "month": 7, "hazard": "flash_flood", "hazard_raw": "flash_flood", "district": null, "lon": 85.5863, "lat": 28.4756, "geo_precision": "exact", "deaths": 0, "missing": 0, "injured": 0, "people_affected": 0, "houses_destroyed": 0, "houses_damaged": 0, "title": "(demo) flash_flood event", "source_url": "", "severity_score": 0.0, "severity_class": "minor"}}, {"type": "Feature", "geometry": {"type": "Point", "coordinates": [86.441, 28.0495]}, "properties": {"id": "demo-423", "source": "demo", "date": "2018-07-19", "date_precision": "day", "year": 2018, "month": 7, "hazard": "glof", "hazard_raw": "glof", "district": null, "lon": 86.441, "lat": 28.0495, "geo_precision": "exact", "deaths": 7, "missing": 2, "injured": 8, "people_affected": 2119, "houses_destroyed": 225, "houses_damaged": 319, "title": "(demo) glof event", "source_url": "", "severity_score": 118.19, "severity_class": "catastrophic"}}, {"type": "Feature", "geometry": {"type": "Point", "coordinates": [86.3761, 28.1366]}, "properties": {"id": "demo-424", "source": "demo", "date": "2023-09-15", "date_precision": "day", "year": 2023, "month": 9, "hazard": "glof", "hazard_raw": "glof", "district": null, "lon": 86.3761, "lat": 28.1366, "geo_precision": "exact", "deaths": 80, "missing": 28, "injured": 88, "people_affected": 4471, "houses_destroyed": 482, "houses_damaged": 1127, "title": "(demo) glof event", "source_url": "", "severity_score": 789.69, "severity_class": "catastrophic"}}, {"type": "Feature", "geometry": {"type": "Point", "coordinates": [85.1066, 28.0994]}, "properties": {"id": "demo-425", "source": "demo", "date": "2026-06-16", "date_precision": "day", "year": 2026, "month": 6, "hazard": "flash_flood", "hazard_raw": "flash_flood", "district": null, "lon": 85.1066, "lat": 28.0994, "geo_precision": "exact", "deaths": 0, "missing": 0, "injured": 0, "people_affected": 83, "houses_destroyed": 7, "houses_damaged": 17, "title": "(demo) flash_flood event", "source_url": "", "severity_score": 2.42, "severity_class": "small"}}, {"type": "Feature", "geometry": {"type": "Point", "coordinates": [86.0926, 27.9942]}, "properties": {"id": "demo-426", "source": "demo", "date": "2006-07-04", "date_precision": "day", "year": 2006, "month": 7, "hazard": "glof", "hazard_raw": "glof", "district": null, "lon": 86.0926, "lat": 27.9942, "geo_precision": "exact", "deaths": 3, "missing": 0, "injured": 2, "people_affected": 228, "houses_destroyed": 28, "houses_damaged": 111, "title": "(demo) glof event", "source_url": "", "severity_score": 28.61, "severity_class": "major"}}, {"type": "Feature", "geometry": {"type": "Point", "coordinates": [80.9055, 29.0189]}, "properties": {"id": "demo-427", "source": "demo", "date": "2009-09-07", "date_precision": "day", "year": 2009, "month": 9, "hazard": "flood", "hazard_raw": "flood", "district": null, "lon": 80.9055, "lat": 29.0189, "geo_precision": "exact", "deaths": 2, "missing": 0, "injured": 2, "people_affected": 75, "houses_destroyed": 8, "houses_damaged": 16, "title": "(demo) flood event", "source_url": "", "severity_score": 14.55, "severity_class": "moderate"}}, {"type": "Feature", "geometry": {"type": "Point", "coordinates": [82.3249, 29.3609]}, "properties": {"id": "demo-428", "source": "demo", "date": "2000-09-22", "date_precision": "day", "year": 2000, "month": 9, "hazard": "flood", "hazard_raw": "flood", "district": null, "lon": 82.3249, "lat": 29.3609, "geo_precision": "exact", "deaths": 3, "missing": 0, "injured": 2, "people_affected": 0, "houses_destroyed": 0, "houses_damaged": 0, "title": "(demo) flood event", "source_url": "", "severity_score": 17.0, "severity_class": "moderate"}}, {"type": "Feature", "geometry": {"type": "Point", "coordinates": [85.5385, 28.0254]}, "properties": {"id": "demo-429", "source": "demo", "date": "2016-02-21", "date_precision": "day", "year": 2016, "month": 2, "hazard": "flash_flood", "hazard_raw": "flash_flood", "district": null, "lon": 85.5385, "lat": 28.0254, "geo_precision": "exact", "deaths": 6, "missing": 0, "injured": 8, "people_affected": 159, "houses_destroyed": 41, "houses_damaged": 111, "title": "(demo) flash_flood event", "source_url": "", "severity_score": 52.07, "severity_class": "major"}}, {"type": "Feature", "geometry": {"type": "Point", "coordinates": [83.6212, 28.5609]}, "properties": {"id": "demo-430", "source": "demo", "date": "2017-06-01", "date_precision": "day", "year": 2017, "month": 6, "hazard": "flash_flood", "hazard_raw": "flash_flood", "district": null, "lon": 83.6212, "lat": 28.5609, "geo_precision": "exact", "deaths": 12, "missing": 1, "injured": 15, "people_affected": 1245, "houses_destroyed": 66, "houses_damaged": 163, "title": "(demo) flash_flood event", "source_url": "", "severity_score": 103.84, "severity_class": "catastrophic"}}, {"type": "Feature", "geometry": {"type": "Point", "coordinates": [83.5425, 27.7115]}, "properties": {"id": "demo-431", "source": "demo", "date": "2002-05-04", "date_precision": "day", "year": 2002, "month": 5, "hazard": "flood", "hazard_raw": "flood", "district": null, "lon": 83.5425, "lat": 27.7115, "geo_precision": "exact", "deaths": 0, "missing": 0, "injured": 0, "people_affected": 19, "houses_destroyed": 1, "houses_damaged": 1, "title": "(demo) flood event", "source_url": "", "severity_score": 0.29, "severity_class": "small"}}, {"type": "Feature", "geometry": {"type": "Point", "coordinates": [86.9898, 27.8572]}, "properties": {"id": "demo-432", "source": "demo", "date": "2010-06-27", "date_precision": "day", "year": 2010, "month": 6, "hazard": "landslide", "hazard_raw": "landslide", "district": null, "lon": 86.9898, "lat": 27.8572, "geo_precision": "exact", "deaths": 0, "missing": 0, "injured": 0, "people_affected": 0, "houses_destroyed": 0, "houses_damaged": 0, "title": "(demo) landslide event", "source_url": "", "severity_score": 0.0, "severity_class": "minor"}}, {"type": "Feature", "geometry": {"type": "Point", "coordinates": [83.7512, 27.6515]}, "properties": {"id": "demo-433", "source": "demo", "date": "1997-10-01", "date_precision": "day", "year": 1997, "month": 10, "hazard": "flood", "hazard_raw": "flood", "district": null, "lon": 83.7512, "lat": 27.6515, "geo_precision": "exact", "deaths": 0, "missing": 0, "injured": 0, "people_affected": 0, "houses_destroyed": 0, "houses_damaged": 0, "title": "(demo) flood event", "source_url": "", "severity_score": 0.0, "severity_class": "minor"}}, {"type": "Feature", "geometry": {"type": "Point", "coordinates": [87.2167, 27.7743]}, "properties": {"id": "demo-434", "source": "demo", "date": "2005-11-18", "date_precision": "day", "year": 2005, "month": 11, "hazard": "landslide", "hazard_raw": "landslide", "district": null, "lon": 87.2167, "lat": 27.7743, "geo_precision": "exact", "deaths": 1, "missing": 0, "injured": 1, "people_affected": 120, "houses_destroyed": 7, "houses_damaged": 19, "title": "(demo) landslide event", "source_url": "", "severity_score": 8.59, "severity_class": "moderate"}}, {"type": "Feature", "geometry": {"type": "Point", "coordinates": [87.4045, 26.9483]}, "properties": {"id": "demo-435", "source": "demo", "date": "2023-07-03", "date_precision": "day", "year": 2023, "month": 7, "hazard": "flash_flood", "hazard_raw": "flash_flood", "district": null, "lon": 87.4045, "lat": 26.9483, "geo_precision": "exact", "deaths": 1, "missing": 0, "injured": 1, "people_affected": 269, "houses_destroyed": 14, "houses_damaged": 39, "title": "(demo) flash_flood event", "source_url": "", "severity_score": 11.29, "severity_class": "moderate"}}, {"type": "Feature", "geometry": {"type": "Point", "coordinates": [83.5039, 27.2147]}, "properties": {"id": "demo-436", "source": "demo", "date": "2016-07-08", "date_precision": "day", "year": 2016, "month": 7, "hazard": "avalanche", "hazard_raw": "avalanche", "district": null, "lon": 83.5039, "lat": 27.2147, "geo_precision": "exact", "deaths": 0, "missing": 0, "injured": 0, "people_affected": 26, "houses_destroyed": 2, "houses_damaged": 7, "title": "(demo) avalanche event", "source_url": "", "severity_score": 0.8, "severity_class": "small"}}, {"type": "Feature", "geometry": {"type": "Point", "coordinates": [84.8116, 27.8964]}, "properties": {"id": "demo-437", "source": "demo", "date": "2016-07-13", "date_precision": "day", "year": 2016, "month": 7, "hazard": "flood", "hazard_raw": "flood", "district": null, "lon": 84.8116, "lat": 27.8964, "geo_precision": "exact", "deaths": 5, "missing": 1, "injured": 7, "people_affected": 279, "houses_destroyed": 31, "houses_damaged": 93, "title": "(demo) flood event", "source_url": "", "severity_score": 48.41, "severity_class": "major"}}, {"type": "Feature", "geometry": {"type": "Point", "coordinates": [82.0773, 29.4559]}, "properties": {"id": "demo-438", "source": "demo", "date": "2024-09-23", "date_precision": "day", "year": 2024, "month": 9, "hazard": "avalanche", "hazard_raw": "avalanche", "district": null, "lon": 82.0773, "lat": 29.4559, "geo_precision": "exact", "deaths": 0, "missing": 0, "injured": 0, "people_affected": 15, "houses_destroyed": 1, "houses_damaged": 3, "title": "(demo) avalanche event", "source_url": "", "severity_score": 0.38, "severity_class": "small"}}, {"type": "Feature", "geometry": {"type": "Point", "coordinates": [81.4399, 29.2111]}, "properties": {"id": "demo-439", "source": "demo", "date": "2016-06-16", "date_precision": "day", "year": 2016, "month": 6, "hazard": "landslide", "hazard_raw": "landslide", "district": null, "lon": 81.4399, "lat": 29.2111, "geo_precision": "exact", "deaths": 0, "missing": 0, "injured": 0, "people_affected": 0, "houses_destroyed": 0, "houses_damaged": 0, "title": "(demo) landslide event", "source_url": "", "severity_score": 0.0, "severity_class": "minor"}}, {"type": "Feature", "geometry": {"type": "Point", "coordinates": [85.5455, 26.9076]}, "properties": {"id": "demo-440", "source": "demo", "date": "2013-08-22", "date_precision": "day", "year": 2013, "month": 8, "hazard": "flood", "hazard_raw": "flood", "district": null, "lon": 85.5455, "lat": 26.9076, "geo_precision": "exact", "deaths": 1, "missing": 0, "injured": 1, "people_affected": 95, "houses_destroyed": 8, "houses_damaged": 13, "title": "(demo) flood event", "source_url": "", "severity_score": 8.44, "severity_class": "moderate"}}, {"type": "Feature", "geometry": {"type": "Point", "coordinates": [85.3349, 28.0217]}, "properties": {"id": "demo-441", "source": "demo", "date": "2015-08-20", "date_precision": "day", "year": 2015, "month": 8, "hazard": "debris_flow", "hazard_raw": "debris_flow", "district": null, "lon": 85.3349, "lat": 28.0217, "geo_precision": "exact", "deaths": 2, "missing": 0, "injured": 0, "people_affected": 20, "houses_destroyed": 2, "houses_damaged": 7, "title": "(demo) debris_flow event", "source_url": "", "severity_score": 10.79, "severity_class": "moderate"}}, {"type": "Feature", "geometry": {"type": "Point", "coordinates": [87.1467, 26.4876]}, "properties": {"id": "demo-442", "source": "demo", "date": "2001-09-08", "date_precision": "day", "year": 2001, "month": 9, "hazard": "flood", "hazard_raw": "flood", "district": null, "lon": 87.1467, "lat": 26.4876, "geo_precision": "exact", "deaths": 34, "missing": 4, "injured": 61, "people_affected": 14776, "houses_destroyed": 745, "houses_damaged": 2550, "title": "(demo) flood event", "source_url": "", "severity_score": 557.05, "severity_class": "catastrophic"}}, {"type": "Feature", "geometry": {"type": "Point", "coordinates": [81.8096, 29.3547]}, "properties": {"id": "demo-443", "source": "demo", "date": "2002-08-04", "date_precision": "day", "year": 2002, "month": 8, "hazard": "flood", "hazard_raw": "flood", "district": null, "lon": 81.8096, "lat": 29.3547, "geo_precision": "exact", "deaths": 15, "missing": 5, "injured": 10, "people_affected": 0, "houses_destroyed": 0, "houses_damaged": 0, "title": "(demo) flood event", "source_url": "", "severity_score": 110.0, "severity_class": "catastrophic"}}, {"type": "Feature", "geometry": {"type": "Point", "coordinates": [82.0504, 29.7961]}, "properties": {"id": "demo-444", "source": "demo", "date": "1975-08-25", "date_precision": "day", "year": 1975, "month": 8, "hazard": "avalanche", "hazard_raw": "avalanche", "district": null, "lon": 82.0504, "lat": 29.7961, "geo_precision": "exact", "deaths": 1, "missing": 0, "injured": 1, "people_affected": 32, "houses_destroyed": 2, "houses_damaged": 6, "title": "(demo) avalanche event", "source_url": "", "severity_score": 6.76, "severity_class": "moderate"}}, {"type": "Feature", "geometry": {"type": "Point", "coordinates": [85.1952, 27.9328]}, "properties": {"id": "demo-445", "source": "demo", "date": "2001-08-10", "date_precision": "day", "year": 2001, "month": 8, "hazard": "flood", "hazard_raw": "flood", "district": null, "lon": 85.1952, "lat": 27.9328, "geo_precision": "exact", "deaths": 0, "missing": 0, "injured": 0, "people_affected": 76, "houses_destroyed": 7, "houses_damaged": 16, "title": "(demo) flood event", "source_url": "", "severity_score": 2.35, "severity_class": "small"}}, {"type": "Feature", "geometry": {"type": "Point", "coordinates": [86.928, 26.9687]}, "properties": {"id": "demo-446", "source": "demo", "date": "2021-02-17", "date_precision": "day", "year": 2021, "month": 2, "hazard": "flood", "hazard_raw": "flood", "district": null, "lon": 86.928, "lat": 26.9687, "geo_precision": "exact", "deaths": 0, "missing": 0, "injured": 0, "people_affected": 27, "houses_destroyed": 2, "houses_damaged": 5, "title": "(demo) flood event", "source_url": "", "severity_score": 0.7, "severity_class": "small"}}, {"type": "Feature", "geometry": {"type": "Point", "coordinates": [85.5127, 26.926]}, "properties": {"id": "demo-447", "source": "demo", "date": "2025-03-05", "date_precision": "day", "year": 2025, "month": 3, "hazard": "flood", "hazard_raw": "flood", "district": null, "lon": 85.5127, "lat": 26.926, "geo_precision": "exact", "deaths": 0, "missing": 0, "injured": 0, "people_affected": 0, "houses_destroyed": 0, "houses_damaged": 0, "title": "(demo) flood event", "source_url": "", "severity_score": 0.0, "severity_class": "minor"}}, {"type": "Feature", "geometry": {"type": "Point", "coordinates": [84.3522, 27.5141]}, "properties": {"id": "demo-448", "source": "demo", "date": "2013-08-02", "date_precision": "day", "year": 2013, "month": 8, "hazard": "flood", "hazard_raw": "flood", "district": null, "lon": 84.3522, "lat": 27.5141, "geo_precision": "exact", "deaths": 6, "missing": 2, "injured": 8, "people_affected": 124, "houses_destroyed": 30, "houses_damaged": 48, "title": "(demo) flood event", "source_url": "", "severity_score": 56.65, "severity_class": "major"}}, {"type": "Feature", "geometry": {"type": "Point", "coordinates": [81.9965, 29.2755]}, "properties": {"id": "demo-449", "source": "demo", "date": "1992-08-11", "date_precision": "day", "year": 1992, "month": 8, "hazard": "flood", "hazard_raw": "flood", "district": null, "lon": 81.9965, "lat": 29.2755, "geo_precision": "exact", "deaths": 0, "missing": 0, "injured": 0, "people_affected": 47, "houses_destroyed": 7, "houses_damaged": 7, "title": "(demo) flood event", "source_url": "", "severity_score": 1.84, "severity_class": "small"}}, {"type": "Feature", "geometry": {"type": "Point", "coordinates": [81.6936, 29.4783]}, "properties": {"id": "demo-450", "source": "demo", "date": "2020-11-11", "date_precision": "day", "year": 2020, "month": 11, "hazard": "landslide", "hazard_raw": "landslide", "district": null, "lon": 81.6936, "lat": 29.4783, "geo_precision": "exact", "deaths": 0, "missing": 0, "injured": 0, "people_affected": 5, "houses_destroyed": 1, "houses_damaged": 2, "title": "(demo) landslide event", "source_url": "", "severity_score": 0.31, "severity_class": "small"}}, {"type": "Feature", "geometry": {"type": "Point", "coordinates": [80.2, 28.6603]}, "properties": {"id": "demo-451", "source": "demo", "date": "1973-06-10", "date_precision": "day", "year": 1973, "month": 6, "hazard": "flood", "hazard_raw": "flood", "district": null, "lon": 80.2, "lat": 28.6603, "geo_precision": "exact", "deaths": 0, "missing": 0, "injured": 0, "people_affected": 43, "houses_destroyed": 3, "houses_damaged": 3, "title": "(demo) flood event", "source_url": "", "severity_score": 0.84, "severity_class": "small"}}, {"type": "Feature", "geometry": {"type": "Point", "coordinates": [87.1786, 26.7434]}, "properties": {"id": "demo-452", "source": "demo", "date": "2000-06-26", "date_precision": "day", "year": 2000, "month": 6, "hazard": "debris_flow", "hazard_raw": "debris_flow", "district": null, "lon": 87.1786, "lat": 26.7434, "geo_precision": "exact", "deaths": 0, "missing": 0, "injured": 0, "people_affected": 0, "houses_destroyed": 0, "houses_damaged": 0, "title": "(demo) debris_flow event", "source_url": "", "severity_score": 0.0, "severity_class": "minor"}}, {"type": "Feature", "geometry": {"type": "Point", "coordinates": [86.5345, 27.9073]}, "properties": {"id": "demo-453", "source": "demo", "date": "2009-07-21", "date_precision": "day", "year": 2009, "month": 7, "hazard": "landslide", "hazard_raw": "landslide", "district": null, "lon": 86.5345, "lat": 27.9073, "geo_precision": "exact", "deaths": 0, "missing": 0, "injured": 0, "people_affected": 0, "houses_destroyed": 0, "houses_damaged": 0, "title": "(demo) landslide event", "source_url": "", "severity_score": 0.0, "severity_class": "minor"}}, {"type": "Feature", "geometry": {"type": "Point", "coordinates": [83.8954, 28.8383]}, "properties": {"id": "demo-454", "source": "demo", "date": "2013-08-06", "date_precision": "day", "year": 2013, "month": 8, "hazard": "landslide", "hazard_raw": "landslide", "district": null, "lon": 83.8954, "lat": 28.8383, "geo_precision": "exact", "deaths": 0, "missing": 0, "injured": 0, "people_affected": 148, "houses_destroyed": 10, "houses_damaged": 21, "title": "(demo) landslide event", "source_url": "", "severity_score": 3.35, "severity_class": "small"}}, {"type": "Feature", "geometry": {"type": "Point", "coordinates": [86.2016, 27.8386]}, "properties": {"id": "demo-455", "source": "demo", "date": "2021-08-02", "date_precision": "day", "year": 2021, "month": 8, "hazard": "flood", "hazard_raw": "flood", "district": null, "lon": 86.2016, "lat": 27.8386, "geo_precision": "exact", "deaths": 3, "missing": 0, "injured": 2, "people_affected": 675, "houses_destroyed": 39, "houses_damaged": 57, "title": "(demo) flood event", "source_url": "", "severity_score": 29.0, "severity_class": "major"}}, {"type": "Feature", "geometry": {"type": "Point", "coordinates": [85.9779, 26.9501]}, "properties": {"id": "demo-456", "source": "demo", "date": "2007-08-15", "date_precision": "day", "year": 2007, "month": 8, "hazard": "flood", "hazard_raw": "flood", "district": null, "lon": 85.9779, "lat": 26.9501, "geo_precision": "exact", "deaths": 0, "missing": 0, "injured": 0, "people_affected": 42, "houses_destroyed": 4, "houses_damaged": 4, "title": "(demo) flood event", "source_url": "", "severity_score": 1.08, "severity_class": "small"}}, {"type": "Feature", "geometry": {"type": "Point", "coordinates": [86.3678, 27.0523]}, "properties": {"id": "demo-457", "source": "demo", "date": "2003-08-03", "date_precision": "day", "year": 2003, "month": 8, "hazard": "landslide", "hazard_raw": "landslide", "district": null, "lon": 86.3678, "lat": 27.0523, "geo_precision": "exact", "deaths": 0, "missing": 0, "injured": 0, "people_affected": 29, "houses_destroyed": 2, "houses_damaged": 3, "title": "(demo) landslide event", "source_url": "", "severity_score": 0.61, "severity_class": "small"}}, {"type": "Feature", "geometry": {"type": "Point", "coordinates": [86.6905, 27.4476]}, "properties": {"id": "demo-458", "source": "demo", "date": "1971-06-12", "date_precision": "day", "year": 1971, "month": 6, "hazard": "flash_flood", "hazard_raw": "flash_flood", "district": null, "lon": 86.6905, "lat": 27.4476, "geo_precision": "exact", "deaths": 0, "missing": 0, "injured": 0, "people_affected": 5, "houses_destroyed": 1, "houses_damaged": 3, "title": "(demo) flash_flood event", "source_url": "", "severity_score": 0.36, "severity_class": "small"}}, {"type": "Feature", "geometry": {"type": "Point", "coordinates": [87.248, 26.5417]}, "properties": {"id": "demo-459", "source": "demo", "date": "2025-08-15", "date_precision": "day", "year": 2025, "month": 8, "hazard": "flood", "hazard_raw": "flood", "district": null, "lon": 87.248, "lat": 26.5417, "geo_precision": "exact", "deaths": 0, "missing": 0, "injured": 0, "people_affected": 63, "houses_destroyed": 6, "houses_damaged": 9, "title": "(demo) flood event", "source_url": "", "severity_score": 1.78, "severity_class": "small"}}, {"type": "Feature", "geometry": {"type": "Point", "coordinates": [85.926, 28.4494]}, "properties": {"id": "demo-460", "source": "demo", "date": "1990-01-26", "date_precision": "day", "year": 1990, "month": 1, "hazard": "flash_flood", "hazard_raw": "flash_flood", "district": null, "lon": 85.926, "lat": 28.4494, "geo_precision": "exact", "deaths": 0, "missing": 0, "injured": 0, "people_affected": 142, "houses_destroyed": 11, "houses_damaged": 20, "title": "(demo) flash_flood event", "source_url": "", "severity_score": 3.48, "severity_class": "small"}}, {"type": "Feature", "geometry": {"type": "Point", "coordinates": [84.0134, 29.075]}, "properties": {"id": "demo-461", "source": "demo", "date": "2025-08-20", "date_precision": "day", "year": 2025, "month": 8, "hazard": "debris_flow", "hazard_raw": "debris_flow", "district": null, "lon": 84.0134, "lat": 29.075, "geo_precision": "exact", "deaths": 0, "missing": 0, "injured": 0, "people_affected": 58, "houses_destroyed": 3, "houses_damaged": 5, "title": "(demo) debris_flow event", "source_url": "", "severity_score": 0.97, "severity_class": "small"}}, {"type": "Feature", "geometry": {"type": "Point", "coordinates": [86.1617, 28.4037]}, "properties": {"id": "demo-462", "source": "demo", "date": "1973-08-01", "date_precision": "day", "year": 1973, "month": 8, "hazard": "landslide", "hazard_raw": "landslide", "district": null, "lon": 86.1617, "lat": 28.4037, "geo_precision": "exact", "deaths": 0, "missing": 0, "injured": 0, "people_affected": 17, "houses_destroyed": 1, "houses_damaged": 1, "title": "(demo) landslide event", "source_url": "", "severity_score": 0.28, "severity_class": "small"}}, {"type": "Feature", "geometry": {"type": "Point", "coordinates": [87.4269, 26.6445]}, "properties": {"id": "demo-463", "source": "demo", "date": "2002-07-28", "date_precision": "day", "year": 2002, "month": 7, "hazard": "flood", "hazard_raw": "flood", "district": null, "lon": 87.4269, "lat": 26.6445, "geo_precision": "exact", "deaths": 3, "missing": 0, "injured": 3, "people_affected": 0, "houses_destroyed": 0, "houses_damaged": 0, "title": "(demo) flood event", "source_url": "", "severity_score": 18.0, "severity_class": "moderate"}}, {"type": "Feature", "geometry": {"type": "Point", "coordinates": [86.7052, 27.9542]}, "properties": {"id": "demo-464", "source": "demo", "date": "1975-08-08", "date_precision": "day", "year": 1975, "month": 8, "hazard": "landslide", "hazard_raw": "landslide", "district": null, "lon": 86.7052, "lat": 27.9542, "geo_precision": "exact", "deaths": 0, "missing": 0, "injured": 0, "people_affected": 0, "houses_destroyed": 0, "houses_damaged": 0, "title": "(demo) landslide event", "source_url": "", "severity_score": 0.0, "severity_class": "minor"}}, {"type": "Feature", "geometry": {"type": "Point", "coordinates": [86.1427, 26.621]}, "properties": {"id": "demo-465", "source": "demo", "date": "2019-08-15", "date_precision": "day", "year": 2019, "month": 8, "hazard": "flood", "hazard_raw": "flood", "district": null, "lon": 86.1427, "lat": 26.621, "geo_precision": "exact", "deaths": 5, "missing": 0, "injured": 9, "people_affected": 540, "houses_destroyed": 30, "houses_damaged": 44, "title": "(demo) flood event", "source_url": "", "severity_score": 43.28, "severity_class": "major"}}, {"type": "Feature", "geometry": {"type": "Point", "coordinates": [85.9348, 28.0757]}, "properties": {"id": "demo-466", "source": "demo", "date": "2017-10-16", "date_precision": "day", "year": 2017, "month": 10, "hazard": "flash_flood", "hazard_raw": "flash_flood", "district": null, "lon": 85.9348, "lat": 28.0757, "geo_precision": "exact", "deaths": 0, "missing": 0, "injured": 0, "people_affected": 203, "houses_destroyed": 35, "houses_damaged": 78, "title": "(demo) flash_flood event", "source_url": "", "severity_score": 11.31, "severity_class": "moderate"}}, {"type": "Feature", "geometry": {"type": "Point", "coordinates": [81.5139, 29.3147]}, "properties": {"id": "demo-467", "source": "demo", "date": "2015-08-15", "date_precision": "day", "year": 2015, "month": 8, "hazard": "landslide", "hazard_raw": "landslide", "district": null, "lon": 81.5139, "lat": 29.3147, "geo_precision": "exact", "deaths": 0, "missing": 0, "injured": 0, "people_affected": 24, "houses_destroyed": 6, "houses_damaged": 14, "title": "(demo) landslide event", "source_url": "", "severity_score": 1.95, "severity_class": "small"}}, {"type": "Feature", "geometry": {"type": "Point", "coordinates": [85.268, 28.2688]}, "properties": {"id": "demo-468", "source": "demo", "date": "1988-06-01", "date_precision": "day", "year": 1988, "month": 6, "hazard": "flood", "hazard_raw": "flood", "district": null, "lon": 85.268, "lat": 28.2688, "geo_precision": "exact", "deaths": 0, "missing": 0, "injured": 0, "people_affected": 10, "houses_destroyed": 1, "houses_damaged": 1, "title": "(demo) flood event", "source_url": "", "severity_score": 0.27, "severity_class": "small"}}, {"type": "Feature", "geometry": {"type": "Point", "coordinates": [87.14, 27.8515]}, "properties": {"id": "demo-469", "source": "demo", "date": "2001-09-26", "date_precision": "day", "year": 2001, "month": 9, "hazard": "landslide", "hazard_raw": "landslide", "district": null, "lon": 87.14, "lat": 27.8515, "geo_precision": "exact", "deaths": 2, "missing": 0, "injured": 2, "people_affected": 131, "houses_destroyed": 14, "houses_damaged": 16, "title": "(demo) landslide event", "source_url": "", "severity_score": 15.86, "severity_class": "moderate"}}, {"type": "Feature", "geometry": {"type": "Point", "coordinates": [81.6288, 29.3699]}, "properties": {"id": "demo-470", "source": "demo", "date": "2000-07-07", "date_precision": "day", "year": 2000, "month": 7, "hazard": "landslide", "hazard_raw": "landslide", "district": null, "lon": 81.6288, "lat": 29.3699, "geo_precision": "exact", "deaths": 2, "missing": 0, "injured": 1, "people_affected": 163, "houses_destroyed": 12, "houses_damaged": 34, "title": "(demo) landslide event", "source_url": "", "severity_score": 15.43, "severity_class": "moderate"}}, {"type": "Feature", "geometry": {"type": "Point", "coordinates": [86.8317, 27.9496]}, "properties": {"id": "demo-471", "source": "demo", "date": "2010-06-13", "date_precision": "day", "year": 2010, "month": 6, "hazard": "avalanche", "hazard_raw": "avalanche", "district": null, "lon": 86.8317, "lat": 27.9496, "geo_precision": "exact", "deaths": 0, "missing": 0, "injured": 0, "people_affected": 32, "houses_destroyed": 2, "houses_damaged": 4, "title": "(demo) avalanche event", "source_url": "", "severity_score": 0.66, "severity_class": "small"}}, {"type": "Feature", "geometry": {"type": "Point", "coordinates": [80.2, 28.6899]}, "properties": {"id": "demo-472", "source": "demo", "date": "2025-08-09", "date_precision": "day", "year": 2025, "month": 8, "hazard": "landslide", "hazard_raw": "landslide", "district": null, "lon": 80.2, "lat": 28.6899, "geo_precision": "exact", "deaths": 3, "missing": 0, "injured": 4, "people_affected": 50, "houses_destroyed": 6, "houses_damaged": 21, "title": "(demo) landslide event", "source_url": "", "severity_score": 21.35, "severity_class": "moderate"}}, {"type": "Feature", "geometry": {"type": "Point", "coordinates": [82.9137, 29.589]}, "properties": {"id": "demo-473", "source": "demo", "date": "2020-08-17", "date_precision": "day", "year": 2020, "month": 8, "hazard": "landslide", "hazard_raw": "landslide", "district": null, "lon": 82.9137, "lat": 29.589, "geo_precision": "exact", "deaths": 1, "missing": 0, "injured": 1, "people_affected": 590, "houses_destroyed": 63, "houses_damaged": 74, "title": "(demo) landslide event", "source_url": "", "severity_score": 23.48, "severity_class": "moderate"}}, {"type": "Feature", "geometry": {"type": "Point", "coordinates": [85.6149, 27.0614]}, "properties": {"id": "demo-474", "source": "demo", "date": "1986-08-15", "date_precision": "day", "year": 1986, "month": 8, "hazard": "flood", "hazard_raw": "flood", "district": null, "lon": 85.6149, "lat": 27.0614, "geo_precision": "exact", "deaths": 0, "missing": 0, "injured": 0, "people_affected": 0, "houses_destroyed": 0, "houses_damaged": 0, "title": "(demo) flood event", "source_url": "", "severity_score": 0.0, "severity_class": "minor"}}, {"type": "Feature", "geometry": {"type": "Point", "coordinates": [85.2924, 27.5743]}, "properties": {"id": "demo-475", "source": "demo", "date": "2021-07-26", "date_precision": "day", "year": 2021, "month": 7, "hazard": "landslide", "hazard_raw": "landslide", "district": null, "lon": 85.2924, "lat": 27.5743, "geo_precision": "exact", "deaths": 0, "missing": 0, "injured": 0, "people_affected": 54, "houses_destroyed": 13, "houses_damaged": 46, "title": "(demo) landslide event", "source_url": "", "severity_score": 5.01, "severity_class": "moderate"}}, {"type": "Feature", "geometry": {"type": "Point", "coordinates": [82.28, 29.2811]}, "properties": {"id": "demo-476", "source": "demo", "date": "2018-08-26", "date_precision": "day", "year": 2018, "month": 8, "hazard": "landslide", "hazard_raw": "landslide", "district": null, "lon": 82.28, "lat": 29.2811, "geo_precision": "exact", "deaths": 0, "missing": 0, "injured": 0, "people_affected": 0, "houses_destroyed": 0, "houses_damaged": 0, "title": "(demo) landslide event", "source_url": "", "severity_score": 0.0, "severity_class": "minor"}}, {"type": "Feature", "geometry": {"type": "Point", "coordinates": [86.0839, 26.8784]}, "properties": {"id": "demo-477", "source": "demo", "date": "2026-09-03", "date_precision": "day", "year": 2026, "month": 9, "hazard": "flood", "hazard_raw": "flood", "district": null, "lon": 86.0839, "lat": 26.8784, "geo_precision": "exact", "deaths": 0, "missing": 0, "injured": 0, "people_affected": 76, "houses_destroyed": 4, "houses_damaged": 5, "title": "(demo) flood event", "source_url": "", "severity_score": 1.2, "severity_class": "small"}}, {"type": "Feature", "geometry": {"type": "Point", "coordinates": [80.2, 29.0128]}, "properties": {"id": "demo-478", "source": "demo", "date": "2019-10-10", "date_precision": "day", "year": 2019, "month": 10, "hazard": "flood", "hazard_raw": "flood", "district": null, "lon": 80.2, "lat": 29.0128, "geo_precision": "exact", "deaths": 0, "missing": 0, "injured": 0, "people_affected": 4, "houses_destroyed": 1, "houses_damaged": 2, "title": "(demo) flood event", "source_url": "", "severity_score": 0.31, "severity_class": "small"}}, {"type": "Feature", "geometry": {"type": "Point", "coordinates": [86.7522, 27.7926]}, "properties": {"id": "demo-479", "source": "demo", "date": "2026-07-24", "date_precision": "day", "year": 2026, "month": 7, "hazard": "landslide", "hazard_raw": "landslide", "district": null, "lon": 86.7522, "lat": 27.7926, "geo_precision": "exact", "deaths": 0, "missing": 0, "injured": 0, "people_affected": 16, "houses_destroyed": 4, "houses_damaged": 15, "title": "(demo) landslide event", "source_url": "", "severity_score": 1.58, "severity_class": "small"}}, {"type": "Feature", "geometry": {"type": "Point", "coordinates": [86.9432, 27.9054]}, "properties": {"id": "demo-480", "source": "demo", "date": "2007-05-25", "date_precision": "day", "year": 2007, "month": 5, "hazard": "avalanche", "hazard_raw": "avalanche", "district": null, "lon": 86.9432, "lat": 27.9054, "geo_precision": "exact", "deaths": 0, "missing": 0, "injured": 0, "people_affected": 155, "houses_destroyed": 10, "houses_damaged": 37, "title": "(demo) avalanche event", "source_url": "", "severity_score": 4.16, "severity_class": "small"}}, {"type": "Feature", "geometry": {"type": "Point", "coordinates": [81.8536, 29.2282]}, "properties": {"id": "demo-481", "source": "demo", "date": "2016-08-23", "date_precision": "day", "year": 2016, "month": 8, "hazard": "landslide", "hazard_raw": "landslide", "district": null, "lon": 81.8536, "lat": 29.2282, "geo_precision": "exact", "deaths": 0, "missing": 0, "injured": 0, "people_affected": 0, "houses_destroyed": 0, "houses_damaged": 0, "title": "(demo) landslide event", "source_url": "", "severity_score": 0.0, "severity_class": "minor"}}, {"type": "Feature", "geometry": {"type": "Point", "coordinates": [84.2244, 28.1296]}, "properties": {"id": "demo-482", "source": "demo", "date": "2008-12-03", "date_precision": "day", "year": 2008, "month": 12, "hazard": "flood", "hazard_raw": "flood", "district": null, "lon": 84.2244, "lat": 28.1296, "geo_precision": "exact", "deaths": 0, "missing": 0, "injured": 0, "people_affected": 0, "houses_destroyed": 0, "houses_damaged": 0, "title": "(demo) flood event", "source_url": "", "severity_score": 0.0, "severity_class": "minor"}}, {"type": "Feature", "geometry": {"type": "Point", "coordinates": [86.4023, 26.7522]}, "properties": {"id": "demo-483", "source": "demo", "date": "1977-09-12", "date_precision": "day", "year": 1977, "month": 9, "hazard": "flash_flood", "hazard_raw": "flash_flood", "district": null, "lon": 86.4023, "lat": 26.7522, "geo_precision": "exact", "deaths": 0, "missing": 0, "injured": 0, "people_affected": 0, "houses_destroyed": 0, "houses_damaged": 0, "title": "(demo) flash_flood event", "source_url": "", "severity_score": 0.0, "severity_class": "minor"}}, {"type": "Feature", "geometry": {"type": "Point", "coordinates": [85.0431, 27.8354]}, "properties": {"id": "demo-484", "source": "demo", "date": "2005-08-07", "date_precision": "day", "year": 2005, "month": 8, "hazard": "flood", "hazard_raw": "flood", "district": null, "lon": 85.0431, "lat": 27.8354, "geo_precision": "exact", "deaths": 0, "missing": 0, "injured": 0, "people_affected": 25, "houses_destroyed": 4, "houses_damaged": 13, "title": "(demo) flood event", "source_url": "", "severity_score": 1.5, "severity_class": "small"}}, {"type": "Feature", "geometry": {"type": "Point", "coordinates": [86.815, 27.94]}, "properties": {"id": "demo-485", "source": "demo", "date": "2011-05-10", "date_precision": "day", "year": 2011, "month": 5, "hazard": "flood", "hazard_raw": "flood", "district": null, "lon": 86.815, "lat": 27.94, "geo_precision": "exact", "deaths": 1, "missing": 0, "injured": 1, "people_affected": 18, "houses_destroyed": 5, "houses_damaged": 16, "title": "(demo) flood event", "source_url": "", "severity_score": 7.84, "severity_class": "moderate"}}, {"type": "Feature", "geometry": {"type": "Point", "coordinates": [82.0002, 29.3099]}, "properties": {"id": "demo-486", "source": "demo", "date": "2019-06-16", "date_precision": "day", "year": 2019, "month": 6, "hazard": "landslide", "hazard_raw": "landslide", "district": null, "lon": 82.0002, "lat": 29.3099, "geo_precision": "exact", "deaths": 0, "missing": 0, "injured": 0, "people_affected": 57, "houses_destroyed": 4, "houses_damaged": 15, "title": "(demo) landslide event", "source_url": "", "severity_score": 1.66, "severity_class": "small"}}, {"type": "Feature", "geometry": {"type": "Point", "coordinates": [87.6344, 26.4426]}, "properties": {"id": "demo-487", "source": "demo", "date": "2022-07-27", "date_precision": "day", "year": 2022, "month": 7, "hazard": "avalanche", "hazard_raw": "avalanche", "district": null, "lon": 87.6344, "lat": 26.4426, "geo_precision": "exact", "deaths": 0, "missing": 0, "injured": 0, "people_affected": 0, "houses_destroyed": 0, "houses_damaged": 0, "title": "(demo) avalanche event", "source_url": "", "severity_score": 0.0, "severity_class": "minor"}}, {"type": "Feature", "geometry": {"type": "Point", "coordinates": [85.8681, 28.2693]}, "properties": {"id": "demo-488", "source": "demo", "date": "2011-11-27", "date_precision": "day", "year": 2011, "month": 11, "hazard": "flood", "hazard_raw": "flood", "district": null, "lon": 85.8681, "lat": 28.2693, "geo_precision": "exact", "deaths": 17, "missing": 4, "injured": 11, "people_affected": 466, "houses_destroyed": 30, "houses_damaged": 73, "title": "(demo) flood event", "source_url": "", "severity_score": 126.58, "severity_class": "catastrophic"}}, {"type": "Feature", "geometry": {"type": "Point", "coordinates": [84.717, 28.2121]}, "properties": {"id": "demo-489", "source": "demo", "date": "2001-07-28", "date_precision": "day", "year": 2001, "month": 7, "hazard": "debris_flow", "hazard_raw": "debris_flow", "district": null, "lon": 84.717, "lat": 28.2121, "geo_precision": "exact", "deaths": 0, "missing": 0, "injured": 0, "people_affected": 0, "houses_destroyed": 0, "houses_damaged": 0, "title": "(demo) debris_flow event", "source_url": "", "severity_score": 0.0, "severity_class": "minor"}}, {"type": "Feature", "geometry": {"type": "Point", "coordinates": [85.3888, 27.5903]}, "properties": {"id": "demo-490", "source": "demo", "date": "2014-07-28", "date_precision": "day", "year": 2014, "month": 7, "hazard": "landslide", "hazard_raw": "landslide", "district": null, "lon": 85.3888, "lat": 27.5903, "geo_precision": "exact", "deaths": 0, "missing": 0, "injured": 0, "people_affected": 79, "houses_destroyed": 4, "houses_damaged": 5, "title": "(demo) landslide event", "source_url": "", "severity_score": 1.21, "severity_class": "small"}}, {"type": "Feature", "geometry": {"type": "Point", "coordinates": [85.8652, 27.5709]}, "properties": {"id": "demo-491", "source": "demo", "date": "2020-06-24", "date_precision": "day", "year": 2020, "month": 6, "hazard": "landslide", "hazard_raw": "landslide", "district": null, "lon": 85.8652, "lat": 27.5709, "geo_precision": "exact", "deaths": 0, "missing": 0, "injured": 0, "people_affected": 29, "houses_destroyed": 2, "houses_damaged": 2, "title": "(demo) landslide event", "source_url": "", "severity_score": 0.56, "severity_class": "small"}}, {"type": "Feature", "geometry": {"type": "Point", "coordinates": [81.7356, 29.3832]}, "properties": {"id": "demo-492", "source": "demo", "date": "1975-07-23", "date_precision": "day", "year": 1975, "month": 7, "hazard": "avalanche", "hazard_raw": "avalanche", "district": null, "lon": 81.7356, "lat": 29.3832, "geo_precision": "exact", "deaths": 3, "missing": 0, "injured": 2, "people_affected": 0, "houses_destroyed": 0, "houses_damaged": 0, "title": "(demo) avalanche event", "source_url": "", "severity_score": 17.0, "severity_class": "moderate"}}, {"type": "Feature", "geometry": {"type": "Point", "coordinates": [83.941, 27.8342]}, "properties": {"id": "demo-493", "source": "demo", "date": "2018-11-19", "date_precision": "day", "year": 2018, "month": 11, "hazard": "landslide", "hazard_raw": "landslide", "district": null, "lon": 83.941, "lat": 27.8342, "geo_precision": "exact", "deaths": 0, "missing": 0, "injured": 0, "people_affected": 0, "houses_destroyed": 0, "houses_damaged": 0, "title": "(demo) landslide event", "source_url": "", "severity_score": 0.0, "severity_class": "minor"}}, {"type": "Feature", "geometry": {"type": "Point", "coordinates": [85.5898, 28.2135]}, "properties": {"id": "demo-494", "source": "demo", "date": "2025-07-05", "date_precision": "day", "year": 2025, "month": 7, "hazard": "flood", "hazard_raw": "flood", "district": null, "lon": 85.5898, "lat": 28.2135, "geo_precision": "exact", "deaths": 0, "missing": 0, "injured": 0, "people_affected": 17, "houses_destroyed": 1, "houses_damaged": 3, "title": "(demo) flood event", "source_url": "", "severity_score": 0.38, "severity_class": "small"}}, {"type": "Feature", "geometry": {"type": "Point", "coordinates": [85.0116, 28.1744]}, "properties": {"id": "demo-495", "source": "demo", "date": "2022-08-21", "date_precision": "day", "year": 2022, "month": 8, "hazard": "landslide", "hazard_raw": "landslide", "district": null, "lon": 85.0116, "lat": 28.1744, "geo_precision": "exact", "deaths": 0, "missing": 0, "injured": 0, "people_affected": 123, "houses_destroyed": 8, "houses_damaged": 13, "title": "(demo) landslide event", "source_url": "", "severity_score": 2.5, "severity_class": "small"}}, {"type": "Feature", "geometry": {"type": "Point", "coordinates": [85.2432, 27.689]}, "properties": {"id": "demo-496", "source": "demo", "date": "2020-06-16", "date_precision": "day", "year": 2020, "month": 6, "hazard": "debris_flow", "hazard_raw": "debris_flow", "district": null, "lon": 85.2432, "lat": 27.689, "geo_precision": "exact", "deaths": 0, "missing": 0, "injured": 0, "people_affected": 0, "houses_destroyed": 0, "houses_damaged": 0, "title": "(demo) debris_flow event", "source_url": "", "severity_score": 0.0, "severity_class": "minor"}}, {"type": "Feature", "geometry": {"type": "Point", "coordinates": [83.7951, 27.5273]}, "properties": {"id": "demo-497", "source": "demo", "date": "2015-10-23", "date_precision": "day", "year": 2015, "month": 10, "hazard": "landslide", "hazard_raw": "landslide", "district": null, "lon": 83.7951, "lat": 27.5273, "geo_precision": "exact", "deaths": 0, "missing": 0, "injured": 0, "people_affected": 0, "houses_destroyed": 0, "houses_damaged": 0, "title": "(demo) landslide event", "source_url": "", "severity_score": 0.0, "severity_class": "minor"}}, {"type": "Feature", "geometry": {"type": "Point", "coordinates": [86.4298, 27.8656]}, "properties": {"id": "demo-498", "source": "demo", "date": "2025-08-24", "date_precision": "day", "year": 2025, "month": 8, "hazard": "landslide", "hazard_raw": "landslide", "district": null, "lon": 86.4298, "lat": 27.8656, "geo_precision": "exact", "deaths": 0, "missing": 0, "injured": 0, "people_affected": 14, "houses_destroyed": 1, "houses_damaged": 3, "title": "(demo) landslide event", "source_url": "", "severity_score": 0.38, "severity_class": "small"}}, {"type": "Feature", "geometry": {"type": "Point", "coordinates": [86.9039, 27.7837]}, "properties": {"id": "demo-499", "source": "demo", "date": "2016-08-19", "date_precision": "day", "year": 2016, "month": 8, "hazard": "landslide", "hazard_raw": "landslide", "district": null, "lon": 86.9039, "lat": 27.7837, "geo_precision": "exact", "deaths": 0, "missing": 0, "injured": 0, "people_affected": 0, "houses_destroyed": 0, "houses_damaged": 0, "title": "(demo) landslide event", "source_url": "", "severity_score": 0.0, "severity_class": "minor"}}, {"type": "Feature", "geometry": {"type": "Point", "coordinates": [86.3716, 27.6839]}, "properties": {"id": "demo-500", "source": "demo", "date": "2013-04-15", "date_precision": "day", "year": 2013, "month": 4, "hazard": "glof", "hazard_raw": "glof", "district": null, "lon": 86.3716, "lat": 27.6839, "geo_precision": "exact", "deaths": 4, "missing": 0, "injured": 1, "people_affected": 172, "houses_destroyed": 12, "houses_damaged": 29, "title": "(demo) glof event", "source_url": "", "severity_score": 25.19, "severity_class": "major"}}, {"type": "Feature", "geometry": {"type": "Point", "coordinates": [84.8524, 27.9545]}, "properties": {"id": "demo-501", "source": "demo", "date": "2001-06-24", "date_precision": "day", "year": 2001, "month": 6, "hazard": "flash_flood", "hazard_raw": "flash_flood", "district": null, "lon": 84.8524, "lat": 27.9545, "geo_precision": "exact", "deaths": 4, "missing": 0, "injured": 2, "people_affected": 166, "houses_destroyed": 11, "houses_damaged": 21, "title": "(demo) flash_flood event", "source_url": "", "severity_score": 25.58, "severity_class": "major"}}, {"type": "Feature", "geometry": {"type": "Point", "coordinates": [82.3215, 29.5205]}, "properties": {"id": "demo-502", "source": "demo", "date": "2006-09-26", "date_precision": "day", "year": 2006, "month": 9, "hazard": "landslide", "hazard_raw": "landslide", "district": null, "lon": 82.3215, "lat": 29.5205, "geo_precision": "exact", "deaths": 0, "missing": 0, "injured": 0, "people_affected": 0, "houses_destroyed": 0, "houses_damaged": 0, "title": "(demo) landslide event", "source_url": "", "severity_score": 0.0, "severity_class": "minor"}}, {"type": "Feature", "geometry": {"type": "Point", "coordinates": [86.9793, 27.792]}, "properties": {"id": "demo-503", "source": "demo", "date": "2025-07-02", "date_precision": "day", "year": 2025, "month": 7, "hazard": "avalanche", "hazard_raw": "avalanche", "district": null, "lon": 86.9793, "lat": 27.792, "geo_precision": "exact", "deaths": 0, "missing": 0, "injured": 0, "people_affected": 0, "houses_destroyed": 0, "houses_damaged": 0, "title": "(demo) avalanche event", "source_url": "", "severity_score": 0.0, "severity_class": "minor"}}, {"type": "Feature", "geometry": {"type": "Point", "coordinates": [85.966, 28.1664]}, "properties": {"id": "demo-504", "source": "demo", "date": "2016-10-10", "date_precision": "day", "year": 2016, "month": 10, "hazard": "flash_flood", "hazard_raw": "flash_flood", "district": null, "lon": 85.966, "lat": 28.1664, "geo_precision": "exact", "deaths": 0, "missing": 0, "injured": 0, "people_affected": 0, "houses_destroyed": 0, "houses_damaged": 0, "title": "(demo) flash_flood event", "source_url": "", "severity_score": 0.0, "severity_class": "minor"}}, {"type": "Feature", "geometry": {"type": "Point", "coordinates": [84.1307, 28.2302]}, "properties": {"id": "demo-505", "source": "demo", "date": "2025-09-05", "date_precision": "day", "year": 2025, "month": 9, "hazard": "landslide", "hazard_raw": "landslide", "district": null, "lon": 84.1307, "lat": 28.2302, "geo_precision": "exact", "deaths": 0, "missing": 0, "injured": 0, "people_affected": 36, "houses_destroyed": 2, "houses_damaged": 4, "title": "(demo) landslide event", "source_url": "", "severity_score": 0.67, "severity_class": "small"}}, {"type": "Feature", "geometry": {"type": "Point", "coordinates": [87.6756, 26.5682]}, "properties": {"id": "demo-506", "source": "demo", "date": "2015-05-07", "date_precision": "day", "year": 2015, "month": 5, "hazard": "flood", "hazard_raw": "flood", "district": null, "lon": 87.6756, "lat": 26.5682, "geo_precision": "exact", "deaths": 0, "missing": 0, "injured": 0, "people_affected": 106, "houses_destroyed": 19, "houses_damaged": 42, "title": "(demo) flood event", "source_url": "", "severity_score": 6.11, "severity_class": "moderate"}}, {"type": "Feature", "geometry": {"type": "Point", "coordinates": [85.6759, 28.0853]}, "properties": {"id": "demo-507", "source": "demo", "date": "2017-04-18", "date_precision": "day", "year": 2017, "month": 4, "hazard": "debris_flow", "hazard_raw": "debris_flow", "district": null, "lon": 85.6759, "lat": 28.0853, "geo_precision": "exact", "deaths": 1, "missing": 0, "injured": 1, "people_affected": 0, "houses_destroyed": 0, "houses_damaged": 0, "title": "(demo) debris_flow event", "source_url": "", "severity_score": 6.0, "severity_class": "moderate"}}, {"type": "Feature", "geometry": {"type": "Point", "coordinates": [82.1244, 29.5236]}, "properties": {"id": "demo-508", "source": "demo", "date": "2009-08-26", "date_precision": "day", "year": 2009, "month": 8, "hazard": "landslide", "hazard_raw": "landslide", "district": null, "lon": 82.1244, "lat": 29.5236, "geo_precision": "exact", "deaths": 0, "missing": 0, "injured": 0, "people_affected": 0, "houses_destroyed": 0, "houses_damaged": 0, "title": "(demo) landslide event", "source_url": "", "severity_score": 0.0, "severity_class": "minor"}}, {"type": "Feature", "geometry": {"type": "Point", "coordinates": [87.4255, 26.424]}, "properties": {"id": "demo-509", "source": "demo", "date": "2021-07-20", "date_precision": "day", "year": 2021, "month": 7, "hazard": "flood", "hazard_raw": "flood", "district": null, "lon": 87.4255, "lat": 26.424, "geo_precision": "exact", "deaths": 0, "missing": 0, "injured": 0, "people_affected": 113, "houses_destroyed": 9, "houses_damaged": 12, "title": "(demo) flood event", "source_url": "", "severity_score": 2.63, "severity_class": "small"}}, {"type": "Feature", "geometry": {"type": "Point", "coordinates": [85.7833, 26.4717]}, "properties": {"id": "demo-510", "source": "demo", "date": "2016-09-22", "date_precision": "day", "year": 2016, "month": 9, "hazard": "flood", "hazard_raw": "flood", "district": null, "lon": 85.7833, "lat": 26.4717, "geo_precision": "exact", "deaths": 4, "missing": 0, "injured": 3, "people_affected": 152, "houses_destroyed": 8, "houses_damaged": 18, "title": "(demo) flood event", "source_url": "", "severity_score": 25.8, "severity_class": "major"}}, {"type": "Feature", "geometry": {"type": "Point", "coordinates": [86.6214, 27.9286]}, "properties": {"id": "demo-511", "source": "demo", "date": "2010-09-21", "date_precision": "day", "year": 2010, "month": 9, "hazard": "landslide", "hazard_raw": "landslide", "district": null, "lon": 86.6214, "lat": 27.9286, "geo_precision": "exact", "deaths": 0, "missing": 0, "injured": 0, "people_affected": 138, "houses_destroyed": 9, "houses_damaged": 22, "title": "(demo) landslide event", "source_url": "", "severity_score": 3.18, "severity_class": "small"}}, {"type": "Feature", "geometry": {"type": "Point", "coordinates": [80.4332, 28.5792]}, "properties": {"id": "demo-512", "source": "demo", "date": "2005-08-13", "date_precision": "day", "year": 2005, "month": 8, "hazard": "flood", "hazard_raw": "flood", "district": null, "lon": 80.4332, "lat": 28.5792, "geo_precision": "exact", "deaths": 0, "missing": 0, "injured": 0, "people_affected": 219, "houses_destroyed": 11, "houses_damaged": 41, "title": "(demo) flood event", "source_url": "", "severity_score": 4.69, "severity_class": "small"}}, {"type": "Feature", "geometry": {"type": "Point", "coordinates": [85.3987, 28.2308]}, "properties": {"id": "demo-513", "source": "demo", "date": "2019-07-08", "date_precision": "day", "year": 2019, "month": 7, "hazard": "landslide", "hazard_raw": "landslide", "district": null, "lon": 85.3987, "lat": 28.2308, "geo_precision": "exact", "deaths": 0, "missing": 0, "injured": 0, "people_affected": 17, "houses_destroyed": 2, "houses_damaged": 7, "title": "(demo) landslide event", "source_url": "", "severity_score": 0.78, "severity_class": "small"}}, {"type": "Feature", "geometry": {"type": "Point", "coordinates": [85.4168, 28.2136]}, "properties": {"id": "demo-514", "source": "demo", "date": "2015-06-07", "date_precision": "day", "year": 2015, "month": 6, "hazard": "glof", "hazard_raw": "glof", "district": null, "lon": 85.4168, "lat": 28.2136, "geo_precision": "exact", "deaths": 328, "missing": 125, "injured": 385, "people_affected": 0, "houses_destroyed": 0, "houses_damaged": 0, "title": "(demo) glof event", "source_url": "", "severity_score": 2650.0, "severity_class": "catastrophic"}}, {"type": "Feature", "geometry": {"type": "Point", "coordinates": [86.4613, 28.1542]}, "properties": {"id": "demo-515", "source": "demo", "date": "2003-01-24", "date_precision": "day", "year": 2003, "month": 1, "hazard": "flood", "hazard_raw": "flood", "district": null, "lon": 86.4613, "lat": 28.1542, "geo_precision": "exact", "deaths": 0, "missing": 0, "injured": 0, "people_affected": 45, "houses_destroyed": 4, "houses_damaged": 5, "title": "(demo) flood event", "source_url": "", "severity_score": 1.14, "severity_class": "small"}}, {"type": "Feature", "geometry": {"type": "Point", "coordinates": [86.4634, 27.8284]}, "properties": {"id": "demo-516", "source": "demo", "date": "2005-07-09", "date_precision": "day", "year": 2005, "month": 7, "hazard": "landslide", "hazard_raw": "landslide", "district": null, "lon": 86.4634, "lat": 27.8284, "geo_precision": "exact", "deaths": 0, "missing": 0, "injured": 0, "people_affected": 12, "houses_destroyed": 2, "houses_damaged": 7, "title": "(demo) landslide event", "source_url": "", "severity_score": 0.77, "severity_class": "small"}}, {"type": "Feature", "geometry": {"type": "Point", "coordinates": [81.8154, 29.4246]}, "properties": {"id": "demo-517", "source": "demo", "date": "1992-05-07", "date_precision": "day", "year": 1992, "month": 5, "hazard": "landslide", "hazard_raw": "landslide", "district": null, "lon": 81.8154, "lat": 29.4246, "geo_precision": "exact", "deaths": 0, "missing": 0, "injured": 0, "people_affected": 0, "houses_destroyed": 0, "houses_damaged": 0, "title": "(demo) landslide event", "source_url": "", "severity_score": 0.0, "severity_class": "minor"}}, {"type": "Feature", "geometry": {"type": "Point", "coordinates": [86.4466, 27.9996]}, "properties": {"id": "demo-518", "source": "demo", "date": "1977-05-12", "date_precision": "day", "year": 1977, "month": 5, "hazard": "flash_flood", "hazard_raw": "flash_flood", "district": null, "lon": 86.4466, "lat": 27.9996, "geo_precision": "exact", "deaths": 1, "missing": 0, "injured": 1, "people_affected": 23, "houses_destroyed": 3, "houses_damaged": 6, "title": "(demo) flash_flood event", "source_url": "", "severity_score": 6.95, "severity_class": "moderate"}}, {"type": "Feature", "geometry": {"type": "Point", "coordinates": [80.2498, 28.8958]}, "properties": {"id": "demo-519", "source": "demo", "date": "2017-07-08", "date_precision": "day", "year": 2017, "month": 7, "hazard": "flood", "hazard_raw": "flood", "district": null, "lon": 80.2498, "lat": 28.8958, "geo_precision": "exact", "deaths": 0, "missing": 0, "injured": 0, "people_affected": 0, "houses_destroyed": 0, "houses_damaged": 0, "title": "(demo) flood event", "source_url": "", "severity_score": 0.0, "severity_class": "minor"}}, {"type": "Feature", "geometry": {"type": "Point", "coordinates": [86.9173, 28.4048]}, "properties": {"id": "demo-520", "source": "demo", "date": "2008-08-05", "date_precision": "day", "year": 2008, "month": 8, "hazard": "glof", "hazard_raw": "glof", "district": null, "lon": 86.9173, "lat": 28.4048, "geo_precision": "exact", "deaths": 5, "missing": 0, "injured": 4, "people_affected": 221, "houses_destroyed": 32, "houses_damaged": 92, "title": "(demo) glof event", "source_url": "", "severity_score": 40.44, "severity_class": "major"}}, {"type": "Feature", "geometry": {"type": "Point", "coordinates": [84.2938, 27.6135]}, "properties": {"id": "demo-521", "source": "demo", "date": "2008-07-12", "date_precision": "day", "year": 2008, "month": 7, "hazard": "flood", "hazard_raw": "flood", "district": null, "lon": 84.2938, "lat": 27.6135, "geo_precision": "exact", "deaths": 1, "missing": 0, "injured": 1, "people_affected": 181, "houses_destroyed": 16, "houses_damaged": 28, "title": "(demo) flood event", "source_url": "", "severity_score": 10.96, "severity_class": "moderate"}}, {"type": "Feature", "geometry": {"type": "Point", "coordinates": [84.0581, 27.5652]}, "properties": {"id": "demo-522", "source": "demo", "date": "2006-09-05", "date_precision": "day", "year": 2006, "month": 9, "hazard": "flood", "hazard_raw": "flood", "district": null, "lon": 84.0581, "lat": 27.5652, "geo_precision": "exact", "deaths": 2, "missing": 0, "injured": 2, "people_affected": 0, "houses_destroyed": 0, "houses_damaged": 0, "title": "(demo) flood event", "source_url": "", "severity_score": 12.0, "severity_class": "moderate"}}, {"type": "Feature", "geometry": {"type": "Point", "coordinates": [86.4391, 27.8221]}, "properties": {"id": "demo-523", "source": "demo", "date": "2020-09-07", "date_precision": "day", "year": 2020, "month": 9, "hazard": "avalanche", "hazard_raw": "avalanche", "district": null, "lon": 86.4391, "lat": 27.8221, "geo_precision": "exact", "deaths": 0, "missing": 0, "injured": 0, "people_affected": 0, "houses_destroyed": 0, "houses_damaged": 0, "title": "(demo) avalanche event", "source_url": "", "severity_score": 0.0, "severity_class": "minor"}}, {"type": "Feature", "geometry": {"type": "Point", "coordinates": [85.5918, 27.891]}, "properties": {"id": "demo-524", "source": "demo", "date": "2006-12-12", "date_precision": "day", "year": 2006, "month": 12, "hazard": "debris_flow", "hazard_raw": "debris_flow", "district": null, "lon": 85.5918, "lat": 27.891, "geo_precision": "exact", "deaths": 0, "missing": 0, "injured": 0, "people_affected": 0, "houses_destroyed": 0, "houses_damaged": 0, "title": "(demo) debris_flow event", "source_url": "", "severity_score": 0.0, "severity_class": "minor"}}, {"type": "Feature", "geometry": {"type": "Point", "coordinates": [85.4992, 27.7021]}, "properties": {"id": "demo-525", "source": "demo", "date": "2023-07-22", "date_precision": "day", "year": 2023, "month": 7, "hazard": "landslide", "hazard_raw": "landslide", "district": null, "lon": 85.4992, "lat": 27.7021, "geo_precision": "exact", "deaths": 0, "missing": 0, "injured": 0, "people_affected": 26, "houses_destroyed": 4, "houses_damaged": 11, "title": "(demo) landslide event", "source_url": "", "severity_score": 1.4, "severity_class": "small"}}, {"type": "Feature", "geometry": {"type": "Point", "coordinates": [85.4069, 27.9621]}, "properties": {"id": "demo-526", "source": "demo", "date": "2021-07-17", "date_precision": "day", "year": 2021, "month": 7, "hazard": "landslide", "hazard_raw": "landslide", "district": null, "lon": 85.4069, "lat": 27.9621, "geo_precision": "exact", "deaths": 0, "missing": 0, "injured": 0, "people_affected": 56, "houses_destroyed": 8, "houses_damaged": 9, "title": "(demo) landslide event", "source_url": "", "severity_score": 2.16, "severity_class": "small"}}, {"type": "Feature", "geometry": {"type": "Point", "coordinates": [85.294, 27.8042]}, "properties": {"id": "demo-527", "source": "demo", "date": "2026-09-21", "date_precision": "day", "year": 2026, "month": 9, "hazard": "glof", "hazard_raw": "glof", "district": null, "lon": 85.294, "lat": 27.8042, "geo_precision": "exact", "deaths": 0, "missing": 0, "injured": 0, "people_affected": 0, "houses_destroyed": 0, "houses_damaged": 0, "title": "(demo) glof event", "source_url": "", "severity_score": 0.0, "severity_class": "minor"}}, {"type": "Feature", "geometry": {"type": "Point", "coordinates": [86.5403, 27.7086]}, "properties": {"id": "demo-528", "source": "demo", "date": "1974-01-12", "date_precision": "day", "year": 1974, "month": 1, "hazard": "landslide", "hazard_raw": "landslide", "district": null, "lon": 86.5403, "lat": 27.7086, "geo_precision": "exact", "deaths": 8, "missing": 2, "injured": 3, "people_affected": 142, "houses_destroyed": 15, "houses_damaged": 48, "title": "(demo) landslide event", "source_url": "", "severity_score": 58.68, "severity_class": "major"}}, {"type": "Feature", "geometry": {"type": "Point", "coordinates": [85.6125, 28.1247]}, "properties": {"id": "demo-529", "source": "demo", "date": "1984-06-09", "date_precision": "day", "year": 1984, "month": 6, "hazard": "glof", "hazard_raw": "glof", "district": null, "lon": 85.6125, "lat": 28.1247, "geo_precision": "exact", "deaths": 4, "missing": 1, "injured": 4, "people_affected": 4167, "houses_destroyed": 374, "houses_damaged": 540, "title": "(demo) glof event", "source_url": "", "severity_score": 139.13, "severity_class": "catastrophic"}}, {"type": "Feature", "geometry": {"type": "Point", "coordinates": [80.8214, 29.0925]}, "properties": {"id": "demo-530", "source": "demo", "date": "2023-06-10", "date_precision": "day", "year": 2023, "month": 6, "hazard": "flood", "hazard_raw": "flood", "district": null, "lon": 80.8214, "lat": 29.0925, "geo_precision": "exact", "deaths": 0, "missing": 0, "injured": 0, "people_affected": 1125, "houses_destroyed": 61, "houses_damaged": 105, "title": "(demo) flood event", "source_url": "", "severity_score": 19.7, "severity_class": "moderate"}}, {"type": "Feature", "geometry": {"type": "Point", "coordinates": [86.8353, 26.6068]}, "properties": {"id": "demo-531", "source": "demo", "date": "2022-01-04", "date_precision": "day", "year": 2022, "month": 1, "hazard": "flood", "hazard_raw": "flood", "district": null, "lon": 86.8353, "lat": 26.6068, "geo_precision": "exact", "deaths": 6, "missing": 0, "injured": 3, "people_affected": 93, "houses_destroyed": 29, "houses_damaged": 83, "title": "(demo) flood event", "source_url": "", "severity_score": 43.14, "severity_class": "major"}}, {"type": "Feature", "geometry": {"type": "Point", "coordinates": [85.2979, 27.5751]}, "properties": {"id": "demo-532", "source": "demo", "date": "2016-04-05", "date_precision": "day", "year": 2016, "month": 4, "hazard": "landslide", "hazard_raw": "landslide", "district": null, "lon": 85.2979, "lat": 27.5751, "geo_precision": "exact", "deaths": 0, "missing": 0, "injured": 0, "people_affected": 82, "houses_destroyed": 6, "houses_damaged": 18, "title": "(demo) landslide event", "source_url": "", "severity_score": 2.26, "severity_class": "small"}}, {"type": "Feature", "geometry": {"type": "Point", "coordinates": [84.3176, 28.2654]}, "properties": {"id": "demo-533", "source": "demo", "date": "2026-07-01", "date_precision": "day", "year": 2026, "month": 7, "hazard": "landslide", "hazard_raw": "landslide", "district": null, "lon": 84.3176, "lat": 28.2654, "geo_precision": "exact", "deaths": 0, "missing": 0, "injured": 0, "people_affected": 18, "houses_destroyed": 1, "houses_damaged": 2, "title": "(demo) landslide event", "source_url": "", "severity_score": 0.34, "severity_class": "small"}}, {"type": "Feature", "geometry": {"type": "Point", "coordinates": [82.4993, 29.5434]}, "properties": {"id": "demo-534", "source": "demo", "date": "2019-07-12", "date_precision": "day", "year": 2019, "month": 7, "hazard": "flood", "hazard_raw": "flood", "district": null, "lon": 82.4993, "lat": 29.5434, "geo_precision": "exact", "deaths": 0, "missing": 0, "injured": 0, "people_affected": 40, "houses_destroyed": 5, "houses_damaged": 15, "title": "(demo) flood event", "source_url": "", "severity_score": 1.83, "severity_class": "small"}}, {"type": "Feature", "geometry": {"type": "Point", "coordinates": [82.4578, 29.4603]}, "properties": {"id": "demo-535", "source": "demo", "date": "2002-08-09", "date_precision": "day", "year": 2002, "month": 8, "hazard": "avalanche", "hazard_raw": "avalanche", "district": null, "lon": 82.4578, "lat": 29.4603, "geo_precision": "exact", "deaths": 3, "missing": 0, "injured": 4, "people_affected": 57, "houses_destroyed": 6, "houses_damaged": 11, "title": "(demo) avalanche event", "source_url": "", "severity_score": 20.86, "severity_class": "moderate"}}, {"type": "Feature", "geometry": {"type": "Point", "coordinates": [86.6042, 27.878]}, "properties": {"id": "demo-536", "source": "demo", "date": "1998-06-03", "date_precision": "day", "year": 1998, "month": 6, "hazard": "avalanche", "hazard_raw": "avalanche", "district": null, "lon": 86.6042, "lat": 27.878, "geo_precision": "exact", "deaths": 0, "missing": 0, "injured": 0, "people_affected": 57, "houses_destroyed": 3, "houses_damaged": 4, "title": "(demo) avalanche event", "source_url": "", "severity_score": 0.91, "severity_class": "small"}}, {"type": "Feature", "geometry": {"type": "Point", "coordinates": [86.4137, 28.0718]}, "properties": {"id": "demo-537", "source": "demo", "date": "2005-07-18", "date_precision": "day", "year": 2005, "month": 7, "hazard": "avalanche", "hazard_raw": "avalanche", "district": null, "lon": 86.4137, "lat": 28.0718, "geo_precision": "exact", "deaths": 0, "missing": 0, "injured": 0, "people_affected": 20, "houses_destroyed": 3, "houses_damaged": 9, "title": "(demo) avalanche event", "source_url": "", "severity_score": 1.09, "severity_class": "small"}}, {"type": "Feature", "geometry": {"type": "Point", "coordinates": [85.4769, 27.5975]}, "properties": {"id": "demo-538", "source": "demo", "date": "2001-11-04", "date_precision": "day", "year": 2001, "month": 11, "hazard": "landslide", "hazard_raw": "landslide", "district": null, "lon": 85.4769, "lat": 27.5975, "geo_precision": "exact", "deaths": 1, "missing": 0, "injured": 0, "people_affected": 0, "houses_destroyed": 0, "houses_damaged": 0, "title": "(demo) landslide event", "source_url": "", "severity_score": 5.0, "severity_class": "moderate"}}, {"type": "Feature", "geometry": {"type": "Point", "coordinates": [86.7488, 28.0907]}, "properties": {"id": "demo-539", "source": "demo", "date": "2018-05-23", "date_precision": "day", "year": 2018, "month": 5, "hazard": "avalanche", "hazard_raw": "avalanche", "district": null, "lon": 86.7488, "lat": 28.0907, "geo_precision": "exact", "deaths": 0, "missing": 0, "injured": 0, "people_affected": 34, "houses_destroyed": 2, "houses_damaged": 2, "title": "(demo) avalanche event", "source_url": "", "severity_score": 0.57, "severity_class": "small"}}, {"type": "Feature", "geometry": {"type": "Point", "coordinates": [82.3933, 29.6204]}, "properties": {"id": "demo-540", "source": "demo", "date": "2018-09-14", "date_precision": "day", "year": 2018, "month": 9, "hazard": "avalanche", "hazard_raw": "avalanche", "district": null, "lon": 82.3933, "lat": 29.6204, "geo_precision": "exact", "deaths": 0, "missing": 0, "injured": 0, "people_affected": 0, "houses_destroyed": 0, "houses_damaged": 0, "title": "(demo) avalanche event", "source_url": "", "severity_score": 0.0, "severity_class": "minor"}}, {"type": "Feature", "geometry": {"type": "Point", "coordinates": [86.6254, 27.9862]}, "properties": {"id": "demo-541", "source": "demo", "date": "2012-02-25", "date_precision": "day", "year": 2012, "month": 2, "hazard": "glof", "hazard_raw": "glof", "district": null, "lon": 86.6254, "lat": 27.9862, "geo_precision": "exact", "deaths": 0, "missing": 0, "injured": 0, "people_affected": 369, "houses_destroyed": 29, "houses_damaged": 51, "title": "(demo) glof event", "source_url": "", "severity_score": 9.09, "severity_class": "moderate"}}, {"type": "Feature", "geometry": {"type": "Point", "coordinates": [86.3162, 27.2586]}, "properties": {"id": "demo-542", "source": "demo", "date": "2004-07-05", "date_precision": "day", "year": 2004, "month": 7, "hazard": "flood", "hazard_raw": "flood", "district": null, "lon": 86.3162, "lat": 27.2586, "geo_precision": "exact", "deaths": 0, "missing": 0, "injured": 0, "people_affected": 147, "houses_destroyed": 10, "houses_damaged": 12, "title": "(demo) flood event", "source_url": "", "severity_score": 2.89, "severity_class": "small"}}, {"type": "Feature", "geometry": {"type": "Point", "coordinates": [80.2704, 28.5667]}, "properties": {"id": "demo-543", "source": "demo", "date": "2011-08-07", "date_precision": "day", "year": 2011, "month": 8, "hazard": "flood", "hazard_raw": "flood", "district": null, "lon": 80.2704, "lat": 28.5667, "geo_precision": "exact", "deaths": 0, "missing": 0, "injured": 0, "people_affected": 0, "houses_destroyed": 0, "houses_damaged": 0, "title": "(demo) flood event", "source_url": "", "severity_score": 0.0, "severity_class": "minor"}}, {"type": "Feature", "geometry": {"type": "Point", "coordinates": [84.9415, 27.6472]}, "properties": {"id": "demo-544", "source": "demo", "date": "2002-12-19", "date_precision": "day", "year": 2002, "month": 12, "hazard": "landslide", "hazard_raw": "landslide", "district": null, "lon": 84.9415, "lat": 27.6472, "geo_precision": "exact", "deaths": 45, "missing": 5, "injured": 88, "people_affected": 4650, "houses_destroyed": 241, "houses_damaged": 784, "title": "(demo) landslide event", "source_url": "", "severity_score": 434.7, "severity_class": "catastrophic"}}, {"type": "Feature", "geometry": {"type": "Point", "coordinates": [85.5652, 27.9427]}, "properties": {"id": "demo-545", "source": "demo", "date": "1979-04-14", "date_precision": "day", "year": 1979, "month": 4, "hazard": "flash_flood", "hazard_raw": "flash_flood", "district": null, "lon": 85.5652, "lat": 27.9427, "geo_precision": "exact", "deaths": 1, "missing": 0, "injured": 1, "people_affected": 25, "houses_destroyed": 7, "houses_damaged": 25, "title": "(demo) flash_flood event", "source_url": "", "severity_score": 8.7, "severity_class": "moderate"}}, {"type": "Feature", "geometry": {"type": "Point", "coordinates": [86.163, 27.8765]}, "properties": {"id": "demo-546", "source": "demo", "date": "1976-06-07", "date_precision": "day", "year": 1976, "month": 6, "hazard": "landslide", "hazard_raw": "landslide", "district": null, "lon": 86.163, "lat": 27.8765, "geo_precision": "exact", "deaths": 3, "missing": 0, "injured": 4, "people_affected": 620, "houses_destroyed": 33, "houses_damaged": 97, "title": "(demo) landslide event", "source_url": "", "severity_score": 31.69, "severity_class": "major"}}, {"type": "Feature", "geometry": {"type": "Point", "coordinates": [84.1776, 27.6474]}, "properties": {"id": "demo-547", "source": "demo", "date": "2010-09-14", "date_precision": "day", "year": 2010, "month": 9, "hazard": "flood", "hazard_raw": "flood", "district": null, "lon": 84.1776, "lat": 27.6474, "geo_precision": "exact", "deaths": 47, "missing": 11, "injured": 90, "people_affected": 22373, "houses_destroyed": 1124, "houses_damaged": 3035, "title": "(demo) flood event", "source_url": "", "severity_score": 801.3, "severity_class": "catastrophic"}}, {"type": "Feature", "geometry": {"type": "Point", "coordinates": [84.222, 28.0636]}, "properties": {"id": "demo-548", "source": "demo", "date": "2022-09-03", "date_precision": "day", "year": 2022, "month": 9, "hazard": "landslide", "hazard_raw": "landslide", "district": null, "lon": 84.222, "lat": 28.0636, "geo_precision": "exact", "deaths": 0, "missing": 0, "injured": 0, "people_affected": 45, "houses_destroyed": 3, "houses_damaged": 3, "title": "(demo) landslide event", "source_url": "", "severity_score": 0.84, "severity_class": "small"}}, {"type": "Feature", "geometry": {"type": "Point", "coordinates": [80.3877, 28.8206]}, "properties": {"id": "demo-549", "source": "demo", "date": "1999-05-04", "date_precision": "day", "year": 1999, "month": 5, "hazard": "flood", "hazard_raw": "flood", "district": null, "lon": 80.3877, "lat": 28.8206, "geo_precision": "exact", "deaths": 0, "missing": 0, "injured": 0, "people_affected": 128, "houses_destroyed": 11, "houses_damaged": 25, "title": "(demo) flood event", "source_url": "", "severity_score": 3.71, "severity_class": "small"}}, {"type": "Feature", "geometry": {"type": "Point", "coordinates": [83.4826, 28.577]}, "properties": {"id": "demo-550", "source": "demo", "date": "1987-07-02", "date_precision": "day", "year": 1987, "month": 7, "hazard": "landslide", "hazard_raw": "landslide", "district": null, "lon": 83.4826, "lat": 28.577, "geo_precision": "exact", "deaths": 1, "missing": 0, "injured": 1, "people_affected": 136, "houses_destroyed": 24, "houses_damaged": 44, "title": "(demo) landslide event", "source_url": "", "severity_score": 13.27, "severity_class": "moderate"}}, {"type": "Feature", "geometry": {"type": "Point", "coordinates": [87.5729, 26.4808]}, "properties": {"id": "demo-551", "source": "demo", "date": "2020-07-27", "date_precision": "day", "year": 2020, "month": 7, "hazard": "landslide", "hazard_raw": "landslide", "district": null, "lon": 87.5729, "lat": 26.4808, "geo_precision": "exact", "deaths": 0, "missing": 0, "injured": 0, "people_affected": 99, "houses_destroyed": 9, "houses_damaged": 27, "title": "(demo) landslide event", "source_url": "", "severity_score": 3.35, "severity_class": "small"}}, {"type": "Feature", "geometry": {"type": "Point", "coordinates": [85.2451, 26.7911]}, "properties": {"id": "demo-552", "source": "demo", "date": "1980-07-02", "date_precision": "day", "year": 1980, "month": 7, "hazard": "flood", "hazard_raw": "flood", "district": null, "lon": 85.2451, "lat": 26.7911, "geo_precision": "exact", "deaths": 2, "missing": 0, "injured": 1, "people_affected": 0, "houses_destroyed": 0, "houses_damaged": 0, "title": "(demo) flood event", "source_url": "", "severity_score": 11.0, "severity_class": "moderate"}}, {"type": "Feature", "geometry": {"type": "Point", "coordinates": [85.223, 27.9997]}, "properties": {"id": "demo-553", "source": "demo", "date": "2002-06-23", "date_precision": "day", "year": 2002, "month": 6, "hazard": "landslide", "hazard_raw": "landslide", "district": null, "lon": 85.223, "lat": 27.9997, "geo_precision": "exact", "deaths": 0, "missing": 0, "injured": 0, "people_affected": 19, "houses_destroyed": 1, "houses_damaged": 2, "title": "(demo) landslide event", "source_url": "", "severity_score": 0.34, "severity_class": "small"}}, {"type": "Feature", "geometry": {"type": "Point", "coordinates": [85.7295, 27.0354]}, "properties": {"id": "demo-554", "source": "demo", "date": "2001-07-26", "date_precision": "day", "year": 2001, "month": 7, "hazard": "flood", "hazard_raw": "flood", "district": null, "lon": 85.7295, "lat": 27.0354, "geo_precision": "exact", "deaths": 1, "missing": 0, "injured": 1, "people_affected": 0, "houses_destroyed": 0, "houses_damaged": 0, "title": "(demo) flood event", "source_url": "", "severity_score": 6.0, "severity_class": "moderate"}}, {"type": "Feature", "geometry": {"type": "Point", "coordinates": [86.1343, 28.4664]}, "properties": {"id": "demo-555", "source": "demo", "date": "2023-10-24", "date_precision": "day", "year": 2023, "month": 10, "hazard": "glof", "hazard_raw": "glof", "district": null, "lon": 86.1343, "lat": 28.4664, "geo_precision": "exact", "deaths": 8, "missing": 0, "injured": 12, "people_affected": 0, "houses_destroyed": 0, "houses_damaged": 0, "title": "(demo) glof event", "source_url": "", "severity_score": 52.0, "severity_class": "major"}}, {"type": "Feature", "geometry": {"type": "Point", "coordinates": [81.5976, 29.6823]}, "properties": {"id": "demo-556", "source": "demo", "date": "2023-12-14", "date_precision": "day", "year": 2023, "month": 12, "hazard": "avalanche", "hazard_raw": "avalanche", "district": null, "lon": 81.5976, "lat": 29.6823, "geo_precision": "exact", "deaths": 2, "missing": 0, "injured": 2, "people_affected": 223, "houses_destroyed": 24, "houses_damaged": 92, "title": "(demo) avalanche event", "source_url": "", "severity_score": 21.85, "severity_class": "moderate"}}, {"type": "Feature", "geometry": {"type": "Point", "coordinates": [84.2834, 27.4357]}, "properties": {"id": "demo-557", "source": "demo", "date": "2026-05-16", "date_precision": "day", "year": 2026, "month": 5, "hazard": "flood", "hazard_raw": "flood", "district": null, "lon": 84.2834, "lat": 27.4357, "geo_precision": "exact", "deaths": 0, "missing": 0, "injured": 0, "people_affected": 59, "houses_destroyed": 10, "houses_damaged": 13, "title": "(demo) flood event", "source_url": "", "severity_score": 2.77, "severity_class": "small"}}, {"type": "Feature", "geometry": {"type": "Point", "coordinates": [87.1222, 26.619]}, "properties": {"id": "demo-558", "source": "demo", "date": "2021-08-14", "date_precision": "day", "year": 2021, "month": 8, "hazard": "flood", "hazard_raw": "flood", "district": null, "lon": 87.1222, "lat": 26.619, "geo_precision": "exact", "deaths": 0, "missing": 0, "injured": 0, "people_affected": 209, "houses_destroyed": 12, "houses_damaged": 36, "title": "(demo) flood event", "source_url": "", "severity_score": 4.62, "severity_class": "small"}}, {"type": "Feature", "geometry": {"type": "Point", "coordinates": [81.3568, 29.3441]}, "properties": {"id": "demo-559", "source": "demo", "date": "1983-11-12", "date_precision": "day", "year": 1983, "month": 11, "hazard": "landslide", "hazard_raw": "landslide", "district": null, "lon": 81.3568, "lat": 29.3441, "geo_precision": "exact", "deaths": 2, "missing": 0, "injured": 0, "people_affected": 0, "houses_destroyed": 0, "houses_damaged": 0, "title": "(demo) landslide event", "source_url": "", "severity_score": 10.0, "severity_class": "moderate"}}, {"type": "Feature", "geometry": {"type": "Point", "coordinates": [85.7697, 26.7848]}, "properties": {"id": "demo-560", "source": "demo", "date": "2021-10-22", "date_precision": "day", "year": 2021, "month": 10, "hazard": "flood", "hazard_raw": "flood", "district": null, "lon": 85.7697, "lat": 26.7848, "geo_precision": "exact", "deaths": 5, "missing": 0, "injured": 8, "people_affected": 303, "houses_destroyed": 23, "houses_damaged": 79, "title": "(demo) flood event", "source_url": "", "severity_score": 42.16, "severity_class": "major"}}, {"type": "Feature", "geometry": {"type": "Point", "coordinates": [83.7531, 27.4757]}, "properties": {"id": "demo-561", "source": "demo", "date": "2006-12-07", "date_precision": "day", "year": 2006, "month": 12, "hazard": "flood", "hazard_raw": "flood", "district": null, "lon": 83.7531, "lat": 27.4757, "geo_precision": "exact", "deaths": 1, "missing": 0, "injured": 0, "people_affected": 19, "houses_destroyed": 2, "houses_damaged": 6, "title": "(demo) flood event", "source_url": "", "severity_score": 5.74, "severity_class": "moderate"}}, {"type": "Feature", "geometry": {"type": "Point", "coordinates": [83.9015, 27.5781]}, "properties": {"id": "demo-562", "source": "demo", "date": "2022-05-04", "date_precision": "day", "year": 2022, "month": 5, "hazard": "flood", "hazard_raw": "flood", "district": null, "lon": 83.9015, "lat": 27.5781, "geo_precision": "exact", "deaths": 0, "missing": 0, "injured": 0, "people_affected": 13, "houses_destroyed": 1, "houses_damaged": 2, "title": "(demo) flood event", "source_url": "", "severity_score": 0.33, "severity_class": "small"}}, {"type": "Feature", "geometry": {"type": "Point", "coordinates": [83.3615, 28.6146]}, "properties": {"id": "demo-563", "source": "demo", "date": "2000-08-05", "date_precision": "day", "year": 2000, "month": 8, "hazard": "flash_flood", "hazard_raw": "flash_flood", "district": null, "lon": 83.3615, "lat": 28.6146, "geo_precision": "exact", "deaths": 6, "missing": 0, "injured": 3, "people_affected": 997, "houses_destroyed": 65, "houses_damaged": 228, "title": "(demo) flash_flood event", "source_url": "", "severity_score": 59.39, "severity_class": "major"}}, {"type": "Feature", "geometry": {"type": "Point", "coordinates": [85.1788, 27.942]}, "properties": {"id": "demo-564", "source": "demo", "date": "1980-08-19", "date_precision": "day", "year": 1980, "month": 8, "hazard": "flash_flood", "hazard_raw": "flash_flood", "district": null, "lon": 85.1788, "lat": 27.942, "geo_precision": "exact", "deaths": 0, "missing": 0, "injured": 0, "people_affected": 39, "houses_destroyed": 6, "houses_damaged": 22, "title": "(demo) flash_flood event", "source_url": "", "severity_score": 2.38, "severity_class": "small"}}, {"type": "Feature", "geometry": {"type": "Point", "coordinates": [84.0884, 28.2186]}, "properties": {"id": "demo-565", "source": "demo", "date": "2011-04-22", "date_precision": "day", "year": 2011, "month": 4, "hazard": "landslide", "hazard_raw": "landslide", "district": null, "lon": 84.0884, "lat": 28.2186, "geo_precision": "exact", "deaths": 1, "missing": 0, "injured": 1, "people_affected": 356, "houses_destroyed": 26, "houses_damaged": 77, "title": "(demo) landslide event", "source_url": "", "severity_score": 15.76, "severity_class": "moderate"}}, {"type": "Feature", "geometry": {"type": "Point", "coordinates": [83.1817, 29.4732]}, "properties": {"id": "demo-566", "source": "demo", "date": "2001-07-20", "date_precision": "day", "year": 2001, "month": 7, "hazard": "avalanche", "hazard_raw": "avalanche", "district": null, "lon": 83.1817, "lat": 29.4732, "geo_precision": "exact", "deaths": 0, "missing": 0, "injured": 0, "people_affected": 0, "houses_destroyed": 0, "houses_damaged": 0, "title": "(demo) avalanche event", "source_url": "", "severity_score": 0.0, "severity_class": "minor"}}, {"type": "Feature", "geometry": {"type": "Point", "coordinates": [82.3551, 29.5267]}, "properties": {"id": "demo-567", "source": "demo", "date": "2023-08-05", "date_precision": "day", "year": 2023, "month": 8, "hazard": "avalanche", "hazard_raw": "avalanche", "district": null, "lon": 82.3551, "lat": 29.5267, "geo_precision": "exact", "deaths": 0, "missing": 0, "injured": 0, "people_affected": 35, "houses_destroyed": 3, "houses_damaged": 7, "title": "(demo) avalanche event", "source_url": "", "severity_score": 1.02, "severity_class": "small"}}, {"type": "Feature", "geometry": {"type": "Point", "coordinates": [87.4542, 26.9431]}, "properties": {"id": "demo-568", "source": "demo", "date": "2016-06-13", "date_precision": "day", "year": 2016, "month": 6, "hazard": "landslide", "hazard_raw": "landslide", "district": null, "lon": 87.4542, "lat": 26.9431, "geo_precision": "exact", "deaths": 2, "missing": 0, "injured": 2, "people_affected": 236, "houses_destroyed": 18, "houses_damaged": 42, "title": "(demo) landslide event", "source_url": "", "severity_score": 18.17, "severity_class": "moderate"}}, {"type": "Feature", "geometry": {"type": "Point", "coordinates": [85.6683, 26.7942]}, "properties": {"id": "demo-569", "source": "demo", "date": "2007-07-21", "date_precision": "day", "year": 2007, "month": 7, "hazard": "flood", "hazard_raw": "flood", "district": null, "lon": 85.6683, "lat": 26.7942, "geo_precision": "exact", "deaths": 0, "missing": 0, "injured": 0, "people_affected": 38, "houses_destroyed": 2, "houses_damaged": 7, "title": "(demo) flood event", "source_url": "", "severity_score": 0.83, "severity_class": "small"}}, {"type": "Feature", "geometry": {"type": "Point", "coordinates": [85.7332, 28.2188]}, "properties": {"id": "demo-570", "source": "demo", "date": "2005-07-03", "date_precision": "day", "year": 2005, "month": 7, "hazard": "flash_flood", "hazard_raw": "flash_flood", "district": null, "lon": 85.7332, "lat": 28.2188, "geo_precision": "exact", "deaths": 0, "missing": 0, "injured": 0, "people_affected": 88, "houses_destroyed": 7, "houses_damaged": 11, "title": "(demo) flash_flood event", "source_url": "", "severity_score": 2.13, "severity_class": "small"}}, {"type": "Feature", "geometry": {"type": "Point", "coordinates": [83.734, 27.693]}, "properties": {"id": "demo-571", "source": "demo", "date": "2004-06-18", "date_precision": "day", "year": 2004, "month": 6, "hazard": "flood", "hazard_raw": "flood", "district": null, "lon": 83.734, "lat": 27.693, "geo_precision": "exact", "deaths": 6, "missing": 2, "injured": 6, "people_affected": 193, "houses_destroyed": 23, "houses_damaged": 75, "title": "(demo) flood event", "source_url": "", "severity_score": 54.74, "severity_class": "major"}}, {"type": "Feature", "geometry": {"type": "Point", "coordinates": [84.331, 27.6073]}, "properties": {"id": "demo-572", "source": "demo", "date": "1973-07-04", "date_precision": "day", "year": 1973, "month": 7, "hazard": "flood", "hazard_raw": "flood", "district": null, "lon": 84.331, "lat": 27.6073, "geo_precision": "exact", "deaths": 1, "missing": 0, "injured": 1, "people_affected": 33, "houses_destroyed": 11, "houses_damaged": 30, "title": "(demo) flood event", "source_url": "", "severity_score": 9.77, "severity_class": "moderate"}}, {"type": "Feature", "geometry": {"type": "Point", "coordinates": [80.7548, 28.6637]}, "properties": {"id": "demo-573", "source": "demo", "date": "2005-10-02", "date_precision": "day", "year": 2005, "month": 10, "hazard": "flood", "hazard_raw": "flood", "district": null, "lon": 80.7548, "lat": 28.6637, "geo_precision": "exact", "deaths": 0, "missing": 0, "injured": 0, "people_affected": 0, "houses_destroyed": 0, "houses_damaged": 0, "title": "(demo) flood event", "source_url": "", "severity_score": 0.0, "severity_class": "minor"}}, {"type": "Feature", "geometry": {"type": "Point", "coordinates": [85.0869, 27.9462]}, "properties": {"id": "demo-574", "source": "demo", "date": "2015-07-16", "date_precision": "day", "year": 2015, "month": 7, "hazard": "debris_flow", "hazard_raw": "debris_flow", "district": null, "lon": 85.0869, "lat": 27.9462, "geo_precision": "exact", "deaths": 0, "missing": 0, "injured": 0, "people_affected": 29, "houses_destroyed": 2, "houses_damaged": 3, "title": "(demo) debris_flow event", "source_url": "", "severity_score": 0.61, "severity_class": "small"}}, {"type": "Feature", "geometry": {"type": "Point", "coordinates": [87.6624, 26.7849]}, "properties": {"id": "demo-575", "source": "demo", "date": "2022-07-18", "date_precision": "day", "year": 2022, "month": 7, "hazard": "flood", "hazard_raw": "flood", "district": null, "lon": 87.6624, "lat": 26.7849, "geo_precision": "exact", "deaths": 0, "missing": 0, "injured": 0, "people_affected": 16, "houses_destroyed": 1, "houses_damaged": 2, "title": "(demo) flood event", "source_url": "", "severity_score": 0.33, "severity_class": "small"}}, {"type": "Feature", "geometry": {"type": "Point", "coordinates": [85.7775, 26.8595]}, "properties": {"id": "demo-576", "source": "demo", "date": "1991-08-28", "date_precision": "day", "year": 1991, "month": 8, "hazard": "debris_flow", "hazard_raw": "debris_flow", "district": null, "lon": 85.7775, "lat": 26.8595, "geo_precision": "exact", "deaths": 1, "missing": 0, "injured": 1, "people_affected": 50, "houses_destroyed": 6, "houses_damaged": 23, "title": "(demo) debris_flow event", "source_url": "", "severity_score": 8.45, "severity_class": "moderate"}}, {"type": "Feature", "geometry": {"type": "Point", "coordinates": [86.9501, 28.0988]}, "properties": {"id": "demo-577", "source": "demo", "date": "2016-04-18", "date_precision": "day", "year": 2016, "month": 4, "hazard": "glof", "hazard_raw": "glof", "district": null, "lon": 86.9501, "lat": 28.0988, "geo_precision": "exact", "deaths": 2, "missing": 0, "injured": 2, "people_affected": 0, "houses_destroyed": 0, "houses_damaged": 0, "title": "(demo) glof event", "source_url": "", "severity_score": 12.0, "severity_class": "moderate"}}, {"type": "Feature", "geometry": {"type": "Point", "coordinates": [80.7517, 28.8668]}, "properties": {"id": "demo-578", "source": "demo", "date": "2008-09-17", "date_precision": "day", "year": 2008, "month": 9, "hazard": "landslide", "hazard_raw": "landslide", "district": null, "lon": 80.7517, "lat": 28.8668, "geo_precision": "exact", "deaths": 0, "missing": 0, "injured": 0, "people_affected": 64, "houses_destroyed": 7, "houses_damaged": 11, "title": "(demo) landslide event", "source_url": "", "severity_score": 2.08, "severity_class": "small"}}, {"type": "Feature", "geometry": {"type": "Point", "coordinates": [80.6339, 28.6986]}, "properties": {"id": "demo-579", "source": "demo", "date": "2021-07-28", "date_precision": "day", "year": 2021, "month": 7, "hazard": "flood", "hazard_raw": "flood", "district": null, "lon": 80.6339, "lat": 28.6986, "geo_precision": "exact", "deaths": 0, "missing": 0, "injured": 0, "people_affected": 11, "houses_destroyed": 1, "houses_damaged": 1, "title": "(demo) flood event", "source_url": "", "severity_score": 0.27, "severity_class": "small"}}, {"type": "Feature", "geometry": {"type": "Point", "coordinates": [85.4974, 28.5642]}, "properties": {"id": "demo-580", "source": "demo", "date": "2006-05-17", "date_precision": "day", "year": 2006, "month": 5, "hazard": "flash_flood", "hazard_raw": "flash_flood", "district": null, "lon": 85.4974, "lat": 28.5642, "geo_precision": "exact", "deaths": 0, "missing": 0, "injured": 0, "people_affected": 37, "houses_destroyed": 6, "houses_damaged": 9, "title": "(demo) flash_flood event", "source_url": "", "severity_score": 1.72, "severity_class": "small"}}, {"type": "Feature", "geometry": {"type": "Point", "coordinates": [86.409, 27.7655]}, "properties": {"id": "demo-581", "source": "demo", "date": "2001-08-04", "date_precision": "day", "year": 2001, "month": 8, "hazard": "landslide", "hazard_raw": "landslide", "district": null, "lon": 86.409, "lat": 27.7655, "geo_precision": "exact", "deaths": 0, "missing": 0, "injured": 0, "people_affected": 9, "houses_destroyed": 2, "houses_damaged": 4, "title": "(demo) landslide event", "source_url": "", "severity_score": 0.62, "severity_class": "small"}}, {"type": "Feature", "geometry": {"type": "Point", "coordinates": [86.3786, 27.953]}, "properties": {"id": "demo-582", "source": "demo", "date": "2009-08-10", "date_precision": "day", "year": 2009, "month": 8, "hazard": "flood", "hazard_raw": "flood", "district": null, "lon": 86.3786, "lat": 27.953, "geo_precision": "exact", "deaths": 0, "missing": 0, "injured": 0, "people_affected": 0, "houses_destroyed": 0, "houses_damaged": 0, "title": "(demo) flood event", "source_url": "", "severity_score": 0.0, "severity_class": "minor"}}, {"type": "Feature", "geometry": {"type": "Point", "coordinates": [83.8277, 28.3634]}, "properties": {"id": "demo-583", "source": "demo", "date": "1971-07-01", "date_precision": "day", "year": 1971, "month": 7, "hazard": "landslide", "hazard_raw": "landslide", "district": null, "lon": 83.8277, "lat": 28.3634, "geo_precision": "exact", "deaths": 0, "missing": 0, "injured": 0, "people_affected": 0, "houses_destroyed": 0, "houses_damaged": 0, "title": "(demo) landslide event", "source_url": "", "severity_score": 0.0, "severity_class": "minor"}}, {"type": "Feature", "geometry": {"type": "Point", "coordinates": [81.6703, 29.3084]}, "properties": {"id": "demo-584", "source": "demo", "date": "2014-07-27", "date_precision": "day", "year": 2014, "month": 7, "hazard": "landslide", "hazard_raw": "landslide", "district": null, "lon": 81.6703, "lat": 29.3084, "geo_precision": "exact", "deaths": 0, "missing": 0, "injured": 0, "people_affected": 8, "houses_destroyed": 1, "houses_damaged": 2, "title": "(demo) landslide event", "source_url": "", "severity_score": 0.32, "severity_class": "small"}}, {"type": "Feature", "geometry": {"type": "Point", "coordinates": [85.2944, 28.2129]}, "properties": {"id": "demo-585", "source": "demo", "date": "1971-07-11", "date_precision": "day", "year": 1971, "month": 7, "hazard": "flash_flood", "hazard_raw": "flash_flood", "district": null, "lon": 85.2944, "lat": 28.2129, "geo_precision": "exact", "deaths": 19, "missing": 5, "injured": 6, "people_affected": 2054, "houses_destroyed": 117, "houses_damaged": 460, "title": "(demo) flash_flood event", "source_url": "", "severity_score": 176.51, "severity_class": "catastrophic"}}, {"type": "Feature", "geometry": {"type": "Point", "coordinates": [86.2407, 28.3205]}, "properties": {"id": "demo-586", "source": "demo", "date": "2015-12-12", "date_precision": "day", "year": 2015, "month": 12, "hazard": "landslide", "hazard_raw": "landslide", "district": null, "lon": 86.2407, "lat": 28.3205, "geo_precision": "exact", "deaths": 0, "missing": 0, "injured": 0, "people_affected": 89, "houses_destroyed": 5, "houses_damaged": 19, "title": "(demo) landslide event", "source_url": "", "severity_score": 2.13, "severity_class": "small"}}, {"type": "Feature", "geometry": {"type": "Point", "coordinates": [86.4774, 27.4979]}, "properties": {"id": "demo-587", "source": "demo", "date": "2008-07-02", "date_precision": "day", "year": 2008, "month": 7, "hazard": "landslide", "hazard_raw": "landslide", "district": null, "lon": 86.4774, "lat": 27.4979, "geo_precision": "exact", "deaths": 10, "missing": 2, "injured": 16, "people_affected": 321, "houses_destroyed": 66, "houses_damaged": 134, "title": "(demo) landslide event", "source_url": "", "severity_score": 96.54, "severity_class": "major"}}, {"type": "Feature", "geometry": {"type": "Point", "coordinates": [85.1963, 27.5552]}, "properties": {"id": "demo-588", "source": "demo", "date": "2009-08-22", "date_precision": "day", "year": 2009, "month": 8, "hazard": "landslide", "hazard_raw": "landslide", "district": null, "lon": 85.1963, "lat": 27.5552, "geo_precision": "exact", "deaths": 0, "missing": 0, "injured": 0, "people_affected": 67, "houses_destroyed": 6, "houses_damaged": 8, "title": "(demo) landslide event", "source_url": "", "severity_score": 1.73, "severity_class": "small"}}, {"type": "Feature", "geometry": {"type": "Point", "coordinates": [85.3146, 27.7152]}, "properties": {"id": "demo-589", "source": "demo", "date": "2009-09-17", "date_precision": "day", "year": 2009, "month": 9, "hazard": "landslide", "hazard_raw": "landslide", "district": null, "lon": 85.3146, "lat": 27.7152, "geo_precision": "exact", "deaths": 1, "missing": 0, "injured": 0, "people_affected": 30, "houses_destroyed": 7, "houses_damaged": 19, "title": "(demo) landslide event", "source_url": "", "severity_score": 7.41, "severity_class": "moderate"}}, {"type": "Feature", "geometry": {"type": "Point", "coordinates": [81.8132, 29.2505]}, "properties": {"id": "demo-590", "source": "demo", "date": "2014-08-14", "date_precision": "day", "year": 2014, "month": 8, "hazard": "landslide", "hazard_raw": "landslide", "district": null, "lon": 81.8132, "lat": 29.2505, "geo_precision": "exact", "deaths": 4, "missing": 1, "injured": 6, "people_affected": 658, "houses_destroyed": 41, "houses_damaged": 58, "title": "(demo) landslide event", "source_url": "", "severity_score": 43.42, "severity_class": "major"}}, {"type": "Feature", "geometry": {"type": "Point", "coordinates": [85.6767, 26.8547]}, "properties": {"id": "demo-591", "source": "demo", "date": "2020-07-06", "date_precision": "day", "year": 2020, "month": 7, "hazard": "flood", "hazard_raw": "flood", "district": null, "lon": 85.6767, "lat": 26.8547, "geo_precision": "exact", "deaths": 5, "missing": 0, "injured": 9, "people_affected": 416, "houses_destroyed": 38, "houses_damaged": 119, "title": "(demo) flood event", "source_url": "", "severity_score": 48.38, "severity_class": "major"}}, {"type": "Feature", "geometry": {"type": "Point", "coordinates": [87.5823, 26.6073]}, "properties": {"id": "demo-592", "source": "demo", "date": "2006-02-25", "date_precision": "day", "year": 2006, "month": 2, "hazard": "flood", "hazard_raw": "flood", "district": null, "lon": 87.5823, "lat": 26.6073, "geo_precision": "exact", "deaths": 2, "missing": 0, "injured": 1, "people_affected": 441, "houses_destroyed": 35, "houses_damaged": 92, "title": "(demo) flood event", "source_url": "", "severity_score": 23.48, "severity_class": "moderate"}}, {"type": "Feature", "geometry": {"type": "Point", "coordinates": [85.9817, 26.8314]}, "properties": {"id": "demo-593", "source": "demo", "date": "2013-01-26", "date_precision": "day", "year": 2013, "month": 1, "hazard": "flood", "hazard_raw": "flood", "district": null, "lon": 85.9817, "lat": 26.8314, "geo_precision": "exact", "deaths": 1, "missing": 0, "injured": 0, "people_affected": 169, "houses_destroyed": 10, "houses_damaged": 27, "title": "(demo) flood event", "source_url": "", "severity_score": 8.69, "severity_class": "moderate"}}, {"type": "Feature", "geometry": {"type": "Point", "coordinates": [83.5715, 28.7995]}, "properties": {"id": "demo-594", "source": "demo", "date": "2018-08-17", "date_precision": "day", "year": 2018, "month": 8, "hazard": "flash_flood", "hazard_raw": "flash_flood", "district": null, "lon": 83.5715, "lat": 28.7995, "geo_precision": "exact", "deaths": 0, "missing": 0, "injured": 0, "people_affected": 0, "houses_destroyed": 0, "houses_damaged": 0, "title": "(demo) flash_flood event", "source_url": "", "severity_score": 0.0, "severity_class": "minor"}}, {"type": "Feature", "geometry": {"type": "Point", "coordinates": [80.7472, 28.8378]}, "properties": {"id": "demo-595", "source": "demo", "date": "2007-06-16", "date_precision": "day", "year": 2007, "month": 6, "hazard": "landslide", "hazard_raw": "landslide", "district": null, "lon": 80.7472, "lat": 28.8378, "geo_precision": "exact", "deaths": 9, "missing": 1, "injured": 5, "people_affected": 383, "houses_destroyed": 22, "houses_damaged": 37, "title": "(demo) landslide event", "source_url": "", "severity_score": 62.02, "severity_class": "major"}}, {"type": "Feature", "geometry": {"type": "Point", "coordinates": [86.146, 26.7286]}, "properties": {"id": "demo-596", "source": "demo", "date": "2000-06-27", "date_precision": "day", "year": 2000, "month": 6, "hazard": "flood", "hazard_raw": "flood", "district": null, "lon": 86.146, "lat": 26.7286, "geo_precision": "exact", "deaths": 0, "missing": 0, "injured": 0, "people_affected": 0, "houses_destroyed": 0, "houses_damaged": 0, "title": "(demo) flood event", "source_url": "", "severity_score": 0.0, "severity_class": "minor"}}, {"type": "Feature", "geometry": {"type": "Point", "coordinates": [83.9769, 27.4778]}, "properties": {"id": "demo-597", "source": "demo", "date": "1997-05-10", "date_precision": "day", "year": 1997, "month": 5, "hazard": "landslide", "hazard_raw": "landslide", "district": null, "lon": 83.9769, "lat": 27.4778, "geo_precision": "exact", "deaths": 0, "missing": 0, "injured": 0, "people_affected": 147, "houses_destroyed": 8, "houses_damaged": 9, "title": "(demo) landslide event", "source_url": "", "severity_score": 2.34, "severity_class": "small"}}, {"type": "Feature", "geometry": {"type": "Point", "coordinates": [86.692, 27.673]}, "properties": {"id": "demo-598", "source": "demo", "date": "2016-06-23", "date_precision": "day", "year": 2016, "month": 6, "hazard": "landslide", "hazard_raw": "landslide", "district": null, "lon": 86.692, "lat": 27.673, "geo_precision": "exact", "deaths": 0, "missing": 0, "injured": 0, "people_affected": 32, "houses_destroyed": 6, "houses_damaged": 21, "title": "(demo) landslide event", "source_url": "", "severity_score": 2.31, "severity_class": "small"}}, {"type": "Feature", "geometry": {"type": "Point", "coordinates": [84.81, 28.2702]}, "properties": {"id": "demo-599", "source": "demo", "date": "2012-07-16", "date_precision": "day", "year": 2012, "month": 7, "hazard": "landslide", "hazard_raw": "landslide", "district": null, "lon": 84.81, "lat": 28.2702, "geo_precision": "exact", "deaths": 0, "missing": 0, "injured": 0, "people_affected": 0, "houses_destroyed": 0, "houses_damaged": 0, "title": "(demo) landslide event", "source_url": "", "severity_score": 0.0, "severity_class": "minor"}}, {"type": "Feature", "geometry": {"type": "Point", "coordinates": [84.1457, 28.8371]}, "properties": {"id": "demo-600", "source": "demo", "date": "2021-04-22", "date_precision": "day", "year": 2021, "month": 4, "hazard": "landslide", "hazard_raw": "landslide", "district": null, "lon": 84.1457, "lat": 28.8371, "geo_precision": "exact", "deaths": 4, "missing": 0, "injured": 7, "people_affected": 841, "houses_destroyed": 83, "houses_damaged": 271, "title": "(demo) landslide event", "source_url": "", "severity_score": 58.83, "severity_class": "major"}}, {"type": "Feature", "geometry": {"type": "Point", "coordinates": [83.9798, 28.2542]}, "properties": {"id": "demo-601", "source": "demo", "date": "2018-04-25", "date_precision": "day", "year": 2018, "month": 4, "hazard": "landslide", "hazard_raw": "landslide", "district": null, "lon": 83.9798, "lat": 28.2542, "geo_precision": "exact", "deaths": 0, "missing": 0, "injured": 0, "people_affected": 62, "houses_destroyed": 5, "houses_damaged": 14, "title": "(demo) landslide event", "source_url": "", "severity_score": 1.82, "severity_class": "small"}}, {"type": "Feature", "geometry": {"type": "Point", "coordinates": [81.4076, 29.3503]}, "properties": {"id": "demo-602", "source": "demo", "date": "1983-07-17", "date_precision": "day", "year": 1983, "month": 7, "hazard": "landslide", "hazard_raw": "landslide", "district": null, "lon": 81.4076, "lat": 29.3503, "geo_precision": "exact", "deaths": 0, "missing": 0, "injured": 0, "people_affected": 0, "houses_destroyed": 0, "houses_damaged": 0, "title": "(demo) landslide event", "source_url": "", "severity_score": 0.0, "severity_class": "minor"}}, {"type": "Feature", "geometry": {"type": "Point", "coordinates": [87.4484, 26.5401]}, "properties": {"id": "demo-603", "source": "demo", "date": "2014-08-24", "date_precision": "day", "year": 2014, "month": 8, "hazard": "flood", "hazard_raw": "flood", "district": null, "lon": 87.4484, "lat": 26.5401, "geo_precision": "exact", "deaths": 0, "missing": 0, "injured": 0, "people_affected": 10, "houses_destroyed": 2, "houses_damaged": 5, "title": "(demo) flood event", "source_url": "", "severity_score": 0.67, "severity_class": "small"}}, {"type": "Feature", "geometry": {"type": "Point", "coordinates": [83.5782, 27.979]}, "properties": {"id": "demo-604", "source": "demo", "date": "2007-04-26", "date_precision": "day", "year": 2007, "month": 4, "hazard": "landslide", "hazard_raw": "landslide", "district": null, "lon": 83.5782, "lat": 27.979, "geo_precision": "exact", "deaths": 0, "missing": 0, "injured": 0, "people_affected": 0, "houses_destroyed": 0, "houses_damaged": 0, "title": "(demo) landslide event", "source_url": "", "severity_score": 0.0, "severity_class": "minor"}}, {"type": "Feature", "geometry": {"type": "Point", "coordinates": [87.7881, 26.4]}, "properties": {"id": "demo-605", "source": "demo", "date": "2007-09-20", "date_precision": "day", "year": 2007, "month": 9, "hazard": "landslide", "hazard_raw": "landslide", "district": null, "lon": 87.7881, "lat": 26.4, "geo_precision": "exact", "deaths": 0, "missing": 0, "injured": 0, "people_affected": 3, "houses_destroyed": 1, "houses_damaged": 1, "title": "(demo) landslide event", "source_url": "", "severity_score": 0.26, "severity_class": "small"}}, {"type": "Feature", "geometry": {"type": "Point", "coordinates": [84.1993, 27.8688]}, "properties": {"id": "demo-606", "source": "demo", "date": "2017-09-11", "date_precision": "day", "year": 2017, "month": 9, "hazard": "flood", "hazard_raw": "flood", "district": null, "lon": 84.1993, "lat": 27.8688, "geo_precision": "exact", "deaths": 11, "missing": 4, "injured": 20, "people_affected": 1665, "houses_destroyed": 104, "houses_damaged": 323, "title": "(demo) flood event", "source_url": "", "severity_score": 135.28, "severity_class": "catastrophic"}}, {"type": "Feature", "geometry": {"type": "Point", "coordinates": [85.5823, 27.7914]}, "properties": {"id": "demo-607", "source": "demo", "date": "2018-08-03", "date_precision": "day", "year": 2018, "month": 8, "hazard": "landslide", "hazard_raw": "landslide", "district": null, "lon": 85.5823, "lat": 27.7914, "geo_precision": "exact", "deaths": 0, "missing": 0, "injured": 0, "people_affected": 11, "houses_destroyed": 1, "houses_damaged": 2, "title": "(demo) landslide event", "source_url": "", "severity_score": 0.32, "severity_class": "small"}}, {"type": "Feature", "geometry": {"type": "Point", "coordinates": [85.3936, 28.0573]}, "properties": {"id": "demo-608", "source": "demo", "date": "2020-09-07", "date_precision": "day", "year": 2020, "month": 9, "hazard": "avalanche", "hazard_raw": "avalanche", "district": null, "lon": 85.3936, "lat": 28.0573, "geo_precision": "exact", "deaths": 4, "missing": 0, "injured": 6, "people_affected": 0, "houses_destroyed": 0, "houses_damaged": 0, "title": "(demo) avalanche event", "source_url": "", "severity_score": 26.0, "severity_class": "major"}}, {"type": "Feature", "geometry": {"type": "Point", "coordinates": [87.3849, 26.7032]}, "properties": {"id": "demo-609", "source": "demo", "date": "2010-07-12", "date_precision": "day", "year": 2010, "month": 7, "hazard": "flood", "hazard_raw": "flood", "district": null, "lon": 87.3849, "lat": 26.7032, "geo_precision": "exact", "deaths": 1, "missing": 0, "injured": 1, "people_affected": 11, "houses_destroyed": 3, "houses_damaged": 7, "title": "(demo) flood event", "source_url": "", "severity_score": 6.97, "severity_class": "moderate"}}, {"type": "Feature", "geometry": {"type": "Point", "coordinates": [85.2034, 27.7624]}, "properties": {"id": "demo-610", "source": "demo", "date": "2014-06-02", "date_precision": "day", "year": 2014, "month": 6, "hazard": "debris_flow", "hazard_raw": "debris_flow", "district": null, "lon": 85.2034, "lat": 27.7624, "geo_precision": "exact", "deaths": 6, "missing": 0, "injured": 8, "people_affected": 120, "houses_destroyed": 28, "houses_damaged": 83, "title": "(demo) debris_flow event", "source_url": "", "severity_score": 47.99, "severity_class": "major"}}, {"type": "Feature", "geometry": {"type": "Point", "coordinates": [85.4176, 27.9183]}, "properties": {"id": "demo-611", "source": "demo", "date": "2025-06-23", "date_precision": "day", "year": 2025, "month": 6, "hazard": "flash_flood", "hazard_raw": "flash_flood", "district": null, "lon": 85.4176, "lat": 27.9183, "geo_precision": "exact", "deaths": 1, "missing": 0, "injured": 0, "people_affected": 9, "houses_destroyed": 2, "houses_damaged": 5, "title": "(demo) flash_flood event", "source_url": "", "severity_score": 5.67, "severity_class": "moderate"}}, {"type": "Feature", "geometry": {"type": "Point", "coordinates": [83.8565, 27.4602]}, "properties": {"id": "demo-612", "source": "demo", "date": "1984-09-17", "date_precision": "day", "year": 1984, "month": 9, "hazard": "flood", "hazard_raw": "flood", "district": null, "lon": 83.8565, "lat": 27.4602, "geo_precision": "exact", "deaths": 0, "missing": 0, "injured": 0, "people_affected": 337, "houses_destroyed": 24, "houses_damaged": 74, "title": "(demo) flood event", "source_url": "", "severity_score": 9.17, "severity_class": "moderate"}}, {"type": "Feature", "geometry": {"type": "Point", "coordinates": [80.7147, 28.6912]}, "properties": {"id": "demo-613", "source": "demo", "date": "2008-07-27", "date_precision": "day", "year": 2008, "month": 7, "hazard": "landslide", "hazard_raw": "landslide", "district": null, "lon": 80.7147, "lat": 28.6912, "geo_precision": "exact", "deaths": 0, "missing": 0, "injured": 0, "people_affected": 48, "houses_destroyed": 4, "houses_damaged": 11, "title": "(demo) landslide event", "source_url": "", "severity_score": 1.45, "severity_class": "small"}}, {"type": "Feature", "geometry": {"type": "Point", "coordinates": [85.6299, 28.2418]}, "properties": {"id": "demo-614", "source": "demo", "date": "1972-08-11", "date_precision": "day", "year": 1972, "month": 8, "hazard": "glof", "hazard_raw": "glof", "district": null, "lon": 85.6299, "lat": 28.2418, "geo_precision": "exact", "deaths": 0, "missing": 0, "injured": 0, "people_affected": 3239, "houses_destroyed": 209, "houses_damaged": 666, "title": "(demo) glof event", "source_url": "", "severity_score": 81.58, "severity_class": "major"}}, {"type": "Feature", "geometry": {"type": "Point", "coordinates": [85.9413, 27.6107]}, "properties": {"id": "demo-615", "source": "demo", "date": "1989-10-15", "date_precision": "day", "year": 1989, "month": 10, "hazard": "flood", "hazard_raw": "flood", "district": null, "lon": 85.9413, "lat": 27.6107, "geo_precision": "exact", "deaths": 4, "missing": 0, "injured": 7, "people_affected": 2340, "houses_destroyed": 127, "houses_damaged": 217, "title": "(demo) flood event", "source_url": "", "severity_score": 67.93, "severity_class": "major"}}, {"type": "Feature", "geometry": {"type": "Point", "coordinates": [86.0824, 26.9621]}, "properties": {"id": "demo-616", "source": "demo", "date": "2005-06-19", "date_precision": "day", "year": 2005, "month": 6, "hazard": "avalanche", "hazard_raw": "avalanche", "district": null, "lon": 86.0824, "lat": 26.9621, "geo_precision": "exact", "deaths": 0, "missing": 0, "injured": 0, "people_affected": 0, "houses_destroyed": 0, "houses_damaged": 0, "title": "(demo) avalanche event", "source_url": "", "severity_score": 0.0, "severity_class": "minor"}}, {"type": "Feature", "geometry": {"type": "Point", "coordinates": [83.971, 27.5603]}, "properties": {"id": "demo-617", "source": "demo", "date": "2011-07-28", "date_precision": "day", "year": 2011, "month": 7, "hazard": "flash_flood", "hazard_raw": "flash_flood", "district": null, "lon": 83.971, "lat": 27.5603, "geo_precision": "exact", "deaths": 2, "missing": 0, "injured": 3, "people_affected": 88, "houses_destroyed": 12, "houses_damaged": 27, "title": "(demo) flash_flood event", "source_url": "", "severity_score": 16.93, "severity_class": "moderate"}}, {"type": "Feature", "geometry": {"type": "Point", "coordinates": [85.3994, 27.9888]}, "properties": {"id": "demo-618", "source": "demo", "date": "2011-06-28", "date_precision": "day", "year": 2011, "month": 6, "hazard": "debris_flow", "hazard_raw": "debris_flow", "district": null, "lon": 85.3994, "lat": 27.9888, "geo_precision": "exact", "deaths": 9, "missing": 0, "injured": 13, "people_affected": 258, "houses_destroyed": 35, "houses_damaged": 62, "title": "(demo) debris_flow event", "source_url": "", "severity_score": 68.62, "severity_class": "major"}}, {"type": "Feature", "geometry": {"type": "Point", "coordinates": [85.798, 28.2678]}, "properties": {"id": "demo-619", "source": "demo", "date": "2002-07-04", "date_precision": "day", "year": 2002, "month": 7, "hazard": "flash_flood", "hazard_raw": "flash_flood", "district": null, "lon": 85.798, "lat": 28.2678, "geo_precision": "exact", "deaths": 0, "missing": 0, "injured": 0, "people_affected": 54, "houses_destroyed": 10, "houses_damaged": 36, "title": "(demo) flash_flood event", "source_url": "", "severity_score": 3.91, "severity_class": "small"}}, {"type": "Feature", "geometry": {"type": "Point", "coordinates": [84.6102, 27.4968]}, "properties": {"id": "demo-620", "source": "demo", "date": "2009-08-06", "date_precision": "day", "year": 2009, "month": 8, "hazard": "landslide", "hazard_raw": "landslide", "district": null, "lon": 84.6102, "lat": 27.4968, "geo_precision": "exact", "deaths": 0, "missing": 0, "injured": 0, "people_affected": 15, "houses_destroyed": 1, "houses_damaged": 3, "title": "(demo) landslide event", "source_url": "", "severity_score": 0.38, "severity_class": "small"}}, {"type": "Feature", "geometry": {"type": "Point", "coordinates": [85.1915, 28.1424]}, "properties": {"id": "demo-621", "source": "demo", "date": "2024-08-22", "date_precision": "day", "year": 2024, "month": 8, "hazard": "debris_flow", "hazard_raw": "debris_flow", "district": null, "lon": 85.1915, "lat": 28.1424, "geo_precision": "exact", "deaths": 0, "missing": 0, "injured": 0, "people_affected": 243, "houses_destroyed": 14, "houses_damaged": 44, "title": "(demo) debris_flow event", "source_url": "", "severity_score": 5.49, "severity_class": "moderate"}}, {"type": "Feature", "geometry": {"type": "Point", "coordinates": [85.3767, 28.0368]}, "properties": {"id": "demo-622", "source": "demo", "date": "2026-08-08", "date_precision": "day", "year": 2026, "month": 8, "hazard": "flood", "hazard_raw": "flood", "district": null, "lon": 85.3767, "lat": 28.0368, "geo_precision": "exact", "deaths": 1, "missing": 0, "injured": 1, "people_affected": 8, "houses_destroyed": 2, "houses_damaged": 4, "title": "(demo) flood event", "source_url": "", "severity_score": 6.62, "severity_class": "moderate"}}, {"type": "Feature", "geometry": {"type": "Point", "coordinates": [85.9103, 28.081]}, "properties": {"id": "demo-623", "source": "demo", "date": "2009-06-26", "date_precision": "day", "year": 2009, "month": 6, "hazard": "flash_flood", "hazard_raw": "flash_flood", "district": null, "lon": 85.9103, "lat": 28.081, "geo_precision": "exact", "deaths": 5, "missing": 1, "injured": 4, "people_affected": 192, "houses_destroyed": 36, "houses_damaged": 99, "title": "(demo) flash_flood event", "source_url": "", "severity_score": 46.53, "severity_class": "major"}}, {"type": "Feature", "geometry": {"type": "Point", "coordinates": [86.1117, 27.0107]}, "properties": {"id": "demo-624", "source": "demo", "date": "2003-07-19", "date_precision": "day", "year": 2003, "month": 7, "hazard": "landslide", "hazard_raw": "landslide", "district": null, "lon": 86.1117, "lat": 27.0107, "geo_precision": "exact", "deaths": 1, "missing": 0, "injured": 1, "people_affected": 211, "houses_destroyed": 14, "houses_damaged": 46, "title": "(demo) landslide event", "source_url": "", "severity_score": 11.52, "severity_class": "moderate"}}, {"type": "Feature", "geometry": {"type": "Point", "coordinates": [80.8907, 28.8361]}, "properties": {"id": "demo-625", "source": "demo", "date": "2015-05-03", "date_precision": "day", "year": 2015, "month": 5, "hazard": "landslide", "hazard_raw": "landslide", "district": null, "lon": 80.8907, "lat": 28.8361, "geo_precision": "exact", "deaths": 0, "missing": 0, "injured": 0, "people_affected": 292, "houses_destroyed": 16, "houses_damaged": 59, "title": "(demo) landslide event", "source_url": "", "severity_score": 6.73, "severity_class": "moderate"}}, {"type": "Feature", "geometry": {"type": "Point", "coordinates": [83.6009, 28.6883]}, "properties": {"id": "demo-626", "source": "demo", "date": "1993-10-21", "date_precision": "day", "year": 1993, "month": 10, "hazard": "landslide", "hazard_raw": "landslide", "district": null, "lon": 83.6009, "lat": 28.6883, "geo_precision": "exact", "deaths": 0, "missing": 0, "injured": 0, "people_affected": 132, "houses_destroyed": 7, "houses_damaged": 26, "title": "(demo) landslide event", "source_url": "", "severity_score": 2.96, "severity_class": "small"}}, {"type": "Feature", "geometry": {"type": "Point", "coordinates": [84.355, 28.2205]}, "properties": {"id": "demo-627", "source": "demo", "date": "2014-08-13", "date_precision": "day", "year": 2014, "month": 8, "hazard": "landslide", "hazard_raw": "landslide", "district": null, "lon": 84.355, "lat": 28.2205, "geo_precision": "exact", "deaths": 0, "missing": 0, "injured": 0, "people_affected": 0, "houses_destroyed": 0, "houses_damaged": 0, "title": "(demo) landslide event", "source_url": "", "severity_score": 0.0, "severity_class": "minor"}}, {"type": "Feature", "geometry": {"type": "Point", "coordinates": [85.7246, 28.0599]}, "properties": {"id": "demo-628", "source": "demo", "date": "2024-06-05", "date_precision": "day", "year": 2024, "month": 6, "hazard": "flash_flood", "hazard_raw": "flash_flood", "district": null, "lon": 85.7246, "lat": 28.0599, "geo_precision": "exact", "deaths": 22, "missing": 2, "injured": 19, "people_affected": 5541, "houses_destroyed": 702, "houses_damaged": 1050, "title": "(demo) flash_flood event", "source_url": "", "severity_score": 342.98, "severity_class": "catastrophic"}}, {"type": "Feature", "geometry": {"type": "Point", "coordinates": [80.7736, 28.7129]}, "properties": {"id": "demo-629", "source": "demo", "date": "1987-08-08", "date_precision": "day", "year": 1987, "month": 8, "hazard": "flood", "hazard_raw": "flood", "district": null, "lon": 80.7736, "lat": 28.7129, "geo_precision": "exact", "deaths": 0, "missing": 0, "injured": 0, "people_affected": 0, "houses_destroyed": 0, "houses_damaged": 0, "title": "(demo) flood event", "source_url": "", "severity_score": 0.0, "severity_class": "minor"}}, {"type": "Feature", "geometry": {"type": "Point", "coordinates": [84.7808, 28.0717]}, "properties": {"id": "demo-630", "source": "demo", "date": "2018-07-15", "date_precision": "day", "year": 2018, "month": 7, "hazard": "debris_flow", "hazard_raw": "debris_flow", "district": null, "lon": 84.7808, "lat": 28.0717, "geo_precision": "exact", "deaths": 4, "missing": 1, "injured": 4, "people_affected": 179, "houses_destroyed": 24, "houses_damaged": 55, "title": "(demo) debris_flow event", "source_url": "", "severity_score": 36.91, "severity_class": "major"}}, {"type": "Feature", "geometry": {"type": "Point", "coordinates": [82.226, 29.784]}, "properties": {"id": "demo-631", "source": "demo", "date": "1993-08-08", "date_precision": "day", "year": 1993, "month": 8, "hazard": "avalanche", "hazard_raw": "avalanche", "district": null, "lon": 82.226, "lat": 29.784, "geo_precision": "exact", "deaths": 0, "missing": 0, "injured": 0, "people_affected": 33, "houses_destroyed": 4, "houses_damaged": 12, "title": "(demo) avalanche event", "source_url": "", "severity_score": 1.47, "severity_class": "small"}}, {"type": "Feature", "geometry": {"type": "Point", "coordinates": [87.0533, 28.1275]}, "properties": {"id": "demo-632", "source": "demo", "date": "2004-07-27", "date_precision": "day", "year": 2004, "month": 7, "hazard": "avalanche", "hazard_raw": "avalanche", "district": null, "lon": 87.0533, "lat": 28.1275, "geo_precision": "exact", "deaths": 7, "missing": 0, "injured": 9, "people_affected": 80, "houses_destroyed": 12, "houses_damaged": 43, "title": "(demo) avalanche event", "source_url": "", "severity_score": 48.71, "severity_class": "major"}}, {"type": "Feature", "geometry": {"type": "Point", "coordinates": [81.918, 29.5389]}, "properties": {"id": "demo-633", "source": "demo", "date": "2017-07-05", "date_precision": "day", "year": 2017, "month": 7, "hazard": "landslide", "hazard_raw": "landslide", "district": null, "lon": 81.918, "lat": 29.5389, "geo_precision": "exact", "deaths": 0, "missing": 0, "injured": 0, "people_affected": 83, "houses_destroyed": 6, "houses_damaged": 16, "title": "(demo) landslide event", "source_url": "", "severity_score": 2.17, "severity_class": "small"}}, {"type": "Feature", "geometry": {"type": "Point", "coordinates": [81.1507, 28.7071]}, "properties": {"id": "demo-634", "source": "demo", "date": "2024-06-10", "date_precision": "day", "year": 2024, "month": 6, "hazard": "flood", "hazard_raw": "flood", "district": null, "lon": 81.1507, "lat": 28.7071, "geo_precision": "exact", "deaths": 0, "missing": 0, "injured": 0, "people_affected": 18, "houses_destroyed": 1, "houses_damaged": 3, "title": "(demo) flood event", "source_url": "", "severity_score": 0.39, "severity_class": "small"}}, {"type": "Feature", "geometry": {"type": "Point", "coordinates": [85.5438, 28.0228]}, "properties": {"id": "demo-635", "source": "demo", "date": "2013-07-06", "date_precision": "day", "year": 2013, "month": 7, "hazard": "debris_flow", "hazard_raw": "debris_flow", "district": null, "lon": 85.5438, "lat": 28.0228, "geo_precision": "exact", "deaths": 0, "missing": 0, "injured": 0, "people_affected": 0, "houses_destroyed": 0, "houses_damaged": 0, "title": "(demo) debris_flow event", "source_url": "", "severity_score": 0.0, "severity_class": "minor"}}, {"type": "Feature", "geometry": {"type": "Point", "coordinates": [87.2581, 26.7607]}, "properties": {"id": "demo-636", "source": "demo", "date": "2025-09-02", "date_precision": "day", "year": 2025, "month": 9, "hazard": "landslide", "hazard_raw": "landslide", "district": null, "lon": 87.2581, "lat": 26.7607, "geo_precision": "exact", "deaths": 0, "missing": 0, "injured": 0, "people_affected": 22, "houses_destroyed": 2, "houses_damaged": 2, "title": "(demo) landslide event", "source_url": "", "severity_score": 0.54, "severity_class": "small"}}, {"type": "Feature", "geometry": {"type": "Point", "coordinates": [81.7204, 29.1751]}, "properties": {"id": "demo-637", "source": "demo", "date": "2005-07-25", "date_precision": "day", "year": 2005, "month": 7, "hazard": "landslide", "hazard_raw": "landslide", "district": null, "lon": 81.7204, "lat": 29.1751, "geo_precision": "exact", "deaths": 0, "missing": 0, "injured": 0, "people_affected": 18, "houses_destroyed": 1, "houses_damaged": 3, "title": "(demo) landslide event", "source_url": "", "severity_score": 0.39, "severity_class": "small"}}, {"type": "Feature", "geometry": {"type": "Point", "coordinates": [85.4834, 28.0835]}, "properties": {"id": "demo-638", "source": "demo", "date": "2005-06-06", "date_precision": "day", "year": 2005, "month": 6, "hazard": "landslide", "hazard_raw": "landslide", "district": null, "lon": 85.4834, "lat": 28.0835, "geo_precision": "exact", "deaths": 0, "missing": 0, "injured": 0, "people_affected": 14, "houses_destroyed": 2, "houses_damaged": 5, "title": "(demo) landslide event", "source_url": "", "severity_score": 0.68, "severity_class": "small"}}, {"type": "Feature", "geometry": {"type": "Point", "coordinates": [85.9796, 27.7677]}, "properties": {"id": "demo-639", "source": "demo", "date": "2025-07-06", "date_precision": "day", "year": 2025, "month": 7, "hazard": "landslide", "hazard_raw": "landslide", "district": null, "lon": 85.9796, "lat": 27.7677, "geo_precision": "exact", "deaths": 0, "missing": 0, "injured": 0, "people_affected": 0, "houses_destroyed": 0, "houses_damaged": 0, "title": "(demo) landslide event", "source_url": "", "severity_score": 0.0, "severity_class": "minor"}}, {"type": "Feature", "geometry": {"type": "Point", "coordinates": [82.7007, 29.6647]}, "properties": {"id": "demo-640", "source": "demo", "date": "2019-08-01", "date_precision": "day", "year": 2019, "month": 8, "hazard": "avalanche", "hazard_raw": "avalanche", "district": null, "lon": 82.7007, "lat": 29.6647, "geo_precision": "exact", "deaths": 67, "missing": 21, "injured": 42, "people_affected": 4494, "houses_destroyed": 541, "houses_damaged": 1524, "title": "(demo) avalanche event", "source_url": "", "severity_score": 675.39, "severity_class": "catastrophic"}}, {"type": "Feature", "geometry": {"type": "Point", "coordinates": [84.0103, 27.4144]}, "properties": {"id": "demo-641", "source": "demo", "date": "2000-06-09", "date_precision": "day", "year": 2000, "month": 6, "hazard": "flood", "hazard_raw": "flood", "district": null, "lon": 84.0103, "lat": 27.4144, "geo_precision": "exact", "deaths": 0, "missing": 0, "injured": 0, "people_affected": 134, "houses_destroyed": 9, "houses_damaged": 16, "title": "(demo) flood event", "source_url": "", "severity_score": 2.87, "severity_class": "small"}}, {"type": "Feature", "geometry": {"type": "Point", "coordinates": [85.8863, 28.2202]}, "properties": {"id": "demo-642", "source": "demo", "date": "1996-09-23", "date_precision": "day", "year": 1996, "month": 9, "hazard": "flash_flood", "hazard_raw": "flash_flood", "district": null, "lon": 85.8863, "lat": 28.2202, "geo_precision": "exact", "deaths": 0, "missing": 0, "injured": 0, "people_affected": 254, "houses_destroyed": 13, "houses_damaged": 44, "title": "(demo) flash_flood event", "source_url": "", "severity_score": 5.31, "severity_class": "moderate"}}, {"type": "Feature", "geometry": {"type": "Point", "coordinates": [84.1556, 28.5785]}, "properties": {"id": "demo-643", "source": "demo", "date": "2008-06-05", "date_precision": "day", "year": 2008, "month": 6, "hazard": "landslide", "hazard_raw": "landslide", "district": null, "lon": 84.1556, "lat": 28.5785, "geo_precision": "exact", "deaths": 3, "missing": 0, "injured": 3, "people_affected": 0, "houses_destroyed": 0, "houses_damaged": 0, "title": "(demo) landslide event", "source_url": "", "severity_score": 18.0, "severity_class": "moderate"}}, {"type": "Feature", "geometry": {"type": "Point", "coordinates": [82.1432, 29.7361]}, "properties": {"id": "demo-644", "source": "demo", "date": "1997-06-07", "date_precision": "day", "year": 1997, "month": 6, "hazard": "avalanche", "hazard_raw": "avalanche", "district": null, "lon": 82.1432, "lat": 29.7361, "geo_precision": "exact", "deaths": 0, "missing": 0, "injured": 0, "people_affected": 545, "houses_destroyed": 31, "houses_damaged": 78, "title": "(demo) avalanche event", "source_url": "", "severity_score": 11.19, "severity_class": "moderate"}}, {"type": "Feature", "geometry": {"type": "Point", "coordinates": [86.8929, 28.1021]}, "properties": {"id": "demo-645", "source": "demo", "date": "2000-05-24", "date_precision": "day", "year": 2000, "month": 5, "hazard": "glof", "hazard_raw": "glof", "district": null, "lon": 86.8929, "lat": 28.1021, "geo_precision": "exact", "deaths": 2, "missing": 0, "injured": 2, "people_affected": 174, "houses_destroyed": 35, "houses_damaged": 35, "title": "(demo) glof event", "source_url": "", "severity_score": 21.1, "severity_class": "moderate"}}, {"type": "Feature", "geometry": {"type": "Point", "coordinates": [85.8673, 27.0399]}, "properties": {"id": "demo-646", "source": "demo", "date": "2005-05-17", "date_precision": "day", "year": 2005, "month": 5, "hazard": "debris_flow", "hazard_raw": "debris_flow", "district": null, "lon": 85.8673, "lat": 27.0399, "geo_precision": "exact", "deaths": 0, "missing": 0, "injured": 0, "people_affected": 56, "houses_destroyed": 3, "houses_damaged": 11, "title": "(demo) debris_flow event", "source_url": "", "severity_score": 1.26, "severity_class": "small"}}, {"type": "Feature", "geometry": {"type": "Point", "coordinates": [86.7488, 27.7803]}, "properties": {"id": "demo-647", "source": "demo", "date": "2015-03-01", "date_precision": "day", "year": 2015, "month": 3, "hazard": "landslide", "hazard_raw": "landslide", "district": null, "lon": 86.7488, "lat": 27.7803, "geo_precision": "exact", "deaths": 0, "missing": 0, "injured": 0, "people_affected": 0, "houses_destroyed": 0, "houses_damaged": 0, "title": "(demo) landslide event", "source_url": "", "severity_score": 0.0, "severity_class": "minor"}}, {"type": "Feature", "geometry": {"type": "Point", "coordinates": [85.7425, 28.2093]}, "properties": {"id": "demo-648", "source": "demo", "date": "1989-09-19", "date_precision": "day", "year": 1989, "month": 9, "hazard": "landslide", "hazard_raw": "landslide", "district": null, "lon": 85.7425, "lat": 28.2093, "geo_precision": "exact", "deaths": 0, "missing": 0, "injured": 0, "people_affected": 0, "houses_destroyed": 0, "houses_damaged": 0, "title": "(demo) landslide event", "source_url": "", "severity_score": 0.0, "severity_class": "minor"}}, {"type": "Feature", "geometry": {"type": "Point", "coordinates": [81.6094, 29.3741]}, "properties": {"id": "demo-649", "source": "demo", "date": "2022-07-21", "date_precision": "day", "year": 2022, "month": 7, "hazard": "landslide", "hazard_raw": "landslide", "district": null, "lon": 81.6094, "lat": 29.3741, "geo_precision": "exact", "deaths": 0, "missing": 0, "injured": 0, "people_affected": 0, "houses_destroyed": 0, "houses_damaged": 0, "title": "(demo) landslide event", "source_url": "", "severity_score": 0.0, "severity_class": "minor"}}, {"type": "Feature", "geometry": {"type": "Point", "coordinates": [86.7523, 27.911]}, "properties": {"id": "demo-650", "source": "demo", "date": "2022-08-05", "date_precision": "day", "year": 2022, "month": 8, "hazard": "landslide", "hazard_raw": "landslide", "district": null, "lon": 86.7523, "lat": 27.911, "geo_precision": "exact", "deaths": 1, "missing": 0, "injured": 1, "people_affected": 51, "houses_destroyed": 6, "houses_damaged": 17, "title": "(demo) landslide event", "source_url": "", "severity_score": 8.15, "severity_class": "moderate"}}, {"type": "Feature", "geometry": {"type": "Point", "coordinates": [85.1818, 28.3715]}, "properties": {"id": "demo-651", "source": "demo", "date": "2016-07-10", "date_precision": "day", "year": 2016, "month": 7, "hazard": "landslide", "hazard_raw": "landslide", "district": null, "lon": 85.1818, "lat": 28.3715, "geo_precision": "exact", "deaths": 0, "missing": 0, "injured": 0, "people_affected": 5, "houses_destroyed": 1, "houses_damaged": 1, "title": "(demo) landslide event", "source_url": "", "severity_score": 0.26, "severity_class": "small"}}, {"type": "Feature", "geometry": {"type": "Point", "coordinates": [86.7871, 26.6676]}, "properties": {"id": "demo-652", "source": "demo", "date": "2014-05-14", "date_precision": "day", "year": 2014, "month": 5, "hazard": "flood", "hazard_raw": "flood", "district": null, "lon": 86.7871, "lat": 26.6676, "geo_precision": "exact", "deaths": 0, "missing": 0, "injured": 0, "people_affected": 0, "houses_destroyed": 0, "houses_damaged": 0, "title": "(demo) flood event", "source_url": "", "severity_score": 0.0, "severity_class": "minor"}}, {"type": "Feature", "geometry": {"type": "Point", "coordinates": [85.2016, 27.8008]}, "properties": {"id": "demo-653", "source": "demo", "date": "2008-07-04", "date_precision": "day", "year": 2008, "month": 7, "hazard": "landslide", "hazard_raw": "landslide", "district": null, "lon": 85.2016, "lat": 27.8008, "geo_precision": "exact", "deaths": 3, "missing": 0, "injured": 4, "people_affected": 298, "houses_destroyed": 15, "houses_damaged": 32, "title": "(demo) landslide event", "source_url": "", "severity_score": 24.2, "severity_class": "moderate"}}, {"type": "Feature", "geometry": {"type": "Point", "coordinates": [86.0237, 27.6482]}, "properties": {"id": "demo-654", "source": "demo", "date": "2023-02-23", "date_precision": "day", "year": 2023, "month": 2, "hazard": "glof", "hazard_raw": "glof", "district": null, "lon": 86.0237, "lat": 27.6482, "geo_precision": "exact", "deaths": 12, "missing": 3, "injured": 4, "people_affected": 0, "houses_destroyed": 0, "houses_damaged": 0, "title": "(demo) glof event", "source_url": "", "severity_score": 79.0, "severity_class": "major"}}, {"type": "Feature", "geometry": {"type": "Point", "coordinates": [86.799, 27.7464]}, "properties": {"id": "demo-655", "source": "demo", "date": "2024-09-02", "date_precision": "day", "year": 2024, "month": 9, "hazard": "landslide", "hazard_raw": "landslide", "district": null, "lon": 86.799, "lat": 27.7464, "geo_precision": "exact", "deaths": 1, "missing": 0, "injured": 1, "people_affected": 8, "houses_destroyed": 1, "houses_damaged": 3, "title": "(demo) landslide event", "source_url": "", "severity_score": 6.37, "severity_class": "moderate"}}, {"type": "Feature", "geometry": {"type": "Point", "coordinates": [85.7261, 27.9436]}, "properties": {"id": "demo-656", "source": "demo", "date": "2008-08-12", "date_precision": "day", "year": 2008, "month": 8, "hazard": "landslide", "hazard_raw": "landslide", "district": null, "lon": 85.7261, "lat": 27.9436, "geo_precision": "exact", "deaths": 3, "missing": 0, "injured": 5, "people_affected": 0, "houses_destroyed": 0, "houses_damaged": 0, "title": "(demo) landslide event", "source_url": "", "severity_score": 20.0, "severity_class": "moderate"}}, {"type": "Feature", "geometry": {"type": "Point", "coordinates": [84.3486, 28.2705]}, "properties": {"id": "demo-657", "source": "demo", "date": "2015-07-06", "date_precision": "day", "year": 2015, "month": 7, "hazard": "landslide", "hazard_raw": "landslide", "district": null, "lon": 84.3486, "lat": 28.2705, "geo_precision": "exact", "deaths": 0, "missing": 0, "injured": 0, "people_affected": 8, "houses_destroyed": 2, "houses_damaged": 7, "title": "(demo) landslide event", "source_url": "", "severity_score": 0.77, "severity_class": "small"}}, {"type": "Feature", "geometry": {"type": "Point", "coordinates": [86.677, 27.8783]}, "properties": {"id": "demo-658", "source": "demo", "date": "2008-08-01", "date_precision": "day", "year": 2008, "month": 8, "hazard": "avalanche", "hazard_raw": "avalanche", "district": null, "lon": 86.677, "lat": 27.8783, "geo_precision": "exact", "deaths": 0, "missing": 0, "injured": 0, "people_affected": 139, "houses_destroyed": 10, "houses_damaged": 35, "title": "(demo) avalanche event", "source_url": "", "severity_score": 4.03, "severity_class": "small"}}, {"type": "Feature", "geometry": {"type": "Point", "coordinates": [86.682, 27.8424]}, "properties": {"id": "demo-659", "source": "demo", "date": "1995-06-05", "date_precision": "day", "year": 1995, "month": 6, "hazard": "flash_flood", "hazard_raw": "flash_flood", "district": null, "lon": 86.682, "lat": 27.8424, "geo_precision": "exact", "deaths": 0, "missing": 0, "injured": 0, "people_affected": 22, "houses_destroyed": 5, "houses_damaged": 11, "title": "(demo) flash_flood event", "source_url": "", "severity_score": 1.59, "severity_class": "small"}}, {"type": "Feature", "geometry": {"type": "Point", "coordinates": [83.7865, 27.7365]}, "properties": {"id": "demo-660", "source": "demo", "date": "1999-08-06", "date_precision": "day", "year": 1999, "month": 8, "hazard": "flood", "hazard_raw": "flood", "district": null, "lon": 83.7865, "lat": 27.7365, "geo_precision": "exact", "deaths": 10, "missing": 2, "injured": 8, "people_affected": 2778, "houses_destroyed": 168, "houses_damaged": 576, "title": "(demo) flood event", "source_url": "", "severity_score": 135.96, "severity_class": "catastrophic"}}, {"type": "Feature", "geometry": {"type": "Point", "coordinates": [81.9677, 29.2601]}, "properties": {"id": "demo-661", "source": "demo", "date": "2018-09-03", "date_precision": "day", "year": 2018, "month": 9, "hazard": "landslide", "hazard_raw": "landslide", "district": null, "lon": 81.9677, "lat": 29.2601, "geo_precision": "exact", "deaths": 0, "missing": 0, "injured": 0, "people_affected": 43, "houses_destroyed": 4, "houses_damaged": 9, "title": "(demo) landslide event", "source_url": "", "severity_score": 1.34, "severity_class": "small"}}, {"type": "Feature", "geometry": {"type": "Point", "coordinates": [83.7514, 27.698]}, "properties": {"id": "demo-662", "source": "demo", "date": "2003-08-28", "date_precision": "day", "year": 2003, "month": 8, "hazard": "flood", "hazard_raw": "flood", "district": null, "lon": 83.7514, "lat": 27.698, "geo_precision": "exact", "deaths": 0, "missing": 0, "injured": 0, "people_affected": 61, "houses_destroyed": 5, "houses_damaged": 7, "title": "(demo) flood event", "source_url": "", "severity_score": 1.47, "severity_class": "small"}}, {"type": "Feature", "geometry": {"type": "Point", "coordinates": [85.4124, 27.8854]}, "properties": {"id": "demo-663", "source": "demo", "date": "2007-08-24", "date_precision": "day", "year": 2007, "month": 8, "hazard": "debris_flow", "hazard_raw": "debris_flow", "district": null, "lon": 85.4124, "lat": 27.8854, "geo_precision": "exact", "deaths": 0, "missing": 0, "injured": 0, "people_affected": 340, "houses_destroyed": 19, "houses_damaged": 74, "title": "(demo) debris_flow event", "source_url": "", "severity_score": 8.18, "severity_class": "moderate"}}, {"type": "Feature", "geometry": {"type": "Point", "coordinates": [85.5298, 28.1557]}, "properties": {"id": "demo-664", "source": "demo", "date": "1988-07-01", "date_precision": "day", "year": 1988, "month": 7, "hazard": "debris_flow", "hazard_raw": "debris_flow", "district": null, "lon": 85.5298, "lat": 28.1557, "geo_precision": "exact", "deaths": 0, "missing": 0, "injured": 0, "people_affected": 0, "houses_destroyed": 0, "houses_damaged": 0, "title": "(demo) debris_flow event", "source_url": "", "severity_score": 0.0, "severity_class": "minor"}}, {"type": "Feature", "geometry": {"type": "Point", "coordinates": [86.5992, 28.1742]}, "properties": {"id": "demo-665", "source": "demo", "date": "1990-05-12", "date_precision": "day", "year": 1990, "month": 5, "hazard": "glof", "hazard_raw": "glof", "district": null, "lon": 86.5992, "lat": 28.1742, "geo_precision": "exact", "deaths": 4, "missing": 0, "injured": 2, "people_affected": 764, "houses_destroyed": 44, "houses_damaged": 134, "title": "(demo) glof event", "source_url": "", "severity_score": 39.03, "severity_class": "major"}}, {"type": "Feature", "geometry": {"type": "Point", "coordinates": [84.0893, 27.6118]}, "properties": {"id": "demo-666", "source": "demo", "date": "2006-08-23", "date_precision": "day", "year": 2006, "month": 8, "hazard": "flood", "hazard_raw": "flood", "district": null, "lon": 84.0893, "lat": 27.6118, "geo_precision": "exact", "deaths": 0, "missing": 0, "injured": 0, "people_affected": 113, "houses_destroyed": 6, "houses_damaged": 11, "title": "(demo) flood event", "source_url": "", "severity_score": 1.98, "severity_class": "small"}}, {"type": "Feature", "geometry": {"type": "Point", "coordinates": [87.4725, 26.4155]}, "properties": {"id": "demo-667", "source": "demo", "date": "2017-04-16", "date_precision": "day", "year": 2017, "month": 4, "hazard": "debris_flow", "hazard_raw": "debris_flow", "district": null, "lon": 87.4725, "lat": 26.4155, "geo_precision": "exact", "deaths": 1, "missing": 0, "injured": 0, "people_affected": 224, "houses_destroyed": 23, "houses_damaged": 64, "title": "(demo) debris_flow event", "source_url": "", "severity_score": 13.25, "severity_class": "moderate"}}, {"type": "Feature", "geometry": {"type": "Point", "coordinates": [84.0533, 28.312]}, "properties": {"id": "demo-668", "source": "demo", "date": "2012-08-14", "date_precision": "day", "year": 2012, "month": 8, "hazard": "landslide", "hazard_raw": "landslide", "district": null, "lon": 84.0533, "lat": 28.312, "geo_precision": "exact", "deaths": 0, "missing": 0, "injured": 0, "people_affected": 11, "houses_destroyed": 1, "houses_damaged": 2, "title": "(demo) landslide event", "source_url": "", "severity_score": 0.32, "severity_class": "small"}}, {"type": "Feature", "geometry": {"type": "Point", "coordinates": [84.35, 28.3309]}, "properties": {"id": "demo-669", "source": "demo", "date": "1977-07-26", "date_precision": "day", "year": 1977, "month": 7, "hazard": "landslide", "hazard_raw": "landslide", "district": null, "lon": 84.35, "lat": 28.3309, "geo_precision": "exact", "deaths": 0, "missing": 0, "injured": 0, "people_affected": 435, "houses_destroyed": 27, "houses_damaged": 59, "title": "(demo) landslide event", "source_url": "", "severity_score": 9.22, "severity_class": "moderate"}}, {"type": "Feature", "geometry": {"type": "Point", "coordinates": [85.8931, 26.8207]}, "properties": {"id": "demo-670", "source": "demo", "date": "2022-09-15", "date_precision": "day", "year": 2022, "month": 9, "hazard": "flood", "hazard_raw": "flood", "district": null, "lon": 85.8931, "lat": 26.8207, "geo_precision": "exact", "deaths": 14, "missing": 0, "injured": 8, "people_affected": 0, "houses_destroyed": 0, "houses_damaged": 0, "title": "(demo) flood event", "source_url": "", "severity_score": 78.0, "severity_class": "major"}}, {"type": "Feature", "geometry": {"type": "Point", "coordinates": [81.9601, 29.8687]}, "properties": {"id": "demo-671", "source": "demo", "date": "2008-06-17", "date_precision": "day", "year": 2008, "month": 6, "hazard": "landslide", "hazard_raw": "landslide", "district": null, "lon": 81.9601, "lat": 29.8687, "geo_precision": "exact", "deaths": 1, "missing": 0, "injured": 1, "people_affected": 144, "houses_destroyed": 8, "houses_damaged": 16, "title": "(demo) landslide event", "source_url": "", "severity_score": 8.69, "severity_class": "moderate"}}, {"type": "Feature", "geometry": {"type": "Point", "coordinates": [85.5051, 28.388]}, "properties": {"id": "demo-672", "source": "demo", "date": "2020-09-18", "date_precision": "day", "year": 2020, "month": 9, "hazard": "glof", "hazard_raw": "glof", "district": null, "lon": 85.5051, "lat": 28.388, "geo_precision": "exact", "deaths": 0, "missing": 0, "injured": 0, "people_affected": 312, "houses_destroyed": 26, "houses_damaged": 83, "title": "(demo) glof event", "source_url": "", "severity_score": 9.97, "severity_class": "moderate"}}, {"type": "Feature", "geometry": {"type": "Point", "coordinates": [87.3878, 26.6859]}, "properties": {"id": "demo-673", "source": "demo", "date": "2017-05-16", "date_precision": "day", "year": 2017, "month": 5, "hazard": "flood", "hazard_raw": "flood", "district": null, "lon": 87.3878, "lat": 26.6859, "geo_precision": "exact", "deaths": 2, "missing": 0, "injured": 2, "people_affected": 0, "houses_destroyed": 0, "houses_damaged": 0, "title": "(demo) flood event", "source_url": "", "severity_score": 12.0, "severity_class": "moderate"}}, {"type": "Feature", "geometry": {"type": "Point", "coordinates": [83.6728, 27.3872]}, "properties": {"id": "demo-674", "source": "demo", "date": "2022-09-13", "date_precision": "day", "year": 2022, "month": 9, "hazard": "flood", "hazard_raw": "flood", "district": null, "lon": 83.6728, "lat": 27.3872, "geo_precision": "exact", "deaths": 0, "missing": 0, "injured": 0, "people_affected": 61, "houses_destroyed": 4, "houses_damaged": 12, "title": "(demo) flood event", "source_url": "", "severity_score": 1.52, "severity_class": "small"}}, {"type": "Feature", "geometry": {"type": "Point", "coordinates": [86.4227, 27.9823]}, "properties": {"id": "demo-675", "source": "demo", "date": "2009-08-18", "date_precision": "day", "year": 2009, "month": 8, "hazard": "flash_flood", "hazard_raw": "flash_flood", "district": null, "lon": 86.4227, "lat": 27.9823, "geo_precision": "exact", "deaths": 0, "missing": 0, "injured": 0, "people_affected": 16, "houses_destroyed": 1, "houses_damaged": 3, "title": "(demo) flash_flood event", "source_url": "", "severity_score": 0.38, "severity_class": "small"}}, {"type": "Feature", "geometry": {"type": "Point", "coordinates": [86.1708, 26.9457]}, "properties": {"id": "demo-676", "source": "demo", "date": "1982-06-14", "date_precision": "day", "year": 1982, "month": 6, "hazard": "flood", "hazard_raw": "flood", "district": null, "lon": 86.1708, "lat": 26.9457, "geo_precision": "exact", "deaths": 3, "missing": 0, "injured": 4, "people_affected": 402, "houses_destroyed": 59, "houses_damaged": 76, "title": "(demo) flood event", "source_url": "", "severity_score": 35.4, "severity_class": "major"}}, {"type": "Feature", "geometry": {"type": "Point", "coordinates": [86.7625, 28.0014]}, "properties": {"id": "demo-677", "source": "demo", "date": "2016-08-15", "date_precision": "day", "year": 2016, "month": 8, "hazard": "glof", "hazard_raw": "glof", "district": null, "lon": 86.7625, "lat": 28.0014, "geo_precision": "exact", "deaths": 0, "missing": 0, "injured": 0, "people_affected": 1519, "houses_destroyed": 144, "houses_damaged": 293, "title": "(demo) glof event", "source_url": "", "severity_score": 46.49, "severity_class": "major"}}, {"type": "Feature", "geometry": {"type": "Point", "coordinates": [80.4326, 28.7803]}, "properties": {"id": "demo-678", "source": "demo", "date": "2001-08-19", "date_precision": "day", "year": 2001, "month": 8, "hazard": "flood", "hazard_raw": "flood", "district": null, "lon": 80.4326, "lat": 28.7803, "geo_precision": "exact", "deaths": 0, "missing": 0, "injured": 0, "people_affected": 133, "houses_destroyed": 16, "houses_damaged": 30, "title": "(demo) flood event", "source_url": "", "severity_score": 4.97, "severity_class": "small"}}, {"type": "Feature", "geometry": {"type": "Point", "coordinates": [86.087, 28.4562]}, "properties": {"id": "demo-679", "source": "demo", "date": "2010-07-14", "date_precision": "day", "year": 2010, "month": 7, "hazard": "glof", "hazard_raw": "glof", "district": null, "lon": 86.087, "lat": 28.4562, "geo_precision": "exact", "deaths": 29, "missing": 11, "injured": 27, "people_affected": 7367, "houses_destroyed": 781, "houses_damaged": 2040, "title": "(demo) glof event", "source_url": "", "severity_score": 499.93, "severity_class": "catastrophic"}}, {"type": "Feature", "geometry": {"type": "Point", "coordinates": [82.147, 29.6172]}, "properties": {"id": "demo-680", "source": "demo", "date": "2005-09-25", "date_precision": "day", "year": 2005, "month": 9, "hazard": "avalanche", "hazard_raw": "avalanche", "district": null, "lon": 82.147, "lat": 29.6172, "geo_precision": "exact", "deaths": 0, "missing": 0, "injured": 0, "people_affected": 137, "houses_destroyed": 15, "houses_damaged": 29, "title": "(demo) avalanche event", "source_url": "", "severity_score": 4.72, "severity_class": "small"}}, {"type": "Feature", "geometry": {"type": "Point", "coordinates": [83.7132, 28.0411]}, "properties": {"id": "demo-681", "source": "demo", "date": "2003-07-13", "date_precision": "day", "year": 2003, "month": 7, "hazard": "flood", "hazard_raw": "flood", "district": null, "lon": 83.7132, "lat": 28.0411, "geo_precision": "exact", "deaths": 0, "missing": 0, "injured": 0, "people_affected": 27, "houses_destroyed": 9, "houses_damaged": 19, "title": "(demo) flood event", "source_url": "", "severity_score": 2.8, "severity_class": "small"}}, {"type": "Feature", "geometry": {"type": "Point", "coordinates": [82.1322, 29.5721]}, "properties": {"id": "demo-682", "source": "demo", "date": "2020-07-14", "date_precision": "day", "year": 2020, "month": 7, "hazard": "avalanche", "hazard_raw": "avalanche", "district": null, "lon": 82.1322, "lat": 29.5721, "geo_precision": "exact", "deaths": 2, "missing": 0, "injured": 2, "people_affected": 305, "houses_destroyed": 16, "houses_damaged": 51, "title": "(demo) avalanche event", "source_url": "", "severity_score": 18.36, "severity_class": "moderate"}}, {"type": "Feature", "geometry": {"type": "Point", "coordinates": [83.7203, 27.3776]}, "properties": {"id": "demo-683", "source": "demo", "date": "2019-09-21", "date_precision": "day", "year": 2019, "month": 9, "hazard": "landslide", "hazard_raw": "landslide", "district": null, "lon": 83.7203, "lat": 27.3776, "geo_precision": "exact", "deaths": 0, "missing": 0, "injured": 0, "people_affected": 15, "houses_destroyed": 1, "houses_damaged": 2, "title": "(demo) landslide event", "source_url": "", "severity_score": 0.33, "severity_class": "small"}}, {"type": "Feature", "geometry": {"type": "Point", "coordinates": [81.4616, 29.627]}, "properties": {"id": "demo-684", "source": "demo", "date": "2014-06-20", "date_precision": "day", "year": 2014, "month": 6, "hazard": "landslide", "hazard_raw": "landslide", "district": null, "lon": 81.4616, "lat": 29.627, "geo_precision": "exact", "deaths": 0, "missing": 0, "injured": 0, "people_affected": 36, "houses_destroyed": 2, "houses_damaged": 7, "title": "(demo) landslide event", "source_url": "", "severity_score": 0.82, "severity_class": "small"}}, {"type": "Feature", "geometry": {"type": "Point", "coordinates": [81.652, 29.2956]}, "properties": {"id": "demo-685", "source": "demo", "date": "1973-07-17", "date_precision": "day", "year": 1973, "month": 7, "hazard": "landslide", "hazard_raw": "landslide", "district": null, "lon": 81.652, "lat": 29.2956, "geo_precision": "exact", "deaths": 0, "missing": 0, "injured": 0, "people_affected": 3, "houses_destroyed": 1, "houses_damaged": 2, "title": "(demo) landslide event", "source_url": "", "severity_score": 0.31, "severity_class": "small"}}, {"type": "Feature", "geometry": {"type": "Point", "coordinates": [80.7986, 28.5219]}, "properties": {"id": "demo-686", "source": "demo", "date": "2017-09-12", "date_precision": "day", "year": 2017, "month": 9, "hazard": "landslide", "hazard_raw": "landslide", "district": null, "lon": 80.7986, "lat": 28.5219, "geo_precision": "exact", "deaths": 0, "missing": 0, "injured": 0, "people_affected": 552, "houses_destroyed": 43, "houses_damaged": 140, "title": "(demo) landslide event", "source_url": "", "severity_score": 16.7, "severity_class": "moderate"}}, {"type": "Feature", "geometry": {"type": "Point", "coordinates": [85.4409, 28.1942]}, "properties": {"id": "demo-687", "source": "demo", "date": "2007-09-07", "date_precision": "day", "year": 2007, "month": 9, "hazard": "debris_flow", "hazard_raw": "debris_flow", "district": null, "lon": 85.4409, "lat": 28.1942, "geo_precision": "exact", "deaths": 0, "missing": 0, "injured": 0, "people_affected": 29, "houses_destroyed": 2, "houses_damaged": 4, "title": "(demo) debris_flow event", "source_url": "", "severity_score": 0.66, "severity_class": "small"}}, {"type": "Feature", "geometry": {"type": "Point", "coordinates": [83.6779, 27.4606]}, "properties": {"id": "demo-688", "source": "demo", "date": "2019-05-17", "date_precision": "day", "year": 2019, "month": 5, "hazard": "flood", "hazard_raw": "flood", "district": null, "lon": 83.6779, "lat": 27.4606, "geo_precision": "exact", "deaths": 0, "missing": 0, "injured": 0, "people_affected": 44, "houses_destroyed": 4, "houses_damaged": 11, "title": "(demo) flood event", "source_url": "", "severity_score": 1.44, "severity_class": "small"}}, {"type": "Feature", "geometry": {"type": "Point", "coordinates": [80.6499, 28.7211]}, "properties": {"id": "demo-689", "source": "demo", "date": "2009-06-13", "date_precision": "day", "year": 2009, "month": 6, "hazard": "landslide", "hazard_raw": "landslide", "district": null, "lon": 80.6499, "lat": 28.7211, "geo_precision": "exact", "deaths": 1, "missing": 0, "injured": 1, "people_affected": 33, "houses_destroyed": 3, "houses_damaged": 7, "title": "(demo) landslide event", "source_url": "", "severity_score": 7.02, "severity_class": "moderate"}}, {"type": "Feature", "geometry": {"type": "Point", "coordinates": [86.609, 28.0573]}, "properties": {"id": "demo-690", "source": "demo", "date": "2025-07-17", "date_precision": "day", "year": 2025, "month": 7, "hazard": "avalanche", "hazard_raw": "avalanche", "district": null, "lon": 86.609, "lat": 28.0573, "geo_precision": "exact", "deaths": 3, "missing": 0, "injured": 5, "people_affected": 592, "houses_destroyed": 31, "houses_damaged": 32, "title": "(demo) avalanche event", "source_url": "", "severity_score": 28.98, "severity_class": "major"}}, {"type": "Feature", "geometry": {"type": "Point", "coordinates": [84.0632, 27.6379]}, "properties": {"id": "demo-691", "source": "demo", "date": "2009-09-26", "date_precision": "day", "year": 2009, "month": 9, "hazard": "flood", "hazard_raw": "flood", "district": null, "lon": 84.0632, "lat": 27.6379, "geo_precision": "exact", "deaths": 0, "missing": 0, "injured": 0, "people_affected": 0, "houses_destroyed": 0, "houses_damaged": 0, "title": "(demo) flood event", "source_url": "", "severity_score": 0.0, "severity_class": "minor"}}, {"type": "Feature", "geometry": {"type": "Point", "coordinates": [86.8216, 28.2059]}, "properties": {"id": "demo-692", "source": "demo", "date": "1996-11-17", "date_precision": "day", "year": 1996, "month": 11, "hazard": "avalanche", "hazard_raw": "avalanche", "district": null, "lon": 86.8216, "lat": 28.2059, "geo_precision": "exact", "deaths": 0, "missing": 0, "injured": 0, "people_affected": 0, "houses_destroyed": 0, "houses_damaged": 0, "title": "(demo) avalanche event", "source_url": "", "severity_score": 0.0, "severity_class": "minor"}}, {"type": "Feature", "geometry": {"type": "Point", "coordinates": [86.4091, 26.777]}, "properties": {"id": "demo-693", "source": "demo", "date": "1985-07-02", "date_precision": "day", "year": 1985, "month": 7, "hazard": "landslide", "hazard_raw": "landslide", "district": null, "lon": 86.4091, "lat": 26.777, "geo_precision": "exact", "deaths": 0, "missing": 0, "injured": 0, "people_affected": 0, "houses_destroyed": 0, "houses_damaged": 0, "title": "(demo) landslide event", "source_url": "", "severity_score": 0.0, "severity_class": "minor"}}, {"type": "Feature", "geometry": {"type": "Point", "coordinates": [81.3028, 29.1918]}, "properties": {"id": "demo-694", "source": "demo", "date": "2000-04-26", "date_precision": "day", "year": 2000, "month": 4, "hazard": "landslide", "hazard_raw": "landslide", "district": null, "lon": 81.3028, "lat": 29.1918, "geo_precision": "exact", "deaths": 0, "missing": 0, "injured": 0, "people_affected": 974, "houses_destroyed": 74, "houses_damaged": 204, "title": "(demo) landslide event", "source_url": "", "severity_score": 26.95, "severity_class": "major"}}, {"type": "Feature", "geometry": {"type": "Point", "coordinates": [85.4153, 26.7438]}, "properties": {"id": "demo-695", "source": "demo", "date": "1978-07-21", "date_precision": "day", "year": 1978, "month": 7, "hazard": "flood", "hazard_raw": "flood", "district": null, "lon": 85.4153, "lat": 26.7438, "geo_precision": "exact", "deaths": 3, "missing": 0, "injured": 3, "people_affected": 162, "houses_destroyed": 27, "houses_damaged": 66, "title": "(demo) flood event", "source_url": "", "severity_score": 27.02, "severity_class": "major"}}, {"type": "Feature", "geometry": {"type": "Point", "coordinates": [85.4751, 28.4252]}, "properties": {"id": "demo-696", "source": "demo", "date": "1987-06-09", "date_precision": "day", "year": 1987, "month": 6, "hazard": "flash_flood", "hazard_raw": "flash_flood", "district": null, "lon": 85.4751, "lat": 28.4252, "geo_precision": "exact", "deaths": 3, "missing": 0, "injured": 0, "people_affected": 221, "houses_destroyed": 19, "houses_damaged": 69, "title": "(demo) flash_flood event", "source_url": "", "severity_score": 22.69, "severity_class": "moderate"}}, {"type": "Feature", "geometry": {"type": "Point", "coordinates": [80.8729, 28.8681]}, "properties": {"id": "demo-697", "source": "demo", "date": "2014-07-22", "date_precision": "day", "year": 2014, "month": 7, "hazard": "flood", "hazard_raw": "flood", "district": null, "lon": 80.8729, "lat": 28.8681, "geo_precision": "exact", "deaths": 0, "missing": 0, "injured": 0, "people_affected": 146, "houses_destroyed": 11, "houses_damaged": 20, "title": "(demo) flood event", "source_url": "", "severity_score": 3.49, "severity_class": "small"}}, {"type": "Feature", "geometry": {"type": "Point", "coordinates": [83.7204, 28.9001]}, "properties": {"id": "demo-698", "source": "demo", "date": "1981-08-06", "date_precision": "day", "year": 1981, "month": 8, "hazard": "landslide", "hazard_raw": "landslide", "district": null, "lon": 83.7204, "lat": 28.9001, "geo_precision": "exact", "deaths": 0, "missing": 0, "injured": 0, "people_affected": 18, "houses_destroyed": 1, "houses_damaged": 1, "title": "(demo) landslide event", "source_url": "", "severity_score": 0.29, "severity_class": "small"}}, {"type": "Feature", "geometry": {"type": "Point", "coordinates": [82.4547, 29.6639]}, "properties": {"id": "demo-699", "source": "demo", "date": "1993-07-10", "date_precision": "day", "year": 1993, "month": 7, "hazard": "avalanche", "hazard_raw": "avalanche", "district": null, "lon": 82.4547, "lat": 29.6639, "geo_precision": "exact", "deaths": 0, "missing": 0, "injured": 0, "people_affected": 0, "houses_destroyed": 0, "houses_damaged": 0, "title": "(demo) avalanche event", "source_url": "", "severity_score": 0.0, "severity_class": "minor"}}, {"type": "Feature", "geometry": {"type": "Point", "coordinates": [85.3786, 27.9523]}, "properties": {"id": "demo-700", "source": "demo", "date": "2013-08-10", "date_precision": "day", "year": 2013, "month": 8, "hazard": "debris_flow", "hazard_raw": "debris_flow", "district": null, "lon": 85.3786, "lat": 27.9523, "geo_precision": "exact", "deaths": 0, "missing": 0, "injured": 0, "people_affected": 10, "houses_destroyed": 1, "houses_damaged": 2, "title": "(demo) debris_flow event", "source_url": "", "severity_score": 0.32, "severity_class": "small"}}, {"type": "Feature", "geometry": {"type": "Point", "coordinates": [85.9107, 27.0419]}, "properties": {"id": "demo-701", "source": "demo", "date": "2001-11-19", "date_precision": "day", "year": 2001, "month": 11, "hazard": "flood", "hazard_raw": "flood", "district": null, "lon": 85.9107, "lat": 27.0419, "geo_precision": "exact", "deaths": 4, "missing": 0, "injured": 5, "people_affected": 23, "houses_destroyed": 5, "houses_damaged": 10, "title": "(demo) flood event", "source_url": "", "severity_score": 26.55, "severity_class": "major"}}, {"type": "Feature", "geometry": {"type": "Point", "coordinates": [85.5878, 28.2395]}, "properties": {"id": "demo-702", "source": "demo", "date": "2004-09-03", "date_precision": "day", "year": 2004, "month": 9, "hazard": "glof", "hazard_raw": "glof", "district": null, "lon": 85.5878, "lat": 28.2395, "geo_precision": "exact", "deaths": 19, "missing": 2, "injured": 12, "people_affected": 1017, "houses_destroyed": 142, "houses_damaged": 179, "title": "(demo) glof event", "source_url": "", "severity_score": 156.38, "severity_class": "catastrophic"}}, {"type": "Feature", "geometry": {"type": "Point", "coordinates": [83.4299, 28.5772]}, "properties": {"id": "demo-703", "source": "demo", "date": "2023-06-01", "date_precision": "day", "year": 2023, "month": 6, "hazard": "flash_flood", "hazard_raw": "flash_flood", "district": null, "lon": 83.4299, "lat": 28.5772, "geo_precision": "exact", "deaths": 10, "missing": 3, "injured": 15, "people_affected": 236, "houses_destroyed": 28, "houses_damaged": 46, "title": "(demo) flash_flood event", "source_url": "", "severity_score": 88.37, "severity_class": "major"}}, {"type": "Feature", "geometry": {"type": "Point", "coordinates": [81.4101, 29.5088]}, "properties": {"id": "demo-704", "source": "demo", "date": "2016-06-20", "date_precision": "day", "year": 2016, "month": 6, "hazard": "landslide", "hazard_raw": "landslide", "district": null, "lon": 81.4101, "lat": 29.5088, "geo_precision": "exact", "deaths": 0, "missing": 0, "injured": 0, "people_affected": 6, "houses_destroyed": 2, "houses_damaged": 5, "title": "(demo) landslide event", "source_url": "", "severity_score": 0.66, "severity_class": "small"}}, {"type": "Feature", "geometry": {"type": "Point", "coordinates": [87.4541, 26.5481]}, "properties": {"id": "demo-705", "source": "demo", "date": "2005-07-19", "date_precision": "day", "year": 2005, "month": 7, "hazard": "avalanche", "hazard_raw": "avalanche", "district": null, "lon": 87.4541, "lat": 26.5481, "geo_precision": "exact", "deaths": 0, "missing": 0, "injured": 0, "people_affected": 0, "houses_destroyed": 0, "houses_damaged": 0, "title": "(demo) avalanche event", "source_url": "", "severity_score": 0.0, "severity_class": "minor"}}, {"type": "Feature", "geometry": {"type": "Point", "coordinates": [85.9119, 28.1111]}, "properties": {"id": "demo-706", "source": "demo", "date": "2023-05-11", "date_precision": "day", "year": 2023, "month": 5, "hazard": "flash_flood", "hazard_raw": "flash_flood", "district": null, "lon": 85.9119, "lat": 28.1111, "geo_precision": "exact", "deaths": 0, "missing": 0, "injured": 0, "people_affected": 127, "houses_destroyed": 10, "houses_damaged": 10, "title": "(demo) flash_flood event", "source_url": "", "severity_score": 2.75, "severity_class": "small"}}, {"type": "Feature", "geometry": {"type": "Point", "coordinates": [85.5667, 27.7276]}, "properties": {"id": "demo-707", "source": "demo", "date": "2007-08-25", "date_precision": "day", "year": 2007, "month": 8, "hazard": "landslide", "hazard_raw": "landslide", "district": null, "lon": 85.5667, "lat": 27.7276, "geo_precision": "exact", "deaths": 0, "missing": 0, "injured": 0, "people_affected": 0, "houses_destroyed": 0, "houses_damaged": 0, "title": "(demo) landslide event", "source_url": "", "severity_score": 0.0, "severity_class": "minor"}}, {"type": "Feature", "geometry": {"type": "Point", "coordinates": [85.2536, 28.1189]}, "properties": {"id": "demo-708", "source": "demo", "date": "2005-08-28", "date_precision": "day", "year": 2005, "month": 8, "hazard": "debris_flow", "hazard_raw": "debris_flow", "district": null, "lon": 85.2536, "lat": 28.1189, "geo_precision": "exact", "deaths": 8, "missing": 2, "injured": 11, "people_affected": 213, "houses_destroyed": 37, "houses_damaged": 59, "title": "(demo) debris_flow event", "source_url": "", "severity_score": 71.78, "severity_class": "major"}}, {"type": "Feature", "geometry": {"type": "Point", "coordinates": [86.322, 26.7672]}, "properties": {"id": "demo-709", "source": "demo", "date": "2014-05-13", "date_precision": "day", "year": 2014, "month": 5, "hazard": "flood", "hazard_raw": "flood", "district": null, "lon": 86.322, "lat": 26.7672, "geo_precision": "exact", "deaths": 10, "missing": 0, "injured": 19, "people_affected": 0, "houses_destroyed": 0, "houses_damaged": 0, "title": "(demo) flood event", "source_url": "", "severity_score": 69.0, "severity_class": "major"}}, {"type": "Feature", "geometry": {"type": "Point", "coordinates": [85.5659, 28.119]}, "properties": {"id": "demo-710", "source": "demo", "date": "2002-08-12", "date_precision": "day", "year": 2002, "month": 8, "hazard": "flash_flood", "hazard_raw": "flash_flood", "district": null, "lon": 85.5659, "lat": 28.119, "geo_precision": "exact", "deaths": 2, "missing": 0, "injured": 1, "people_affected": 43, "houses_destroyed": 4, "houses_damaged": 5, "title": "(demo) flash_flood event", "source_url": "", "severity_score": 12.14, "severity_class": "moderate"}}, {"type": "Feature", "geometry": {"type": "Point", "coordinates": [84.6936, 27.9168]}, "properties": {"id": "demo-711", "source": "demo", "date": "2009-09-14", "date_precision": "day", "year": 2009, "month": 9, "hazard": "landslide", "hazard_raw": "landslide", "district": null, "lon": 84.6936, "lat": 27.9168, "geo_precision": "exact", "deaths": 0, "missing": 0, "injured": 0, "people_affected": 0, "houses_destroyed": 0, "houses_damaged": 0, "title": "(demo) landslide event", "source_url": "", "severity_score": 0.0, "severity_class": "minor"}}, {"type": "Feature", "geometry": {"type": "Point", "coordinates": [86.6843, 28.0437]}, "properties": {"id": "demo-712", "source": "demo", "date": "2007-01-17", "date_precision": "day", "year": 2007, "month": 1, "hazard": "landslide", "hazard_raw": "landslide", "district": null, "lon": 86.6843, "lat": 28.0437, "geo_precision": "exact", "deaths": 5, "missing": 1, "injured": 7, "people_affected": 231, "houses_destroyed": 23, "houses_damaged": 48, "title": "(demo) landslide event", "source_url": "", "severity_score": 44.46, "severity_class": "major"}}, {"type": "Feature", "geometry": {"type": "Point", "coordinates": [86.8844, 27.9722]}, "properties": {"id": "demo-713", "source": "demo", "date": "1980-09-06", "date_precision": "day", "year": 1980, "month": 9, "hazard": "landslide", "hazard_raw": "landslide", "district": null, "lon": 86.8844, "lat": 27.9722, "geo_precision": "exact", "deaths": 0, "missing": 0, "injured": 0, "people_affected": 0, "houses_destroyed": 0, "houses_damaged": 0, "title": "(demo) landslide event", "source_url": "", "severity_score": 0.0, "severity_class": "minor"}}, {"type": "Feature", "geometry": {"type": "Point", "coordinates": [86.8109, 27.9948]}, "properties": {"id": "demo-714", "source": "demo", "date": "2009-08-06", "date_precision": "day", "year": 2009, "month": 8, "hazard": "debris_flow", "hazard_raw": "debris_flow", "district": null, "lon": 86.8109, "lat": 27.9948, "geo_precision": "exact", "deaths": 0, "missing": 0, "injured": 0, "people_affected": 0, "houses_destroyed": 0, "houses_damaged": 0, "title": "(demo) debris_flow event", "source_url": "", "severity_score": 0.0, "severity_class": "minor"}}, {"type": "Feature", "geometry": {"type": "Point", "coordinates": [86.0742, 26.8273]}, "properties": {"id": "demo-715", "source": "demo", "date": "1991-07-20", "date_precision": "day", "year": 1991, "month": 7, "hazard": "flood", "hazard_raw": "flood", "district": null, "lon": 86.0742, "lat": 26.8273, "geo_precision": "exact", "deaths": 0, "missing": 0, "injured": 0, "people_affected": 0, "houses_destroyed": 0, "houses_damaged": 0, "title": "(demo) flood event", "source_url": "", "severity_score": 0.0, "severity_class": "minor"}}, {"type": "Feature", "geometry": {"type": "Point", "coordinates": [86.1158, 28.3713]}, "properties": {"id": "demo-716", "source": "demo", "date": "2010-04-08", "date_precision": "day", "year": 2010, "month": 4, "hazard": "glof", "hazard_raw": "glof", "district": null, "lon": 86.1158, "lat": 28.3713, "geo_precision": "exact", "deaths": 8, "missing": 1, "injured": 9, "people_affected": 0, "houses_destroyed": 0, "houses_damaged": 0, "title": "(demo) glof event", "source_url": "", "severity_score": 54.0, "severity_class": "major"}}, {"type": "Feature", "geometry": {"type": "Point", "coordinates": [86.3365, 28.0908]}, "properties": {"id": "demo-717", "source": "demo", "date": "2008-08-28", "date_precision": "day", "year": 2008, "month": 8, "hazard": "avalanche", "hazard_raw": "avalanche", "district": null, "lon": 86.3365, "lat": 28.0908, "geo_precision": "exact", "deaths": 40, "missing": 2, "injured": 21, "people_affected": 3285, "houses_destroyed": 199, "houses_damaged": 219, "title": "(demo) avalanche event", "source_url": "", "severity_score": 288.32, "severity_class": "catastrophic"}}, {"type": "Feature", "geometry": {"type": "Point", "coordinates": [87.0497, 27.8135]}, "properties": {"id": "demo-718", "source": "demo", "date": "2025-07-21", "date_precision": "day", "year": 2025, "month": 7, "hazard": "landslide", "hazard_raw": "landslide", "district": null, "lon": 87.0497, "lat": 27.8135, "geo_precision": "exact", "deaths": 4, "missing": 0, "injured": 4, "people_affected": 169, "houses_destroyed": 12, "houses_damaged": 38, "title": "(demo) landslide event", "source_url": "", "severity_score": 28.64, "severity_class": "major"}}, {"type": "Feature", "geometry": {"type": "Point", "coordinates": [85.7278, 28.1232]}, "properties": {"id": "demo-719", "source": "demo", "date": "2022-09-25", "date_precision": "day", "year": 2022, "month": 9, "hazard": "landslide", "hazard_raw": "landslide", "district": null, "lon": 85.7278, "lat": 28.1232, "geo_precision": "exact", "deaths": 0, "missing": 0, "injured": 0, "people_affected": 291, "houses_destroyed": 15, "houses_damaged": 43, "title": "(demo) landslide event", "source_url": "", "severity_score": 5.73, "severity_class": "moderate"}}, {"type": "Feature", "geometry": {"type": "Point", "coordinates": [87.2507, 27.753]}, "properties": {"id": "demo-720", "source": "demo", "date": "2009-05-12", "date_precision": "day", "year": 2009, "month": 5, "hazard": "landslide", "hazard_raw": "landslide", "district": null, "lon": 87.2507, "lat": 27.753, "geo_precision": "exact", "deaths": 1, "missing": 0, "injured": 1, "people_affected": 0, "houses_destroyed": 0, "houses_damaged": 0, "title": "(demo) landslide event", "source_url": "", "severity_score": 6.0, "severity_class": "moderate"}}, {"type": "Feature", "geometry": {"type": "Point", "coordinates": [86.6174, 27.7478]}, "properties": {"id": "demo-721", "source": "demo", "date": "2004-07-26", "date_precision": "day", "year": 2004, "month": 7, "hazard": "flood", "hazard_raw": "flood", "district": null, "lon": 86.6174, "lat": 27.7478, "geo_precision": "exact", "deaths": 1, "missing": 0, "injured": 1, "people_affected": 123, "houses_destroyed": 7, "houses_damaged": 20, "title": "(demo) flood event", "source_url": "", "severity_score": 8.65, "severity_class": "moderate"}}, {"type": "Feature", "geometry": {"type": "Point", "coordinates": [82.006, 29.6119]}, "properties": {"id": "demo-722", "source": "demo", "date": "2010-07-07", "date_precision": "day", "year": 2010, "month": 7, "hazard": "flash_flood", "hazard_raw": "flash_flood", "district": null, "lon": 82.006, "lat": 29.6119, "geo_precision": "exact", "deaths": 1, "missing": 0, "injured": 1, "people_affected": 149, "houses_destroyed": 8, "houses_damaged": 15, "title": "(demo) flash_flood event", "source_url": "", "severity_score": 8.65, "severity_class": "moderate"}}, {"type": "Feature", "geometry": {"type": "Point", "coordinates": [84.0489, 28.8594]}, "properties": {"id": "demo-723", "source": "demo", "date": "2026-05-26", "date_precision": "day", "year": 2026, "month": 5, "hazard": "flash_flood", "hazard_raw": "flash_flood", "district": null, "lon": 84.0489, "lat": 28.8594, "geo_precision": "exact", "deaths": 9, "missing": 2, "injured": 6, "people_affected": 506, "houses_destroyed": 74, "houses_damaged": 151, "title": "(demo) flash_flood event", "source_url": "", "severity_score": 84.36, "severity_class": "major"}}, {"type": "Feature", "geometry": {"type": "Point", "coordinates": [85.5331, 27.0494]}, "properties": {"id": "demo-724", "source": "demo", "date": "2008-11-05", "date_precision": "day", "year": 2008, "month": 11, "hazard": "flood", "hazard_raw": "flood", "district": null, "lon": 85.5331, "lat": 27.0494, "geo_precision": "exact", "deaths": 0, "missing": 0, "injured": 0, "people_affected": 65, "houses_destroyed": 5, "houses_damaged": 16, "title": "(demo) flood event", "source_url": "", "severity_score": 1.93, "severity_class": "small"}}, {"type": "Feature", "geometry": {"type": "Point", "coordinates": [81.9466, 29.4863]}, "properties": {"id": "demo-725", "source": "demo", "date": "2000-05-25", "date_precision": "day", "year": 2000, "month": 5, "hazard": "landslide", "hazard_raw": "landslide", "district": null, "lon": 81.9466, "lat": 29.4863, "geo_precision": "exact", "deaths": 0, "missing": 0, "injured": 0, "people_affected": 12, "houses_destroyed": 1, "houses_damaged": 2, "title": "(demo) landslide event", "source_url": "", "severity_score": 0.32, "severity_class": "small"}}, {"type": "Feature", "geometry": {"type": "Point", "coordinates": [86.4685, 27.9906]}, "properties": {"id": "demo-726", "source": "demo", "date": "2004-04-24", "date_precision": "day", "year": 2004, "month": 4, "hazard": "debris_flow", "hazard_raw": "debris_flow", "district": null, "lon": 86.4685, "lat": 27.9906, "geo_precision": "exact", "deaths": 2, "missing": 0, "injured": 3, "people_affected": 0, "houses_destroyed": 0, "houses_damaged": 0, "title": "(demo) debris_flow event", "source_url": "", "severity_score": 13.0, "severity_class": "moderate"}}, {"type": "Feature", "geometry": {"type": "Point", "coordinates": [82.2332, 29.2052]}, "properties": {"id": "demo-727", "source": "demo", "date": "2011-07-14", "date_precision": "day", "year": 2011, "month": 7, "hazard": "flash_flood", "hazard_raw": "flash_flood", "district": null, "lon": 82.2332, "lat": 29.2052, "geo_precision": "exact", "deaths": 1, "missing": 0, "injured": 1, "people_affected": 41, "houses_destroyed": 4, "houses_damaged": 6, "title": "(demo) flash_flood event", "source_url": "", "severity_score": 7.18, "severity_class": "moderate"}}, {"type": "Feature", "geometry": {"type": "Point", "coordinates": [85.9849, 26.6535]}, "properties": {"id": "demo-728", "source": "demo", "date": "2006-08-19", "date_precision": "day", "year": 2006, "month": 8, "hazard": "flood", "hazard_raw": "flood", "district": null, "lon": 85.9849, "lat": 26.6535, "geo_precision": "exact", "deaths": 0, "missing": 0, "injured": 0, "people_affected": 230, "houses_destroyed": 18, "houses_damaged": 69, "title": "(demo) flood event", "source_url": "", "severity_score": 7.51, "severity_class": "moderate"}}, {"type": "Feature", "geometry": {"type": "Point", "coordinates": [83.5945, 28.0887]}, "properties": {"id": "demo-729", "source": "demo", "date": "2009-07-13", "date_precision": "day", "year": 2009, "month": 7, "hazard": "landslide", "hazard_raw": "landslide", "district": null, "lon": 83.5945, "lat": 28.0887, "geo_precision": "exact", "deaths": 0, "missing": 0, "injured": 0, "people_affected": 10, "houses_destroyed": 1, "houses_damaged": 3, "title": "(demo) landslide event", "source_url": "", "severity_score": 0.37, "severity_class": "small"}}, {"type": "Feature", "geometry": {"type": "Point", "coordinates": [86.6435, 27.9656]}, "properties": {"id": "demo-730", "source": "demo", "date": "2013-09-24", "date_precision": "day", "year": 2013, "month": 9, "hazard": "avalanche", "hazard_raw": "avalanche", "district": null, "lon": 86.6435, "lat": 27.9656, "geo_precision": "exact", "deaths": 1, "missing": 0, "injured": 0, "people_affected": 8, "houses_destroyed": 1, "houses_damaged": 3, "title": "(demo) avalanche event", "source_url": "", "severity_score": 5.37, "severity_class": "moderate"}}, {"type": "Feature", "geometry": {"type": "Point", "coordinates": [86.602, 27.8444]}, "properties": {"id": "demo-731", "source": "demo", "date": "2020-09-21", "date_precision": "day", "year": 2020, "month": 9, "hazard": "landslide", "hazard_raw": "landslide", "district": null, "lon": 86.602, "lat": 27.8444, "geo_precision": "exact", "deaths": 0, "missing": 0, "injured": 0, "people_affected": 0, "houses_destroyed": 0, "houses_damaged": 0, "title": "(demo) landslide event", "source_url": "", "severity_score": 0.0, "severity_class": "minor"}}, {"type": "Feature", "geometry": {"type": "Point", "coordinates": [82.0868, 29.883]}, "properties": {"id": "demo-732", "source": "demo", "date": "1976-07-16", "date_precision": "day", "year": 1976, "month": 7, "hazard": "landslide", "hazard_raw": "landslide", "district": null, "lon": 82.0868, "lat": 29.883, "geo_precision": "exact", "deaths": 1, "missing": 0, "injured": 1, "people_affected": 0, "houses_destroyed": 0, "houses_damaged": 0, "title": "(demo) landslide event", "source_url": "", "severity_score": 6.0, "severity_class": "moderate"}}, {"type": "Feature", "geometry": {"type": "Point", "coordinates": [87.0127, 27.9362]}, "properties": {"id": "demo-733", "source": "demo", "date": "2003-08-18", "date_precision": "day", "year": 2003, "month": 8, "hazard": "landslide", "hazard_raw": "landslide", "district": null, "lon": 87.0127, "lat": 27.9362, "geo_precision": "exact", "deaths": 0, "missing": 0, "injured": 0, "people_affected": 28, "houses_destroyed": 2, "houses_damaged": 7, "title": "(demo) landslide event", "source_url": "", "severity_score": 0.81, "severity_class": "small"}}, {"type": "Feature", "geometry": {"type": "Point", "coordinates": [82.2265, 29.3571]}, "properties": {"id": "demo-734", "source": "demo", "date": "2012-04-24", "date_precision": "day", "year": 2012, "month": 4, "hazard": "avalanche", "hazard_raw": "avalanche", "district": null, "lon": 82.2265, "lat": 29.3571, "geo_precision": "exact", "deaths": 1, "missing": 0, "injured": 1, "people_affected": 110, "houses_destroyed": 9, "houses_damaged": 10, "title": "(demo) avalanche event", "source_url": "", "severity_score": 8.52, "severity_class": "moderate"}}, {"type": "Feature", "geometry": {"type": "Point", "coordinates": [85.9489, 28.5234]}, "properties": {"id": "demo-735", "source": "demo", "date": "2007-07-26", "date_precision": "day", "year": 2007, "month": 7, "hazard": "landslide", "hazard_raw": "landslide", "district": null, "lon": 85.9489, "lat": 28.5234, "geo_precision": "exact", "deaths": 0, "missing": 0, "injured": 0, "people_affected": 68, "houses_destroyed": 5, "houses_damaged": 13, "title": "(demo) landslide event", "source_url": "", "severity_score": 1.79, "severity_class": "small"}}, {"type": "Feature", "geometry": {"type": "Point", "coordinates": [86.6639, 28.2649]}, "properties": {"id": "demo-736", "source": "demo", "date": "1994-06-12", "date_precision": "day", "year": 1994, "month": 6, "hazard": "landslide", "hazard_raw": "landslide", "district": null, "lon": 86.6639, "lat": 28.2649, "geo_precision": "exact", "deaths": 0, "missing": 0, "injured": 0, "people_affected": 104, "houses_destroyed": 7, "houses_damaged": 24, "title": "(demo) landslide event", "source_url": "", "severity_score": 2.81, "severity_class": "small"}}, {"type": "Feature", "geometry": {"type": "Point", "coordinates": [85.8441, 28.376]}, "properties": {"id": "demo-737", "source": "demo", "date": "2021-07-23", "date_precision": "day", "year": 2021, "month": 7, "hazard": "debris_flow", "hazard_raw": "debris_flow", "district": null, "lon": 85.8441, "lat": 28.376, "geo_precision": "exact", "deaths": 0, "missing": 0, "injured": 0, "people_affected": 0, "houses_destroyed": 0, "houses_damaged": 0, "title": "(demo) debris_flow event", "source_url": "", "severity_score": 0.0, "severity_class": "minor"}}, {"type": "Feature", "geometry": {"type": "Point", "coordinates": [80.761, 28.648]}, "properties": {"id": "demo-738", "source": "demo", "date": "2013-03-06", "date_precision": "day", "year": 2013, "month": 3, "hazard": "flood", "hazard_raw": "flood", "district": null, "lon": 80.761, "lat": 28.648, "geo_precision": "exact", "deaths": 15, "missing": 4, "injured": 6, "people_affected": 307, "houses_destroyed": 16, "houses_damaged": 33, "title": "(demo) flood event", "source_url": "", "severity_score": 106.46, "severity_class": "catastrophic"}}, {"type": "Feature", "geometry": {"type": "Point", "coordinates": [86.3272, 26.8162]}, "properties": {"id": "demo-739", "source": "demo", "date": "2016-08-14", "date_precision": "day", "year": 2016, "month": 8, "hazard": "flood", "hazard_raw": "flood", "district": null, "lon": 86.3272, "lat": 26.8162, "geo_precision": "exact", "deaths": 0, "missing": 0, "injured": 0, "people_affected": 19, "houses_destroyed": 1, "houses_damaged": 3, "title": "(demo) flood event", "source_url": "", "severity_score": 0.39, "severity_class": "small"}}, {"type": "Feature", "geometry": {"type": "Point", "coordinates": [86.2531, 27.6345]}, "properties": {"id": "demo-740", "source": "demo", "date": "2010-03-25", "date_precision": "day", "year": 2010, "month": 3, "hazard": "avalanche", "hazard_raw": "avalanche", "district": null, "lon": 86.2531, "lat": 27.6345, "geo_precision": "exact", "deaths": 0, "missing": 0, "injured": 0, "people_affected": 0, "houses_destroyed": 0, "houses_damaged": 0, "title": "(demo) avalanche event", "source_url": "", "severity_score": 0.0, "severity_class": "minor"}}, {"type": "Feature", "geometry": {"type": "Point", "coordinates": [87.1378, 27.6882]}, "properties": {"id": "demo-741", "source": "demo", "date": "2012-08-22", "date_precision": "day", "year": 2012, "month": 8, "hazard": "landslide", "hazard_raw": "landslide", "district": null, "lon": 87.1378, "lat": 27.6882, "geo_precision": "exact", "deaths": 0, "missing": 0, "injured": 0, "people_affected": 35, "houses_destroyed": 2, "houses_damaged": 6, "title": "(demo) landslide event", "source_url": "", "severity_score": 0.77, "severity_class": "small"}}, {"type": "Feature", "geometry": {"type": "Point", "coordinates": [80.5876, 28.9068]}, "properties": {"id": "demo-742", "source": "demo", "date": "1993-08-11", "date_precision": "day", "year": 1993, "month": 8, "hazard": "flood", "hazard_raw": "flood", "district": null, "lon": 80.5876, "lat": 28.9068, "geo_precision": "exact", "deaths": 0, "missing": 0, "injured": 0, "people_affected": 3, "houses_destroyed": 1, "houses_damaged": 1, "title": "(demo) flood event", "source_url": "", "severity_score": 0.26, "severity_class": "small"}}, {"type": "Feature", "geometry": {"type": "Point", "coordinates": [85.4488, 28.3212]}, "properties": {"id": "demo-743", "source": "demo", "date": "2022-10-19", "date_precision": "day", "year": 2022, "month": 10, "hazard": "flash_flood", "hazard_raw": "flash_flood", "district": null, "lon": 85.4488, "lat": 28.3212, "geo_precision": "exact", "deaths": 0, "missing": 0, "injured": 0, "people_affected": 56, "houses_destroyed": 6, "houses_damaged": 8, "title": "(demo) flash_flood event", "source_url": "", "severity_score": 1.71, "severity_class": "small"}}, {"type": "Feature", "geometry": {"type": "Point", "coordinates": [86.8573, 27.7314]}, "properties": {"id": "demo-744", "source": "demo", "date": "1980-07-20", "date_precision": "day", "year": 1980, "month": 7, "hazard": "flood", "hazard_raw": "flood", "district": null, "lon": 86.8573, "lat": 27.7314, "geo_precision": "exact", "deaths": 157, "missing": 19, "injured": 124, "people_affected": 800, "houses_destroyed": 132, "houses_damaged": 270, "title": "(demo) flood event", "source_url": "", "severity_score": 1045.5, "severity_class": "catastrophic"}}, {"type": "Feature", "geometry": {"type": "Point", "coordinates": [85.7086, 28.2615]}, "properties": {"id": "demo-745", "source": "demo", "date": "1980-10-15", "date_precision": "day", "year": 1980, "month": 10, "hazard": "flash_flood", "hazard_raw": "flash_flood", "district": null, "lon": 85.7086, "lat": 28.2615, "geo_precision": "exact", "deaths": 0, "missing": 0, "injured": 0, "people_affected": 84, "houses_destroyed": 12, "houses_damaged": 25, "title": "(demo) flash_flood event", "source_url": "", "severity_score": 3.82, "severity_class": "small"}}, {"type": "Feature", "geometry": {"type": "Point", "coordinates": [82.3223, 29.5051]}, "properties": {"id": "demo-746", "source": "demo", "date": "1974-10-26", "date_precision": "day", "year": 1974, "month": 10, "hazard": "avalanche", "hazard_raw": "avalanche", "district": null, "lon": 82.3223, "lat": 29.5051, "geo_precision": "exact", "deaths": 0, "missing": 0, "injured": 0, "people_affected": 0, "houses_destroyed": 0, "houses_damaged": 0, "title": "(demo) avalanche event", "source_url": "", "severity_score": 0.0, "severity_class": "minor"}}, {"type": "Feature", "geometry": {"type": "Point", "coordinates": [86.2729, 28.0741]}, "properties": {"id": "demo-747", "source": "demo", "date": "2004-07-07", "date_precision": "day", "year": 2004, "month": 7, "hazard": "glof", "hazard_raw": "glof", "district": null, "lon": 86.2729, "lat": 28.0741, "geo_precision": "exact", "deaths": 1, "missing": 0, "injured": 0, "people_affected": 1037, "houses_destroyed": 108, "houses_damaged": 264, "title": "(demo) glof event", "source_url": "", "severity_score": 41.87, "severity_class": "major"}}, {"type": "Feature", "geometry": {"type": "Point", "coordinates": [80.6567, 28.5542]}, "properties": {"id": "demo-748", "source": "demo", "date": "2004-09-07", "date_precision": "day", "year": 2004, "month": 9, "hazard": "flash_flood", "hazard_raw": "flash_flood", "district": null, "lon": 80.6567, "lat": 28.5542, "geo_precision": "exact", "deaths": 1, "missing": 0, "injured": 1, "people_affected": 0, "houses_destroyed": 0, "houses_damaged": 0, "title": "(demo) flash_flood event", "source_url": "", "severity_score": 6.0, "severity_class": "moderate"}}, {"type": "Feature", "geometry": {"type": "Point", "coordinates": [85.6924, 27.0595]}, "properties": {"id": "demo-749", "source": "demo", "date": "2023-09-28", "date_precision": "day", "year": 2023, "month": 9, "hazard": "flood", "hazard_raw": "flood", "district": null, "lon": 85.6924, "lat": 27.0595, "geo_precision": "exact", "deaths": 0, "missing": 0, "injured": 0, "people_affected": 36, "houses_destroyed": 6, "houses_damaged": 14, "title": "(demo) flood event", "source_url": "", "severity_score": 1.97, "severity_class": "small"}}, {"type": "Feature", "geometry": {"type": "Point", "coordinates": [81.6748, 29.4043]}, "properties": {"id": "demo-750", "source": "demo", "date": "2011-08-02", "date_precision": "day", "year": 2011, "month": 8, "hazard": "landslide", "hazard_raw": "landslide", "district": null, "lon": 81.6748, "lat": 29.4043, "geo_precision": "exact", "deaths": 0, "missing": 0, "injured": 0, "people_affected": 0, "houses_destroyed": 0, "houses_damaged": 0, "title": "(demo) landslide event", "source_url": "", "severity_score": 0.0, "severity_class": "minor"}}, {"type": "Feature", "geometry": {"type": "Point", "coordinates": [87.3244, 26.6088]}, "properties": {"id": "demo-751", "source": "demo", "date": "2019-08-14", "date_precision": "day", "year": 2019, "month": 8, "hazard": "landslide", "hazard_raw": "landslide", "district": null, "lon": 87.3244, "lat": 26.6088, "geo_precision": "exact", "deaths": 11, "missing": 3, "injured": 10, "people_affected": 572, "houses_destroyed": 92, "houses_damaged": 324, "title": "(demo) landslide event", "source_url": "", "severity_score": 115.74, "severity_class": "catastrophic"}}, {"type": "Feature", "geometry": {"type": "Point", "coordinates": [84.9823, 27.9179]}, "properties": {"id": "demo-752", "source": "demo", "date": "2024-07-22", "date_precision": "day", "year": 2024, "month": 7, "hazard": "debris_flow", "hazard_raw": "debris_flow", "district": null, "lon": 84.9823, "lat": 27.9179, "geo_precision": "exact", "deaths": 0, "missing": 0, "injured": 0, "people_affected": 15, "houses_destroyed": 2, "houses_damaged": 6, "title": "(demo) debris_flow event", "source_url": "", "severity_score": 0.73, "severity_class": "small"}}, {"type": "Feature", "geometry": {"type": "Point", "coordinates": [85.7786, 26.8673]}, "properties": {"id": "demo-753", "source": "demo", "date": "2006-11-18", "date_precision": "day", "year": 2006, "month": 11, "hazard": "flood", "hazard_raw": "flood", "district": null, "lon": 85.7786, "lat": 26.8673, "geo_precision": "exact", "deaths": 0, "missing": 0, "injured": 0, "people_affected": 8, "houses_destroyed": 2, "houses_damaged": 4, "title": "(demo) flood event", "source_url": "", "severity_score": 0.62, "severity_class": "small"}}, {"type": "Feature", "geometry": {"type": "Point", "coordinates": [86.3249, 27.8361]}, "properties": {"id": "demo-754", "source": "demo", "date": "2024-03-17", "date_precision": "day", "year": 2024, "month": 3, "hazard": "landslide", "hazard_raw": "landslide", "district": null, "lon": 86.3249, "lat": 27.8361, "geo_precision": "exact", "deaths": 0, "missing": 0, "injured": 0, "people_affected": 56, "houses_destroyed": 3, "houses_damaged": 11, "title": "(demo) landslide event", "source_url": "", "severity_score": 1.26, "severity_class": "small"}}, {"type": "Feature", "geometry": {"type": "Point", "coordinates": [84.0978, 27.5184]}, "properties": {"id": "demo-755", "source": "demo", "date": "2009-07-08", "date_precision": "day", "year": 2009, "month": 7, "hazard": "flood", "hazard_raw": "flood", "district": null, "lon": 84.0978, "lat": 27.5184, "geo_precision": "exact", "deaths": 0, "missing": 0, "injured": 0, "people_affected": 12, "houses_destroyed": 1, "houses_damaged": 2, "title": "(demo) flood event", "source_url": "", "severity_score": 0.32, "severity_class": "small"}}, {"type": "Feature", "geometry": {"type": "Point", "coordinates": [86.674, 27.8709]}, "properties": {"id": "demo-756", "source": "demo", "date": "2017-01-24", "date_precision": "day", "year": 2017, "month": 1, "hazard": "landslide", "hazard_raw": "landslide", "district": null, "lon": 86.674, "lat": 27.8709, "geo_precision": "exact", "deaths": 2, "missing": 0, "injured": 1, "people_affected": 252, "houses_destroyed": 15, "houses_damaged": 40, "title": "(demo) landslide event", "source_url": "", "severity_score": 16.5, "severity_class": "moderate"}}, {"type": "Feature", "geometry": {"type": "Point", "coordinates": [85.5956, 27.8378]}, "properties": {"id": "demo-757", "source": "demo", "date": "2002-01-27", "date_precision": "day", "year": 2002, "month": 1, "hazard": "debris_flow", "hazard_raw": "debris_flow", "district": null, "lon": 85.5956, "lat": 27.8378, "geo_precision": "exact", "deaths": 0, "missing": 0, "injured": 0, "people_affected": 39, "houses_destroyed": 2, "houses_damaged": 4, "title": "(demo) debris_flow event", "source_url": "", "severity_score": 0.68, "severity_class": "small"}}, {"type": "Feature", "geometry": {"type": "Point", "coordinates": [80.8477, 28.6952]}, "properties": {"id": "demo-758", "source": "demo", "date": "2009-08-06", "date_precision": "day", "year": 2009, "month": 8, "hazard": "flood", "hazard_raw": "flood", "district": null, "lon": 80.8477, "lat": 28.6952, "geo_precision": "exact", "deaths": 1, "missing": 0, "injured": 0, "people_affected": 99, "houses_destroyed": 10, "houses_damaged": 11, "title": "(demo) flood event", "source_url": "", "severity_score": 7.75, "severity_class": "moderate"}}, {"type": "Feature", "geometry": {"type": "Point", "coordinates": [86.7409, 28.1406]}, "properties": {"id": "demo-759", "source": "demo", "date": "2024-08-07", "date_precision": "day", "year": 2024, "month": 8, "hazard": "avalanche", "hazard_raw": "avalanche", "district": null, "lon": 86.7409, "lat": 28.1406, "geo_precision": "exact", "deaths": 0, "missing": 0, "injured": 0, "people_affected": 0, "houses_destroyed": 0, "houses_damaged": 0, "title": "(demo) avalanche event", "source_url": "", "severity_score": 0.0, "severity_class": "minor"}}, {"type": "Feature", "geometry": {"type": "Point", "coordinates": [86.5611, 28.2026]}, "properties": {"id": "demo-760", "source": "demo", "date": "2007-06-28", "date_precision": "day", "year": 2007, "month": 6, "hazard": "glof", "hazard_raw": "glof", "district": null, "lon": 86.5611, "lat": 28.2026, "geo_precision": "exact", "deaths": 0, "missing": 0, "injured": 0, "people_affected": 1306, "houses_destroyed": 135, "houses_damaged": 259, "title": "(demo) glof event", "source_url": "", "severity_score": 42.56, "severity_class": "major"}}, {"type": "Feature", "geometry": {"type": "Point", "coordinates": [80.4636, 28.6895]}, "properties": {"id": "demo-761", "source": "demo", "date": "2024-11-28", "date_precision": "day", "year": 2024, "month": 11, "hazard": "flood", "hazard_raw": "flood", "district": null, "lon": 80.4636, "lat": 28.6895, "geo_precision": "exact", "deaths": 0, "missing": 0, "injured": 0, "people_affected": 10, "houses_destroyed": 1, "houses_damaged": 1, "title": "(demo) flood event", "source_url": "", "severity_score": 0.27, "severity_class": "small"}}, {"type": "Feature", "geometry": {"type": "Point", "coordinates": [86.393, 27.9096]}, "properties": {"id": "demo-762", "source": "demo", "date": "2018-08-25", "date_precision": "day", "year": 2018, "month": 8, "hazard": "glof", "hazard_raw": "glof", "district": null, "lon": 86.393, "lat": 27.9096, "geo_precision": "exact", "deaths": 3, "missing": 0, "injured": 5, "people_affected": 621, "houses_destroyed": 33, "houses_damaged": 45, "title": "(demo) glof event", "source_url": "", "severity_score": 30.09, "severity_class": "major"}}, {"type": "Feature", "geometry": {"type": "Point", "coordinates": [83.6334, 27.507]}, "properties": {"id": "demo-763", "source": "demo", "date": "1973-09-03", "date_precision": "day", "year": 1973, "month": 9, "hazard": "flash_flood", "hazard_raw": "flash_flood", "district": null, "lon": 83.6334, "lat": 27.507, "geo_precision": "exact", "deaths": 21, "missing": 6, "injured": 40, "people_affected": 189, "houses_destroyed": 46, "houses_damaged": 88, "title": "(demo) flash_flood event", "source_url": "", "severity_score": 188.98, "severity_class": "catastrophic"}}, {"type": "Feature", "geometry": {"type": "Point", "coordinates": [83.7701, 28.5899]}, "properties": {"id": "demo-764", "source": "demo", "date": "2016-06-10", "date_precision": "day", "year": 2016, "month": 6, "hazard": "flood", "hazard_raw": "flood", "district": null, "lon": 83.7701, "lat": 28.5899, "geo_precision": "exact", "deaths": 4, "missing": 0, "injured": 5, "people_affected": 433, "houses_destroyed": 35, "houses_damaged": 51, "title": "(demo) flood event", "source_url": "", "severity_score": 35.42, "severity_class": "major"}}, {"type": "Feature", "geometry": {"type": "Point", "coordinates": [80.7225, 28.7011]}, "properties": {"id": "demo-765", "source": "demo", "date": "1978-05-15", "date_precision": "day", "year": 1978, "month": 5, "hazard": "landslide", "hazard_raw": "landslide", "district": null, "lon": 80.7225, "lat": 28.7011, "geo_precision": "exact", "deaths": 0, "missing": 0, "injured": 0, "people_affected": 0, "houses_destroyed": 0, "houses_damaged": 0, "title": "(demo) landslide event", "source_url": "", "severity_score": 0.0, "severity_class": "minor"}}, {"type": "Feature", "geometry": {"type": "Point", "coordinates": [80.942, 28.7319]}, "properties": {"id": "demo-766", "source": "demo", "date": "1992-09-03", "date_precision": "day", "year": 1992, "month": 9, "hazard": "avalanche", "hazard_raw": "avalanche", "district": null, "lon": 80.942, "lat": 28.7319, "geo_precision": "exact", "deaths": 1, "missing": 0, "injured": 1, "people_affected": 82, "houses_destroyed": 6, "houses_damaged": 9, "title": "(demo) avalanche event", "source_url": "", "severity_score": 7.81, "severity_class": "moderate"}}, {"type": "Feature", "geometry": {"type": "Point", "coordinates": [86.2298, 27.0084]}, "properties": {"id": "demo-767", "source": "demo", "date": "2022-07-20", "date_precision": "day", "year": 2022, "month": 7, "hazard": "avalanche", "hazard_raw": "avalanche", "district": null, "lon": 86.2298, "lat": 27.0084, "geo_precision": "exact", "deaths": 0, "missing": 0, "injured": 0, "people_affected": 11, "houses_destroyed": 1, "houses_damaged": 3, "title": "(demo) avalanche event", "source_url": "", "severity_score": 0.37, "severity_class": "small"}}, {"type": "Feature", "geometry": {"type": "Point", "coordinates": [86.4431, 27.7795]}, "properties": {"id": "demo-768", "source": "demo", "date": "2013-07-09", "date_precision": "day", "year": 2013, "month": 7, "hazard": "avalanche", "hazard_raw": "avalanche", "district": null, "lon": 86.4431, "lat": 27.7795, "geo_precision": "exact", "deaths": 3, "missing": 0, "injured": 5, "people_affected": 232, "houses_destroyed": 15, "houses_damaged": 43, "title": "(demo) avalanche event", "source_url": "", "severity_score": 25.61, "severity_class": "major"}}, {"type": "Feature", "geometry": {"type": "Point", "coordinates": [85.4182, 27.8914]}, "properties": {"id": "demo-769", "source": "demo", "date": "2021-06-13", "date_precision": "day", "year": 2021, "month": 6, "hazard": "landslide", "hazard_raw": "landslide", "district": null, "lon": 85.4182, "lat": 27.8914, "geo_precision": "exact", "deaths": 0, "missing": 0, "injured": 0, "people_affected": 165, "houses_destroyed": 22, "houses_damaged": 54, "title": "(demo) landslide event", "source_url": "", "severity_score": 7.43, "severity_class": "moderate"}}, {"type": "Feature", "geometry": {"type": "Point", "coordinates": [86.461, 27.7247]}, "properties": {"id": "demo-770", "source": "demo", "date": "1991-09-01", "date_precision": "day", "year": 1991, "month": 9, "hazard": "avalanche", "hazard_raw": "avalanche", "district": null, "lon": 86.461, "lat": 27.7247, "geo_precision": "exact", "deaths": 2, "missing": 0, "injured": 3, "people_affected": 176, "houses_destroyed": 10, "houses_damaged": 33, "title": "(demo) avalanche event", "source_url": "", "severity_score": 17.0, "severity_class": "moderate"}}, {"type": "Feature", "geometry": {"type": "Point", "coordinates": [84.9879, 28.0144]}, "properties": {"id": "demo-771", "source": "demo", "date": "2020-12-15", "date_precision": "day", "year": 2020, "month": 12, "hazard": "flash_flood", "hazard_raw": "flash_flood", "district": null, "lon": 84.9879, "lat": 28.0144, "geo_precision": "exact", "deaths": 0, "missing": 0, "injured": 0, "people_affected": 12, "houses_destroyed": 2, "houses_damaged": 7, "title": "(demo) flash_flood event", "source_url": "", "severity_score": 0.77, "severity_class": "small"}}, {"type": "Feature", "geometry": {"type": "Point", "coordinates": [86.6027, 27.8374]}, "properties": {"id": "demo-772", "source": "demo", "date": "1974-07-21", "date_precision": "day", "year": 1974, "month": 7, "hazard": "landslide", "hazard_raw": "landslide", "district": null, "lon": 86.6027, "lat": 27.8374, "geo_precision": "exact", "deaths": 1, "missing": 0, "injured": 0, "people_affected": 35, "houses_destroyed": 2, "houses_damaged": 6, "title": "(demo) landslide event", "source_url": "", "severity_score": 5.77, "severity_class": "moderate"}}, {"type": "Feature", "geometry": {"type": "Point", "coordinates": [85.2061, 27.7169]}, "properties": {"id": "demo-773", "source": "demo", "date": "2017-08-07", "date_precision": "day", "year": 2017, "month": 8, "hazard": "landslide", "hazard_raw": "landslide", "district": null, "lon": 85.2061, "lat": 27.7169, "geo_precision": "exact", "deaths": 0, "missing": 0, "injured": 0, "people_affected": 104, "houses_destroyed": 8, "houses_damaged": 23, "title": "(demo) landslide event", "source_url": "", "severity_score": 2.96, "severity_class": "small"}}, {"type": "Feature", "geometry": {"type": "Point", "coordinates": [83.4953, 28.6632]}, "properties": {"id": "demo-774", "source": "demo", "date": "1987-08-17", "date_precision": "day", "year": 1987, "month": 8, "hazard": "flash_flood", "hazard_raw": "flash_flood", "district": null, "lon": 83.4953, "lat": 28.6632, "geo_precision": "exact", "deaths": 146, "missing": 3, "injured": 166, "people_affected": 7059, "houses_destroyed": 1753, "houses_damaged": 6500, "title": "(demo) flash_flood event", "source_url": "", "severity_score": 1600.72, "severity_class": "catastrophic"}}, {"type": "Feature", "geometry": {"type": "Point", "coordinates": [85.3402, 27.7971]}, "properties": {"id": "demo-775", "source": "demo", "date": "1971-08-11", "date_precision": "day", "year": 1971, "month": 8, "hazard": "landslide", "hazard_raw": "landslide", "district": null, "lon": 85.3402, "lat": 27.7971, "geo_precision": "exact", "deaths": 0, "missing": 0, "injured": 0, "people_affected": 0, "houses_destroyed": 0, "houses_damaged": 0, "title": "(demo) landslide event", "source_url": "", "severity_score": 0.0, "severity_class": "minor"}}, {"type": "Feature", "geometry": {"type": "Point", "coordinates": [86.4492, 28.1263]}, "properties": {"id": "demo-776", "source": "demo", "date": "2005-07-07", "date_precision": "day", "year": 2005, "month": 7, "hazard": "landslide", "hazard_raw": "landslide", "district": null, "lon": 86.4492, "lat": 28.1263, "geo_precision": "exact", "deaths": 0, "missing": 0, "injured": 0, "people_affected": 0, "houses_destroyed": 0, "houses_damaged": 0, "title": "(demo) landslide event", "source_url": "", "severity_score": 0.0, "severity_class": "minor"}}, {"type": "Feature", "geometry": {"type": "Point", "coordinates": [82.5927, 29.7576]}, "properties": {"id": "demo-777", "source": "demo", "date": "1997-09-26", "date_precision": "day", "year": 1997, "month": 9, "hazard": "flood", "hazard_raw": "flood", "district": null, "lon": 82.5927, "lat": 29.7576, "geo_precision": "exact", "deaths": 1, "missing": 0, "injured": 1, "people_affected": 0, "houses_destroyed": 0, "houses_damaged": 0, "title": "(demo) flood event", "source_url": "", "severity_score": 6.0, "severity_class": "moderate"}}, {"type": "Feature", "geometry": {"type": "Point", "coordinates": [87.2557, 26.7553]}, "properties": {"id": "demo-778", "source": "demo", "date": "2002-07-10", "date_precision": "day", "year": 2002, "month": 7, "hazard": "flood", "hazard_raw": "flood", "district": null, "lon": 87.2557, "lat": 26.7553, "geo_precision": "exact", "deaths": 3, "missing": 0, "injured": 3, "people_affected": 383, "houses_destroyed": 34, "houses_damaged": 120, "title": "(demo) flood event", "source_url": "", "severity_score": 31.57, "severity_class": "major"}}, {"type": "Feature", "geometry": {"type": "Point", "coordinates": [85.9812, 28.2657]}, "properties": {"id": "demo-779", "source": "demo", "date": "1991-08-05", "date_precision": "day", "year": 1991, "month": 8, "hazard": "glof", "hazard_raw": "glof", "district": null, "lon": 85.9812, "lat": 28.2657, "geo_precision": "exact", "deaths": 4, "missing": 1, "injured": 5, "people_affected": 263, "houses_destroyed": 52, "houses_damaged": 118, "title": "(demo) glof event", "source_url": "", "severity_score": 46.83, "severity_class": "major"}}, {"type": "Feature", "geometry": {"type": "Point", "coordinates": [86.5834, 27.93]}, "properties": {"id": "demo-780", "source": "demo", "date": "2015-09-12", "date_precision": "day", "year": 2015, "month": 9, "hazard": "landslide", "hazard_raw": "landslide", "district": null, "lon": 86.5834, "lat": 27.93, "geo_precision": "exact", "deaths": 0, "missing": 0, "injured": 0, "people_affected": 73, "houses_destroyed": 4, "houses_damaged": 14, "title": "(demo) landslide event", "source_url": "", "severity_score": 1.65, "severity_class": "small"}}, {"type": "Feature", "geometry": {"type": "Point", "coordinates": [85.9617, 28.0818]}, "properties": {"id": "demo-781", "source": "demo", "date": "2007-09-23", "date_precision": "day", "year": 2007, "month": 9, "hazard": "avalanche", "hazard_raw": "avalanche", "district": null, "lon": 85.9617, "lat": 28.0818, "geo_precision": "exact", "deaths": 0, "missing": 0, "injured": 0, "people_affected": 0, "houses_destroyed": 0, "houses_damaged": 0, "title": "(demo) avalanche event", "source_url": "", "severity_score": 0.0, "severity_class": "minor"}}, {"type": "Feature", "geometry": {"type": "Point", "coordinates": [80.7877, 28.7119]}, "properties": {"id": "demo-782", "source": "demo", "date": "2004-08-03", "date_precision": "day", "year": 2004, "month": 8, "hazard": "flood", "hazard_raw": "flood", "district": null, "lon": 80.7877, "lat": 28.7119, "geo_precision": "exact", "deaths": 1, "missing": 0, "injured": 0, "people_affected": 16, "houses_destroyed": 1, "houses_damaged": 1, "title": "(demo) flood event", "source_url": "", "severity_score": 5.28, "severity_class": "moderate"}}, {"type": "Feature", "geometry": {"type": "Point", "coordinates": [86.6063, 27.9044]}, "properties": {"id": "demo-783", "source": "demo", "date": "2000-07-27", "date_precision": "day", "year": 2000, "month": 7, "hazard": "glof", "hazard_raw": "glof", "district": null, "lon": 86.6063, "lat": 27.9044, "geo_precision": "exact", "deaths": 21, "missing": 2, "injured": 37, "people_affected": 788, "houses_destroyed": 47, "houses_damaged": 75, "title": "(demo) glof event", "source_url": "", "severity_score": 166.73, "severity_class": "catastrophic"}}, {"type": "Feature", "geometry": {"type": "Point", "coordinates": [81.9512, 29.4785]}, "properties": {"id": "demo-784", "source": "demo", "date": "2018-09-17", "date_precision": "day", "year": 2018, "month": 9, "hazard": "flood", "hazard_raw": "flood", "district": null, "lon": 81.9512, "lat": 29.4785, "geo_precision": "exact", "deaths": 0, "missing": 0, "injured": 0, "people_affected": 3, "houses_destroyed": 1, "houses_damaged": 1, "title": "(demo) flood event", "source_url": "", "severity_score": 0.26, "severity_class": "small"}}, {"type": "Feature", "geometry": {"type": "Point", "coordinates": [85.5516, 28.4833]}, "properties": {"id": "demo-785", "source": "demo", "date": "2012-08-20", "date_precision": "day", "year": 2012, "month": 8, "hazard": "flood", "hazard_raw": "flood", "district": null, "lon": 85.5516, "lat": 28.4833, "geo_precision": "exact", "deaths": 0, "missing": 0, "injured": 0, "people_affected": 7, "houses_destroyed": 2, "houses_damaged": 2, "title": "(demo) flood event", "source_url": "", "severity_score": 0.51, "severity_class": "small"}}, {"type": "Feature", "geometry": {"type": "Point", "coordinates": [83.8545, 27.6522]}, "properties": {"id": "demo-786", "source": "demo", "date": "2017-07-01", "date_precision": "day", "year": 2017, "month": 7, "hazard": "flood", "hazard_raw": "flood", "district": null, "lon": 83.8545, "lat": 27.6522, "geo_precision": "exact", "deaths": 0, "missing": 0, "injured": 0, "people_affected": 316, "houses_destroyed": 25, "houses_damaged": 67, "title": "(demo) flood event", "source_url": "", "severity_score": 8.98, "severity_class": "moderate"}}, {"type": "Feature", "geometry": {"type": "Point", "coordinates": [86.6246, 27.7307]}, "properties": {"id": "demo-787", "source": "demo", "date": "2002-03-03", "date_precision": "day", "year": 2002, "month": 3, "hazard": "avalanche", "hazard_raw": "avalanche", "district": null, "lon": 86.6246, "lat": 27.7307, "geo_precision": "exact", "deaths": 0, "missing": 0, "injured": 0, "people_affected": 0, "houses_destroyed": 0, "houses_damaged": 0, "title": "(demo) avalanche event", "source_url": "", "severity_score": 0.0, "severity_class": "minor"}}, {"type": "Feature", "geometry": {"type": "Point", "coordinates": [83.6521, 28.1554]}, "properties": {"id": "demo-788", "source": "demo", "date": "2012-09-23", "date_precision": "day", "year": 2012, "month": 9, "hazard": "landslide", "hazard_raw": "landslide", "district": null, "lon": 83.6521, "lat": 28.1554, "geo_precision": "exact", "deaths": 0, "missing": 0, "injured": 0, "people_affected": 3, "houses_destroyed": 1, "houses_damaged": 2, "title": "(demo) landslide event", "source_url": "", "severity_score": 0.31, "severity_class": "small"}}, {"type": "Feature", "geometry": {"type": "Point", "coordinates": [82.7556, 29.6206]}, "properties": {"id": "demo-789", "source": "demo", "date": "1980-05-11", "date_precision": "day", "year": 1980, "month": 5, "hazard": "flood", "hazard_raw": "flood", "district": null, "lon": 82.7556, "lat": 29.6206, "geo_precision": "exact", "deaths": 10, "missing": 1, "injured": 14, "people_affected": 382, "houses_destroyed": 31, "houses_damaged": 95, "title": "(demo) flood event", "source_url": "", "severity_score": 80.71, "severity_class": "major"}}, {"type": "Feature", "geometry": {"type": "Point", "coordinates": [85.517, 27.7459]}, "properties": {"id": "demo-790", "source": "demo", "date": "2002-01-23", "date_precision": "day", "year": 2002, "month": 1, "hazard": "landslide", "hazard_raw": "landslide", "district": null, "lon": 85.517, "lat": 27.7459, "geo_precision": "exact", "deaths": 2, "missing": 0, "injured": 0, "people_affected": 13, "houses_destroyed": 1, "houses_damaged": 2, "title": "(demo) landslide event", "source_url": "", "severity_score": 10.33, "severity_class": "moderate"}}, {"type": "Feature", "geometry": {"type": "Point", "coordinates": [85.7351, 26.8935]}, "properties": {"id": "demo-791", "source": "demo", "date": "1983-06-07", "date_precision": "day", "year": 1983, "month": 6, "hazard": "flood", "hazard_raw": "flood", "district": null, "lon": 85.7351, "lat": 26.8935, "geo_precision": "exact", "deaths": 0, "missing": 0, "injured": 0, "people_affected": 39, "houses_destroyed": 4, "houses_damaged": 10, "title": "(demo) flood event", "source_url": "", "severity_score": 1.38, "severity_class": "small"}}, {"type": "Feature", "geometry": {"type": "Point", "coordinates": [86.6289, 27.8494]}, "properties": {"id": "demo-792", "source": "demo", "date": "2026-06-25", "date_precision": "day", "year": 2026, "month": 6, "hazard": "landslide", "hazard_raw": "landslide", "district": null, "lon": 86.6289, "lat": 27.8494, "geo_precision": "exact", "deaths": 0, "missing": 0, "injured": 0, "people_affected": 0, "houses_destroyed": 0, "houses_damaged": 0, "title": "(demo) landslide event", "source_url": "", "severity_score": 0.0, "severity_class": "minor"}}, {"type": "Feature", "geometry": {"type": "Point", "coordinates": [83.6327, 28.7844]}, "properties": {"id": "demo-793", "source": "demo", "date": "2005-09-07", "date_precision": "day", "year": 2005, "month": 9, "hazard": "flash_flood", "hazard_raw": "flash_flood", "district": null, "lon": 83.6327, "lat": 28.7844, "geo_precision": "exact", "deaths": 0, "missing": 0, "injured": 0, "people_affected": 644, "houses_destroyed": 49, "houses_damaged": 119, "title": "(demo) flash_flood event", "source_url": "", "severity_score": 17.04, "severity_class": "moderate"}}, {"type": "Feature", "geometry": {"type": "Point", "coordinates": [85.3036, 28.2715]}, "properties": {"id": "demo-794", "source": "demo", "date": "1971-08-28", "date_precision": "day", "year": 1971, "month": 8, "hazard": "debris_flow", "hazard_raw": "debris_flow", "district": null, "lon": 85.3036, "lat": 28.2715, "geo_precision": "exact", "deaths": 8, "missing": 1, "injured": 11, "people_affected": 562, "houses_destroyed": 36, "houses_damaged": 140, "title": "(demo) debris_flow event", "source_url": "", "severity_score": 71.32, "severity_class": "major"}}, {"type": "Feature", "geometry": {"type": "Point", "coordinates": [83.9682, 27.5669]}, "properties": {"id": "demo-795", "source": "demo", "date": "2020-02-04", "date_precision": "day", "year": 2020, "month": 2, "hazard": "flood", "hazard_raw": "flood", "district": null, "lon": 83.9682, "lat": 27.5669, "geo_precision": "exact", "deaths": 12, "missing": 2, "injured": 3, "people_affected": 251, "houses_destroyed": 36, "houses_damaged": 45, "title": "(demo) flood event", "source_url": "", "severity_score": 82.95, "severity_class": "major"}}, {"type": "Feature", "geometry": {"type": "Point", "coordinates": [82.2913, 29.5838]}, "properties": {"id": "demo-796", "source": "demo", "date": "2007-07-24", "date_precision": "day", "year": 2007, "month": 7, "hazard": "flood", "hazard_raw": "flood", "district": null, "lon": 82.2913, "lat": 29.5838, "geo_precision": "exact", "deaths": 0, "missing": 0, "injured": 0, "people_affected": 6, "houses_destroyed": 2, "houses_damaged": 3, "title": "(demo) flood event", "source_url": "", "severity_score": 0.56, "severity_class": "small"}}, {"type": "Feature", "geometry": {"type": "Point", "coordinates": [87.1426, 28.0857]}, "properties": {"id": "demo-797", "source": "demo", "date": "1988-08-07", "date_precision": "day", "year": 1988, "month": 8, "hazard": "avalanche", "hazard_raw": "avalanche", "district": null, "lon": 87.1426, "lat": 28.0857, "geo_precision": "exact", "deaths": 0, "missing": 0, "injured": 0, "people_affected": 0, "houses_destroyed": 0, "houses_damaged": 0, "title": "(demo) avalanche event", "source_url": "", "severity_score": 0.0, "severity_class": "minor"}}, {"type": "Feature", "geometry": {"type": "Point", "coordinates": [82.1554, 29.2788]}, "properties": {"id": "demo-798", "source": "demo", "date": "2016-09-02", "date_precision": "day", "year": 2016, "month": 9, "hazard": "flood", "hazard_raw": "flood", "district": null, "lon": 82.1554, "lat": 29.2788, "geo_precision": "exact", "deaths": 0, "missing": 0, "injured": 0, "people_affected": 0, "houses_destroyed": 0, "houses_damaged": 0, "title": "(demo) flood event", "source_url": "", "severity_score": 0.0, "severity_class": "minor"}}, {"type": "Feature", "geometry": {"type": "Point", "coordinates": [84.1505, 27.694]}, "properties": {"id": "demo-799", "source": "demo", "date": "2000-07-25", "date_precision": "day", "year": 2000, "month": 7, "hazard": "landslide", "hazard_raw": "landslide", "district": null, "lon": 84.1505, "lat": 27.694, "geo_precision": "exact", "deaths": 0, "missing": 0, "injured": 0, "people_affected": 613, "houses_destroyed": 34, "houses_damaged": 95, "title": "(demo) landslide event", "source_url": "", "severity_score": 12.78, "severity_class": "moderate"}}, {"type": "Feature", "geometry": {"type": "Point", "coordinates": [83.688, 27.6106]}, "properties": {"id": "demo-800", "source": "demo", "date": "2014-05-02", "date_precision": "day", "year": 2014, "month": 5, "hazard": "flood", "hazard_raw": "flood", "district": null, "lon": 83.688, "lat": 27.6106, "geo_precision": "exact", "deaths": 0, "missing": 0, "injured": 0, "people_affected": 0, "houses_destroyed": 0, "houses_damaged": 0, "title": "(demo) flood event", "source_url": "", "severity_score": 0.0, "severity_class": "minor"}}, {"type": "Feature", "geometry": {"type": "Point", "coordinates": [82.1809, 29.588]}, "properties": {"id": "demo-801", "source": "demo", "date": "2003-08-17", "date_precision": "day", "year": 2003, "month": 8, "hazard": "landslide", "hazard_raw": "landslide", "district": null, "lon": 82.1809, "lat": 29.588, "geo_precision": "exact", "deaths": 0, "missing": 0, "injured": 0, "people_affected": 182, "houses_destroyed": 11, "houses_damaged": 35, "title": "(demo) landslide event", "source_url": "", "severity_score": 4.31, "severity_class": "small"}}, {"type": "Feature", "geometry": {"type": "Point", "coordinates": [85.6431, 28.098]}, "properties": {"id": "demo-802", "source": "demo", "date": "1993-08-04", "date_precision": "day", "year": 1993, "month": 8, "hazard": "flood", "hazard_raw": "flood", "district": null, "lon": 85.6431, "lat": 28.098, "geo_precision": "exact", "deaths": 0, "missing": 0, "injured": 0, "people_affected": 0, "houses_destroyed": 0, "houses_damaged": 0, "title": "(demo) flood event", "source_url": "", "severity_score": 0.0, "severity_class": "minor"}}, {"type": "Feature", "geometry": {"type": "Point", "coordinates": [81.2163, 28.9717]}, "properties": {"id": "demo-803", "source": "demo", "date": "1986-07-07", "date_precision": "day", "year": 1986, "month": 7, "hazard": "flood", "hazard_raw": "flood", "district": null, "lon": 81.2163, "lat": 28.9717, "geo_precision": "exact", "deaths": 0, "missing": 0, "injured": 0, "people_affected": 9, "houses_destroyed": 1, "houses_damaged": 2, "title": "(demo) flood event", "source_url": "", "severity_score": 0.32, "severity_class": "small"}}, {"type": "Feature", "geometry": {"type": "Point", "coordinates": [87.07, 26.5656]}, "properties": {"id": "demo-804", "source": "demo", "date": "2013-08-16", "date_precision": "day", "year": 2013, "month": 8, "hazard": "flood", "hazard_raw": "flood", "district": null, "lon": 87.07, "lat": 26.5656, "geo_precision": "exact", "deaths": 3, "missing": 0, "injured": 2, "people_affected": 132, "houses_destroyed": 8, "houses_damaged": 19, "title": "(demo) flood event", "source_url": "", "severity_score": 19.81, "severity_class": "moderate"}}, {"type": "Feature", "geometry": {"type": "Point", "coordinates": [85.6491, 28.1912]}, "properties": {"id": "demo-805", "source": "demo", "date": "2010-09-22", "date_precision": "day", "year": 2010, "month": 9, "hazard": "debris_flow", "hazard_raw": "debris_flow", "district": null, "lon": 85.6491, "lat": 28.1912, "geo_precision": "exact", "deaths": 0, "missing": 0, "injured": 0, "people_affected": 74, "houses_destroyed": 4, "houses_damaged": 12, "title": "(demo) debris_flow event", "source_url": "", "severity_score": 1.55, "severity_class": "small"}}, {"type": "Feature", "geometry": {"type": "Point", "coordinates": [80.4012, 28.9857]}, "properties": {"id": "demo-806", "source": "demo", "date": "2001-02-10", "date_precision": "day", "year": 2001, "month": 2, "hazard": "flood", "hazard_raw": "flood", "district": null, "lon": 80.4012, "lat": 28.9857, "geo_precision": "exact", "deaths": 1, "missing": 0, "injured": 1, "people_affected": 27, "houses_destroyed": 8, "houses_damaged": 24, "title": "(demo) flood event", "source_url": "", "severity_score": 8.85, "severity_class": "moderate"}}, {"type": "Feature", "geometry": {"type": "Point", "coordinates": [85.2477, 28.1977]}, "properties": {"id": "demo-807", "source": "demo", "date": "2015-08-26", "date_precision": "day", "year": 2015, "month": 8, "hazard": "flash_flood", "hazard_raw": "flash_flood", "district": null, "lon": 85.2477, "lat": 28.1977, "geo_precision": "exact", "deaths": 0, "missing": 0, "injured": 0, "people_affected": 11, "houses_destroyed": 2, "houses_damaged": 3, "title": "(demo) flash_flood event", "source_url": "", "severity_score": 0.57, "severity_class": "small"}}, {"type": "Feature", "geometry": {"type": "Point", "coordinates": [85.6152, 26.5119]}, "properties": {"id": "demo-808", "source": "demo", "date": "2015-06-13", "date_precision": "day", "year": 2015, "month": 6, "hazard": "flood", "hazard_raw": "flood", "district": null, "lon": 85.6152, "lat": 26.5119, "geo_precision": "exact", "deaths": 0, "missing": 0, "injured": 0, "people_affected": 0, "houses_destroyed": 0, "houses_damaged": 0, "title": "(demo) flood event", "source_url": "", "severity_score": 0.0, "severity_class": "minor"}}, {"type": "Feature", "geometry": {"type": "Point", "coordinates": [84.505, 28.5376]}, "properties": {"id": "demo-809", "source": "demo", "date": "2009-08-15", "date_precision": "day", "year": 2009, "month": 8, "hazard": "landslide", "hazard_raw": "landslide", "district": null, "lon": 84.505, "lat": 28.5376, "geo_precision": "exact", "deaths": 0, "missing": 0, "injured": 0, "people_affected": 0, "houses_destroyed": 0, "houses_damaged": 0, "title": "(demo) landslide event", "source_url": "", "severity_score": 0.0, "severity_class": "minor"}}, {"type": "Feature", "geometry": {"type": "Point", "coordinates": [87.1892, 26.6776]}, "properties": {"id": "demo-810", "source": "demo", "date": "1987-08-16", "date_precision": "day", "year": 1987, "month": 8, "hazard": "flood", "hazard_raw": "flood", "district": null, "lon": 87.1892, "lat": 26.6776, "geo_precision": "exact", "deaths": 0, "missing": 0, "injured": 0, "people_affected": 0, "houses_destroyed": 0, "houses_damaged": 0, "title": "(demo) flood event", "source_url": "", "severity_score": 0.0, "severity_class": "minor"}}, {"type": "Feature", "geometry": {"type": "Point", "coordinates": [85.3595, 28.0803]}, "properties": {"id": "demo-811", "source": "demo", "date": "2004-08-13", "date_precision": "day", "year": 2004, "month": 8, "hazard": "flood", "hazard_raw": "flood", "district": null, "lon": 85.3595, "lat": 28.0803, "geo_precision": "exact", "deaths": 1, "missing": 0, "injured": 0, "people_affected": 123, "houses_destroyed": 7, "houses_damaged": 26, "title": "(demo) flood event", "source_url": "", "severity_score": 7.95, "severity_class": "moderate"}}, {"type": "Feature", "geometry": {"type": "Point", "coordinates": [85.1358, 27.8935]}, "properties": {"id": "demo-812", "source": "demo", "date": "2012-08-21", "date_precision": "day", "year": 2012, "month": 8, "hazard": "debris_flow", "hazard_raw": "debris_flow", "district": null, "lon": 85.1358, "lat": 27.8935, "geo_precision": "exact", "deaths": 2, "missing": 0, "injured": 0, "people_affected": 356, "houses_destroyed": 18, "houses_damaged": 45, "title": "(demo) debris_flow event", "source_url": "", "severity_score": 16.56, "severity_class": "moderate"}}, {"type": "Feature", "geometry": {"type": "Point", "coordinates": [83.418, 28.6317]}, "properties": {"id": "demo-813", "source": "demo", "date": "2011-07-08", "date_precision": "day", "year": 2011, "month": 7, "hazard": "flash_flood", "hazard_raw": "flash_flood", "district": null, "lon": 83.418, "lat": 28.6317, "geo_precision": "exact", "deaths": 1, "missing": 0, "injured": 0, "people_affected": 46, "houses_destroyed": 5, "houses_damaged": 15, "title": "(demo) flash_flood event", "source_url": "", "severity_score": 6.84, "severity_class": "moderate"}}, {"type": "Feature", "geometry": {"type": "Point", "coordinates": [80.5987, 28.7165]}, "properties": {"id": "demo-814", "source": "demo", "date": "2010-11-17", "date_precision": "day", "year": 2010, "month": 11, "hazard": "debris_flow", "hazard_raw": "debris_flow", "district": null, "lon": 80.5987, "lat": 28.7165, "geo_precision": "exact", "deaths": 4, "missing": 0, "injured": 6, "people_affected": 112, "houses_destroyed": 32, "houses_damaged": 73, "title": "(demo) debris_flow event", "source_url": "", "severity_score": 36.27, "severity_class": "major"}}, {"type": "Feature", "geometry": {"type": "Point", "coordinates": [83.8431, 27.9441]}, "properties": {"id": "demo-815", "source": "demo", "date": "2020-08-12", "date_precision": "day", "year": 2020, "month": 8, "hazard": "landslide", "hazard_raw": "landslide", "district": null, "lon": 83.8431, "lat": 27.9441, "geo_precision": "exact", "deaths": 0, "missing": 0, "injured": 0, "people_affected": 0, "houses_destroyed": 0, "houses_damaged": 0, "title": "(demo) landslide event", "source_url": "", "severity_score": 0.0, "severity_class": "minor"}}, {"type": "Feature", "geometry": {"type": "Point", "coordinates": [80.2, 29.0125]}, "properties": {"id": "demo-816", "source": "demo", "date": "2015-08-18", "date_precision": "day", "year": 2015, "month": 8, "hazard": "flood", "hazard_raw": "flood", "district": null, "lon": 80.2, "lat": 29.0125, "geo_precision": "exact", "deaths": 0, "missing": 0, "injured": 0, "people_affected": 58, "houses_destroyed": 5, "houses_damaged": 10, "title": "(demo) flood event", "source_url": "", "severity_score": 1.62, "severity_class": "small"}}, {"type": "Feature", "geometry": {"type": "Point", "coordinates": [85.4303, 28.0094]}, "properties": {"id": "demo-817", "source": "demo", "date": "2026-06-17", "date_precision": "day", "year": 2026, "month": 6, "hazard": "glof", "hazard_raw": "glof", "district": null, "lon": 85.4303, "lat": 28.0094, "geo_precision": "exact", "deaths": 20, "missing": 7, "injured": 12, "people_affected": 3145, "houses_destroyed": 217, "houses_damaged": 435, "title": "(demo) glof event", "source_url": "", "severity_score": 218.44, "severity_class": "catastrophic"}}, {"type": "Feature", "geometry": {"type": "Point", "coordinates": [85.5353, 27.0081]}, "properties": {"id": "demo-818", "source": "demo", "date": "2020-08-26", "date_precision": "day", "year": 2020, "month": 8, "hazard": "flood", "hazard_raw": "flood", "district": null, "lon": 85.5353, "lat": 27.0081, "geo_precision": "exact", "deaths": 1, "missing": 0, "injured": 0, "people_affected": 12, "houses_destroyed": 1, "houses_damaged": 3, "title": "(demo) flood event", "source_url": "", "severity_score": 5.37, "severity_class": "moderate"}}, {"type": "Feature", "geometry": {"type": "Point", "coordinates": [86.6904, 27.6691]}, "properties": {"id": "demo-819", "source": "demo", "date": "2025-08-11", "date_precision": "day", "year": 2025, "month": 8, "hazard": "landslide", "hazard_raw": "landslide", "district": null, "lon": 86.6904, "lat": 27.6691, "geo_precision": "exact", "deaths": 0, "missing": 0, "injured": 0, "people_affected": 60, "houses_destroyed": 11, "houses_damaged": 28, "title": "(demo) landslide event", "source_url": "", "severity_score": 3.72, "severity_class": "small"}}, {"type": "Feature", "geometry": {"type": "Point", "coordinates": [83.8132, 28.8596]}, "properties": {"id": "demo-820", "source": "demo", "date": "2006-07-01", "date_precision": "day", "year": 2006, "month": 7, "hazard": "flash_flood", "hazard_raw": "flash_flood", "district": null, "lon": 83.8132, "lat": 28.8596, "geo_precision": "exact", "deaths": 0, "missing": 0, "injured": 0, "people_affected": 213, "houses_destroyed": 21, "houses_damaged": 53, "title": "(demo) flash_flood event", "source_url": "", "severity_score": 7.28, "severity_class": "moderate"}}, {"type": "Feature", "geometry": {"type": "Point", "coordinates": [85.1883, 27.0986]}, "properties": {"id": "demo-821", "source": "demo", "date": "2009-04-14", "date_precision": "day", "year": 2009, "month": 4, "hazard": "flood", "hazard_raw": "flood", "district": null, "lon": 85.1883, "lat": 27.0986, "geo_precision": "exact", "deaths": 0, "missing": 0, "injured": 0, "people_affected": 61, "houses_destroyed": 5, "houses_damaged": 9, "title": "(demo) flood event", "source_url": "", "severity_score": 1.57, "severity_class": "small"}}, {"type": "Feature", "geometry": {"type": "Point", "coordinates": [86.2803, 27.0495]}, "properties": {"id": "demo-822", "source": "demo", "date": "2021-08-01", "date_precision": "day", "year": 2021, "month": 8, "hazard": "flood", "hazard_raw": "flood", "district": null, "lon": 86.2803, "lat": 27.0495, "geo_precision": "exact", "deaths": 0, "missing": 0, "injured": 0, "people_affected": 56, "houses_destroyed": 8, "houses_damaged": 16, "title": "(demo) flood event", "source_url": "", "severity_score": 2.51, "severity_class": "small"}}, {"type": "Feature", "geometry": {"type": "Point", "coordinates": [85.2397, 27.823]}, "properties": {"id": "demo-823", "source": "demo", "date": "2022-12-13", "date_precision": "day", "year": 2022, "month": 12, "hazard": "landslide", "hazard_raw": "landslide", "district": null, "lon": 85.2397, "lat": 27.823, "geo_precision": "exact", "deaths": 0, "missing": 0, "injured": 0, "people_affected": 6, "houses_destroyed": 1, "houses_damaged": 1, "title": "(demo) landslide event", "source_url": "", "severity_score": 0.26, "severity_class": "small"}}, {"type": "Feature", "geometry": {"type": "Point", "coordinates": [83.8377, 28.0595]}, "properties": {"id": "demo-824", "source": "demo", "date": "2026-08-13", "date_precision": "day", "year": 2026, "month": 8, "hazard": "landslide", "hazard_raw": "landslide", "district": null, "lon": 83.8377, "lat": 28.0595, "geo_precision": "exact", "deaths": 0, "missing": 0, "injured": 0, "people_affected": 80, "houses_destroyed": 5, "houses_damaged": 5, "title": "(demo) landslide event", "source_url": "", "severity_score": 1.41, "severity_class": "small"}}, {"type": "Feature", "geometry": {"type": "Point", "coordinates": [81.704, 29.1111]}, "properties": {"id": "demo-825", "source": "demo", "date": "2016-08-27", "date_precision": "day", "year": 2016, "month": 8, "hazard": "flood", "hazard_raw": "flood", "district": null, "lon": 81.704, "lat": 29.1111, "geo_precision": "exact", "deaths": 1, "missing": 0, "injured": 0, "people_affected": 33, "houses_destroyed": 5, "houses_damaged": 11, "title": "(demo) flood event", "source_url": "", "severity_score": 6.62, "severity_class": "moderate"}}, {"type": "Feature", "geometry": {"type": "Point", "coordinates": [84.0218, 27.6826]}, "properties": {"id": "demo-826", "source": "demo", "date": "2015-12-22", "date_precision": "day", "year": 2015, "month": 12, "hazard": "flood", "hazard_raw": "flood", "district": null, "lon": 84.0218, "lat": 27.6826, "geo_precision": "exact", "deaths": 0, "missing": 0, "injured": 0, "people_affected": 11, "houses_destroyed": 1, "houses_damaged": 2, "title": "(demo) flood event", "source_url": "", "severity_score": 0.32, "severity_class": "small"}}, {"type": "Feature", "geometry": {"type": "Point", "coordinates": [86.2832, 28.0287]}, "properties": {"id": "demo-827", "source": "demo", "date": "2011-10-09", "date_precision": "day", "year": 2011, "month": 10, "hazard": "glof", "hazard_raw": "glof", "district": null, "lon": 86.2832, "lat": 28.0287, "geo_precision": "exact", "deaths": 20, "missing": 7, "injured": 18, "people_affected": 0, "houses_destroyed": 0, "houses_damaged": 0, "title": "(demo) glof event", "source_url": "", "severity_score": 153.0, "severity_class": "catastrophic"}}, {"type": "Feature", "geometry": {"type": "Point", "coordinates": [86.4342, 27.8453]}, "properties": {"id": "demo-828", "source": "demo", "date": "2008-07-10", "date_precision": "day", "year": 2008, "month": 7, "hazard": "avalanche", "hazard_raw": "avalanche", "district": null, "lon": 86.4342, "lat": 27.8453, "geo_precision": "exact", "deaths": 0, "missing": 0, "injured": 0, "people_affected": 40, "houses_destroyed": 3, "houses_damaged": 10, "title": "(demo) avalanche event", "source_url": "", "severity_score": 1.18, "severity_class": "small"}}, {"type": "Feature", "geometry": {"type": "Point", "coordinates": [84.2593, 28.641]}, "properties": {"id": "demo-829", "source": "demo", "date": "2015-11-06", "date_precision": "day", "year": 2015, "month": 11, "hazard": "flash_flood", "hazard_raw": "flash_flood", "district": null, "lon": 84.2593, "lat": 28.641, "geo_precision": "exact", "deaths": 2, "missing": 0, "injured": 3, "people_affected": 56, "houses_destroyed": 11, "houses_damaged": 16, "title": "(demo) flash_flood event", "source_url": "", "severity_score": 16.11, "severity_class": "moderate"}}, {"type": "Feature", "geometry": {"type": "Point", "coordinates": [80.4805, 28.8737]}, "properties": {"id": "demo-830", "source": "demo", "date": "2005-10-08", "date_precision": "day", "year": 2005, "month": 10, "hazard": "flood", "hazard_raw": "flood", "district": null, "lon": 80.4805, "lat": 28.8737, "geo_precision": "exact", "deaths": 0, "missing": 0, "injured": 0, "people_affected": 64, "houses_destroyed": 11, "houses_damaged": 23, "title": "(demo) flood event", "source_url": "", "severity_score": 3.48, "severity_class": "small"}}, {"type": "Feature", "geometry": {"type": "Point", "coordinates": [80.9754, 29.0351]}, "properties": {"id": "demo-831", "source": "demo", "date": "2024-07-26", "date_precision": "day", "year": 2024, "month": 7, "hazard": "flood", "hazard_raw": "flood", "district": null, "lon": 80.9754, "lat": 29.0351, "geo_precision": "exact", "deaths": 0, "missing": 0, "injured": 0, "people_affected": 37, "houses_destroyed": 4, "houses_damaged": 4, "title": "(demo) flood event", "source_url": "", "severity_score": 1.07, "severity_class": "small"}}, {"type": "Feature", "geometry": {"type": "Point", "coordinates": [85.0004, 27.6865]}, "properties": {"id": "demo-832", "source": "demo", "date": "2019-07-18", "date_precision": "day", "year": 2019, "month": 7, "hazard": "landslide", "hazard_raw": "landslide", "district": null, "lon": 85.0004, "lat": 27.6865, "geo_precision": "exact", "deaths": 0, "missing": 0, "injured": 0, "people_affected": 0, "houses_destroyed": 0, "houses_damaged": 0, "title": "(demo) landslide event", "source_url": "", "severity_score": 0.0, "severity_class": "minor"}}, {"type": "Feature", "geometry": {"type": "Point", "coordinates": [85.623, 27.0037]}, "properties": {"id": "demo-833", "source": "demo", "date": "2002-05-02", "date_precision": "day", "year": 2002, "month": 5, "hazard": "flood", "hazard_raw": "flood", "district": null, "lon": 85.623, "lat": 27.0037, "geo_precision": "exact", "deaths": 0, "missing": 0, "injured": 0, "people_affected": 150, "houses_destroyed": 18, "houses_damaged": 38, "title": "(demo) flood event", "source_url": "", "severity_score": 5.8, "severity_class": "moderate"}}, {"type": "Feature", "geometry": {"type": "Point", "coordinates": [81.6932, 29.0367]}, "properties": {"id": "demo-834", "source": "demo", "date": "1999-09-24", "date_precision": "day", "year": 1999, "month": 9, "hazard": "landslide", "hazard_raw": "landslide", "district": null, "lon": 81.6932, "lat": 29.0367, "geo_precision": "exact", "deaths": 2, "missing": 0, "injured": 1, "people_affected": 302, "houses_destroyed": 20, "houses_damaged": 43, "title": "(demo) landslide event", "source_url": "", "severity_score": 17.75, "severity_class": "moderate"}}, {"type": "Feature", "geometry": {"type": "Point", "coordinates": [83.9415, 27.5762]}, "properties": {"id": "demo-835", "source": "demo", "date": "1980-10-10", "date_precision": "day", "year": 1980, "month": 10, "hazard": "flood", "hazard_raw": "flood", "district": null, "lon": 83.9415, "lat": 27.5762, "geo_precision": "exact", "deaths": 0, "missing": 0, "injured": 0, "people_affected": 0, "houses_destroyed": 0, "houses_damaged": 0, "title": "(demo) flood event", "source_url": "", "severity_score": 0.0, "severity_class": "minor"}}, {"type": "Feature", "geometry": {"type": "Point", "coordinates": [85.0611, 27.7392]}, "properties": {"id": "demo-836", "source": "demo", "date": "2016-05-04", "date_precision": "day", "year": 2016, "month": 5, "hazard": "debris_flow", "hazard_raw": "debris_flow", "district": null, "lon": 85.0611, "lat": 27.7392, "geo_precision": "exact", "deaths": 2, "missing": 0, "injured": 0, "people_affected": 149, "houses_destroyed": 9, "houses_damaged": 19, "title": "(demo) debris_flow event", "source_url": "", "severity_score": 13.05, "severity_class": "moderate"}}, {"type": "Feature", "geometry": {"type": "Point", "coordinates": [80.4759, 28.9359]}, "properties": {"id": "demo-837", "source": "demo", "date": "2022-07-04", "date_precision": "day", "year": 2022, "month": 7, "hazard": "flood", "hazard_raw": "flood", "district": null, "lon": 80.4759, "lat": 28.9359, "geo_precision": "exact", "deaths": 0, "missing": 0, "injured": 0, "people_affected": 239, "houses_destroyed": 12, "houses_damaged": 30, "title": "(demo) flood event", "source_url": "", "severity_score": 4.38, "severity_class": "small"}}, {"type": "Feature", "geometry": {"type": "Point", "coordinates": [86.5695, 27.6542]}, "properties": {"id": "demo-838", "source": "demo", "date": "2017-08-05", "date_precision": "day", "year": 2017, "month": 8, "hazard": "landslide", "hazard_raw": "landslide", "district": null, "lon": 86.5695, "lat": 27.6542, "geo_precision": "exact", "deaths": 0, "missing": 0, "injured": 0, "people_affected": 20, "houses_destroyed": 2, "houses_damaged": 5, "title": "(demo) landslide event", "source_url": "", "severity_score": 0.69, "severity_class": "small"}}, {"type": "Feature", "geometry": {"type": "Point", "coordinates": [81.5234, 29.3473]}, "properties": {"id": "demo-839", "source": "demo", "date": "2002-05-02", "date_precision": "day", "year": 2002, "month": 5, "hazard": "flood", "hazard_raw": "flood", "district": null, "lon": 81.5234, "lat": 29.3473, "geo_precision": "exact", "deaths": 0, "missing": 0, "injured": 0, "people_affected": 97, "houses_destroyed": 9, "houses_damaged": 11, "title": "(demo) flood event", "source_url": "", "severity_score": 2.54, "severity_class": "small"}}, {"type": "Feature", "geometry": {"type": "Point", "coordinates": [86.6626, 27.8271]}, "properties": {"id": "demo-840", "source": "demo", "date": "2001-11-09", "date_precision": "day", "year": 2001, "month": 11, "hazard": "avalanche", "hazard_raw": "avalanche", "district": null, "lon": 86.6626, "lat": 27.8271, "geo_precision": "exact", "deaths": 1, "missing": 0, "injured": 0, "people_affected": 0, "houses_destroyed": 0, "houses_damaged": 0, "title": "(demo) avalanche event", "source_url": "", "severity_score": 5.0, "severity_class": "moderate"}}, {"type": "Feature", "geometry": {"type": "Point", "coordinates": [85.5972, 28.0819]}, "properties": {"id": "demo-841", "source": "demo", "date": "2023-02-16", "date_precision": "day", "year": 2023, "month": 2, "hazard": "flash_flood", "hazard_raw": "flash_flood", "district": null, "lon": 85.5972, "lat": 28.0819, "geo_precision": "exact", "deaths": 17, "missing": 0, "injured": 22, "people_affected": 103, "houses_destroyed": 14, "houses_damaged": 47, "title": "(demo) flash_flood event", "source_url": "", "severity_score": 112.36, "severity_class": "catastrophic"}}, {"type": "Feature", "geometry": {"type": "Point", "coordinates": [82.3808, 29.8261]}, "properties": {"id": "demo-842", "source": "demo", "date": "2004-10-23", "date_precision": "day", "year": 2004, "month": 10, "hazard": "avalanche", "hazard_raw": "avalanche", "district": null, "lon": 82.3808, "lat": 29.8261, "geo_precision": "exact", "deaths": 0, "missing": 0, "injured": 0, "people_affected": 37, "houses_destroyed": 2, "houses_damaged": 4, "title": "(demo) avalanche event", "source_url": "", "severity_score": 0.67, "severity_class": "small"}}, {"type": "Feature", "geometry": {"type": "Point", "coordinates": [84.2477, 28.2671]}, "properties": {"id": "demo-843", "source": "demo", "date": "2015-12-11", "date_precision": "day", "year": 2015, "month": 12, "hazard": "debris_flow", "hazard_raw": "debris_flow", "district": null, "lon": 84.2477, "lat": 28.2671, "geo_precision": "exact", "deaths": 0, "missing": 0, "injured": 0, "people_affected": 0, "houses_destroyed": 0, "houses_damaged": 0, "title": "(demo) debris_flow event", "source_url": "", "severity_score": 0.0, "severity_class": "minor"}}, {"type": "Feature", "geometry": {"type": "Point", "coordinates": [85.9851, 26.7636]}, "properties": {"id": "demo-844", "source": "demo", "date": "2009-07-13", "date_precision": "day", "year": 2009, "month": 7, "hazard": "flood", "hazard_raw": "flood", "district": null, "lon": 85.9851, "lat": 26.7636, "geo_precision": "exact", "deaths": 0, "missing": 0, "injured": 0, "people_affected": 106, "houses_destroyed": 19, "houses_damaged": 58, "title": "(demo) flood event", "source_url": "", "severity_score": 6.91, "severity_class": "moderate"}}, {"type": "Feature", "geometry": {"type": "Point", "coordinates": [85.3859, 27.7969]}, "properties": {"id": "demo-845", "source": "demo", "date": "2024-07-22", "date_precision": "day", "year": 2024, "month": 7, "hazard": "landslide", "hazard_raw": "landslide", "district": null, "lon": 85.3859, "lat": 27.7969, "geo_precision": "exact", "deaths": 2, "missing": 0, "injured": 0, "people_affected": 52, "houses_destroyed": 12, "houses_damaged": 47, "title": "(demo) landslide event", "source_url": "", "severity_score": 14.85, "severity_class": "moderate"}}, {"type": "Feature", "geometry": {"type": "Point", "coordinates": [85.3807, 27.8113]}, "properties": {"id": "demo-846", "source": "demo", "date": "1996-07-09", "date_precision": "day", "year": 1996, "month": 7, "hazard": "flash_flood", "hazard_raw": "flash_flood", "district": null, "lon": 85.3807, "lat": 27.8113, "geo_precision": "exact", "deaths": 2, "missing": 0, "injured": 2, "people_affected": 55, "houses_destroyed": 4, "houses_damaged": 7, "title": "(demo) flash_flood event", "source_url": "", "severity_score": 13.26, "severity_class": "moderate"}}, {"type": "Feature", "geometry": {"type": "Point", "coordinates": [86.3507, 27.9526]}, "properties": {"id": "demo-847", "source": "demo", "date": "2010-08-23", "date_precision": "day", "year": 2010, "month": 8, "hazard": "glof", "hazard_raw": "glof", "district": null, "lon": 86.3507, "lat": 27.9526, "geo_precision": "exact", "deaths": 0, "missing": 0, "injured": 0, "people_affected": 231, "houses_destroyed": 14, "houses_damaged": 53, "title": "(demo) glof event", "source_url": "", "severity_score": 5.91, "severity_class": "moderate"}}, {"type": "Feature", "geometry": {"type": "Point", "coordinates": [82.2038, 29.6552]}, "properties": {"id": "demo-848", "source": "demo", "date": "1980-02-02", "date_precision": "day", "year": 1980, "month": 2, "hazard": "avalanche", "hazard_raw": "avalanche", "district": null, "lon": 82.2038, "lat": 29.6552, "geo_precision": "exact", "deaths": 1, "missing": 0, "injured": 1, "people_affected": 62, "houses_destroyed": 6, "houses_damaged": 18, "title": "(demo) avalanche event", "source_url": "", "severity_score": 8.22, "severity_class": "moderate"}}, {"type": "Feature", "geometry": {"type": "Point", "coordinates": [83.766, 27.982]}, "properties": {"id": "demo-849", "source": "demo", "date": "1990-06-16", "date_precision": "day", "year": 1990, "month": 6, "hazard": "flood", "hazard_raw": "flood", "district": null, "lon": 83.766, "lat": 27.982, "geo_precision": "exact", "deaths": 0, "missing": 0, "injured": 0, "people_affected": 67, "houses_destroyed": 4, "houses_damaged": 8, "title": "(demo) flood event", "source_url": "", "severity_score": 1.33, "severity_class": "small"}}, {"type": "Feature", "geometry": {"type": "Point", "coordinates": [80.5371, 28.6632]}, "properties": {"id": "demo-850", "source": "demo", "date": "1979-08-23", "date_precision": "day", "year": 1979, "month": 8, "hazard": "landslide", "hazard_raw": "landslide", "district": null, "lon": 80.5371, "lat": 28.6632, "geo_precision": "exact", "deaths": 1, "missing": 0, "injured": 1, "people_affected": 79, "houses_destroyed": 4, "houses_damaged": 9, "title": "(demo) landslide event", "source_url": "", "severity_score": 7.41, "severity_class": "moderate"}}, {"type": "Feature", "geometry": {"type": "Point", "coordinates": [86.9435, 27.9481]}, "properties": {"id": "demo-851", "source": "demo", "date": "2002-11-07", "date_precision": "day", "year": 2002, "month": 11, "hazard": "landslide", "hazard_raw": "landslide", "district": null, "lon": 86.9435, "lat": 27.9481, "geo_precision": "exact", "deaths": 0, "missing": 0, "injured": 0, "people_affected": 0, "houses_destroyed": 0, "houses_damaged": 0, "title": "(demo) landslide event", "source_url": "", "severity_score": 0.0, "severity_class": "minor"}}, {"type": "Feature", "geometry": {"type": "Point", "coordinates": [82.5533, 29.7435]}, "properties": {"id": "demo-852", "source": "demo", "date": "2025-08-17", "date_precision": "day", "year": 2025, "month": 8, "hazard": "landslide", "hazard_raw": "landslide", "district": null, "lon": 82.5533, "lat": 29.7435, "geo_precision": "exact", "deaths": 0, "missing": 0, "injured": 0, "people_affected": 0, "houses_destroyed": 0, "houses_damaged": 0, "title": "(demo) landslide event", "source_url": "", "severity_score": 0.0, "severity_class": "minor"}}, {"type": "Feature", "geometry": {"type": "Point", "coordinates": [86.3129, 28.475]}, "properties": {"id": "demo-853", "source": "demo", "date": "2000-03-11", "date_precision": "day", "year": 2000, "month": 3, "hazard": "glof", "hazard_raw": "glof", "district": null, "lon": 86.3129, "lat": 28.475, "geo_precision": "exact", "deaths": 106, "missing": 39, "injured": 182, "people_affected": 359, "houses_destroyed": 48, "houses_damaged": 80, "title": "(demo) glof event", "source_url": "", "severity_score": 921.32, "severity_class": "catastrophic"}}, {"type": "Feature", "geometry": {"type": "Point", "coordinates": [86.778, 28.3238]}, "properties": {"id": "demo-854", "source": "demo", "date": "2000-07-02", "date_precision": "day", "year": 2000, "month": 7, "hazard": "landslide", "hazard_raw": "landslide", "district": null, "lon": 86.778, "lat": 28.3238, "geo_precision": "exact", "deaths": 1, "missing": 0, "injured": 1, "people_affected": 109, "houses_destroyed": 6, "houses_damaged": 15, "title": "(demo) landslide event", "source_url": "", "severity_score": 8.17, "severity_class": "moderate"}}, {"type": "Feature", "geometry": {"type": "Point", "coordinates": [87.5883, 26.4589]}, "properties": {"id": "demo-855", "source": "demo", "date": "2020-08-10", "date_precision": "day", "year": 2020, "month": 8, "hazard": "flood", "hazard_raw": "flood", "district": null, "lon": 87.5883, "lat": 26.4589, "geo_precision": "exact", "deaths": 0, "missing": 0, "injured": 0, "people_affected": 74, "houses_destroyed": 4, "houses_damaged": 14, "title": "(demo) flood event", "source_url": "", "severity_score": 1.65, "severity_class": "small"}}, {"type": "Feature", "geometry": {"type": "Point", "coordinates": [87.1134, 26.8268]}, "properties": {"id": "demo-856", "source": "demo", "date": "2013-04-21", "date_precision": "day", "year": 2013, "month": 4, "hazard": "flood", "hazard_raw": "flood", "district": null, "lon": 87.1134, "lat": 26.8268, "geo_precision": "exact", "deaths": 2, "missing": 0, "injured": 1, "people_affected": 5, "houses_destroyed": 1, "houses_damaged": 1, "title": "(demo) flood event", "source_url": "", "severity_score": 11.26, "severity_class": "moderate"}}, {"type": "Feature", "geometry": {"type": "Point", "coordinates": [87.3453, 26.7122]}, "properties": {"id": "demo-857", "source": "demo", "date": "2017-08-21", "date_precision": "day", "year": 2017, "month": 8, "hazard": "flood", "hazard_raw": "flood", "district": null, "lon": 87.3453, "lat": 26.7122, "geo_precision": "exact", "deaths": 0, "missing": 0, "injured": 0, "people_affected": 0, "houses_destroyed": 0, "houses_damaged": 0, "title": "(demo) flood event", "source_url": "", "severity_score": 0.0, "severity_class": "minor"}}, {"type": "Feature", "geometry": {"type": "Point", "coordinates": [84.9799, 28.0376]}, "properties": {"id": "demo-858", "source": "demo", "date": "2010-06-03", "date_precision": "day", "year": 2010, "month": 6, "hazard": "flood", "hazard_raw": "flood", "district": null, "lon": 84.9799, "lat": 28.0376, "geo_precision": "exact", "deaths": 0, "missing": 0, "injured": 0, "people_affected": 0, "houses_destroyed": 0, "houses_damaged": 0, "title": "(demo) flood event", "source_url": "", "severity_score": 0.0, "severity_class": "minor"}}, {"type": "Feature", "geometry": {"type": "Point", "coordinates": [85.4342, 28.1747]}, "properties": {"id": "demo-859", "source": "demo", "date": "2004-09-18", "date_precision": "day", "year": 2004, "month": 9, "hazard": "avalanche", "hazard_raw": "avalanche", "district": null, "lon": 85.4342, "lat": 28.1747, "geo_precision": "exact", "deaths": 0, "missing": 0, "injured": 0, "people_affected": 33, "houses_destroyed": 5, "houses_damaged": 17, "title": "(demo) avalanche event", "source_url": "", "severity_score": 1.92, "severity_class": "small"}}, {"type": "Feature", "geometry": {"type": "Point", "coordinates": [81.2493, 29.1723]}, "properties": {"id": "demo-860", "source": "demo", "date": "2018-06-22", "date_precision": "day", "year": 2018, "month": 6, "hazard": "flood", "hazard_raw": "flood", "district": null, "lon": 81.2493, "lat": 29.1723, "geo_precision": "exact", "deaths": 0, "missing": 0, "injured": 0, "people_affected": 148, "houses_destroyed": 24, "houses_damaged": 26, "title": "(demo) flood event", "source_url": "", "severity_score": 6.4, "severity_class": "moderate"}}, {"type": "Feature", "geometry": {"type": "Point", "coordinates": [84.2707, 28.7211]}, "properties": {"id": "demo-861", "source": "demo", "date": "2012-07-24", "date_precision": "day", "year": 2012, "month": 7, "hazard": "flash_flood", "hazard_raw": "flash_flood", "district": null, "lon": 84.2707, "lat": 28.7211, "geo_precision": "exact", "deaths": 2, "missing": 0, "injured": 3, "people_affected": 158, "houses_destroyed": 18, "houses_damaged": 57, "title": "(demo) flash_flood event", "source_url": "", "severity_score": 19.77, "severity_class": "moderate"}}, {"type": "Feature", "geometry": {"type": "Point", "coordinates": [83.4839, 28.6583]}, "properties": {"id": "demo-862", "source": "demo", "date": "2005-09-10", "date_precision": "day", "year": 2005, "month": 9, "hazard": "flash_flood", "hazard_raw": "flash_flood", "district": null, "lon": 83.4839, "lat": 28.6583, "geo_precision": "exact", "deaths": 218, "missing": 74, "injured": 429, "people_affected": 7338, "houses_destroyed": 799, "houses_damaged": 3136, "title": "(demo) flash_flood event", "source_url": "", "severity_score": 2220.28, "severity_class": "catastrophic"}}, {"type": "Feature", "geometry": {"type": "Point", "coordinates": [80.5815, 28.8326]}, "properties": {"id": "demo-863", "source": "demo", "date": "2022-04-05", "date_precision": "day", "year": 2022, "month": 4, "hazard": "flood", "hazard_raw": "flood", "district": null, "lon": 80.5815, "lat": 28.8326, "geo_precision": "exact", "deaths": 2, "missing": 0, "injured": 1, "people_affected": 177, "houses_destroyed": 29, "houses_damaged": 106, "title": "(demo) flood event", "source_url": "", "severity_score": 22.45, "severity_class": "moderate"}}, {"type": "Feature", "geometry": {"type": "Point", "coordinates": [81.6982, 29.3241]}, "properties": {"id": "demo-864", "source": "demo", "date": "1990-08-18", "date_precision": "day", "year": 1990, "month": 8, "hazard": "landslide", "hazard_raw": "landslide", "district": null, "lon": 81.6982, "lat": 29.3241, "geo_precision": "exact", "deaths": 0, "missing": 0, "injured": 0, "people_affected": 71, "houses_destroyed": 4, "houses_damaged": 7, "title": "(demo) landslide event", "source_url": "", "severity_score": 1.29, "severity_class": "small"}}, {"type": "Feature", "geometry": {"type": "Point", "coordinates": [84.0801, 28.2294]}, "properties": {"id": "demo-865", "source": "demo", "date": "2008-01-16", "date_precision": "day", "year": 2008, "month": 1, "hazard": "landslide", "hazard_raw": "landslide", "district": null, "lon": 84.0801, "lat": 28.2294, "geo_precision": "exact", "deaths": 21, "missing": 7, "injured": 38, "people_affected": 1136, "houses_destroyed": 131, "houses_damaged": 228, "title": "(demo) landslide event", "source_url": "", "severity_score": 217.87, "severity_class": "catastrophic"}}, {"type": "Feature", "geometry": {"type": "Point", "coordinates": [86.9945, 27.6322]}, "properties": {"id": "demo-866", "source": "demo", "date": "2023-08-06", "date_precision": "day", "year": 2023, "month": 8, "hazard": "flood", "hazard_raw": "flood", "district": null, "lon": 86.9945, "lat": 27.6322, "geo_precision": "exact", "deaths": 6, "missing": 1, "injured": 10, "people_affected": 1263, "houses_destroyed": 82, "houses_damaged": 223, "title": "(demo) flood event", "source_url": "", "severity_score": 75.08, "severity_class": "major"}}, {"type": "Feature", "geometry": {"type": "Point", "coordinates": [82.2064, 29.5335]}, "properties": {"id": "demo-867", "source": "demo", "date": "1984-07-27", "date_precision": "day", "year": 1984, "month": 7, "hazard": "avalanche", "hazard_raw": "avalanche", "district": null, "lon": 82.2064, "lat": 29.5335, "geo_precision": "exact", "deaths": 0, "missing": 0, "injured": 0, "people_affected": 0, "houses_destroyed": 0, "houses_damaged": 0, "title": "(demo) avalanche event", "source_url": "", "severity_score": 0.0, "severity_class": "minor"}}, {"type": "Feature", "geometry": {"type": "Point", "coordinates": [87.2681, 26.6447]}, "properties": {"id": "demo-868", "source": "demo", "date": "2006-08-23", "date_precision": "day", "year": 2006, "month": 8, "hazard": "flood", "hazard_raw": "flood", "district": null, "lon": 87.2681, "lat": 26.6447, "geo_precision": "exact", "deaths": 0, "missing": 0, "injured": 0, "people_affected": 31, "houses_destroyed": 2, "houses_damaged": 7, "title": "(demo) flood event", "source_url": "", "severity_score": 0.81, "severity_class": "small"}}, {"type": "Feature", "geometry": {"type": "Point", "coordinates": [85.9774, 28.2047]}, "properties": {"id": "demo-869", "source": "demo", "date": "1988-08-21", "date_precision": "day", "year": 1988, "month": 8, "hazard": "glof", "hazard_raw": "glof", "district": null, "lon": 85.9774, "lat": 28.2047, "geo_precision": "exact", "deaths": 2, "missing": 0, "injured": 1, "people_affected": 706, "houses_destroyed": 36, "houses_damaged": 75, "title": "(demo) glof event", "source_url": "", "severity_score": 23.36, "severity_class": "moderate"}}, {"type": "Feature", "geometry": {"type": "Point", "coordinates": [87.1039, 26.6874]}, "properties": {"id": "demo-870", "source": "demo", "date": "2011-05-13", "date_precision": "day", "year": 2011, "month": 5, "hazard": "flood", "hazard_raw": "flood", "district": null, "lon": 87.1039, "lat": 26.6874, "geo_precision": "exact", "deaths": 3, "missing": 0, "injured": 3, "people_affected": 113, "houses_destroyed": 7, "houses_damaged": 10, "title": "(demo) flood event", "source_url": "", "severity_score": 20.13, "severity_class": "moderate"}}, {"type": "Feature", "geometry": {"type": "Point", "coordinates": [82.0764, 29.5839]}, "properties": {"id": "demo-871", "source": "demo", "date": "2009-05-09", "date_precision": "day", "year": 2009, "month": 5, "hazard": "avalanche", "hazard_raw": "avalanche", "district": null, "lon": 82.0764, "lat": 29.5839, "geo_precision": "exact", "deaths": 1, "missing": 0, "injured": 0, "people_affected": 38, "houses_destroyed": 6, "houses_damaged": 10, "title": "(demo) avalanche event", "source_url": "", "severity_score": 6.78, "severity_class": "moderate"}}, {"type": "Feature", "geometry": {"type": "Point", "coordinates": [82.0243, 29.5731]}, "properties": {"id": "demo-872", "source": "demo", "date": "2014-10-01", "date_precision": "day", "year": 2014, "month": 10, "hazard": "avalanche", "hazard_raw": "avalanche", "district": null, "lon": 82.0243, "lat": 29.5731, "geo_precision": "exact", "deaths": 2, "missing": 0, "injured": 1, "people_affected": 46, "houses_destroyed": 5, "houses_damaged": 9, "title": "(demo) avalanche event", "source_url": "", "severity_score": 12.54, "severity_class": "moderate"}}, {"type": "Feature", "geometry": {"type": "Point", "coordinates": [85.6265, 26.6595]}, "properties": {"id": "demo-873", "source": "demo", "date": "2018-07-03", "date_precision": "day", "year": 2018, "month": 7, "hazard": "landslide", "hazard_raw": "landslide", "district": null, "lon": 85.6265, "lat": 26.6595, "geo_precision": "exact", "deaths": 0, "missing": 0, "injured": 0, "people_affected": 282, "houses_destroyed": 21, "houses_damaged": 56, "title": "(demo) landslide event", "source_url": "", "severity_score": 7.56, "severity_class": "moderate"}}, {"type": "Feature", "geometry": {"type": "Point", "coordinates": [84.7634, 27.7335]}, "properties": {"id": "demo-874", "source": "demo", "date": "2000-07-23", "date_precision": "day", "year": 2000, "month": 7, "hazard": "debris_flow", "hazard_raw": "debris_flow", "district": null, "lon": 84.7634, "lat": 27.7335, "geo_precision": "exact", "deaths": 0, "missing": 0, "injured": 0, "people_affected": 59, "houses_destroyed": 4, "houses_damaged": 9, "title": "(demo) debris_flow event", "source_url": "", "severity_score": 1.37, "severity_class": "small"}}, {"type": "Feature", "geometry": {"type": "Point", "coordinates": [85.6125, 26.7275]}, "properties": {"id": "demo-875", "source": "demo", "date": "2009-08-12", "date_precision": "day", "year": 2009, "month": 8, "hazard": "flood", "hazard_raw": "flood", "district": null, "lon": 85.6125, "lat": 26.7275, "geo_precision": "exact", "deaths": 0, "missing": 0, "injured": 0, "people_affected": 60, "houses_destroyed": 7, "houses_damaged": 12, "title": "(demo) flood event", "source_url": "", "severity_score": 2.12, "severity_class": "small"}}, {"type": "Feature", "geometry": {"type": "Point", "coordinates": [81.2242, 29.2064]}, "properties": {"id": "demo-876", "source": "demo", "date": "2004-06-28", "date_precision": "day", "year": 2004, "month": 6, "hazard": "landslide", "hazard_raw": "landslide", "district": null, "lon": 81.2242, "lat": 29.2064, "geo_precision": "exact", "deaths": 4, "missing": 1, "injured": 4, "people_affected": 108, "houses_destroyed": 16, "houses_damaged": 50, "title": "(demo) landslide event", "source_url": "", "severity_score": 34.92, "severity_class": "major"}}, {"type": "Feature", "geometry": {"type": "Point", "coordinates": [81.7969, 29.3704]}, "properties": {"id": "demo-877", "source": "demo", "date": "2008-07-09", "date_precision": "day", "year": 2008, "month": 7, "hazard": "landslide", "hazard_raw": "landslide", "district": null, "lon": 81.7969, "lat": 29.3704, "geo_precision": "exact", "deaths": 0, "missing": 0, "injured": 0, "people_affected": 88, "houses_destroyed": 8, "houses_damaged": 13, "title": "(demo) landslide event", "source_url": "", "severity_score": 2.43, "severity_class": "small"}}, {"type": "Feature", "geometry": {"type": "Point", "coordinates": [85.6624, 26.6938]}, "properties": {"id": "demo-878", "source": "demo", "date": "1971-07-07", "date_precision": "day", "year": 1971, "month": 7, "hazard": "flood", "hazard_raw": "flood", "district": null, "lon": 85.6624, "lat": 26.6938, "geo_precision": "exact", "deaths": 0, "missing": 0, "injured": 0, "people_affected": 74, "houses_destroyed": 6, "houses_damaged": 19, "title": "(demo) flood event", "source_url": "", "severity_score": 2.3, "severity_class": "small"}}, {"type": "Feature", "geometry": {"type": "Point", "coordinates": [87.0518, 27.9293]}, "properties": {"id": "demo-879", "source": "demo", "date": "1972-06-27", "date_precision": "day", "year": 1972, "month": 6, "hazard": "landslide", "hazard_raw": "landslide", "district": null, "lon": 87.0518, "lat": 27.9293, "geo_precision": "exact", "deaths": 2, "missing": 0, "injured": 2, "people_affected": 177, "houses_destroyed": 26, "houses_damaged": 77, "title": "(demo) landslide event", "source_url": "", "severity_score": 21.4, "severity_class": "moderate"}}, {"type": "Feature", "geometry": {"type": "Point", "coordinates": [86.6618, 27.5462]}, "properties": {"id": "demo-880", "source": "demo", "date": "1994-09-10", "date_precision": "day", "year": 1994, "month": 9, "hazard": "landslide", "hazard_raw": "landslide", "district": null, "lon": 86.6618, "lat": 27.5462, "geo_precision": "exact", "deaths": 0, "missing": 0, "injured": 0, "people_affected": 0, "houses_destroyed": 0, "houses_damaged": 0, "title": "(demo) landslide event", "source_url": "", "severity_score": 0.0, "severity_class": "minor"}}, {"type": "Feature", "geometry": {"type": "Point", "coordinates": [82.3175, 29.4401]}, "properties": {"id": "demo-881", "source": "demo", "date": "2013-06-27", "date_precision": "day", "year": 2013, "month": 6, "hazard": "landslide", "hazard_raw": "landslide", "district": null, "lon": 82.3175, "lat": 29.4401, "geo_precision": "exact", "deaths": 3, "missing": 1, "injured": 3, "people_affected": 25, "houses_destroyed": 2, "houses_damaged": 7, "title": "(demo) landslide event", "source_url": "", "severity_score": 23.8, "severity_class": "moderate"}}, {"type": "Feature", "geometry": {"type": "Point", "coordinates": [84.3654, 27.5465]}, "properties": {"id": "demo-882", "source": "demo", "date": "2007-06-15", "date_precision": "day", "year": 2007, "month": 6, "hazard": "landslide", "hazard_raw": "landslide", "district": null, "lon": 84.3654, "lat": 27.5465, "geo_precision": "exact", "deaths": 1, "missing": 0, "injured": 1, "people_affected": 46, "houses_destroyed": 14, "houses_damaged": 46, "title": "(demo) landslide event", "source_url": "", "severity_score": 11.19, "severity_class": "moderate"}}, {"type": "Feature", "geometry": {"type": "Point", "coordinates": [87.3242, 26.4729]}, "properties": {"id": "demo-883", "source": "demo", "date": "1976-05-23", "date_precision": "day", "year": 1976, "month": 5, "hazard": "flood", "hazard_raw": "flood", "district": null, "lon": 87.3242, "lat": 26.4729, "geo_precision": "exact", "deaths": 0, "missing": 0, "injured": 0, "people_affected": 19, "houses_destroyed": 5, "houses_damaged": 17, "title": "(demo) flood event", "source_url": "", "severity_score": 1.89, "severity_class": "small"}}, {"type": "Feature", "geometry": {"type": "Point", "coordinates": [86.7466, 27.8826]}, "properties": {"id": "demo-884", "source": "demo", "date": "2019-08-03", "date_precision": "day", "year": 2019, "month": 8, "hazard": "landslide", "hazard_raw": "landslide", "district": null, "lon": 86.7466, "lat": 27.8826, "geo_precision": "exact", "deaths": 0, "missing": 0, "injured": 0, "people_affected": 20, "houses_destroyed": 2, "houses_damaged": 3, "title": "(demo) landslide event", "source_url": "", "severity_score": 0.59, "severity_class": "small"}}, {"type": "Feature", "geometry": {"type": "Point", "coordinates": [82.4079, 29.3099]}, "properties": {"id": "demo-885", "source": "demo", "date": "2019-07-14", "date_precision": "day", "year": 2019, "month": 7, "hazard": "landslide", "hazard_raw": "landslide", "district": null, "lon": 82.4079, "lat": 29.3099, "geo_precision": "exact", "deaths": 0, "missing": 0, "injured": 0, "people_affected": 96, "houses_destroyed": 6, "houses_damaged": 6, "title": "(demo) landslide event", "source_url": "", "severity_score": 1.69, "severity_class": "small"}}, {"type": "Feature", "geometry": {"type": "Point", "coordinates": [85.2684, 28.0195]}, "properties": {"id": "demo-886", "source": "demo", "date": "2022-08-03", "date_precision": "day", "year": 2022, "month": 8, "hazard": "debris_flow", "hazard_raw": "debris_flow", "district": null, "lon": 85.2684, "lat": 28.0195, "geo_precision": "exact", "deaths": 6, "missing": 0, "injured": 11, "people_affected": 799, "houses_destroyed": 49, "houses_damaged": 63, "title": "(demo) debris_flow event", "source_url": "", "severity_score": 55.55, "severity_class": "major"}}, {"type": "Feature", "geometry": {"type": "Point", "coordinates": [85.0585, 27.8915]}, "properties": {"id": "demo-887", "source": "demo", "date": "1972-07-11", "date_precision": "day", "year": 1972, "month": 7, "hazard": "landslide", "hazard_raw": "landslide", "district": null, "lon": 85.0585, "lat": 27.8915, "geo_precision": "exact", "deaths": 1, "missing": 0, "injured": 1, "people_affected": 133, "houses_destroyed": 12, "houses_damaged": 32, "title": "(demo) landslide event", "source_url": "", "severity_score": 10.27, "severity_class": "moderate"}}, {"type": "Feature", "geometry": {"type": "Point", "coordinates": [80.618, 28.7092]}, "properties": {"id": "demo-888", "source": "demo", "date": "2023-09-17", "date_precision": "day", "year": 2023, "month": 9, "hazard": "flood", "hazard_raw": "flood", "district": null, "lon": 80.618, "lat": 28.7092, "geo_precision": "exact", "deaths": 0, "missing": 0, "injured": 0, "people_affected": 7, "houses_destroyed": 1, "houses_damaged": 1, "title": "(demo) flood event", "source_url": "", "severity_score": 0.26, "severity_class": "small"}}, {"type": "Feature", "geometry": {"type": "Point", "coordinates": [81.5412, 29.2478]}, "properties": {"id": "demo-889", "source": "demo", "date": "2017-07-17", "date_precision": "day", "year": 2017, "month": 7, "hazard": "landslide", "hazard_raw": "landslide", "district": null, "lon": 81.5412, "lat": 29.2478, "geo_precision": "exact", "deaths": 0, "missing": 0, "injured": 0, "people_affected": 15, "houses_destroyed": 4, "houses_damaged": 8, "title": "(demo) landslide event", "source_url": "", "severity_score": 1.23, "severity_class": "small"}}, {"type": "Feature", "geometry": {"type": "Point", "coordinates": [85.842, 26.933]}, "properties": {"id": "demo-890", "source": "demo", "date": "2016-02-16", "date_precision": "day", "year": 2016, "month": 2, "hazard": "flash_flood", "hazard_raw": "flash_flood", "district": null, "lon": 85.842, "lat": 26.933, "geo_precision": "exact", "deaths": 11, "missing": 2, "injured": 18, "people_affected": 0, "houses_destroyed": 0, "houses_damaged": 0, "title": "(demo) flash_flood event", "source_url": "", "severity_score": 83.0, "severity_class": "major"}}, {"type": "Feature", "geometry": {"type": "Point", "coordinates": [85.7367, 28.2666]}, "properties": {"id": "demo-891", "source": "demo", "date": "2001-10-28", "date_precision": "day", "year": 2001, "month": 10, "hazard": "debris_flow", "hazard_raw": "debris_flow", "district": null, "lon": 85.7367, "lat": 28.2666, "geo_precision": "exact", "deaths": 0, "missing": 0, "injured": 0, "people_affected": 87, "houses_destroyed": 5, "houses_damaged": 8, "title": "(demo) debris_flow event", "source_url": "", "severity_score": 1.57, "severity_class": "small"}}, {"type": "Feature", "geometry": {"type": "Point", "coordinates": [86.1608, 27.8544]}, "properties": {"id": "demo-892", "source": "demo", "date": "2012-08-07", "date_precision": "day", "year": 2012, "month": 8, "hazard": "landslide", "hazard_raw": "landslide", "district": null, "lon": 86.1608, "lat": 27.8544, "geo_precision": "exact", "deaths": 0, "missing": 0, "injured": 0, "people_affected": 5, "houses_destroyed": 1, "houses_damaged": 1, "title": "(demo) landslide event", "source_url": "", "severity_score": 0.26, "severity_class": "small"}}, {"type": "Feature", "geometry": {"type": "Point", "coordinates": [83.5368, 28.8758]}, "properties": {"id": "demo-893", "source": "demo", "date": "2013-08-05", "date_precision": "day", "year": 2013, "month": 8, "hazard": "flood", "hazard_raw": "flood", "district": null, "lon": 83.5368, "lat": 28.8758, "geo_precision": "exact", "deaths": 2, "missing": 0, "injured": 0, "people_affected": 458, "houses_destroyed": 27, "houses_damaged": 97, "title": "(demo) flood event", "source_url": "", "severity_score": 21.17, "severity_class": "moderate"}}, {"type": "Feature", "geometry": {"type": "Point", "coordinates": [86.2745, 27.2221]}, "properties": {"id": "demo-894", "source": "demo", "date": "1994-09-02", "date_precision": "day", "year": 1994, "month": 9, "hazard": "flood", "hazard_raw": "flood", "district": null, "lon": 86.2745, "lat": 27.2221, "geo_precision": "exact", "deaths": 0, "missing": 0, "injured": 0, "people_affected": 1247, "houses_destroyed": 81, "houses_damaged": 291, "title": "(demo) flood event", "source_url": "", "severity_score": 33.24, "severity_class": "major"}}, {"type": "Feature", "geometry": {"type": "Point", "coordinates": [85.6733, 28.3948]}, "properties": {"id": "demo-895", "source": "demo", "date": "1988-07-27", "date_precision": "day", "year": 1988, "month": 7, "hazard": "glof", "hazard_raw": "glof", "district": null, "lon": 85.6733, "lat": 28.3948, "geo_precision": "exact", "deaths": 3, "missing": 0, "injured": 5, "people_affected": 858, "houses_destroyed": 56, "houses_damaged": 102, "title": "(demo) glof event", "source_url": "", "severity_score": 38.02, "severity_class": "major"}}, {"type": "Feature", "geometry": {"type": "Point", "coordinates": [86.779, 27.7503]}, "properties": {"id": "demo-896", "source": "demo", "date": "2015-07-10", "date_precision": "day", "year": 2015, "month": 7, "hazard": "landslide", "hazard_raw": "landslide", "district": null, "lon": 86.779, "lat": 27.7503, "geo_precision": "exact", "deaths": 0, "missing": 0, "injured": 0, "people_affected": 0, "houses_destroyed": 0, "houses_damaged": 0, "title": "(demo) landslide event", "source_url": "", "severity_score": 0.0, "severity_class": "minor"}}, {"type": "Feature", "geometry": {"type": "Point", "coordinates": [81.9926, 29.4352]}, "properties": {"id": "demo-897", "source": "demo", "date": "2000-07-24", "date_precision": "day", "year": 2000, "month": 7, "hazard": "flash_flood", "hazard_raw": "flash_flood", "district": null, "lon": 81.9926, "lat": 29.4352, "geo_precision": "exact", "deaths": 0, "missing": 0, "injured": 0, "people_affected": 0, "houses_destroyed": 0, "houses_damaged": 0, "title": "(demo) flash_flood event", "source_url": "", "severity_score": 0.0, "severity_class": "minor"}}, {"type": "Feature", "geometry": {"type": "Point", "coordinates": [83.5083, 28.2017]}, "properties": {"id": "demo-898", "source": "demo", "date": "1991-04-17", "date_precision": "day", "year": 1991, "month": 4, "hazard": "flood", "hazard_raw": "flood", "district": null, "lon": 83.5083, "lat": 28.2017, "geo_precision": "exact", "deaths": 5, "missing": 1, "injured": 3, "people_affected": 637, "houses_destroyed": 38, "houses_damaged": 41, "title": "(demo) flood event", "source_url": "", "severity_score": 43.92, "severity_class": "major"}}, {"type": "Feature", "geometry": {"type": "Point", "coordinates": [83.6444, 28.6733]}, "properties": {"id": "demo-899", "source": "demo", "date": "1979-07-01", "date_precision": "day", "year": 1979, "month": 7, "hazard": "flash_flood", "hazard_raw": "flash_flood", "district": null, "lon": 83.6444, "lat": 28.6733, "geo_precision": "exact", "deaths": 0, "missing": 0, "injured": 0, "people_affected": 15, "houses_destroyed": 1, "houses_damaged": 1, "title": "(demo) flash_flood event", "source_url": "", "severity_score": 0.28, "severity_class": "small"}}, {"type": "Feature", "geometry": {"type": "Point", "coordinates": [87.1613, 26.5056]}, "properties": {"id": "demo-900", "source": "demo", "date": "2010-09-05", "date_precision": "day", "year": 2010, "month": 9, "hazard": "debris_flow", "hazard_raw": "debris_flow", "district": null, "lon": 87.1613, "lat": 26.5056, "geo_precision": "exact", "deaths": 0, "missing": 0, "injured": 0, "people_affected": 0, "houses_destroyed": 0, "houses_damaged": 0, "title": "(demo) debris_flow event", "source_url": "", "severity_score": 0.0, "severity_class": "minor"}}, {"type": "Feature", "geometry": {"type": "Point", "coordinates": [81.0911, 29.3433]}, "properties": {"id": "demo-901", "source": "demo", "date": "2008-05-14", "date_precision": "day", "year": 2008, "month": 5, "hazard": "landslide", "hazard_raw": "landslide", "district": null, "lon": 81.0911, "lat": 29.3433, "geo_precision": "exact", "deaths": 1, "missing": 0, "injured": 0, "people_affected": 122, "houses_destroyed": 14, "houses_damaged": 25, "title": "(demo) landslide event", "source_url": "", "severity_score": 9.29, "severity_class": "moderate"}}, {"type": "Feature", "geometry": {"type": "Point", "coordinates": [84.3749, 28.1103]}, "properties": {"id": "demo-902", "source": "demo", "date": "2025-08-05", "date_precision": "day", "year": 2025, "month": 8, "hazard": "landslide", "hazard_raw": "landslide", "district": null, "lon": 84.3749, "lat": 28.1103, "geo_precision": "exact", "deaths": 0, "missing": 0, "injured": 0, "people_affected": 0, "houses_destroyed": 0, "houses_damaged": 0, "title": "(demo) landslide event", "source_url": "", "severity_score": 0.0, "severity_class": "minor"}}, {"type": "Feature", "geometry": {"type": "Point", "coordinates": [87.1551, 26.6413]}, "properties": {"id": "demo-903", "source": "demo", "date": "2018-05-25", "date_precision": "day", "year": 2018, "month": 5, "hazard": "flash_flood", "hazard_raw": "flash_flood", "district": null, "lon": 87.1551, "lat": 26.6413, "geo_precision": "exact", "deaths": 0, "missing": 0, "injured": 0, "people_affected": 746, "houses_destroyed": 51, "houses_damaged": 110, "title": "(demo) flash_flood event", "source_url": "", "severity_score": 17.19, "severity_class": "moderate"}}, {"type": "Feature", "geometry": {"type": "Point", "coordinates": [83.9761, 28.1366]}, "properties": {"id": "demo-904", "source": "demo", "date": "1982-06-11", "date_precision": "day", "year": 1982, "month": 6, "hazard": "landslide", "hazard_raw": "landslide", "district": null, "lon": 83.9761, "lat": 28.1366, "geo_precision": "exact", "deaths": 2, "missing": 0, "injured": 3, "people_affected": 275, "houses_destroyed": 22, "houses_damaged": 50, "title": "(demo) landslide event", "source_url": "", "severity_score": 20.45, "severity_class": "moderate"}}, {"type": "Feature", "geometry": {"type": "Point", "coordinates": [86.7831, 28.1692]}, "properties": {"id": "demo-905", "source": "demo", "date": "2001-05-10", "date_precision": "day", "year": 2001, "month": 5, "hazard": "avalanche", "hazard_raw": "avalanche", "district": null, "lon": 86.7831, "lat": 28.1692, "geo_precision": "exact", "deaths": 0, "missing": 0, "injured": 0, "people_affected": 37, "houses_destroyed": 7, "houses_damaged": 25, "title": "(demo) avalanche event", "source_url": "", "severity_score": 2.72, "severity_class": "small"}}, {"type": "Feature", "geometry": {"type": "Point", "coordinates": [85.0833, 27.5453]}, "properties": {"id": "demo-906", "source": "demo", "date": "2021-07-23", "date_precision": "day", "year": 2021, "month": 7, "hazard": "landslide", "hazard_raw": "landslide", "district": null, "lon": 85.0833, "lat": 27.5453, "geo_precision": "exact", "deaths": 0, "missing": 0, "injured": 0, "people_affected": 42, "houses_destroyed": 7, "houses_damaged": 13, "title": "(demo) landslide event", "source_url": "", "severity_score": 2.13, "severity_class": "small"}}, {"type": "Feature", "geometry": {"type": "Point", "coordinates": [85.3033, 28.0102]}, "properties": {"id": "demo-907", "source": "demo", "date": "1996-08-20", "date_precision": "day", "year": 1996, "month": 8, "hazard": "flood", "hazard_raw": "flood", "district": null, "lon": 85.3033, "lat": 28.0102, "geo_precision": "exact", "deaths": 1, "missing": 0, "injured": 1, "people_affected": 0, "houses_destroyed": 0, "houses_damaged": 0, "title": "(demo) flood event", "source_url": "", "severity_score": 6.0, "severity_class": "moderate"}}, {"type": "Feature", "geometry": {"type": "Point", "coordinates": [86.8569, 27.9292]}, "properties": {"id": "demo-908", "source": "demo", "date": "2004-06-18", "date_precision": "day", "year": 2004, "month": 6, "hazard": "flood", "hazard_raw": "flood", "district": null, "lon": 86.8569, "lat": 27.9292, "geo_precision": "exact", "deaths": 0, "missing": 0, "injured": 0, "people_affected": 108, "houses_destroyed": 6, "houses_damaged": 19, "title": "(demo) flood event", "source_url": "", "severity_score": 2.37, "severity_class": "small"}}, {"type": "Feature", "geometry": {"type": "Point", "coordinates": [83.6794, 28.8433]}, "properties": {"id": "demo-909", "source": "demo", "date": "2026-09-27", "date_precision": "day", "year": 2026, "month": 9, "hazard": "avalanche", "hazard_raw": "avalanche", "district": null, "lon": 83.6794, "lat": 28.8433, "geo_precision": "exact", "deaths": 0, "missing": 0, "injured": 0, "people_affected": 223, "houses_destroyed": 66, "houses_damaged": 189, "title": "(demo) avalanche event", "source_url": "", "severity_score": 23.1, "severity_class": "moderate"}}, {"type": "Feature", "geometry": {"type": "Point", "coordinates": [85.4477, 28.2479]}, "properties": {"id": "demo-910", "source": "demo", "date": "2019-07-01", "date_precision": "day", "year": 2019, "month": 7, "hazard": "flash_flood", "hazard_raw": "flash_flood", "district": null, "lon": 85.4477, "lat": 28.2479, "geo_precision": "exact", "deaths": 0, "missing": 0, "injured": 0, "people_affected": 0, "houses_destroyed": 0, "houses_damaged": 0, "title": "(demo) flash_flood event", "source_url": "", "severity_score": 0.0, "severity_class": "minor"}}, {"type": "Feature", "geometry": {"type": "Point", "coordinates": [86.726, 28.3714]}, "properties": {"id": "demo-911", "source": "demo", "date": "1979-08-01", "date_precision": "day", "year": 1979, "month": 8, "hazard": "avalanche", "hazard_raw": "avalanche", "district": null, "lon": 86.726, "lat": 28.3714, "geo_precision": "exact", "deaths": 0, "missing": 0, "injured": 0, "people_affected": 0, "houses_destroyed": 0, "houses_damaged": 0, "title": "(demo) avalanche event", "source_url": "", "severity_score": 0.0, "severity_class": "minor"}}, {"type": "Feature", "geometry": {"type": "Point", "coordinates": [84.2691, 27.7374]}, "properties": {"id": "demo-912", "source": "demo", "date": "1976-07-13", "date_precision": "day", "year": 1976, "month": 7, "hazard": "flood", "hazard_raw": "flood", "district": null, "lon": 84.2691, "lat": 27.7374, "geo_precision": "exact", "deaths": 28, "missing": 9, "injured": 13, "people_affected": 6047, "houses_destroyed": 336, "houses_damaged": 1173, "title": "(demo) flood event", "source_url": "", "severity_score": 335.94, "severity_class": "catastrophic"}}, {"type": "Feature", "geometry": {"type": "Point", "coordinates": [84.9413, 28.0129]}, "properties": {"id": "demo-913", "source": "demo", "date": "2019-05-27", "date_precision": "day", "year": 2019, "month": 5, "hazard": "debris_flow", "hazard_raw": "debris_flow", "district": null, "lon": 84.9413, "lat": 28.0129, "geo_precision": "exact", "deaths": 0, "missing": 0, "injured": 0, "people_affected": 18, "houses_destroyed": 5, "houses_damaged": 14, "title": "(demo) debris_flow event", "source_url": "", "severity_score": 1.74, "severity_class": "small"}}, {"type": "Feature", "geometry": {"type": "Point", "coordinates": [85.3202, 27.7129]}, "properties": {"id": "demo-914", "source": "demo", "date": "2013-09-14", "date_precision": "day", "year": 2013, "month": 9, "hazard": "landslide", "hazard_raw": "landslide", "district": null, "lon": 85.3202, "lat": 27.7129, "geo_precision": "exact", "deaths": 2, "missing": 0, "injured": 1, "people_affected": 43, "houses_destroyed": 10, "houses_damaged": 16, "title": "(demo) landslide event", "source_url": "", "severity_score": 13.89, "severity_class": "moderate"}}, {"type": "Feature", "geometry": {"type": "Point", "coordinates": [82.1597, 29.2402]}, "properties": {"id": "demo-915", "source": "demo", "date": "1974-07-02", "date_precision": "day", "year": 1974, "month": 7, "hazard": "landslide", "hazard_raw": "landslide", "district": null, "lon": 82.1597, "lat": 29.2402, "geo_precision": "exact", "deaths": 0, "missing": 0, "injured": 0, "people_affected": 0, "houses_destroyed": 0, "houses_damaged": 0, "title": "(demo) landslide event", "source_url": "", "severity_score": 0.0, "severity_class": "minor"}}, {"type": "Feature", "geometry": {"type": "Point", "coordinates": [85.2967, 28.1142]}, "properties": {"id": "demo-916", "source": "demo", "date": "1997-03-12", "date_precision": "day", "year": 1997, "month": 3, "hazard": "flash_flood", "hazard_raw": "flash_flood", "district": null, "lon": 85.2967, "lat": 28.1142, "geo_precision": "exact", "deaths": 1, "missing": 0, "injured": 1, "people_affected": 137, "houses_destroyed": 14, "houses_damaged": 19, "title": "(demo) flash_flood event", "source_url": "", "severity_score": 10.02, "severity_class": "moderate"}}, {"type": "Feature", "geometry": {"type": "Point", "coordinates": [82.4041, 29.6134]}, "properties": {"id": "demo-917", "source": "demo", "date": "2002-08-16", "date_precision": "day", "year": 2002, "month": 8, "hazard": "avalanche", "hazard_raw": "avalanche", "district": null, "lon": 82.4041, "lat": 29.6134, "geo_precision": "exact", "deaths": 9, "missing": 0, "injured": 17, "people_affected": 313, "houses_destroyed": 42, "houses_damaged": 127, "title": "(demo) avalanche event", "source_url": "", "severity_score": 77.38, "severity_class": "major"}}, {"type": "Feature", "geometry": {"type": "Point", "coordinates": [81.504, 29.3198]}, "properties": {"id": "demo-918", "source": "demo", "date": "1979-07-23", "date_precision": "day", "year": 1979, "month": 7, "hazard": "landslide", "hazard_raw": "landslide", "district": null, "lon": 81.504, "lat": 29.3198, "geo_precision": "exact", "deaths": 0, "missing": 0, "injured": 0, "people_affected": 14, "houses_destroyed": 1, "houses_damaged": 3, "title": "(demo) landslide event", "source_url": "", "severity_score": 0.38, "severity_class": "small"}}, {"type": "Feature", "geometry": {"type": "Point", "coordinates": [84.3345, 28.3833]}, "properties": {"id": "demo-919", "source": "demo", "date": "1986-12-11", "date_precision": "day", "year": 1986, "month": 12, "hazard": "landslide", "hazard_raw": "landslide", "district": null, "lon": 84.3345, "lat": 28.3833, "geo_precision": "exact", "deaths": 0, "missing": 0, "injured": 0, "people_affected": 32, "houses_destroyed": 4, "houses_damaged": 12, "title": "(demo) landslide event", "source_url": "", "severity_score": 1.46, "severity_class": "small"}}, {"type": "Feature", "geometry": {"type": "Point", "coordinates": [85.8744, 26.8038]}, "properties": {"id": "demo-920", "source": "demo", "date": "2008-07-05", "date_precision": "day", "year": 2008, "month": 7, "hazard": "flood", "hazard_raw": "flood", "district": null, "lon": 85.8744, "lat": 26.8038, "geo_precision": "exact", "deaths": 0, "missing": 0, "injured": 0, "people_affected": 0, "houses_destroyed": 0, "houses_damaged": 0, "title": "(demo) flood event", "source_url": "", "severity_score": 0.0, "severity_class": "minor"}}, {"type": "Feature", "geometry": {"type": "Point", "coordinates": [82.1683, 29.5642]}, "properties": {"id": "demo-921", "source": "demo", "date": "1980-08-16", "date_precision": "day", "year": 1980, "month": 8, "hazard": "avalanche", "hazard_raw": "avalanche", "district": null, "lon": 82.1683, "lat": 29.5642, "geo_precision": "exact", "deaths": 0, "missing": 0, "injured": 0, "people_affected": 12, "houses_destroyed": 1, "houses_damaged": 3, "title": "(demo) avalanche event", "source_url": "", "severity_score": 0.37, "severity_class": "small"}}, {"type": "Feature", "geometry": {"type": "Point", "coordinates": [86.8481, 27.9816]}, "properties": {"id": "demo-922", "source": "demo", "date": "2017-07-27", "date_precision": "day", "year": 2017, "month": 7, "hazard": "landslide", "hazard_raw": "landslide", "district": null, "lon": 86.8481, "lat": 27.9816, "geo_precision": "exact", "deaths": 1, "missing": 0, "injured": 1, "people_affected": 322, "houses_destroyed": 18, "houses_damaged": 47, "title": "(demo) landslide event", "source_url": "", "severity_score": 12.59, "severity_class": "moderate"}}, {"type": "Feature", "geometry": {"type": "Point", "coordinates": [81.4058, 29.4067]}, "properties": {"id": "demo-923", "source": "demo", "date": "2007-08-15", "date_precision": "day", "year": 2007, "month": 8, "hazard": "avalanche", "hazard_raw": "avalanche", "district": null, "lon": 81.4058, "lat": 29.4067, "geo_precision": "exact", "deaths": 0, "missing": 0, "injured": 0, "people_affected": 118, "houses_destroyed": 12, "houses_damaged": 37, "title": "(demo) avalanche event", "source_url": "", "severity_score": 4.49, "severity_class": "small"}}, {"type": "Feature", "geometry": {"type": "Point", "coordinates": [80.2, 28.9564]}, "properties": {"id": "demo-924", "source": "demo", "date": "1980-01-25", "date_precision": "day", "year": 1980, "month": 1, "hazard": "flood", "hazard_raw": "flood", "district": null, "lon": 80.2, "lat": 28.9564, "geo_precision": "exact", "deaths": 15, "missing": 3, "injured": 12, "people_affected": 715, "houses_destroyed": 36, "houses_damaged": 53, "title": "(demo) flood event", "source_url": "", "severity_score": 113.28, "severity_class": "catastrophic"}}, {"type": "Feature", "geometry": {"type": "Point", "coordinates": [85.9395, 28.0838]}, "properties": {"id": "demo-925", "source": "demo", "date": "1999-08-13", "date_precision": "day", "year": 1999, "month": 8, "hazard": "landslide", "hazard_raw": "landslide", "district": null, "lon": 85.9395, "lat": 28.0838, "geo_precision": "exact", "deaths": 1, "missing": 0, "injured": 0, "people_affected": 38, "houses_destroyed": 2, "houses_damaged": 5, "title": "(demo) landslide event", "source_url": "", "severity_score": 5.73, "severity_class": "moderate"}}, {"type": "Feature", "geometry": {"type": "Point", "coordinates": [85.6628, 28.1024]}, "properties": {"id": "demo-926", "source": "demo", "date": "2020-08-08", "date_precision": "day", "year": 2020, "month": 8, "hazard": "debris_flow", "hazard_raw": "debris_flow", "district": null, "lon": 85.6628, "lat": 28.1024, "geo_precision": "exact", "deaths": 0, "missing": 0, "injured": 0, "people_affected": 51, "houses_destroyed": 6, "houses_damaged": 6, "title": "(demo) debris_flow event", "source_url": "", "severity_score": 1.6, "severity_class": "small"}}, {"type": "Feature", "geometry": {"type": "Point", "coordinates": [85.3881, 28.0248]}, "properties": {"id": "demo-927", "source": "demo", "date": "1998-08-23", "date_precision": "day", "year": 1998, "month": 8, "hazard": "flood", "hazard_raw": "flood", "district": null, "lon": 85.3881, "lat": 28.0248, "geo_precision": "exact", "deaths": 0, "missing": 0, "injured": 0, "people_affected": 0, "houses_destroyed": 0, "houses_damaged": 0, "title": "(demo) flood event", "source_url": "", "severity_score": 0.0, "severity_class": "minor"}}, {"type": "Feature", "geometry": {"type": "Point", "coordinates": [85.3873, 28.3563]}, "properties": {"id": "demo-928", "source": "demo", "date": "1973-07-12", "date_precision": "day", "year": 1973, "month": 7, "hazard": "glof", "hazard_raw": "glof", "district": null, "lon": 85.3873, "lat": 28.3563, "geo_precision": "exact", "deaths": 0, "missing": 0, "injured": 0, "people_affected": 339, "houses_destroyed": 18, "houses_damaged": 28, "title": "(demo) glof event", "source_url": "", "severity_score": 5.68, "severity_class": "moderate"}}, {"type": "Feature", "geometry": {"type": "Point", "coordinates": [80.7361, 28.3957]}, "properties": {"id": "demo-929", "source": "demo", "date": "1975-08-15", "date_precision": "day", "year": 1975, "month": 8, "hazard": "flood", "hazard_raw": "flood", "district": null, "lon": 80.7361, "lat": 28.3957, "geo_precision": "exact", "deaths": 1, "missing": 0, "injured": 1, "people_affected": 78, "houses_destroyed": 14, "houses_damaged": 44, "title": "(demo) flood event", "source_url": "", "severity_score": 11.16, "severity_class": "moderate"}}, {"type": "Feature", "geometry": {"type": "Point", "coordinates": [82.1159, 29.5393]}, "properties": {"id": "demo-930", "source": "demo", "date": "2018-02-21", "date_precision": "day", "year": 2018, "month": 2, "hazard": "avalanche", "hazard_raw": "avalanche", "district": null, "lon": 82.1159, "lat": 29.5393, "geo_precision": "exact", "deaths": 1, "missing": 0, "injured": 1, "people_affected": 0, "houses_destroyed": 0, "houses_damaged": 0, "title": "(demo) avalanche event", "source_url": "", "severity_score": 6.0, "severity_class": "moderate"}}, {"type": "Feature", "geometry": {"type": "Point", "coordinates": [84.9886, 27.8839]}, "properties": {"id": "demo-931", "source": "demo", "date": "2007-02-22", "date_precision": "day", "year": 2007, "month": 2, "hazard": "landslide", "hazard_raw": "landslide", "district": null, "lon": 84.9886, "lat": 27.8839, "geo_precision": "exact", "deaths": 0, "missing": 0, "injured": 0, "people_affected": 0, "houses_destroyed": 0, "houses_damaged": 0, "title": "(demo) landslide event", "source_url": "", "severity_score": 0.0, "severity_class": "minor"}}, {"type": "Feature", "geometry": {"type": "Point", "coordinates": [83.9531, 28.9812]}, "properties": {"id": "demo-932", "source": "demo", "date": "2010-06-21", "date_precision": "day", "year": 2010, "month": 6, "hazard": "flash_flood", "hazard_raw": "flash_flood", "district": null, "lon": 83.9531, "lat": 28.9812, "geo_precision": "exact", "deaths": 37, "missing": 3, "injured": 70, "people_affected": 0, "houses_destroyed": 0, "houses_damaged": 0, "title": "(demo) flash_flood event", "source_url": "", "severity_score": 270.0, "severity_class": "catastrophic"}}, {"type": "Feature", "geometry": {"type": "Point", "coordinates": [83.6784, 28.806]}, "properties": {"id": "demo-933", "source": "demo", "date": "2014-10-06", "date_precision": "day", "year": 2014, "month": 10, "hazard": "landslide", "hazard_raw": "landslide", "district": null, "lon": 83.6784, "lat": 28.806, "geo_precision": "exact", "deaths": 0, "missing": 0, "injured": 0, "people_affected": 53, "houses_destroyed": 3, "houses_damaged": 8, "title": "(demo) landslide event", "source_url": "", "severity_score": 1.11, "severity_class": "small"}}, {"type": "Feature", "geometry": {"type": "Point", "coordinates": [81.2879, 29.1471]}, "properties": {"id": "demo-934", "source": "demo", "date": "2016-04-23", "date_precision": "day", "year": 2016, "month": 4, "hazard": "landslide", "hazard_raw": "landslide", "district": null, "lon": 81.2879, "lat": 29.1471, "geo_precision": "exact", "deaths": 0, "missing": 0, "injured": 0, "people_affected": 96, "houses_destroyed": 6, "houses_damaged": 19, "title": "(demo) landslide event", "source_url": "", "severity_score": 2.34, "severity_class": "small"}}, {"type": "Feature", "geometry": {"type": "Point", "coordinates": [86.0354, 27.1113]}, "properties": {"id": "demo-935", "source": "demo", "date": "1978-09-27", "date_precision": "day", "year": 1978, "month": 9, "hazard": "landslide", "hazard_raw": "landslide", "district": null, "lon": 86.0354, "lat": 27.1113, "geo_precision": "exact", "deaths": 0, "missing": 0, "injured": 0, "people_affected": 10, "houses_destroyed": 3, "houses_damaged": 5, "title": "(demo) landslide event", "source_url": "", "severity_score": 0.87, "severity_class": "small"}}, {"type": "Feature", "geometry": {"type": "Point", "coordinates": [82.2051, 29.5923]}, "properties": {"id": "demo-936", "source": "demo", "date": "2010-09-07", "date_precision": "day", "year": 2010, "month": 9, "hazard": "avalanche", "hazard_raw": "avalanche", "district": null, "lon": 82.2051, "lat": 29.5923, "geo_precision": "exact", "deaths": 2, "missing": 0, "injured": 3, "people_affected": 0, "houses_destroyed": 0, "houses_damaged": 0, "title": "(demo) avalanche event", "source_url": "", "severity_score": 13.0, "severity_class": "moderate"}}, {"type": "Feature", "geometry": {"type": "Point", "coordinates": [87.2593, 26.6763]}, "properties": {"id": "demo-937", "source": "demo", "date": "2010-06-28", "date_precision": "day", "year": 2010, "month": 6, "hazard": "flood", "hazard_raw": "flood", "district": null, "lon": 87.2593, "lat": 26.6763, "geo_precision": "exact", "deaths": 0, "missing": 0, "injured": 0, "people_affected": 19, "houses_destroyed": 1, "houses_damaged": 2, "title": "(demo) flood event", "source_url": "", "severity_score": 0.34, "severity_class": "small"}}, {"type": "Feature", "geometry": {"type": "Point", "coordinates": [86.4528, 27.9596]}, "properties": {"id": "demo-938", "source": "demo", "date": "2017-09-25", "date_precision": "day", "year": 2017, "month": 9, "hazard": "glof", "hazard_raw": "glof", "district": null, "lon": 86.4528, "lat": 27.9596, "geo_precision": "exact", "deaths": 6, "missing": 2, "injured": 5, "people_affected": 0, "houses_destroyed": 0, "houses_damaged": 0, "title": "(demo) glof event", "source_url": "", "severity_score": 45.0, "severity_class": "major"}}, {"type": "Feature", "geometry": {"type": "Point", "coordinates": [84.4335, 27.406]}, "properties": {"id": "demo-939", "source": "demo", "date": "2010-09-19", "date_precision": "day", "year": 2010, "month": 9, "hazard": "flood", "hazard_raw": "flood", "district": null, "lon": 84.4335, "lat": 27.406, "geo_precision": "exact", "deaths": 0, "missing": 0, "injured": 0, "people_affected": 183, "houses_destroyed": 21, "houses_damaged": 42, "title": "(demo) flood event", "source_url": "", "severity_score": 6.67, "severity_class": "moderate"}}, {"type": "Feature", "geometry": {"type": "Point", "coordinates": [86.2431, 27.7581]}, "properties": {"id": "demo-940", "source": "demo", "date": "1998-09-11", "date_precision": "day", "year": 1998, "month": 9, "hazard": "landslide", "hazard_raw": "landslide", "district": null, "lon": 86.2431, "lat": 27.7581, "geo_precision": "exact", "deaths": 0, "missing": 0, "injured": 0, "people_affected": 103, "houses_destroyed": 7, "houses_damaged": 8, "title": "(demo) landslide event", "source_url": "", "severity_score": 2.01, "severity_class": "small"}}, {"type": "Feature", "geometry": {"type": "Point", "coordinates": [84.0486, 27.5426]}, "properties": {"id": "demo-941", "source": "demo", "date": "2025-07-21", "date_precision": "day", "year": 2025, "month": 7, "hazard": "flood", "hazard_raw": "flood", "district": null, "lon": 84.0486, "lat": 27.5426, "geo_precision": "exact", "deaths": 1, "missing": 0, "injured": 1, "people_affected": 116, "houses_destroyed": 7, "houses_damaged": 24, "title": "(demo) flood event", "source_url": "", "severity_score": 8.83, "severity_class": "moderate"}}, {"type": "Feature", "geometry": {"type": "Point", "coordinates": [82.3641, 29.6868]}, "properties": {"id": "demo-942", "source": "demo", "date": "2001-02-07", "date_precision": "day", "year": 2001, "month": 2, "hazard": "avalanche", "hazard_raw": "avalanche", "district": null, "lon": 82.3641, "lat": 29.6868, "geo_precision": "exact", "deaths": 0, "missing": 0, "injured": 0, "people_affected": 0, "houses_destroyed": 0, "houses_damaged": 0, "title": "(demo) avalanche event", "source_url": "", "severity_score": 0.0, "severity_class": "minor"}}, {"type": "Feature", "geometry": {"type": "Point", "coordinates": [83.0743, 28.7508]}, "properties": {"id": "demo-943", "source": "demo", "date": "2020-09-24", "date_precision": "day", "year": 2020, "month": 9, "hazard": "flood", "hazard_raw": "flood", "district": null, "lon": 83.0743, "lat": 28.7508, "geo_precision": "exact", "deaths": 2, "missing": 0, "injured": 3, "people_affected": 74, "houses_destroyed": 8, "houses_damaged": 12, "title": "(demo) flood event", "source_url": "", "severity_score": 15.35, "severity_class": "moderate"}}, {"type": "Feature", "geometry": {"type": "Point", "coordinates": [81.7211, 29.5875]}, "properties": {"id": "demo-944", "source": "demo", "date": "2016-08-27", "date_precision": "day", "year": 2016, "month": 8, "hazard": "landslide", "hazard_raw": "landslide", "district": null, "lon": 81.7211, "lat": 29.5875, "geo_precision": "exact", "deaths": 0, "missing": 0, "injured": 0, "people_affected": 0, "houses_destroyed": 0, "houses_damaged": 0, "title": "(demo) landslide event", "source_url": "", "severity_score": 0.0, "severity_class": "minor"}}, {"type": "Feature", "geometry": {"type": "Point", "coordinates": [86.7072, 28.1048]}, "properties": {"id": "demo-945", "source": "demo", "date": "2017-07-01", "date_precision": "day", "year": 2017, "month": 7, "hazard": "avalanche", "hazard_raw": "avalanche", "district": null, "lon": 86.7072, "lat": 28.1048, "geo_precision": "exact", "deaths": 0, "missing": 0, "injured": 0, "people_affected": 0, "houses_destroyed": 0, "houses_damaged": 0, "title": "(demo) avalanche event", "source_url": "", "severity_score": 0.0, "severity_class": "minor"}}, {"type": "Feature", "geometry": {"type": "Point", "coordinates": [85.6762, 26.7677]}, "properties": {"id": "demo-946", "source": "demo", "date": "2018-11-11", "date_precision": "day", "year": 2018, "month": 11, "hazard": "landslide", "hazard_raw": "landslide", "district": null, "lon": 85.6762, "lat": 26.7677, "geo_precision": "exact", "deaths": 0, "missing": 0, "injured": 0, "people_affected": 38, "houses_destroyed": 2, "houses_damaged": 6, "title": "(demo) landslide event", "source_url": "", "severity_score": 0.78, "severity_class": "small"}}, {"type": "Feature", "geometry": {"type": "Point", "coordinates": [86.2737, 28.3745]}, "properties": {"id": "demo-947", "source": "demo", "date": "2022-08-19", "date_precision": "day", "year": 2022, "month": 8, "hazard": "glof", "hazard_raw": "glof", "district": null, "lon": 86.2737, "lat": 28.3745, "geo_precision": "exact", "deaths": 31, "missing": 7, "injured": 41, "people_affected": 5108, "houses_destroyed": 284, "houses_damaged": 915, "title": "(demo) glof event", "source_url": "", "severity_score": 343.77, "severity_class": "catastrophic"}}, {"type": "Feature", "geometry": {"type": "Point", "coordinates": [83.7756, 28.0328]}, "properties": {"id": "demo-948", "source": "demo", "date": "2011-07-18", "date_precision": "day", "year": 2011, "month": 7, "hazard": "flash_flood", "hazard_raw": "flash_flood", "district": null, "lon": 83.7756, "lat": 28.0328, "geo_precision": "exact", "deaths": 0, "missing": 0, "injured": 0, "people_affected": 0, "houses_destroyed": 0, "houses_damaged": 0, "title": "(demo) flash_flood event", "source_url": "", "severity_score": 0.0, "severity_class": "minor"}}, {"type": "Feature", "geometry": {"type": "Point", "coordinates": [85.8837, 28.3785]}, "properties": {"id": "demo-949", "source": "demo", "date": "2000-08-16", "date_precision": "day", "year": 2000, "month": 8, "hazard": "landslide", "hazard_raw": "landslide", "district": null, "lon": 85.8837, "lat": 28.3785, "geo_precision": "exact", "deaths": 2, "missing": 0, "injured": 1, "people_affected": 48, "houses_destroyed": 3, "houses_damaged": 10, "title": "(demo) landslide event", "source_url": "", "severity_score": 12.2, "severity_class": "moderate"}}, {"type": "Feature", "geometry": {"type": "Point", "coordinates": [83.9184, 28.6147]}, "properties": {"id": "demo-950", "source": "demo", "date": "2025-09-15", "date_precision": "day", "year": 2025, "month": 9, "hazard": "landslide", "hazard_raw": "landslide", "district": null, "lon": 83.9184, "lat": 28.6147, "geo_precision": "exact", "deaths": 10, "missing": 2, "injured": 13, "people_affected": 1478, "houses_destroyed": 80, "houses_damaged": 262, "title": "(demo) landslide event", "source_url": "", "severity_score": 105.06, "severity_class": "catastrophic"}}, {"type": "Feature", "geometry": {"type": "Point", "coordinates": [85.9561, 27.9706]}, "properties": {"id": "demo-951", "source": "demo", "date": "2017-11-17", "date_precision": "day", "year": 2017, "month": 11, "hazard": "glof", "hazard_raw": "glof", "district": null, "lon": 85.9561, "lat": 27.9706, "geo_precision": "exact", "deaths": 12, "missing": 3, "injured": 21, "people_affected": 11, "houses_destroyed": 2, "houses_damaged": 5, "title": "(demo) glof event", "source_url": "", "severity_score": 96.67, "severity_class": "major"}}, {"type": "Feature", "geometry": {"type": "Point", "coordinates": [86.7224, 27.7951]}, "properties": {"id": "demo-952", "source": "demo", "date": "2022-10-15", "date_precision": "day", "year": 2022, "month": 10, "hazard": "avalanche", "hazard_raw": "avalanche", "district": null, "lon": 86.7224, "lat": 27.7951, "geo_precision": "exact", "deaths": 0, "missing": 0, "injured": 0, "people_affected": 70, "houses_destroyed": 6, "houses_damaged": 12, "title": "(demo) avalanche event", "source_url": "", "severity_score": 1.94, "severity_class": "small"}}, {"type": "Feature", "geometry": {"type": "Point", "coordinates": [86.1091, 27.7207]}, "properties": {"id": "demo-953", "source": "demo", "date": "2022-09-25", "date_precision": "day", "year": 2022, "month": 9, "hazard": "landslide", "hazard_raw": "landslide", "district": null, "lon": 86.1091, "lat": 27.7207, "geo_precision": "exact", "deaths": 0, "missing": 0, "injured": 0, "people_affected": 17, "houses_destroyed": 2, "houses_damaged": 4, "title": "(demo) landslide event", "source_url": "", "severity_score": 0.63, "severity_class": "small"}}, {"type": "Feature", "geometry": {"type": "Point", "coordinates": [82.4122, 29.8001]}, "properties": {"id": "demo-954", "source": "demo", "date": "2026-04-25", "date_precision": "day", "year": 2026, "month": 4, "hazard": "avalanche", "hazard_raw": "avalanche", "district": null, "lon": 82.4122, "lat": 29.8001, "geo_precision": "exact", "deaths": 0, "missing": 0, "injured": 0, "people_affected": 0, "houses_destroyed": 0, "houses_damaged": 0, "title": "(demo) avalanche event", "source_url": "", "severity_score": 0.0, "severity_class": "minor"}}, {"type": "Feature", "geometry": {"type": "Point", "coordinates": [86.3686, 28.3839]}, "properties": {"id": "demo-955", "source": "demo", "date": "2015-04-22", "date_precision": "day", "year": 2015, "month": 4, "hazard": "flood", "hazard_raw": "flood", "district": null, "lon": 86.3686, "lat": 28.3839, "geo_precision": "exact", "deaths": 0, "missing": 0, "injured": 0, "people_affected": 43, "houses_destroyed": 4, "houses_damaged": 9, "title": "(demo) flood event", "source_url": "", "severity_score": 1.34, "severity_class": "small"}}, {"type": "Feature", "geometry": {"type": "Point", "coordinates": [86.2405, 28.462]}, "properties": {"id": "demo-956", "source": "demo", "date": "2014-04-04", "date_precision": "day", "year": 2014, "month": 4, "hazard": "glof", "hazard_raw": "glof", "district": null, "lon": 86.2405, "lat": 28.462, "geo_precision": "exact", "deaths": 0, "missing": 0, "injured": 0, "people_affected": 66, "houses_destroyed": 10, "houses_damaged": 32, "title": "(demo) glof event", "source_url": "", "severity_score": 3.73, "severity_class": "small"}}, {"type": "Feature", "geometry": {"type": "Point", "coordinates": [85.6692, 26.9606]}, "properties": {"id": "demo-957", "source": "demo", "date": "2005-01-06", "date_precision": "day", "year": 2005, "month": 1, "hazard": "flood", "hazard_raw": "flood", "district": null, "lon": 85.6692, "lat": 26.9606, "geo_precision": "exact", "deaths": 1, "missing": 0, "injured": 0, "people_affected": 29, "houses_destroyed": 2, "houses_damaged": 6, "title": "(demo) flood event", "source_url": "", "severity_score": 5.76, "severity_class": "moderate"}}, {"type": "Feature", "geometry": {"type": "Point", "coordinates": [86.3696, 28.1306]}, "properties": {"id": "demo-958", "source": "demo", "date": "2007-08-05", "date_precision": "day", "year": 2007, "month": 8, "hazard": "glof", "hazard_raw": "glof", "district": null, "lon": 86.3696, "lat": 28.1306, "geo_precision": "exact", "deaths": 6, "missing": 1, "injured": 5, "people_affected": 0, "houses_destroyed": 0, "houses_damaged": 0, "title": "(demo) glof event", "source_url": "", "severity_score": 40.0, "severity_class": "major"}}, {"type": "Feature", "geometry": {"type": "Point", "coordinates": [82.2988, 29.5421]}, "properties": {"id": "demo-959", "source": "demo", "date": "1984-08-12", "date_precision": "day", "year": 1984, "month": 8, "hazard": "flash_flood", "hazard_raw": "flash_flood", "district": null, "lon": 82.2988, "lat": 29.5421, "geo_precision": "exact", "deaths": 4, "missing": 1, "injured": 2, "people_affected": 193, "houses_destroyed": 19, "houses_damaged": 34, "title": "(demo) flash_flood event", "source_url": "", "severity_score": 32.89, "severity_class": "major"}}, {"type": "Feature", "geometry": {"type": "Point", "coordinates": [83.7514, 27.511]}, "properties": {"id": "demo-960", "source": "demo", "date": "2019-10-07", "date_precision": "day", "year": 2019, "month": 10, "hazard": "flood", "hazard_raw": "flood", "district": null, "lon": 83.7514, "lat": 27.511, "geo_precision": "exact", "deaths": 0, "missing": 0, "injured": 0, "people_affected": 5, "houses_destroyed": 1, "houses_damaged": 1, "title": "(demo) flood event", "source_url": "", "severity_score": 0.26, "severity_class": "small"}}, {"type": "Feature", "geometry": {"type": "Point", "coordinates": [83.6594, 28.9356]}, "properties": {"id": "demo-961", "source": "demo", "date": "2019-03-24", "date_precision": "day", "year": 2019, "month": 3, "hazard": "flash_flood", "hazard_raw": "flash_flood", "district": null, "lon": 83.6594, "lat": 28.9356, "geo_precision": "exact", "deaths": 0, "missing": 0, "injured": 0, "people_affected": 19, "houses_destroyed": 1, "houses_damaged": 2, "title": "(demo) flash_flood event", "source_url": "", "severity_score": 0.34, "severity_class": "small"}}, {"type": "Feature", "geometry": {"type": "Point", "coordinates": [83.9412, 28.5289]}, "properties": {"id": "demo-962", "source": "demo", "date": "2023-09-21", "date_precision": "day", "year": 2023, "month": 9, "hazard": "landslide", "hazard_raw": "landslide", "district": null, "lon": 83.9412, "lat": 28.5289, "geo_precision": "exact", "deaths": 0, "missing": 0, "injured": 0, "people_affected": 0, "houses_destroyed": 0, "houses_damaged": 0, "title": "(demo) landslide event", "source_url": "", "severity_score": 0.0, "severity_class": "minor"}}, {"type": "Feature", "geometry": {"type": "Point", "coordinates": [80.6354, 28.6258]}, "properties": {"id": "demo-963", "source": "demo", "date": "1998-07-03", "date_precision": "day", "year": 1998, "month": 7, "hazard": "flood", "hazard_raw": "flood", "district": null, "lon": 80.6354, "lat": 28.6258, "geo_precision": "exact", "deaths": 1, "missing": 0, "injured": 1, "people_affected": 363, "houses_destroyed": 21, "houses_damaged": 36, "title": "(demo) flood event", "source_url": "", "severity_score": 12.73, "severity_class": "moderate"}}, {"type": "Feature", "geometry": {"type": "Point", "coordinates": [86.6059, 27.8311]}, "properties": {"id": "demo-964", "source": "demo", "date": "2006-03-04", "date_precision": "day", "year": 2006, "month": 3, "hazard": "landslide", "hazard_raw": "landslide", "district": null, "lon": 86.6059, "lat": 27.8311, "geo_precision": "exact", "deaths": 1, "missing": 0, "injured": 1, "people_affected": 39, "houses_destroyed": 4, "houses_damaged": 5, "title": "(demo) landslide event", "source_url": "", "severity_score": 7.13, "severity_class": "moderate"}}, {"type": "Feature", "geometry": {"type": "Point", "coordinates": [85.2266, 28.0718]}, "properties": {"id": "demo-965", "source": "demo", "date": "2025-08-12", "date_precision": "day", "year": 2025, "month": 8, "hazard": "flood", "hazard_raw": "flood", "district": null, "lon": 85.2266, "lat": 28.0718, "geo_precision": "exact", "deaths": 2, "missing": 0, "injured": 1, "people_affected": 103, "houses_destroyed": 15, "houses_damaged": 35, "title": "(demo) flood event", "source_url": "", "severity_score": 15.96, "severity_class": "moderate"}}, {"type": "Feature", "geometry": {"type": "Point", "coordinates": [83.8059, 28.6218]}, "properties": {"id": "demo-966", "source": "demo", "date": "2006-09-06", "date_precision": "day", "year": 2006, "month": 9, "hazard": "flash_flood", "hazard_raw": "flash_flood", "district": null, "lon": 83.8059, "lat": 28.6218, "geo_precision": "exact", "deaths": 2, "missing": 0, "injured": 2, "people_affected": 0, "houses_destroyed": 0, "houses_damaged": 0, "title": "(demo) flash_flood event", "source_url": "", "severity_score": 12.0, "severity_class": "moderate"}}, {"type": "Feature", "geometry": {"type": "Point", "coordinates": [81.8064, 29.3037]}, "properties": {"id": "demo-967", "source": "demo", "date": "2013-09-25", "date_precision": "day", "year": 2013, "month": 9, "hazard": "landslide", "hazard_raw": "landslide", "district": null, "lon": 81.8064, "lat": 29.3037, "geo_precision": "exact", "deaths": 0, "missing": 0, "injured": 0, "people_affected": 0, "houses_destroyed": 0, "houses_damaged": 0, "title": "(demo) landslide event", "source_url": "", "severity_score": 0.0, "severity_class": "minor"}}, {"type": "Feature", "geometry": {"type": "Point", "coordinates": [84.1711, 28.2565]}, "properties": {"id": "demo-968", "source": "demo", "date": "1979-07-02", "date_precision": "day", "year": 1979, "month": 7, "hazard": "landslide", "hazard_raw": "landslide", "district": null, "lon": 84.1711, "lat": 28.2565, "geo_precision": "exact", "deaths": 7, "missing": 1, "injured": 2, "people_affected": 209, "houses_destroyed": 42, "houses_damaged": 50, "title": "(demo) landslide event", "source_url": "", "severity_score": 53.32, "severity_class": "major"}}, {"type": "Feature", "geometry": {"type": "Point", "coordinates": [80.5278, 28.7286]}, "properties": {"id": "demo-969", "source": "demo", "date": "2023-08-19", "date_precision": "day", "year": 2023, "month": 8, "hazard": "flood", "hazard_raw": "flood", "district": null, "lon": 80.5278, "lat": 28.7286, "geo_precision": "exact", "deaths": 4, "missing": 1, "injured": 6, "people_affected": 0, "houses_destroyed": 0, "houses_damaged": 0, "title": "(demo) flood event", "source_url": "", "severity_score": 31.0, "severity_class": "major"}}, {"type": "Feature", "geometry": {"type": "Point", "coordinates": [84.1233, 27.5491]}, "properties": {"id": "demo-970", "source": "demo", "date": "2021-06-09", "date_precision": "day", "year": 2021, "month": 6, "hazard": "flood", "hazard_raw": "flood", "district": null, "lon": 84.1233, "lat": 27.5491, "geo_precision": "exact", "deaths": 0, "missing": 0, "injured": 0, "people_affected": 226, "houses_destroyed": 17, "houses_damaged": 37, "title": "(demo) flood event", "source_url": "", "severity_score": 5.7, "severity_class": "moderate"}}, {"type": "Feature", "geometry": {"type": "Point", "coordinates": [80.7186, 29.0027]}, "properties": {"id": "demo-971", "source": "demo", "date": "2014-05-14", "date_precision": "day", "year": 2014, "month": 5, "hazard": "flood", "hazard_raw": "flood", "district": null, "lon": 80.7186, "lat": 29.0027, "geo_precision": "exact", "deaths": 0, "missing": 0, "injured": 0, "people_affected": 38, "houses_destroyed": 10, "houses_damaged": 18, "title": "(demo) flood event", "source_url": "", "severity_score": 2.98, "severity_class": "small"}}, {"type": "Feature", "geometry": {"type": "Point", "coordinates": [80.6058, 29.1016]}, "properties": {"id": "demo-972", "source": "demo", "date": "2019-07-06", "date_precision": "day", "year": 2019, "month": 7, "hazard": "flood", "hazard_raw": "flood", "district": null, "lon": 80.6058, "lat": 29.1016, "geo_precision": "exact", "deaths": 0, "missing": 0, "injured": 0, "people_affected": 100, "houses_destroyed": 6, "houses_damaged": 16, "title": "(demo) flood event", "source_url": "", "severity_score": 2.2, "severity_class": "small"}}, {"type": "Feature", "geometry": {"type": "Point", "coordinates": [84.1311, 28.3563]}, "properties": {"id": "demo-973", "source": "demo", "date": "2013-05-07", "date_precision": "day", "year": 2013, "month": 5, "hazard": "debris_flow", "hazard_raw": "debris_flow", "district": null, "lon": 84.1311, "lat": 28.3563, "geo_precision": "exact", "deaths": 0, "missing": 0, "injured": 0, "people_affected": 57, "houses_destroyed": 4, "houses_damaged": 5, "title": "(demo) debris_flow event", "source_url": "", "severity_score": 1.16, "severity_class": "small"}}, {"type": "Feature", "geometry": {"type": "Point", "coordinates": [85.2875, 28.0309]}, "properties": {"id": "demo-974", "source": "demo", "date": "2005-11-26", "date_precision": "day", "year": 2005, "month": 11, "hazard": "flood", "hazard_raw": "flood", "district": null, "lon": 85.2875, "lat": 28.0309, "geo_precision": "exact", "deaths": 0, "missing": 0, "injured": 0, "people_affected": 0, "houses_destroyed": 0, "houses_damaged": 0, "title": "(demo) flood event", "source_url": "", "severity_score": 0.0, "severity_class": "minor"}}, {"type": "Feature", "geometry": {"type": "Point", "coordinates": [87.4094, 27.9184]}, "properties": {"id": "demo-975", "source": "demo", "date": "2017-09-17", "date_precision": "day", "year": 2017, "month": 9, "hazard": "avalanche", "hazard_raw": "avalanche", "district": null, "lon": 87.4094, "lat": 27.9184, "geo_precision": "exact", "deaths": 1, "missing": 0, "injured": 1, "people_affected": 0, "houses_destroyed": 0, "houses_damaged": 0, "title": "(demo) avalanche event", "source_url": "", "severity_score": 6.0, "severity_class": "moderate"}}, {"type": "Feature", "geometry": {"type": "Point", "coordinates": [85.8484, 27.9412]}, "properties": {"id": "demo-976", "source": "demo", "date": "2004-07-08", "date_precision": "day", "year": 2004, "month": 7, "hazard": "debris_flow", "hazard_raw": "debris_flow", "district": null, "lon": 85.8484, "lat": 27.9412, "geo_precision": "exact", "deaths": 0, "missing": 0, "injured": 0, "people_affected": 15, "houses_destroyed": 4, "houses_damaged": 7, "title": "(demo) debris_flow event", "source_url": "", "severity_score": 1.18, "severity_class": "small"}}, {"type": "Feature", "geometry": {"type": "Point", "coordinates": [80.3367, 28.5397]}, "properties": {"id": "demo-977", "source": "demo", "date": "1982-07-03", "date_precision": "day", "year": 1982, "month": 7, "hazard": "flood", "hazard_raw": "flood", "district": null, "lon": 80.3367, "lat": 28.5397, "geo_precision": "exact", "deaths": 0, "missing": 0, "injured": 0, "people_affected": 0, "houses_destroyed": 0, "houses_damaged": 0, "title": "(demo) flood event", "source_url": "", "severity_score": 0.0, "severity_class": "minor"}}, {"type": "Feature", "geometry": {"type": "Point", "coordinates": [86.1928, 27.9601]}, "properties": {"id": "demo-978", "source": "demo", "date": "2024-07-22", "date_precision": "day", "year": 2024, "month": 7, "hazard": "landslide", "hazard_raw": "landslide", "district": null, "lon": 86.1928, "lat": 27.9601, "geo_precision": "exact", "deaths": 0, "missing": 0, "injured": 0, "people_affected": 27, "houses_destroyed": 6, "houses_damaged": 22, "title": "(demo) landslide event", "source_url": "", "severity_score": 2.35, "severity_class": "small"}}, {"type": "Feature", "geometry": {"type": "Point", "coordinates": [83.5687, 28.788]}, "properties": {"id": "demo-979", "source": "demo", "date": "2006-08-06", "date_precision": "day", "year": 2006, "month": 8, "hazard": "flash_flood", "hazard_raw": "flash_flood", "district": null, "lon": 83.5687, "lat": 28.788, "geo_precision": "exact", "deaths": 2, "missing": 0, "injured": 1, "people_affected": 411, "houses_destroyed": 38, "houses_damaged": 126, "title": "(demo) flash_flood event", "source_url": "", "severity_score": 25.72, "severity_class": "major"}}, {"type": "Feature", "geometry": {"type": "Point", "coordinates": [85.188, 27.9714]}, "properties": {"id": "demo-980", "source": "demo", "date": "2011-03-20", "date_precision": "day", "year": 2011, "month": 3, "hazard": "flood", "hazard_raw": "flood", "district": null, "lon": 85.188, "lat": 27.9714, "geo_precision": "exact", "deaths": 0, "missing": 0, "injured": 0, "people_affected": 10, "houses_destroyed": 3, "houses_damaged": 8, "title": "(demo) flood event", "source_url": "", "severity_score": 1.02, "severity_class": "small"}}, {"type": "Feature", "geometry": {"type": "Point", "coordinates": [80.7757, 28.9413]}, "properties": {"id": "demo-981", "source": "demo", "date": "2003-07-06", "date_precision": "day", "year": 2003, "month": 7, "hazard": "flood", "hazard_raw": "flood", "district": null, "lon": 80.7757, "lat": 28.9413, "geo_precision": "exact", "deaths": 0, "missing": 0, "injured": 0, "people_affected": 0, "houses_destroyed": 0, "houses_damaged": 0, "title": "(demo) flood event", "source_url": "", "severity_score": 0.0, "severity_class": "minor"}}, {"type": "Feature", "geometry": {"type": "Point", "coordinates": [84.9499, 28.1951]}, "properties": {"id": "demo-982", "source": "demo", "date": "1985-09-05", "date_precision": "day", "year": 1985, "month": 9, "hazard": "landslide", "hazard_raw": "landslide", "district": null, "lon": 84.9499, "lat": 28.1951, "geo_precision": "exact", "deaths": 0, "missing": 0, "injured": 0, "people_affected": 34, "houses_destroyed": 2, "houses_damaged": 2, "title": "(demo) landslide event", "source_url": "", "severity_score": 0.57, "severity_class": "small"}}, {"type": "Feature", "geometry": {"type": "Point", "coordinates": [84.0967, 28.5036]}, "properties": {"id": "demo-983", "source": "demo", "date": "2008-09-24", "date_precision": "day", "year": 2008, "month": 9, "hazard": "landslide", "hazard_raw": "landslide", "district": null, "lon": 84.0967, "lat": 28.5036, "geo_precision": "exact", "deaths": 0, "missing": 0, "injured": 0, "people_affected": 9, "houses_destroyed": 1, "houses_damaged": 2, "title": "(demo) landslide event", "source_url": "", "severity_score": 0.32, "severity_class": "small"}}, {"type": "Feature", "geometry": {"type": "Point", "coordinates": [85.4032, 27.7143]}, "properties": {"id": "demo-984", "source": "demo", "date": "2016-04-11", "date_precision": "day", "year": 2016, "month": 4, "hazard": "landslide", "hazard_raw": "landslide", "district": null, "lon": 85.4032, "lat": 27.7143, "geo_precision": "exact", "deaths": 1, "missing": 0, "injured": 1, "people_affected": 267, "houses_destroyed": 18, "houses_damaged": 65, "title": "(demo) landslide event", "source_url": "", "severity_score": 13.38, "severity_class": "moderate"}}, {"type": "Feature", "geometry": {"type": "Point", "coordinates": [85.641, 26.8335]}, "properties": {"id": "demo-985", "source": "demo", "date": "2023-07-24", "date_precision": "day", "year": 2023, "month": 7, "hazard": "flood", "hazard_raw": "flood", "district": null, "lon": 85.641, "lat": 26.8335, "geo_precision": "exact", "deaths": 0, "missing": 0, "injured": 0, "people_affected": 18, "houses_destroyed": 1, "houses_damaged": 2, "title": "(demo) flood event", "source_url": "", "severity_score": 0.34, "severity_class": "small"}}, {"type": "Feature", "geometry": {"type": "Point", "coordinates": [85.2001, 27.6972]}, "properties": {"id": "demo-986", "source": "demo", "date": "2013-07-04", "date_precision": "day", "year": 2013, "month": 7, "hazard": "flood", "hazard_raw": "flood", "district": null, "lon": 85.2001, "lat": 27.6972, "geo_precision": "exact", "deaths": 10, "missing": 3, "injured": 12, "people_affected": 121, "houses_destroyed": 10, "houses_damaged": 28, "title": "(demo) flood event", "source_url": "", "severity_score": 80.64, "severity_class": "major"}}, {"type": "Feature", "geometry": {"type": "Point", "coordinates": [84.9234, 27.9286]}, "properties": {"id": "demo-987", "source": "demo", "date": "2006-07-17", "date_precision": "day", "year": 2006, "month": 7, "hazard": "flood", "hazard_raw": "flood", "district": null, "lon": 84.9234, "lat": 27.9286, "geo_precision": "exact", "deaths": 0, "missing": 0, "injured": 0, "people_affected": 45, "houses_destroyed": 3, "houses_damaged": 8, "title": "(demo) flood event", "source_url": "", "severity_score": 1.09, "severity_class": "small"}}, {"type": "Feature", "geometry": {"type": "Point", "coordinates": [86.1538, 28.0492]}, "properties": {"id": "demo-988", "source": "demo", "date": "2012-09-02", "date_precision": "day", "year": 2012, "month": 9, "hazard": "glof", "hazard_raw": "glof", "district": null, "lon": 86.1538, "lat": 28.0492, "geo_precision": "exact", "deaths": 14, "missing": 4, "injured": 23, "people_affected": 0, "houses_destroyed": 0, "houses_damaged": 0, "title": "(demo) glof event", "source_url": "", "severity_score": 113.0, "severity_class": "catastrophic"}}, {"type": "Feature", "geometry": {"type": "Point", "coordinates": [87.5781, 26.7738]}, "properties": {"id": "demo-989", "source": "demo", "date": "2001-07-01", "date_precision": "day", "year": 2001, "month": 7, "hazard": "flood", "hazard_raw": "flood", "district": null, "lon": 87.5781, "lat": 26.7738, "geo_precision": "exact", "deaths": 14, "missing": 2, "injured": 18, "people_affected": 1445, "houses_destroyed": 181, "houses_damaged": 278, "title": "(demo) flood event", "source_url": "", "severity_score": 150.99, "severity_class": "catastrophic"}}, {"type": "Feature", "geometry": {"type": "Point", "coordinates": [87.1892, 26.9917]}, "properties": {"id": "demo-990", "source": "demo", "date": "2026-08-14", "date_precision": "day", "year": 2026, "month": 8, "hazard": "flood", "hazard_raw": "flood", "district": null, "lon": 87.1892, "lat": 26.9917, "geo_precision": "exact", "deaths": 0, "missing": 0, "injured": 0, "people_affected": 88, "houses_destroyed": 5, "houses_damaged": 9, "title": "(demo) flood event", "source_url": "", "severity_score": 1.63, "severity_class": "small"}}, {"type": "Feature", "geometry": {"type": "Point", "coordinates": [80.8843, 28.6698]}, "properties": {"id": "demo-991", "source": "demo", "date": "2021-11-25", "date_precision": "day", "year": 2021, "month": 11, "hazard": "landslide", "hazard_raw": "landslide", "district": null, "lon": 80.8843, "lat": 28.6698, "geo_precision": "exact", "deaths": 0, "missing": 0, "injured": 0, "people_affected": 0, "houses_destroyed": 0, "houses_damaged": 0, "title": "(demo) landslide event", "source_url": "", "severity_score": 0.0, "severity_class": "minor"}}, {"type": "Feature", "geometry": {"type": "Point", "coordinates": [86.9701, 28.146]}, "properties": {"id": "demo-992", "source": "demo", "date": "2020-07-23", "date_precision": "day", "year": 2020, "month": 7, "hazard": "avalanche", "hazard_raw": "avalanche", "district": null, "lon": 86.9701, "lat": 28.146, "geo_precision": "exact", "deaths": 0, "missing": 0, "injured": 0, "people_affected": 0, "houses_destroyed": 0, "houses_damaged": 0, "title": "(demo) avalanche event", "source_url": "", "severity_score": 0.0, "severity_class": "minor"}}, {"type": "Feature", "geometry": {"type": "Point", "coordinates": [82.4062, 29.6689]}, "properties": {"id": "demo-993", "source": "demo", "date": "2019-09-14", "date_precision": "day", "year": 2019, "month": 9, "hazard": "avalanche", "hazard_raw": "avalanche", "district": null, "lon": 82.4062, "lat": 29.6689, "geo_precision": "exact", "deaths": 0, "missing": 0, "injured": 0, "people_affected": 21, "houses_destroyed": 5, "houses_damaged": 5, "title": "(demo) avalanche event", "source_url": "", "severity_score": 1.29, "severity_class": "small"}}, {"type": "Feature", "geometry": {"type": "Point", "coordinates": [85.3778, 27.2079]}, "properties": {"id": "demo-994", "source": "demo", "date": "2003-09-09", "date_precision": "day", "year": 2003, "month": 9, "hazard": "landslide", "hazard_raw": "landslide", "district": null, "lon": 85.3778, "lat": 27.2079, "geo_precision": "exact", "deaths": 1, "missing": 0, "injured": 0, "people_affected": 58, "houses_destroyed": 5, "houses_damaged": 12, "title": "(demo) landslide event", "source_url": "", "severity_score": 6.72, "severity_class": "moderate"}}, {"type": "Feature", "geometry": {"type": "Point", "coordinates": [86.922, 26.657]}, "properties": {"id": "demo-995", "source": "demo", "date": "1983-06-20", "date_precision": "day", "year": 1983, "month": 6, "hazard": "flood", "hazard_raw": "flood", "district": null, "lon": 86.922, "lat": 26.657, "geo_precision": "exact", "deaths": 0, "missing": 0, "injured": 0, "people_affected": 0, "houses_destroyed": 0, "houses_damaged": 0, "title": "(demo) flood event", "source_url": "", "severity_score": 0.0, "severity_class": "minor"}}, {"type": "Feature", "geometry": {"type": "Point", "coordinates": [83.7814, 28.1893]}, "properties": {"id": "demo-996", "source": "demo", "date": "2019-09-11", "date_precision": "day", "year": 2019, "month": 9, "hazard": "landslide", "hazard_raw": "landslide", "district": null, "lon": 83.7814, "lat": 28.1893, "geo_precision": "exact", "deaths": 0, "missing": 0, "injured": 0, "people_affected": 41, "houses_destroyed": 3, "houses_damaged": 11, "title": "(demo) landslide event", "source_url": "", "severity_score": 1.23, "severity_class": "small"}}, {"type": "Feature", "geometry": {"type": "Point", "coordinates": [84.0866, 27.6245]}, "properties": {"id": "demo-997", "source": "demo", "date": "2013-08-25", "date_precision": "day", "year": 2013, "month": 8, "hazard": "avalanche", "hazard_raw": "avalanche", "district": null, "lon": 84.0866, "lat": 27.6245, "geo_precision": "exact", "deaths": 0, "missing": 0, "injured": 0, "people_affected": 0, "houses_destroyed": 0, "houses_damaged": 0, "title": "(demo) avalanche event", "source_url": "", "severity_score": 0.0, "severity_class": "minor"}}, {"type": "Feature", "geometry": {"type": "Point", "coordinates": [85.7332, 28.1611]}, "properties": {"id": "demo-998", "source": "demo", "date": "1980-09-03", "date_precision": "day", "year": 1980, "month": 9, "hazard": "glof", "hazard_raw": "glof", "district": null, "lon": 85.7332, "lat": 28.1611, "geo_precision": "exact", "deaths": 14, "missing": 4, "injured": 27, "people_affected": 0, "houses_destroyed": 0, "houses_damaged": 0, "title": "(demo) glof event", "source_url": "", "severity_score": 117.0, "severity_class": "catastrophic"}}, {"type": "Feature", "geometry": {"type": "Point", "coordinates": [82.5295, 29.4562]}, "properties": {"id": "demo-999", "source": "demo", "date": "2009-08-22", "date_precision": "day", "year": 2009, "month": 8, "hazard": "flood", "hazard_raw": "flood", "district": null, "lon": 82.5295, "lat": 29.4562, "geo_precision": "exact", "deaths": 1, "missing": 0, "injured": 0, "people_affected": 0, "houses_destroyed": 0, "houses_damaged": 0, "title": "(demo) flood event", "source_url": "", "severity_score": 5.0, "severity_class": "moderate"}}, {"type": "Feature", "geometry": {"type": "Point", "coordinates": [86.0649, 27.8734]}, "properties": {"id": "demo-1000", "source": "demo", "date": "1975-07-08", "date_precision": "day", "year": 1975, "month": 7, "hazard": "glof", "hazard_raw": "glof", "district": null, "lon": 86.0649, "lat": 27.8734, "geo_precision": "exact", "deaths": 1, "missing": 0, "injured": 1, "people_affected": 184, "houses_destroyed": 15, "houses_damaged": 29, "title": "(demo) glof event", "source_url": "", "severity_score": 10.82, "severity_class": "moderate"}}, {"type": "Feature", "geometry": {"type": "Point", "coordinates": [82.1563, 29.4688]}, "properties": {"id": "demo-1001", "source": "demo", "date": "2025-06-10", "date_precision": "day", "year": 2025, "month": 6, "hazard": "avalanche", "hazard_raw": "avalanche", "district": null, "lon": 82.1563, "lat": 29.4688, "geo_precision": "exact", "deaths": 0, "missing": 0, "injured": 0, "people_affected": 6085, "houses_destroyed": 331, "houses_damaged": 615, "title": "(demo) avalanche event", "source_url": "", "severity_score": 109.12, "severity_class": "catastrophic"}}, {"type": "Feature", "geometry": {"type": "Point", "coordinates": [82.5259, 29.541]}, "properties": {"id": "demo-1002", "source": "demo", "date": "1987-11-09", "date_precision": "day", "year": 1987, "month": 11, "hazard": "avalanche", "hazard_raw": "avalanche", "district": null, "lon": 82.5259, "lat": 29.541, "geo_precision": "exact", "deaths": 0, "missing": 0, "injured": 0, "people_affected": 0, "houses_destroyed": 0, "houses_damaged": 0, "title": "(demo) avalanche event", "source_url": "", "severity_score": 0.0, "severity_class": "minor"}}, {"type": "Feature", "geometry": {"type": "Point", "coordinates": [85.7243, 28.0738]}, "properties": {"id": "demo-1003", "source": "demo", "date": "2019-10-24", "date_precision": "day", "year": 2019, "month": 10, "hazard": "debris_flow", "hazard_raw": "debris_flow", "district": null, "lon": 85.7243, "lat": 28.0738, "geo_precision": "exact", "deaths": 0, "missing": 0, "injured": 0, "people_affected": 31, "houses_destroyed": 2, "houses_damaged": 7, "title": "(demo) debris_flow event", "source_url": "", "severity_score": 0.81, "severity_class": "small"}}, {"type": "Feature", "geometry": {"type": "Point", "coordinates": [85.642, 28.0354]}, "properties": {"id": "demo-1004", "source": "demo", "date": "2020-05-25", "date_precision": "day", "year": 2020, "month": 5, "hazard": "flood", "hazard_raw": "flood", "district": null, "lon": 85.642, "lat": 28.0354, "geo_precision": "exact", "deaths": 0, "missing": 0, "injured": 0, "people_affected": 37, "houses_destroyed": 4, "houses_damaged": 5, "title": "(demo) flood event", "source_url": "", "severity_score": 1.12, "severity_class": "small"}}, {"type": "Feature", "geometry": {"type": "Point", "coordinates": [85.6679, 27.7031]}, "properties": {"id": "demo-1005", "source": "demo", "date": "1995-06-05", "date_precision": "day", "year": 1995, "month": 6, "hazard": "debris_flow", "hazard_raw": "debris_flow", "district": null, "lon": 85.6679, "lat": 27.7031, "geo_precision": "exact", "deaths": 2, "missing": 0, "injured": 2, "people_affected": 372, "houses_destroyed": 19, "houses_damaged": 24, "title": "(demo) debris_flow event", "source_url": "", "severity_score": 17.74, "severity_class": "moderate"}}, {"type": "Feature", "geometry": {"type": "Point", "coordinates": [85.4786, 28.4652]}, "properties": {"id": "demo-1006", "source": "demo", "date": "2007-06-06", "date_precision": "day", "year": 2007, "month": 6, "hazard": "flood", "hazard_raw": "flood", "district": null, "lon": 85.4786, "lat": 28.4652, "geo_precision": "exact", "deaths": 0, "missing": 0, "injured": 0, "people_affected": 0, "houses_destroyed": 0, "houses_damaged": 0, "title": "(demo) flood event", "source_url": "", "severity_score": 0.0, "severity_class": "minor"}}, {"type": "Feature", "geometry": {"type": "Point", "coordinates": [81.721, 29.3008]}, "properties": {"id": "demo-1007", "source": "demo", "date": "2004-07-14", "date_precision": "day", "year": 2004, "month": 7, "hazard": "landslide", "hazard_raw": "landslide", "district": null, "lon": 81.721, "lat": 29.3008, "geo_precision": "exact", "deaths": 5, "missing": 1, "injured": 7, "people_affected": 0, "houses_destroyed": 0, "houses_damaged": 0, "title": "(demo) landslide event", "source_url": "", "severity_score": 37.0, "severity_class": "major"}}, {"type": "Feature", "geometry": {"type": "Point", "coordinates": [81.9517, 29.7549]}, "properties": {"id": "demo-1008", "source": "demo", "date": "2023-06-18", "date_precision": "day", "year": 2023, "month": 6, "hazard": "avalanche", "hazard_raw": "avalanche", "district": null, "lon": 81.9517, "lat": 29.7549, "geo_precision": "exact", "deaths": 0, "missing": 0, "injured": 0, "people_affected": 16, "houses_destroyed": 1, "houses_damaged": 1, "title": "(demo) avalanche event", "source_url": "", "severity_score": 0.28, "severity_class": "small"}}, {"type": "Feature", "geometry": {"type": "Point", "coordinates": [85.3816, 28.1795]}, "properties": {"id": "demo-1009", "source": "demo", "date": "2026-07-11", "date_precision": "day", "year": 2026, "month": 7, "hazard": "flood", "hazard_raw": "flood", "district": null, "lon": 85.3816, "lat": 28.1795, "geo_precision": "exact", "deaths": 0, "missing": 0, "injured": 0, "people_affected": 0, "houses_destroyed": 0, "houses_damaged": 0, "title": "(demo) flood event", "source_url": "", "severity_score": 0.0, "severity_class": "minor"}}, {"type": "Feature", "geometry": {"type": "Point", "coordinates": [83.9182, 27.5741]}, "properties": {"id": "demo-1010", "source": "demo", "date": "1972-03-14", "date_precision": "day", "year": 1972, "month": 3, "hazard": "flood", "hazard_raw": "flood", "district": null, "lon": 83.9182, "lat": 27.5741, "geo_precision": "exact", "deaths": 1, "missing": 0, "injured": 1, "people_affected": 49, "houses_destroyed": 11, "houses_damaged": 20, "title": "(demo) flood event", "source_url": "", "severity_score": 9.3, "severity_class": "moderate"}}, {"type": "Feature", "geometry": {"type": "Point", "coordinates": [84.7506, 28.0439]}, "properties": {"id": "demo-1011", "source": "demo", "date": "1971-08-04", "date_precision": "day", "year": 1971, "month": 8, "hazard": "debris_flow", "hazard_raw": "debris_flow", "district": null, "lon": 84.7506, "lat": 28.0439, "geo_precision": "exact", "deaths": 0, "missing": 0, "injured": 0, "people_affected": 20, "houses_destroyed": 2, "houses_damaged": 3, "title": "(demo) debris_flow event", "source_url": "", "severity_score": 0.59, "severity_class": "small"}}, {"type": "Feature", "geometry": {"type": "Point", "coordinates": [81.8393, 29.4531]}, "properties": {"id": "demo-1012", "source": "demo", "date": "2007-08-13", "date_precision": "day", "year": 2007, "month": 8, "hazard": "landslide", "hazard_raw": "landslide", "district": null, "lon": 81.8393, "lat": 29.4531, "geo_precision": "exact", "deaths": 0, "missing": 0, "injured": 0, "people_affected": 25, "houses_destroyed": 5, "houses_damaged": 14, "title": "(demo) landslide event", "source_url": "", "severity_score": 1.75, "severity_class": "small"}}, {"type": "Feature", "geometry": {"type": "Point", "coordinates": [85.1751, 28.2204]}, "properties": {"id": "demo-1013", "source": "demo", "date": "2025-08-06", "date_precision": "day", "year": 2025, "month": 8, "hazard": "flood", "hazard_raw": "flood", "district": null, "lon": 85.1751, "lat": 28.2204, "geo_precision": "exact", "deaths": 4, "missing": 0, "injured": 2, "people_affected": 120, "houses_destroyed": 23, "houses_damaged": 88, "title": "(demo) flood event", "source_url": "", "severity_score": 31.24, "severity_class": "major"}}, {"type": "Feature", "geometry": {"type": "Point", "coordinates": [86.009, 28.0959]}, "properties": {"id": "demo-1014", "source": "demo", "date": "2004-08-27", "date_precision": "day", "year": 2004, "month": 8, "hazard": "avalanche", "hazard_raw": "avalanche", "district": null, "lon": 86.009, "lat": 28.0959, "geo_precision": "exact", "deaths": 1, "missing": 0, "injured": 1, "people_affected": 94, "houses_destroyed": 5, "houses_damaged": 13, "title": "(demo) avalanche event", "source_url": "", "severity_score": 7.84, "severity_class": "moderate"}}, {"type": "Feature", "geometry": {"type": "Point", "coordinates": [83.2347, 28.1819]}, "properties": {"id": "demo-1015", "source": "demo", "date": "2014-06-03", "date_precision": "day", "year": 2014, "month": 6, "hazard": "landslide", "hazard_raw": "landslide", "district": null, "lon": 83.2347, "lat": 28.1819, "geo_precision": "exact", "deaths": 0, "missing": 0, "injured": 0, "people_affected": 0, "houses_destroyed": 0, "houses_damaged": 0, "title": "(demo) landslide event", "source_url": "", "severity_score": 0.0, "severity_class": "minor"}}, {"type": "Feature", "geometry": {"type": "Point", "coordinates": [85.8341, 26.742]}, "properties": {"id": "demo-1016", "source": "demo", "date": "2005-05-20", "date_precision": "day", "year": 2005, "month": 5, "hazard": "flood", "hazard_raw": "flood", "district": null, "lon": 85.8341, "lat": 26.742, "geo_precision": "exact", "deaths": 0, "missing": 0, "injured": 0, "people_affected": 61, "houses_destroyed": 4, "houses_damaged": 7, "title": "(demo) flood event", "source_url": "", "severity_score": 1.27, "severity_class": "small"}}, {"type": "Feature", "geometry": {"type": "Point", "coordinates": [85.5005, 26.8201]}, "properties": {"id": "demo-1017", "source": "demo", "date": "2026-03-14", "date_precision": "day", "year": 2026, "month": 3, "hazard": "landslide", "hazard_raw": "landslide", "district": null, "lon": 85.5005, "lat": 26.8201, "geo_precision": "exact", "deaths": 0, "missing": 0, "injured": 0, "people_affected": 0, "houses_destroyed": 0, "houses_damaged": 0, "title": "(demo) landslide event", "source_url": "", "severity_score": 0.0, "severity_class": "minor"}}, {"type": "Feature", "geometry": {"type": "Point", "coordinates": [86.6855, 28.0321]}, "properties": {"id": "demo-1018", "source": "demo", "date": "2004-06-28", "date_precision": "day", "year": 2004, "month": 6, "hazard": "avalanche", "hazard_raw": "avalanche", "district": null, "lon": 86.6855, "lat": 28.0321, "geo_precision": "exact", "deaths": 0, "missing": 0, "injured": 0, "people_affected": 4, "houses_destroyed": 1, "houses_damaged": 1, "title": "(demo) avalanche event", "source_url": "", "severity_score": 0.26, "severity_class": "small"}}, {"type": "Feature", "geometry": {"type": "Point", "coordinates": [85.3951, 28.1901]}, "properties": {"id": "demo-1019", "source": "demo", "date": "1987-06-05", "date_precision": "day", "year": 1987, "month": 6, "hazard": "debris_flow", "hazard_raw": "debris_flow", "district": null, "lon": 85.3951, "lat": 28.1901, "geo_precision": "exact", "deaths": 2, "missing": 0, "injured": 3, "people_affected": 194, "houses_destroyed": 14, "houses_damaged": 53, "title": "(demo) debris_flow event", "source_url": "", "severity_score": 18.84, "severity_class": "moderate"}}, {"type": "Feature", "geometry": {"type": "Point", "coordinates": [84.622, 27.8545]}, "properties": {"id": "demo-1020", "source": "demo", "date": "2010-06-15", "date_precision": "day", "year": 2010, "month": 6, "hazard": "landslide", "hazard_raw": "landslide", "district": null, "lon": 84.622, "lat": 27.8545, "geo_precision": "exact", "deaths": 0, "missing": 0, "injured": 0, "people_affected": 32, "houses_destroyed": 2, "houses_damaged": 6, "title": "(demo) landslide event", "source_url": "", "severity_score": 0.76, "severity_class": "small"}}, {"type": "Feature", "geometry": {"type": "Point", "coordinates": [85.6202, 27.7685]}, "properties": {"id": "demo-1021", "source": "demo", "date": "2022-07-11", "date_precision": "day", "year": 2022, "month": 7, "hazard": "landslide", "hazard_raw": "landslide", "district": null, "lon": 85.6202, "lat": 27.7685, "geo_precision": "exact", "deaths": 1, "missing": 0, "injured": 1, "people_affected": 265, "houses_destroyed": 19, "houses_damaged": 31, "title": "(demo) landslide event", "source_url": "", "severity_score": 11.88, "severity_class": "moderate"}}, {"type": "Feature", "geometry": {"type": "Point", "coordinates": [84.9319, 28.0924]}, "properties": {"id": "demo-1022", "source": "demo", "date": "2007-06-28", "date_precision": "day", "year": 2007, "month": 6, "hazard": "debris_flow", "hazard_raw": "debris_flow", "district": null, "lon": 84.9319, "lat": 28.0924, "geo_precision": "exact", "deaths": 0, "missing": 0, "injured": 0, "people_affected": 16, "houses_destroyed": 1, "houses_damaged": 3, "title": "(demo) debris_flow event", "source_url": "", "severity_score": 0.38, "severity_class": "small"}}, {"type": "Feature", "geometry": {"type": "Point", "coordinates": [85.6315, 28.3319]}, "properties": {"id": "demo-1023", "source": "demo", "date": "2005-04-25", "date_precision": "day", "year": 2005, "month": 4, "hazard": "avalanche", "hazard_raw": "avalanche", "district": null, "lon": 85.6315, "lat": 28.3319, "geo_precision": "exact", "deaths": 0, "missing": 0, "injured": 0, "people_affected": 6, "houses_destroyed": 1, "houses_damaged": 1, "title": "(demo) avalanche event", "source_url": "", "severity_score": 0.26, "severity_class": "small"}}, {"type": "Feature", "geometry": {"type": "Point", "coordinates": [80.9645, 28.6084]}, "properties": {"id": "demo-1024", "source": "demo", "date": "2016-09-27", "date_precision": "day", "year": 2016, "month": 9, "hazard": "landslide", "hazard_raw": "landslide", "district": null, "lon": 80.9645, "lat": 28.6084, "geo_precision": "exact", "deaths": 0, "missing": 0, "injured": 0, "people_affected": 51, "houses_destroyed": 5, "houses_damaged": 5, "title": "(demo) landslide event", "source_url": "", "severity_score": 1.35, "severity_class": "small"}}, {"type": "Feature", "geometry": {"type": "Point", "coordinates": [81.7061, 29.5497]}, "properties": {"id": "demo-1025", "source": "demo", "date": "1987-10-17", "date_precision": "day", "year": 1987, "month": 10, "hazard": "landslide", "hazard_raw": "landslide", "district": null, "lon": 81.7061, "lat": 29.5497, "geo_precision": "exact", "deaths": 0, "missing": 0, "injured": 0, "people_affected": 0, "houses_destroyed": 0, "houses_damaged": 0, "title": "(demo) landslide event", "source_url": "", "severity_score": 0.0, "severity_class": "minor"}}, {"type": "Feature", "geometry": {"type": "Point", "coordinates": [86.9413, 28.0224]}, "properties": {"id": "demo-1026", "source": "demo", "date": "1999-10-23", "date_precision": "day", "year": 1999, "month": 10, "hazard": "avalanche", "hazard_raw": "avalanche", "district": null, "lon": 86.9413, "lat": 28.0224, "geo_precision": "exact", "deaths": 1, "missing": 0, "injured": 0, "people_affected": 714, "houses_destroyed": 42, "houses_damaged": 65, "title": "(demo) avalanche event", "source_url": "", "severity_score": 18.08, "severity_class": "moderate"}}, {"type": "Feature", "geometry": {"type": "Point", "coordinates": [84.1771, 28.6168]}, "properties": {"id": "demo-1027", "source": "demo", "date": "2015-08-10", "date_precision": "day", "year": 2015, "month": 8, "hazard": "flash_flood", "hazard_raw": "flash_flood", "district": null, "lon": 84.1771, "lat": 28.6168, "geo_precision": "exact", "deaths": 3, "missing": 0, "injured": 1, "people_affected": 247, "houses_destroyed": 13, "houses_damaged": 43, "title": "(demo) flash_flood event", "source_url": "", "severity_score": 21.24, "severity_class": "moderate"}}, {"type": "Feature", "geometry": {"type": "Point", "coordinates": [84.2972, 28.4357]}, "properties": {"id": "demo-1028", "source": "demo", "date": "2016-11-22", "date_precision": "day", "year": 2016, "month": 11, "hazard": "flood", "hazard_raw": "flood", "district": null, "lon": 84.2972, "lat": 28.4357, "geo_precision": "exact", "deaths": 0, "missing": 0, "injured": 0, "people_affected": 37, "houses_destroyed": 2, "houses_damaged": 3, "title": "(demo) flood event", "source_url": "", "severity_score": 0.62, "severity_class": "small"}}, {"type": "Feature", "geometry": {"type": "Point", "coordinates": [85.9045, 26.9052]}, "properties": {"id": "demo-1029", "source": "demo", "date": "1976-06-11", "date_precision": "day", "year": 1976, "month": 6, "hazard": "landslide", "hazard_raw": "landslide", "district": null, "lon": 85.9045, "lat": 26.9052, "geo_precision": "exact", "deaths": 1, "missing": 0, "injured": 1, "people_affected": 34, "houses_destroyed": 9, "houses_damaged": 27, "title": "(demo) landslide event", "source_url": "", "severity_score": 9.22, "severity_class": "moderate"}}, {"type": "Feature", "geometry": {"type": "Point", "coordinates": [84.1185, 27.7988]}, "properties": {"id": "demo-1030", "source": "demo", "date": "1982-07-26", "date_precision": "day", "year": 1982, "month": 7, "hazard": "flood", "hazard_raw": "flood", "district": null, "lon": 84.1185, "lat": 27.7988, "geo_precision": "exact", "deaths": 0, "missing": 0, "injured": 0, "people_affected": 0, "houses_destroyed": 0, "houses_damaged": 0, "title": "(demo) flood event", "source_url": "", "severity_score": 0.0, "severity_class": "minor"}}, {"type": "Feature", "geometry": {"type": "Point", "coordinates": [85.3531, 28.1285]}, "properties": {"id": "demo-1031", "source": "demo", "date": "2009-08-12", "date_precision": "day", "year": 2009, "month": 8, "hazard": "debris_flow", "hazard_raw": "debris_flow", "district": null, "lon": 85.3531, "lat": 28.1285, "geo_precision": "exact", "deaths": 1, "missing": 0, "injured": 0, "people_affected": 67, "houses_destroyed": 7, "houses_damaged": 7, "title": "(demo) debris_flow event", "source_url": "", "severity_score": 6.88, "severity_class": "moderate"}}, {"type": "Feature", "geometry": {"type": "Point", "coordinates": [85.8863, 28.2552]}, "properties": {"id": "demo-1032", "source": "demo", "date": "2015-09-04", "date_precision": "day", "year": 2015, "month": 9, "hazard": "avalanche", "hazard_raw": "avalanche", "district": null, "lon": 85.8863, "lat": 28.2552, "geo_precision": "exact", "deaths": 0, "missing": 0, "injured": 0, "people_affected": 2130, "houses_destroyed": 156, "houses_damaged": 410, "title": "(demo) avalanche event", "source_url": "", "severity_score": 55.96, "severity_class": "major"}}, {"type": "Feature", "geometry": {"type": "Point", "coordinates": [86.773, 28.2093]}, "properties": {"id": "demo-1033", "source": "demo", "date": "2010-08-06", "date_precision": "day", "year": 2010, "month": 8, "hazard": "avalanche", "hazard_raw": "avalanche", "district": null, "lon": 86.773, "lat": 28.2093, "geo_precision": "exact", "deaths": 0, "missing": 0, "injured": 0, "people_affected": 8, "houses_destroyed": 2, "houses_damaged": 4, "title": "(demo) avalanche event", "source_url": "", "severity_score": 0.62, "severity_class": "small"}}, {"type": "Feature", "geometry": {"type": "Point", "coordinates": [84.6569, 27.7513]}, "properties": {"id": "demo-1034", "source": "demo", "date": "1971-07-14", "date_precision": "day", "year": 1971, "month": 7, "hazard": "landslide", "hazard_raw": "landslide", "district": null, "lon": 84.6569, "lat": 27.7513, "geo_precision": "exact", "deaths": 4, "missing": 0, "injured": 2, "people_affected": 419, "houses_destroyed": 23, "houses_damaged": 76, "title": "(demo) landslide event", "source_url": "", "severity_score": 31.24, "severity_class": "major"}}, {"type": "Feature", "geometry": {"type": "Point", "coordinates": [80.5504, 28.7222]}, "properties": {"id": "demo-1035", "source": "demo", "date": "1984-08-10", "date_precision": "day", "year": 1984, "month": 8, "hazard": "flood", "hazard_raw": "flood", "district": null, "lon": 80.5504, "lat": 28.7222, "geo_precision": "exact", "deaths": 0, "missing": 0, "injured": 0, "people_affected": 0, "houses_destroyed": 0, "houses_damaged": 0, "title": "(demo) flood event", "source_url": "", "severity_score": 0.0, "severity_class": "minor"}}, {"type": "Feature", "geometry": {"type": "Point", "coordinates": [85.3838, 27.872]}, "properties": {"id": "demo-1036", "source": "demo", "date": "2012-06-04", "date_precision": "day", "year": 2012, "month": 6, "hazard": "landslide", "hazard_raw": "landslide", "district": null, "lon": 85.3838, "lat": 27.872, "geo_precision": "exact", "deaths": 0, "missing": 0, "injured": 0, "people_affected": 0, "houses_destroyed": 0, "houses_damaged": 0, "title": "(demo) landslide event", "source_url": "", "severity_score": 0.0, "severity_class": "minor"}}, {"type": "Feature", "geometry": {"type": "Point", "coordinates": [84.0143, 27.5094]}, "properties": {"id": "demo-1037", "source": "demo", "date": "1973-09-27", "date_precision": "day", "year": 1973, "month": 9, "hazard": "landslide", "hazard_raw": "landslide", "district": null, "lon": 84.0143, "lat": 27.5094, "geo_precision": "exact", "deaths": 2, "missing": 0, "injured": 1, "people_affected": 13, "houses_destroyed": 3, "houses_damaged": 11, "title": "(demo) landslide event", "source_url": "", "severity_score": 12.18, "severity_class": "moderate"}}, {"type": "Feature", "geometry": {"type": "Point", "coordinates": [87.3871, 26.4372]}, "properties": {"id": "demo-1038", "source": "demo", "date": "2021-07-15", "date_precision": "day", "year": 2021, "month": 7, "hazard": "flood", "hazard_raw": "flood", "district": null, "lon": 87.3871, "lat": 26.4372, "geo_precision": "exact", "deaths": 5, "missing": 0, "injured": 6, "people_affected": 0, "houses_destroyed": 0, "houses_damaged": 0, "title": "(demo) flood event", "source_url": "", "severity_score": 31.0, "severity_class": "major"}}, {"type": "Feature", "geometry": {"type": "Point", "coordinates": [86.3997, 27.9948]}, "properties": {"id": "demo-1039", "source": "demo", "date": "2026-06-22", "date_precision": "day", "year": 2026, "month": 6, "hazard": "glof", "hazard_raw": "glof", "district": null, "lon": 86.3997, "lat": 27.9948, "geo_precision": "exact", "deaths": 7, "missing": 0, "injured": 13, "people_affected": 1747, "houses_destroyed": 118, "houses_damaged": 433, "title": "(demo) glof event", "source_url": "", "severity_score": 96.74, "severity_class": "major"}}, {"type": "Feature", "geometry": {"type": "Point", "coordinates": [86.6151, 27.8237]}, "properties": {"id": "demo-1040", "source": "demo", "date": "1993-06-25", "date_precision": "day", "year": 1993, "month": 6, "hazard": "landslide", "hazard_raw": "landslide", "district": null, "lon": 86.6151, "lat": 27.8237, "geo_precision": "exact", "deaths": 0, "missing": 0, "injured": 0, "people_affected": 0, "houses_destroyed": 0, "houses_damaged": 0, "title": "(demo) landslide event", "source_url": "", "severity_score": 0.0, "severity_class": "minor"}}, {"type": "Feature", "geometry": {"type": "Point", "coordinates": [86.9591, 28.1271]}, "properties": {"id": "demo-1041", "source": "demo", "date": "2002-08-22", "date_precision": "day", "year": 2002, "month": 8, "hazard": "avalanche", "hazard_raw": "avalanche", "district": null, "lon": 86.9591, "lat": 28.1271, "geo_precision": "exact", "deaths": 0, "missing": 0, "injured": 0, "people_affected": 0, "houses_destroyed": 0, "houses_damaged": 0, "title": "(demo) avalanche event", "source_url": "", "severity_score": 0.0, "severity_class": "minor"}}, {"type": "Feature", "geometry": {"type": "Point", "coordinates": [80.5645, 28.7318]}, "properties": {"id": "demo-1042", "source": "demo", "date": "2006-07-23", "date_precision": "day", "year": 2006, "month": 7, "hazard": "flood", "hazard_raw": "flood", "district": null, "lon": 80.5645, "lat": 28.7318, "geo_precision": "exact", "deaths": 48, "missing": 15, "injured": 63, "people_affected": 8073, "houses_destroyed": 656, "houses_damaged": 1080, "title": "(demo) flood event", "source_url": "", "severity_score": 579.35, "severity_class": "catastrophic"}}, {"type": "Feature", "geometry": {"type": "Point", "coordinates": [87.5487, 26.5507]}, "properties": {"id": "demo-1043", "source": "demo", "date": "1982-06-10", "date_precision": "day", "year": 1982, "month": 6, "hazard": "landslide", "hazard_raw": "landslide", "district": null, "lon": 87.5487, "lat": 26.5507, "geo_precision": "exact", "deaths": 0, "missing": 0, "injured": 0, "people_affected": 0, "houses_destroyed": 0, "houses_damaged": 0, "title": "(demo) landslide event", "source_url": "", "severity_score": 0.0, "severity_class": "minor"}}, {"type": "Feature", "geometry": {"type": "Point", "coordinates": [86.6149, 27.9007]}, "properties": {"id": "demo-1044", "source": "demo", "date": "2008-07-09", "date_precision": "day", "year": 2008, "month": 7, "hazard": "landslide", "hazard_raw": "landslide", "district": null, "lon": 86.6149, "lat": 27.9007, "geo_precision": "exact", "deaths": 2, "missing": 0, "injured": 3, "people_affected": 0, "houses_destroyed": 0, "houses_damaged": 0, "title": "(demo) landslide event", "source_url": "", "severity_score": 13.0, "severity_class": "moderate"}}, {"type": "Feature", "geometry": {"type": "Point", "coordinates": [86.5055, 28.3979]}, "properties": {"id": "demo-1045", "source": "demo", "date": "2015-05-28", "date_precision": "day", "year": 2015, "month": 5, "hazard": "glof", "hazard_raw": "glof", "district": null, "lon": 86.5055, "lat": 28.3979, "geo_precision": "exact", "deaths": 17, "missing": 5, "injured": 12, "people_affected": 192, "houses_destroyed": 52, "houses_damaged": 163, "title": "(demo) glof event", "source_url": "", "severity_score": 140.93, "severity_class": "catastrophic"}}, {"type": "Feature", "geometry": {"type": "Point", "coordinates": [84.792, 28.2145]}, "properties": {"id": "demo-1046", "source": "demo", "date": "2006-01-27", "date_precision": "day", "year": 2006, "month": 1, "hazard": "flood", "hazard_raw": "flood", "district": null, "lon": 84.792, "lat": 28.2145, "geo_precision": "exact", "deaths": 58, "missing": 10, "injured": 56, "people_affected": 1499, "houses_destroyed": 112, "houses_damaged": 308, "title": "(demo) flood event", "source_url": "", "severity_score": 436.8, "severity_class": "catastrophic"}}, {"type": "Feature", "geometry": {"type": "Point", "coordinates": [81.6744, 29.3149]}, "properties": {"id": "demo-1047", "source": "demo", "date": "1981-04-22", "date_precision": "day", "year": 1981, "month": 4, "hazard": "landslide", "hazard_raw": "landslide", "district": null, "lon": 81.6744, "lat": 29.3149, "geo_precision": "exact", "deaths": 0, "missing": 0, "injured": 0, "people_affected": 204, "houses_destroyed": 13, "houses_damaged": 19, "title": "(demo) landslide event", "source_url": "", "severity_score": 3.96, "severity_class": "small"}}, {"type": "Feature", "geometry": {"type": "Point", "coordinates": [85.624, 28.1866]}, "properties": {"id": "demo-1048", "source": "demo", "date": "1986-08-27", "date_precision": "day", "year": 1986, "month": 8, "hazard": "flash_flood", "hazard_raw": "flash_flood", "district": null, "lon": 85.624, "lat": 28.1866, "geo_precision": "exact", "deaths": 2, "missing": 0, "injured": 3, "people_affected": 55, "houses_destroyed": 17, "houses_damaged": 38, "title": "(demo) flash_flood event", "source_url": "", "severity_score": 18.41, "severity_class": "moderate"}}, {"type": "Feature", "geometry": {"type": "Point", "coordinates": [85.0686, 27.6661]}, "properties": {"id": "demo-1049", "source": "demo", "date": "2024-07-13", "date_precision": "day", "year": 2024, "month": 7, "hazard": "landslide", "hazard_raw": "landslide", "district": null, "lon": 85.0686, "lat": 27.6661, "geo_precision": "exact", "deaths": 0, "missing": 0, "injured": 0, "people_affected": 8, "houses_destroyed": 1, "houses_damaged": 2, "title": "(demo) landslide event", "source_url": "", "severity_score": 0.32, "severity_class": "small"}}, {"type": "Feature", "geometry": {"type": "Point", "coordinates": [85.8763, 26.9413]}, "properties": {"id": "demo-1050", "source": "demo", "date": "2006-08-20", "date_precision": "day", "year": 2006, "month": 8, "hazard": "flash_flood", "hazard_raw": "flash_flood", "district": null, "lon": 85.8763, "lat": 26.9413, "geo_precision": "exact", "deaths": 1, "missing": 0, "injured": 0, "people_affected": 678, "houses_destroyed": 39, "houses_damaged": 61, "title": "(demo) flash_flood event", "source_url": "", "severity_score": 17.21, "severity_class": "moderate"}}, {"type": "Feature", "geometry": {"type": "Point", "coordinates": [87.3833, 26.596]}, "properties": {"id": "demo-1051", "source": "demo", "date": "1989-06-26", "date_precision": "day", "year": 1989, "month": 6, "hazard": "flood", "hazard_raw": "flood", "district": null, "lon": 87.3833, "lat": 26.596, "geo_precision": "exact", "deaths": 0, "missing": 0, "injured": 0, "people_affected": 0, "houses_destroyed": 0, "houses_damaged": 0, "title": "(demo) flood event", "source_url": "", "severity_score": 0.0, "severity_class": "minor"}}, {"type": "Feature", "geometry": {"type": "Point", "coordinates": [84.5004, 27.7406]}, "properties": {"id": "demo-1052", "source": "demo", "date": "2014-08-24", "date_precision": "day", "year": 2014, "month": 8, "hazard": "landslide", "hazard_raw": "landslide", "district": null, "lon": 84.5004, "lat": 27.7406, "geo_precision": "exact", "deaths": 0, "missing": 0, "injured": 0, "people_affected": 0, "houses_destroyed": 0, "houses_damaged": 0, "title": "(demo) landslide event", "source_url": "", "severity_score": 0.0, "severity_class": "minor"}}, {"type": "Feature", "geometry": {"type": "Point", "coordinates": [81.5103, 29.4004]}, "properties": {"id": "demo-1053", "source": "demo", "date": "1979-12-10", "date_precision": "day", "year": 1979, "month": 12, "hazard": "landslide", "hazard_raw": "landslide", "district": null, "lon": 81.5103, "lat": 29.4004, "geo_precision": "exact", "deaths": 0, "missing": 0, "injured": 0, "people_affected": 16, "houses_destroyed": 1, "houses_damaged": 3, "title": "(demo) landslide event", "source_url": "", "severity_score": 0.38, "severity_class": "small"}}, {"type": "Feature", "geometry": {"type": "Point", "coordinates": [81.5477, 29.153]}, "properties": {"id": "demo-1054", "source": "demo", "date": "2013-07-13", "date_precision": "day", "year": 2013, "month": 7, "hazard": "landslide", "hazard_raw": "landslide", "district": null, "lon": 81.5477, "lat": 29.153, "geo_precision": "exact", "deaths": 1, "missing": 0, "injured": 0, "people_affected": 0, "houses_destroyed": 0, "houses_damaged": 0, "title": "(demo) landslide event", "source_url": "", "severity_score": 5.0, "severity_class": "moderate"}}, {"type": "Feature", "geometry": {"type": "Point", "coordinates": [86.1189, 26.8273]}, "properties": {"id": "demo-1055", "source": "demo", "date": "2007-07-19", "date_precision": "day", "year": 2007, "month": 7, "hazard": "glof", "hazard_raw": "glof", "district": null, "lon": 86.1189, "lat": 26.8273, "geo_precision": "exact", "deaths": 40, "missing": 8, "injured": 77, "people_affected": 346, "houses_destroyed": 53, "houses_damaged": 63, "title": "(demo) glof event", "source_url": "", "severity_score": 331.44, "severity_class": "catastrophic"}}, {"type": "Feature", "geometry": {"type": "Point", "coordinates": [86.0016, 27.0177]}, "properties": {"id": "demo-1056", "source": "demo", "date": "2000-08-27", "date_precision": "day", "year": 2000, "month": 8, "hazard": "flood", "hazard_raw": "flood", "district": null, "lon": 86.0016, "lat": 27.0177, "geo_precision": "exact", "deaths": 4, "missing": 1, "injured": 5, "people_affected": 512, "houses_destroyed": 27, "houses_damaged": 53, "title": "(demo) flood event", "source_url": "", "severity_score": 39.07, "severity_class": "major"}}, {"type": "Feature", "geometry": {"type": "Point", "coordinates": [83.5221, 28.9148]}, "properties": {"id": "demo-1057", "source": "demo", "date": "1978-06-15", "date_precision": "day", "year": 1978, "month": 6, "hazard": "flash_flood", "hazard_raw": "flash_flood", "district": null, "lon": 83.5221, "lat": 28.9148, "geo_precision": "exact", "deaths": 0, "missing": 0, "injured": 0, "people_affected": 0, "houses_destroyed": 0, "houses_damaged": 0, "title": "(demo) flash_flood event", "source_url": "", "severity_score": 0.0, "severity_class": "minor"}}, {"type": "Feature", "geometry": {"type": "Point", "coordinates": [85.1034, 27.5482]}, "properties": {"id": "demo-1058", "source": "demo", "date": "1986-05-14", "date_precision": "day", "year": 1986, "month": 5, "hazard": "avalanche", "hazard_raw": "avalanche", "district": null, "lon": 85.1034, "lat": 27.5482, "geo_precision": "exact", "deaths": 0, "missing": 0, "injured": 0, "people_affected": 80, "houses_destroyed": 5, "houses_damaged": 8, "title": "(demo) avalanche event", "source_url": "", "severity_score": 1.56, "severity_class": "small"}}, {"type": "Feature", "geometry": {"type": "Point", "coordinates": [82.1262, 29.1099]}, "properties": {"id": "demo-1059", "source": "demo", "date": "2021-08-16", "date_precision": "day", "year": 2021, "month": 8, "hazard": "landslide", "hazard_raw": "landslide", "district": null, "lon": 82.1262, "lat": 29.1099, "geo_precision": "exact", "deaths": 0, "missing": 0, "injured": 0, "people_affected": 11, "houses_destroyed": 2, "houses_damaged": 3, "title": "(demo) landslide event", "source_url": "", "severity_score": 0.57, "severity_class": "small"}}, {"type": "Feature", "geometry": {"type": "Point", "coordinates": [84.0081, 27.4506]}, "properties": {"id": "demo-1060", "source": "demo", "date": "2003-09-09", "date_precision": "day", "year": 2003, "month": 9, "hazard": "flood", "hazard_raw": "flood", "district": null, "lon": 84.0081, "lat": 27.4506, "geo_precision": "exact", "deaths": 10, "missing": 0, "injured": 19, "people_affected": 2529, "houses_destroyed": 134, "houses_damaged": 483, "title": "(demo) flood event", "source_url": "", "severity_score": 125.01, "severity_class": "catastrophic"}}, {"type": "Feature", "geometry": {"type": "Point", "coordinates": [85.3886, 28.2282]}, "properties": {"id": "demo-1061", "source": "demo", "date": "2018-09-08", "date_precision": "day", "year": 2018, "month": 9, "hazard": "glof", "hazard_raw": "glof", "district": null, "lon": 85.3886, "lat": 28.2282, "geo_precision": "exact", "deaths": 0, "missing": 0, "injured": 0, "people_affected": 464, "houses_destroyed": 60, "houses_damaged": 60, "title": "(demo) glof event", "source_url": "", "severity_score": 15.93, "severity_class": "moderate"}}, {"type": "Feature", "geometry": {"type": "Point", "coordinates": [85.356, 27.4725]}, "properties": {"id": "demo-1062", "source": "demo", "date": "2023-05-15", "date_precision": "day", "year": 2023, "month": 5, "hazard": "landslide", "hazard_raw": "landslide", "district": null, "lon": 85.356, "lat": 27.4725, "geo_precision": "exact", "deaths": 0, "missing": 0, "injured": 0, "people_affected": 6, "houses_destroyed": 1, "houses_damaged": 3, "title": "(demo) landslide event", "source_url": "", "severity_score": 0.36, "severity_class": "small"}}, {"type": "Feature", "geometry": {"type": "Point", "coordinates": [86.8517, 27.9644]}, "properties": {"id": "demo-1063", "source": "demo", "date": "2025-11-04", "date_precision": "day", "year": 2025, "month": 11, "hazard": "landslide", "hazard_raw": "landslide", "district": null, "lon": 86.8517, "lat": 27.9644, "geo_precision": "exact", "deaths": 0, "missing": 0, "injured": 0, "people_affected": 0, "houses_destroyed": 0, "houses_damaged": 0, "title": "(demo) landslide event", "source_url": "", "severity_score": 0.0, "severity_class": "minor"}}, {"type": "Feature", "geometry": {"type": "Point", "coordinates": [87.1617, 27.9356]}, "properties": {"id": "demo-1064", "source": "demo", "date": "2012-08-12", "date_precision": "day", "year": 2012, "month": 8, "hazard": "glof", "hazard_raw": "glof", "district": null, "lon": 87.1617, "lat": 27.9356, "geo_precision": "exact", "deaths": 7, "missing": 1, "injured": 8, "people_affected": 404, "houses_destroyed": 36, "houses_damaged": 104, "title": "(demo) glof event", "source_url": "", "severity_score": 61.21, "severity_class": "major"}}, {"type": "Feature", "geometry": {"type": "Point", "coordinates": [81.4795, 28.8911]}, "properties": {"id": "demo-1065", "source": "demo", "date": "1993-09-22", "date_precision": "day", "year": 1993, "month": 9, "hazard": "landslide", "hazard_raw": "landslide", "district": null, "lon": 81.4795, "lat": 28.8911, "geo_precision": "exact", "deaths": 0, "missing": 0, "injured": 0, "people_affected": 0, "houses_destroyed": 0, "houses_damaged": 0, "title": "(demo) landslide event", "source_url": "", "severity_score": 0.0, "severity_class": "minor"}}, {"type": "Feature", "geometry": {"type": "Point", "coordinates": [83.4926, 29.0547]}, "properties": {"id": "demo-1066", "source": "demo", "date": "2015-08-26", "date_precision": "day", "year": 2015, "month": 8, "hazard": "flash_flood", "hazard_raw": "flash_flood", "district": null, "lon": 83.4926, "lat": 29.0547, "geo_precision": "exact", "deaths": 3, "missing": 0, "injured": 5, "people_affected": 164, "houses_destroyed": 36, "houses_damaged": 86, "title": "(demo) flash_flood event", "source_url": "", "severity_score": 31.83, "severity_class": "major"}}, {"type": "Feature", "geometry": {"type": "Point", "coordinates": [84.9959, 27.7687]}, "properties": {"id": "demo-1067", "source": "demo", "date": "1995-09-04", "date_precision": "day", "year": 1995, "month": 9, "hazard": "landslide", "hazard_raw": "landslide", "district": null, "lon": 84.9959, "lat": 27.7687, "geo_precision": "exact", "deaths": 0, "missing": 0, "injured": 0, "people_affected": 0, "houses_destroyed": 0, "houses_damaged": 0, "title": "(demo) landslide event", "source_url": "", "severity_score": 0.0, "severity_class": "minor"}}, {"type": "Feature", "geometry": {"type": "Point", "coordinates": [86.2329, 27.8125]}, "properties": {"id": "demo-1068", "source": "demo", "date": "2011-07-23", "date_precision": "day", "year": 2011, "month": 7, "hazard": "avalanche", "hazard_raw": "avalanche", "district": null, "lon": 86.2329, "lat": 27.8125, "geo_precision": "exact", "deaths": 0, "missing": 0, "injured": 0, "people_affected": 117, "houses_destroyed": 6, "houses_damaged": 8, "title": "(demo) avalanche event", "source_url": "", "severity_score": 1.83, "severity_class": "small"}}, {"type": "Feature", "geometry": {"type": "Point", "coordinates": [81.7246, 29.3738]}, "properties": {"id": "demo-1069", "source": "demo", "date": "2016-07-21", "date_precision": "day", "year": 2016, "month": 7, "hazard": "avalanche", "hazard_raw": "avalanche", "district": null, "lon": 81.7246, "lat": 29.3738, "geo_precision": "exact", "deaths": 1, "missing": 0, "injured": 1, "people_affected": 168, "houses_destroyed": 10, "houses_damaged": 14, "title": "(demo) avalanche event", "source_url": "", "severity_score": 9.04, "severity_class": "moderate"}}, {"type": "Feature", "geometry": {"type": "Point", "coordinates": [85.8542, 28.1312]}, "properties": {"id": "demo-1070", "source": "demo", "date": "2026-09-11", "date_precision": "day", "year": 2026, "month": 9, "hazard": "landslide", "hazard_raw": "landslide", "district": null, "lon": 85.8542, "lat": 28.1312, "geo_precision": "exact", "deaths": 9, "missing": 2, "injured": 10, "people_affected": 739, "houses_destroyed": 179, "houses_damaged": 607, "title": "(demo) landslide event", "source_url": "", "severity_score": 132.63, "severity_class": "catastrophic"}}, {"type": "Feature", "geometry": {"type": "Point", "coordinates": [86.1446, 28.3349]}, "properties": {"id": "demo-1071", "source": "demo", "date": "2021-07-04", "date_precision": "day", "year": 2021, "month": 7, "hazard": "glof", "hazard_raw": "glof", "district": null, "lon": 86.1446, "lat": 28.3349, "geo_precision": "exact", "deaths": 1, "missing": 0, "injured": 0, "people_affected": 75, "houses_destroyed": 18, "houses_damaged": 65, "title": "(demo) glof event", "source_url": "", "severity_score": 12.0, "severity_class": "moderate"}}, {"type": "Feature", "geometry": {"type": "Point", "coordinates": [85.2217, 28.082]}, "properties": {"id": "demo-1072", "source": "demo", "date": "2021-06-13", "date_precision": "day", "year": 2021, "month": 6, "hazard": "debris_flow", "hazard_raw": "debris_flow", "district": null, "lon": 85.2217, "lat": 28.082, "geo_precision": "exact", "deaths": 1, "missing": 0, "injured": 1, "people_affected": 168, "houses_destroyed": 20, "houses_damaged": 22, "title": "(demo) debris_flow event", "source_url": "", "severity_score": 11.44, "severity_class": "moderate"}}, {"type": "Feature", "geometry": {"type": "Point", "coordinates": [83.7999, 28.9495]}, "properties": {"id": "demo-1073", "source": "demo", "date": "2013-12-09", "date_precision": "day", "year": 2013, "month": 12, "hazard": "flash_flood", "hazard_raw": "flash_flood", "district": null, "lon": 83.7999, "lat": 28.9495, "geo_precision": "exact", "deaths": 2, "missing": 0, "injured": 3, "people_affected": 1189, "houses_destroyed": 78, "houses_damaged": 99, "title": "(demo) flash_flood event", "source_url": "", "severity_score": 35.93, "severity_class": "major"}}, {"type": "Feature", "geometry": {"type": "Point", "coordinates": [83.3074, 28.807]}, "properties": {"id": "demo-1074", "source": "demo", "date": "2022-06-16", "date_precision": "day", "year": 2022, "month": 6, "hazard": "flood", "hazard_raw": "flood", "district": null, "lon": 83.3074, "lat": 28.807, "geo_precision": "exact", "deaths": 2, "missing": 0, "injured": 2, "people_affected": 4, "houses_destroyed": 1, "houses_damaged": 1, "title": "(demo) flood event", "source_url": "", "severity_score": 12.26, "severity_class": "moderate"}}, {"type": "Feature", "geometry": {"type": "Point", "coordinates": [81.6235, 29.1304]}, "properties": {"id": "demo-1075", "source": "demo", "date": "2010-07-18", "date_precision": "day", "year": 2010, "month": 7, "hazard": "landslide", "hazard_raw": "landslide", "district": null, "lon": 81.6235, "lat": 29.1304, "geo_precision": "exact", "deaths": 0, "missing": 0, "injured": 0, "people_affected": 6, "houses_destroyed": 1, "houses_damaged": 3, "title": "(demo) landslide event", "source_url": "", "severity_score": 0.36, "severity_class": "small"}}, {"type": "Feature", "geometry": {"type": "Point", "coordinates": [85.575, 28.2213]}, "properties": {"id": "demo-1076", "source": "demo", "date": "2014-09-15", "date_precision": "day", "year": 2014, "month": 9, "hazard": "flash_flood", "hazard_raw": "flash_flood", "district": null, "lon": 85.575, "lat": 28.2213, "geo_precision": "exact", "deaths": 0, "missing": 0, "injured": 0, "people_affected": 102, "houses_destroyed": 7, "houses_damaged": 26, "title": "(demo) flash_flood event", "source_url": "", "severity_score": 2.9, "severity_class": "small"}}, {"type": "Feature", "geometry": {"type": "Point", "coordinates": [86.8107, 28.188]}, "properties": {"id": "demo-1077", "source": "demo", "date": "2011-09-11", "date_precision": "day", "year": 2011, "month": 9, "hazard": "flood", "hazard_raw": "flood", "district": null, "lon": 86.8107, "lat": 28.188, "geo_precision": "exact", "deaths": 0, "missing": 0, "injured": 0, "people_affected": 0, "houses_destroyed": 0, "houses_damaged": 0, "title": "(demo) flood event", "source_url": "", "severity_score": 0.0, "severity_class": "minor"}}, {"type": "Feature", "geometry": {"type": "Point", "coordinates": [83.8845, 28.5188]}, "properties": {"id": "demo-1078", "source": "demo", "date": "2002-09-09", "date_precision": "day", "year": 2002, "month": 9, "hazard": "flash_flood", "hazard_raw": "flash_flood", "district": null, "lon": 83.8845, "lat": 28.5188, "geo_precision": "exact", "deaths": 3, "missing": 0, "injured": 0, "people_affected": 62, "houses_destroyed": 5, "houses_damaged": 11, "title": "(demo) flash_flood event", "source_url": "", "severity_score": 16.67, "severity_class": "moderate"}}, {"type": "Feature", "geometry": {"type": "Point", "coordinates": [86.8239, 26.5747]}, "properties": {"id": "demo-1079", "source": "demo", "date": "2002-07-19", "date_precision": "day", "year": 2002, "month": 7, "hazard": "flood", "hazard_raw": "flood", "district": null, "lon": 86.8239, "lat": 26.5747, "geo_precision": "exact", "deaths": 1, "missing": 0, "injured": 1, "people_affected": 59, "houses_destroyed": 3, "houses_damaged": 6, "title": "(demo) flood event", "source_url": "", "severity_score": 7.02, "severity_class": "moderate"}}, {"type": "Feature", "geometry": {"type": "Point", "coordinates": [85.6823, 26.9826]}, "properties": {"id": "demo-1080", "source": "demo", "date": "2015-06-07", "date_precision": "day", "year": 2015, "month": 6, "hazard": "landslide", "hazard_raw": "landslide", "district": null, "lon": 85.6823, "lat": 26.9826, "geo_precision": "exact", "deaths": 15, "missing": 0, "injured": 20, "people_affected": 197, "houses_destroyed": 37, "houses_damaged": 109, "title": "(demo) landslide event", "source_url": "", "severity_score": 108.24, "severity_class": "catastrophic"}}, {"type": "Feature", "geometry": {"type": "Point", "coordinates": [86.5114, 27.996]}, "properties": {"id": "demo-1081", "source": "demo", "date": "2023-01-12", "date_precision": "day", "year": 2023, "month": 1, "hazard": "glof", "hazard_raw": "glof", "district": null, "lon": 86.5114, "lat": 27.996, "geo_precision": "exact", "deaths": 1, "missing": 0, "injured": 1, "people_affected": 335, "houses_destroyed": 25, "houses_damaged": 88, "title": "(demo) glof event", "source_url": "", "severity_score": 16.07, "severity_class": "moderate"}}, {"type": "Feature", "geometry": {"type": "Point", "coordinates": [87.0152, 27.7319]}, "properties": {"id": "demo-1082", "source": "demo", "date": "2019-07-13", "date_precision": "day", "year": 2019, "month": 7, "hazard": "avalanche", "hazard_raw": "avalanche", "district": null, "lon": 87.0152, "lat": 27.7319, "geo_precision": "exact", "deaths": 0, "missing": 0, "injured": 0, "people_affected": 31, "houses_destroyed": 4, "houses_damaged": 15, "title": "(demo) avalanche event", "source_url": "", "severity_score": 1.61, "severity_class": "small"}}, {"type": "Feature", "geometry": {"type": "Point", "coordinates": [81.6149, 29.3622]}, "properties": {"id": "demo-1083", "source": "demo", "date": "1990-07-20", "date_precision": "day", "year": 1990, "month": 7, "hazard": "landslide", "hazard_raw": "landslide", "district": null, "lon": 81.6149, "lat": 29.3622, "geo_precision": "exact", "deaths": 0, "missing": 0, "injured": 0, "people_affected": 0, "houses_destroyed": 0, "houses_damaged": 0, "title": "(demo) landslide event", "source_url": "", "severity_score": 0.0, "severity_class": "minor"}}, {"type": "Feature", "geometry": {"type": "Point", "coordinates": [87.1697, 28.0091]}, "properties": {"id": "demo-1084", "source": "demo", "date": "2024-08-18", "date_precision": "day", "year": 2024, "month": 8, "hazard": "avalanche", "hazard_raw": "avalanche", "district": null, "lon": 87.1697, "lat": 28.0091, "geo_precision": "exact", "deaths": 0, "missing": 0, "injured": 0, "people_affected": 12, "houses_destroyed": 1, "houses_damaged": 1, "title": "(demo) avalanche event", "source_url": "", "severity_score": 0.27, "severity_class": "small"}}, {"type": "Feature", "geometry": {"type": "Point", "coordinates": [82.3438, 29.3571]}, "properties": {"id": "demo-1085", "source": "demo", "date": "2025-10-04", "date_precision": "day", "year": 2025, "month": 10, "hazard": "avalanche", "hazard_raw": "avalanche", "district": null, "lon": 82.3438, "lat": 29.3571, "geo_precision": "exact", "deaths": 6, "missing": 0, "injured": 6, "people_affected": 402, "houses_destroyed": 47, "houses_damaged": 53, "title": "(demo) avalanche event", "source_url": "", "severity_score": 48.85, "severity_class": "major"}}, {"type": "Feature", "geometry": {"type": "Point", "coordinates": [86.5984, 28.2249]}, "properties": {"id": "demo-1086", "source": "demo", "date": "2015-09-05", "date_precision": "day", "year": 2015, "month": 9, "hazard": "landslide", "hazard_raw": "landslide", "district": null, "lon": 86.5984, "lat": 28.2249, "geo_precision": "exact", "deaths": 0, "missing": 0, "injured": 0, "people_affected": 5, "houses_destroyed": 1, "houses_damaged": 3, "title": "(demo) landslide event", "source_url": "", "severity_score": 0.36, "severity_class": "small"}}, {"type": "Feature", "geometry": {"type": "Point", "coordinates": [83.6821, 28.7627]}, "properties": {"id": "demo-1087", "source": "demo", "date": "2018-09-04", "date_precision": "day", "year": 2018, "month": 9, "hazard": "flash_flood", "hazard_raw": "flash_flood", "district": null, "lon": 83.6821, "lat": 28.7627, "geo_precision": "exact", "deaths": 1, "missing": 0, "injured": 0, "people_affected": 0, "houses_destroyed": 0, "houses_damaged": 0, "title": "(demo) flash_flood event", "source_url": "", "severity_score": 5.0, "severity_class": "moderate"}}, {"type": "Feature", "geometry": {"type": "Point", "coordinates": [82.964, 29.5555]}, "properties": {"id": "demo-1088", "source": "demo", "date": "2022-04-19", "date_precision": "day", "year": 2022, "month": 4, "hazard": "avalanche", "hazard_raw": "avalanche", "district": null, "lon": 82.964, "lat": 29.5555, "geo_precision": "exact", "deaths": 0, "missing": 0, "injured": 0, "people_affected": 88, "houses_destroyed": 20, "houses_damaged": 43, "title": "(demo) avalanche event", "source_url": "", "severity_score": 6.33, "severity_class": "moderate"}}, {"type": "Feature", "geometry": {"type": "Point", "coordinates": [81.8009, 29.3322]}, "properties": {"id": "demo-1089", "source": "demo", "date": "2013-05-22", "date_precision": "day", "year": 2013, "month": 5, "hazard": "flood", "hazard_raw": "flood", "district": null, "lon": 81.8009, "lat": 29.3322, "geo_precision": "exact", "deaths": 0, "missing": 0, "injured": 0, "people_affected": 24, "houses_destroyed": 3, "houses_damaged": 3, "title": "(demo) flood event", "source_url": "", "severity_score": 0.8, "severity_class": "small"}}, {"type": "Feature", "geometry": {"type": "Point", "coordinates": [85.5887, 28.1892]}, "properties": {"id": "demo-1090", "source": "demo", "date": "2015-08-22", "date_precision": "day", "year": 2015, "month": 8, "hazard": "glof", "hazard_raw": "glof", "district": null, "lon": 85.5887, "lat": 28.1892, "geo_precision": "exact", "deaths": 7, "missing": 0, "injured": 11, "people_affected": 0, "houses_destroyed": 0, "houses_damaged": 0, "title": "(demo) glof event", "source_url": "", "severity_score": 46.0, "severity_class": "major"}}, {"type": "Feature", "geometry": {"type": "Point", "coordinates": [80.5296, 28.9746]}, "properties": {"id": "demo-1091", "source": "demo", "date": "1983-07-27", "date_precision": "day", "year": 1983, "month": 7, "hazard": "flood", "hazard_raw": "flood", "district": null, "lon": 80.5296, "lat": 28.9746, "geo_precision": "exact", "deaths": 0, "missing": 0, "injured": 0, "people_affected": 0, "houses_destroyed": 0, "houses_damaged": 0, "title": "(demo) flood event", "source_url": "", "severity_score": 0.0, "severity_class": "minor"}}, {"type": "Feature", "geometry": {"type": "Point", "coordinates": [87.4758, 26.8925]}, "properties": {"id": "demo-1092", "source": "demo", "date": "2017-09-25", "date_precision": "day", "year": 2017, "month": 9, "hazard": "flood", "hazard_raw": "flood", "district": null, "lon": 87.4758, "lat": 26.8925, "geo_precision": "exact", "deaths": 0, "missing": 0, "injured": 0, "people_affected": 51, "houses_destroyed": 4, "houses_damaged": 7, "title": "(demo) flood event", "source_url": "", "severity_score": 1.25, "severity_class": "small"}}, {"type": "Feature", "geometry": {"type": "Point", "coordinates": [84.1256, 28.1297]}, "properties": {"id": "demo-1093", "source": "demo", "date": "2013-07-03", "date_precision": "day", "year": 2013, "month": 7, "hazard": "landslide", "hazard_raw": "landslide", "district": null, "lon": 84.1256, "lat": 28.1297, "geo_precision": "exact", "deaths": 1, "missing": 0, "injured": 1, "people_affected": 0, "houses_destroyed": 0, "houses_damaged": 0, "title": "(demo) landslide event", "source_url": "", "severity_score": 6.0, "severity_class": "moderate"}}, {"type": "Feature", "geometry": {"type": "Point", "coordinates": [82.3769, 29.5175]}, "properties": {"id": "demo-1094", "source": "demo", "date": "1988-06-03", "date_precision": "day", "year": 1988, "month": 6, "hazard": "avalanche", "hazard_raw": "avalanche", "district": null, "lon": 82.3769, "lat": 29.5175, "geo_precision": "exact", "deaths": 0, "missing": 0, "injured": 0, "people_affected": 0, "houses_destroyed": 0, "houses_damaged": 0, "title": "(demo) avalanche event", "source_url": "", "severity_score": 0.0, "severity_class": "minor"}}, {"type": "Feature", "geometry": {"type": "Point", "coordinates": [86.8637, 28.076]}, "properties": {"id": "demo-1095", "source": "demo", "date": "1975-09-26", "date_precision": "day", "year": 1975, "month": 9, "hazard": "landslide", "hazard_raw": "landslide", "district": null, "lon": 86.8637, "lat": 28.076, "geo_precision": "exact", "deaths": 0, "missing": 0, "injured": 0, "people_affected": 0, "houses_destroyed": 0, "houses_damaged": 0, "title": "(demo) landslide event", "source_url": "", "severity_score": 0.0, "severity_class": "minor"}}, {"type": "Feature", "geometry": {"type": "Point", "coordinates": [83.7651, 28.0688]}, "properties": {"id": "demo-1096", "source": "demo", "date": "2023-06-04", "date_precision": "day", "year": 2023, "month": 6, "hazard": "flood", "hazard_raw": "flood", "district": null, "lon": 83.7651, "lat": 28.0688, "geo_precision": "exact", "deaths": 0, "missing": 0, "injured": 0, "people_affected": 82, "houses_destroyed": 5, "houses_damaged": 11, "title": "(demo) flood event", "source_url": "", "severity_score": 1.71, "severity_class": "small"}}, {"type": "Feature", "geometry": {"type": "Point", "coordinates": [80.6708, 28.7581]}, "properties": {"id": "demo-1097", "source": "demo", "date": "2001-09-19", "date_precision": "day", "year": 2001, "month": 9, "hazard": "landslide", "hazard_raw": "landslide", "district": null, "lon": 80.6708, "lat": 28.7581, "geo_precision": "exact", "deaths": 0, "missing": 0, "injured": 0, "people_affected": 7, "houses_destroyed": 1, "houses_damaged": 1, "title": "(demo) landslide event", "source_url": "", "severity_score": 0.26, "severity_class": "small"}}, {"type": "Feature", "geometry": {"type": "Point", "coordinates": [81.6336, 29.2367]}, "properties": {"id": "demo-1098", "source": "demo", "date": "2002-04-02", "date_precision": "day", "year": 2002, "month": 4, "hazard": "flood", "hazard_raw": "flood", "district": null, "lon": 81.6336, "lat": 29.2367, "geo_precision": "exact", "deaths": 0, "missing": 0, "injured": 0, "people_affected": 120, "houses_destroyed": 9, "houses_damaged": 33, "title": "(demo) flood event", "source_url": "", "severity_score": 3.69, "severity_class": "small"}}, {"type": "Feature", "geometry": {"type": "Point", "coordinates": [86.372, 28.4209]}, "properties": {"id": "demo-1099", "source": "demo", "date": "2026-09-10", "date_precision": "day", "year": 2026, "month": 9, "hazard": "avalanche", "hazard_raw": "avalanche", "district": null, "lon": 86.372, "lat": 28.4209, "geo_precision": "exact", "deaths": 0, "missing": 0, "injured": 0, "people_affected": 15, "houses_destroyed": 1, "houses_damaged": 2, "title": "(demo) avalanche event", "source_url": "", "severity_score": 0.33, "severity_class": "small"}}, {"type": "Feature", "geometry": {"type": "Point", "coordinates": [86.7724, 28.0583]}, "properties": {"id": "demo-1100", "source": "demo", "date": "2002-11-24", "date_precision": "day", "year": 2002, "month": 11, "hazard": "flood", "hazard_raw": "flood", "district": null, "lon": 86.7724, "lat": 28.0583, "geo_precision": "exact", "deaths": 0, "missing": 0, "injured": 0, "people_affected": 37, "houses_destroyed": 4, "houses_damaged": 8, "title": "(demo) flood event", "source_url": "", "severity_score": 1.27, "severity_class": "small"}}, {"type": "Feature", "geometry": {"type": "Point", "coordinates": [84.2193, 27.4418]}, "properties": {"id": "demo-1101", "source": "demo", "date": "1983-08-01", "date_precision": "day", "year": 1983, "month": 8, "hazard": "landslide", "hazard_raw": "landslide", "district": null, "lon": 84.2193, "lat": 27.4418, "geo_precision": "exact", "deaths": 0, "missing": 0, "injured": 0, "people_affected": 190, "houses_destroyed": 11, "houses_damaged": 21, "title": "(demo) landslide event", "source_url": "", "severity_score": 3.63, "severity_class": "small"}}, {"type": "Feature", "geometry": {"type": "Point", "coordinates": [80.3802, 28.7309]}, "properties": {"id": "demo-1102", "source": "demo", "date": "2025-05-28", "date_precision": "day", "year": 2025, "month": 5, "hazard": "flood", "hazard_raw": "flood", "district": null, "lon": 80.3802, "lat": 28.7309, "geo_precision": "exact", "deaths": 3, "missing": 0, "injured": 2, "people_affected": 180, "houses_destroyed": 17, "houses_damaged": 57, "title": "(demo) flood event", "source_url": "", "severity_score": 23.61, "severity_class": "moderate"}}, {"type": "Feature", "geometry": {"type": "Point", "coordinates": [85.5826, 27.0366]}, "properties": {"id": "demo-1103", "source": "demo", "date": "2019-08-14", "date_precision": "day", "year": 2019, "month": 8, "hazard": "debris_flow", "hazard_raw": "debris_flow", "district": null, "lon": 85.5826, "lat": 27.0366, "geo_precision": "exact", "deaths": 0, "missing": 0, "injured": 0, "people_affected": 62, "houses_destroyed": 7, "houses_damaged": 25, "title": "(demo) debris_flow event", "source_url": "", "severity_score": 2.77, "severity_class": "small"}}, {"type": "Feature", "geometry": {"type": "Point", "coordinates": [83.9274, 28.1868]}, "properties": {"id": "demo-1104", "source": "demo", "date": "2005-05-10", "date_precision": "day", "year": 2005, "month": 5, "hazard": "landslide", "hazard_raw": "landslide", "district": null, "lon": 83.9274, "lat": 28.1868, "geo_precision": "exact", "deaths": 0, "missing": 0, "injured": 0, "people_affected": 0, "houses_destroyed": 0, "houses_damaged": 0, "title": "(demo) landslide event", "source_url": "", "severity_score": 0.0, "severity_class": "minor"}}, {"type": "Feature", "geometry": {"type": "Point", "coordinates": [83.3326, 28.82]}, "properties": {"id": "demo-1105", "source": "demo", "date": "2017-09-21", "date_precision": "day", "year": 2017, "month": 9, "hazard": "flash_flood", "hazard_raw": "flash_flood", "district": null, "lon": 83.3326, "lat": 28.82, "geo_precision": "exact", "deaths": 0, "missing": 0, "injured": 0, "people_affected": 0, "houses_destroyed": 0, "houses_damaged": 0, "title": "(demo) flash_flood event", "source_url": "", "severity_score": 0.0, "severity_class": "minor"}}, {"type": "Feature", "geometry": {"type": "Point", "coordinates": [85.4355, 28.0728]}, "properties": {"id": "demo-1106", "source": "demo", "date": "2003-06-18", "date_precision": "day", "year": 2003, "month": 6, "hazard": "flash_flood", "hazard_raw": "flash_flood", "district": null, "lon": 85.4355, "lat": 28.0728, "geo_precision": "exact", "deaths": 0, "missing": 0, "injured": 0, "people_affected": 4, "houses_destroyed": 1, "houses_damaged": 3, "title": "(demo) flash_flood event", "source_url": "", "severity_score": 0.36, "severity_class": "small"}}, {"type": "Feature", "geometry": {"type": "Point", "coordinates": [82.464, 29.5194]}, "properties": {"id": "demo-1107", "source": "demo", "date": "2009-07-04", "date_precision": "day", "year": 2009, "month": 7, "hazard": "avalanche", "hazard_raw": "avalanche", "district": null, "lon": 82.464, "lat": 29.5194, "geo_precision": "exact", "deaths": 0, "missing": 0, "injured": 0, "people_affected": 63, "houses_destroyed": 4, "houses_damaged": 4, "title": "(demo) avalanche event", "source_url": "", "severity_score": 1.13, "severity_class": "small"}}, {"type": "Feature", "geometry": {"type": "Point", "coordinates": [83.9535, 28.408]}, "properties": {"id": "demo-1108", "source": "demo", "date": "2009-08-27", "date_precision": "day", "year": 2009, "month": 8, "hazard": "landslide", "hazard_raw": "landslide", "district": null, "lon": 83.9535, "lat": 28.408, "geo_precision": "exact", "deaths": 0, "missing": 0, "injured": 0, "people_affected": 19, "houses_destroyed": 1, "houses_damaged": 3, "title": "(demo) landslide event", "source_url": "", "severity_score": 0.39, "severity_class": "small"}}, {"type": "Feature", "geometry": {"type": "Point", "coordinates": [86.1464, 28.226]}, "properties": {"id": "demo-1109", "source": "demo", "date": "1990-05-14", "date_precision": "day", "year": 1990, "month": 5, "hazard": "glof", "hazard_raw": "glof", "district": null, "lon": 86.1464, "lat": 28.226, "geo_precision": "exact", "deaths": 1, "missing": 0, "injured": 1, "people_affected": 69, "houses_destroyed": 11, "houses_damaged": 16, "title": "(demo) glof event", "source_url": "", "severity_score": 9.14, "severity_class": "moderate"}}, {"type": "Feature", "geometry": {"type": "Point", "coordinates": [85.5308, 27.7712]}, "properties": {"id": "demo-1110", "source": "demo", "date": "2010-06-07", "date_precision": "day", "year": 2010, "month": 6, "hazard": "landslide", "hazard_raw": "landslide", "district": null, "lon": 85.5308, "lat": 27.7712, "geo_precision": "exact", "deaths": 1, "missing": 0, "injured": 1, "people_affected": 49, "houses_destroyed": 5, "houses_damaged": 17, "title": "(demo) landslide event", "source_url": "", "severity_score": 7.95, "severity_class": "moderate"}}, {"type": "Feature", "geometry": {"type": "Point", "coordinates": [83.342, 28.6135]}, "properties": {"id": "demo-1111", "source": "demo", "date": "2004-04-06", "date_precision": "day", "year": 2004, "month": 4, "hazard": "flash_flood", "hazard_raw": "flash_flood", "district": null, "lon": 83.342, "lat": 28.6135, "geo_precision": "exact", "deaths": 0, "missing": 0, "injured": 0, "people_affected": 15, "houses_destroyed": 1, "houses_damaged": 3, "title": "(demo) flash_flood event", "source_url": "", "severity_score": 0.38, "severity_class": "small"}}, {"type": "Feature", "geometry": {"type": "Point", "coordinates": [87.2066, 27.9627]}, "properties": {"id": "demo-1112", "source": "demo", "date": "2018-05-11", "date_precision": "day", "year": 2018, "month": 5, "hazard": "glof", "hazard_raw": "glof", "district": null, "lon": 87.2066, "lat": 27.9627, "geo_precision": "exact", "deaths": 3, "missing": 0, "injured": 1, "people_affected": 96, "houses_destroyed": 8, "houses_damaged": 13, "title": "(demo) glof event", "source_url": "", "severity_score": 18.44, "severity_class": "moderate"}}, {"type": "Feature", "geometry": {"type": "Point", "coordinates": [81.8823, 29.3018]}, "properties": {"id": "demo-1113", "source": "demo", "date": "2015-05-14", "date_precision": "day", "year": 2015, "month": 5, "hazard": "landslide", "hazard_raw": "landslide", "district": null, "lon": 81.8823, "lat": 29.3018, "geo_precision": "exact", "deaths": 0, "missing": 0, "injured": 0, "people_affected": 11, "houses_destroyed": 2, "houses_damaged": 6, "title": "(demo) landslide event", "source_url": "", "severity_score": 0.72, "severity_class": "small"}}, {"type": "Feature", "geometry": {"type": "Point", "coordinates": [80.7096, 28.7221]}, "properties": {"id": "demo-1114", "source": "demo", "date": "2006-07-07", "date_precision": "day", "year": 2006, "month": 7, "hazard": "glof", "hazard_raw": "glof", "district": null, "lon": 80.7096, "lat": 28.7221, "geo_precision": "exact", "deaths": 0, "missing": 0, "injured": 0, "people_affected": 0, "houses_destroyed": 0, "houses_damaged": 0, "title": "(demo) glof event", "source_url": "", "severity_score": 0.0, "severity_class": "minor"}}, {"type": "Feature", "geometry": {"type": "Point", "coordinates": [85.8582, 28.3484]}, "properties": {"id": "demo-1115", "source": "demo", "date": "2005-10-25", "date_precision": "day", "year": 2005, "month": 10, "hazard": "flash_flood", "hazard_raw": "flash_flood", "district": null, "lon": 85.8582, "lat": 28.3484, "geo_precision": "exact", "deaths": 1, "missing": 0, "injured": 1, "people_affected": 42, "houses_destroyed": 10, "houses_damaged": 10, "title": "(demo) flash_flood event", "source_url": "", "severity_score": 8.58, "severity_class": "moderate"}}, {"type": "Feature", "geometry": {"type": "Point", "coordinates": [86.7905, 27.9091]}, "properties": {"id": "demo-1116", "source": "demo", "date": "2009-05-22", "date_precision": "day", "year": 2009, "month": 5, "hazard": "flash_flood", "hazard_raw": "flash_flood", "district": null, "lon": 86.7905, "lat": 27.9091, "geo_precision": "exact", "deaths": 1, "missing": 0, "injured": 1, "people_affected": 255, "houses_destroyed": 23, "houses_damaged": 27, "title": "(demo) flash_flood event", "source_url": "", "severity_score": 12.46, "severity_class": "moderate"}}, {"type": "Feature", "geometry": {"type": "Point", "coordinates": [86.4622, 27.7946]}, "properties": {"id": "demo-1117", "source": "demo", "date": "2001-07-04", "date_precision": "day", "year": 2001, "month": 7, "hazard": "flash_flood", "hazard_raw": "flash_flood", "district": null, "lon": 86.4622, "lat": 27.7946, "geo_precision": "exact", "deaths": 0, "missing": 0, "injured": 0, "people_affected": 51, "houses_destroyed": 11, "houses_damaged": 28, "title": "(demo) flash_flood event", "source_url": "", "severity_score": 3.7, "severity_class": "small"}}, {"type": "Feature", "geometry": {"type": "Point", "coordinates": [86.0102, 28.318]}, "properties": {"id": "demo-1118", "source": "demo", "date": "2009-07-14", "date_precision": "day", "year": 2009, "month": 7, "hazard": "landslide", "hazard_raw": "landslide", "district": null, "lon": 86.0102, "lat": 28.318, "geo_precision": "exact", "deaths": 0, "missing": 0, "injured": 0, "people_affected": 0, "houses_destroyed": 0, "houses_damaged": 0, "title": "(demo) landslide event", "source_url": "", "severity_score": 0.0, "severity_class": "minor"}}, {"type": "Feature", "geometry": {"type": "Point", "coordinates": [86.6199, 27.8677]}, "properties": {"id": "demo-1119", "source": "demo", "date": "2022-11-13", "date_precision": "day", "year": 2022, "month": 11, "hazard": "avalanche", "hazard_raw": "avalanche", "district": null, "lon": 86.6199, "lat": 27.8677, "geo_precision": "exact", "deaths": 0, "missing": 0, "injured": 0, "people_affected": 406, "houses_destroyed": 35, "houses_damaged": 67, "title": "(demo) avalanche event", "source_url": "", "severity_score": 11.16, "severity_class": "moderate"}}, {"type": "Feature", "geometry": {"type": "Point", "coordinates": [83.4449, 28.9429]}, "properties": {"id": "demo-1120", "source": "demo", "date": "2013-07-21", "date_precision": "day", "year": 2013, "month": 7, "hazard": "landslide", "hazard_raw": "landslide", "district": null, "lon": 83.4449, "lat": 28.9429, "geo_precision": "exact", "deaths": 10, "missing": 0, "injured": 7, "people_affected": 1232, "houses_destroyed": 77, "houses_damaged": 186, "title": "(demo) landslide event", "source_url": "", "severity_score": 84.16, "severity_class": "major"}}, {"type": "Feature", "geometry": {"type": "Point", "coordinates": [87.518, 26.6401]}, "properties": {"id": "demo-1121", "source": "demo", "date": "2019-07-20", "date_precision": "day", "year": 2019, "month": 7, "hazard": "flood", "hazard_raw": "flood", "district": null, "lon": 87.518, "lat": 26.6401, "geo_precision": "exact", "deaths": 1, "missing": 0, "injured": 1, "people_affected": 0, "houses_destroyed": 0, "houses_damaged": 0, "title": "(demo) flood event", "source_url": "", "severity_score": 6.0, "severity_class": "moderate"}}, {"type": "Feature", "geometry": {"type": "Point", "coordinates": [85.3963, 26.8836]}, "properties": {"id": "demo-1122", "source": "demo", "date": "2022-07-10", "date_precision": "day", "year": 2022, "month": 7, "hazard": "flood", "hazard_raw": "flood", "district": null, "lon": 85.3963, "lat": 26.8836, "geo_precision": "exact", "deaths": 0, "missing": 0, "injured": 0, "people_affected": 133, "houses_destroyed": 8, "houses_damaged": 21, "title": "(demo) flood event", "source_url": "", "severity_score": 2.92, "severity_class": "small"}}, {"type": "Feature", "geometry": {"type": "Point", "coordinates": [83.9225, 28.1908]}, "properties": {"id": "demo-1123", "source": "demo", "date": "2025-08-22", "date_precision": "day", "year": 2025, "month": 8, "hazard": "landslide", "hazard_raw": "landslide", "district": null, "lon": 83.9225, "lat": 28.1908, "geo_precision": "exact", "deaths": 0, "missing": 0, "injured": 0, "people_affected": 0, "houses_destroyed": 0, "houses_damaged": 0, "title": "(demo) landslide event", "source_url": "", "severity_score": 0.0, "severity_class": "minor"}}, {"type": "Feature", "geometry": {"type": "Point", "coordinates": [85.9436, 26.8823]}, "properties": {"id": "demo-1124", "source": "demo", "date": "2005-06-18", "date_precision": "day", "year": 2005, "month": 6, "hazard": "flood", "hazard_raw": "flood", "district": null, "lon": 85.9436, "lat": 26.8823, "geo_precision": "exact", "deaths": 0, "missing": 0, "injured": 0, "people_affected": 166, "houses_destroyed": 10, "houses_damaged": 36, "title": "(demo) flood event", "source_url": "", "severity_score": 4.13, "severity_class": "small"}}, {"type": "Feature", "geometry": {"type": "Point", "coordinates": [83.8455, 27.3771]}, "properties": {"id": "demo-1125", "source": "demo", "date": "1986-08-09", "date_precision": "day", "year": 1986, "month": 8, "hazard": "flood", "hazard_raw": "flood", "district": null, "lon": 83.8455, "lat": 27.3771, "geo_precision": "exact", "deaths": 0, "missing": 0, "injured": 0, "people_affected": 541, "houses_destroyed": 33, "houses_damaged": 128, "title": "(demo) flood event", "source_url": "", "severity_score": 14.08, "severity_class": "moderate"}}, {"type": "Feature", "geometry": {"type": "Point", "coordinates": [86.7859, 27.9802]}, "properties": {"id": "demo-1126", "source": "demo", "date": "1993-08-13", "date_precision": "day", "year": 1993, "month": 8, "hazard": "avalanche", "hazard_raw": "avalanche", "district": null, "lon": 86.7859, "lat": 27.9802, "geo_precision": "exact", "deaths": 1, "missing": 0, "injured": 0, "people_affected": 0, "houses_destroyed": 0, "houses_damaged": 0, "title": "(demo) avalanche event", "source_url": "", "severity_score": 5.0, "severity_class": "moderate"}}, {"type": "Feature", "geometry": {"type": "Point", "coordinates": [81.7778, 29.4707]}, "properties": {"id": "demo-1127", "source": "demo", "date": "2018-03-25", "date_precision": "day", "year": 2018, "month": 3, "hazard": "avalanche", "hazard_raw": "avalanche", "district": null, "lon": 81.7778, "lat": 29.4707, "geo_precision": "exact", "deaths": 0, "missing": 0, "injured": 0, "people_affected": 10, "houses_destroyed": 1, "houses_damaged": 3, "title": "(demo) avalanche event", "source_url": "", "severity_score": 0.37, "severity_class": "small"}}, {"type": "Feature", "geometry": {"type": "Point", "coordinates": [86.6686, 28.1127]}, "properties": {"id": "demo-1128", "source": "demo", "date": "2019-10-13", "date_precision": "day", "year": 2019, "month": 10, "hazard": "landslide", "hazard_raw": "landslide", "district": null, "lon": 86.6686, "lat": 28.1127, "geo_precision": "exact", "deaths": 3, "missing": 0, "injured": 1, "people_affected": 16, "houses_destroyed": 1, "houses_damaged": 1, "title": "(demo) landslide event", "source_url": "", "severity_score": 16.28, "severity_class": "moderate"}}, {"type": "Feature", "geometry": {"type": "Point", "coordinates": [83.7693, 28.3891]}, "properties": {"id": "demo-1129", "source": "demo", "date": "2026-07-11", "date_precision": "day", "year": 2026, "month": 7, "hazard": "landslide", "hazard_raw": "landslide", "district": null, "lon": 83.7693, "lat": 28.3891, "geo_precision": "exact", "deaths": 1, "missing": 0, "injured": 0, "people_affected": 42, "houses_destroyed": 3, "houses_damaged": 11, "title": "(demo) landslide event", "source_url": "", "severity_score": 6.23, "severity_class": "moderate"}}, {"type": "Feature", "geometry": {"type": "Point", "coordinates": [86.2236, 26.9345]}, "properties": {"id": "demo-1130", "source": "demo", "date": "2001-10-10", "date_precision": "day", "year": 2001, "month": 10, "hazard": "flood", "hazard_raw": "flood", "district": null, "lon": 86.2236, "lat": 26.9345, "geo_precision": "exact", "deaths": 0, "missing": 0, "injured": 0, "people_affected": 13, "houses_destroyed": 2, "houses_damaged": 6, "title": "(demo) flood event", "source_url": "", "severity_score": 0.73, "severity_class": "small"}}, {"type": "Feature", "geometry": {"type": "Point", "coordinates": [81.5046, 29.3045]}, "properties": {"id": "demo-1131", "source": "demo", "date": "2023-07-04", "date_precision": "day", "year": 2023, "month": 7, "hazard": "landslide", "hazard_raw": "landslide", "district": null, "lon": 81.5046, "lat": 29.3045, "geo_precision": "exact", "deaths": 0, "missing": 0, "injured": 0, "people_affected": 0, "houses_destroyed": 0, "houses_damaged": 0, "title": "(demo) landslide event", "source_url": "", "severity_score": 0.0, "severity_class": "minor"}}, {"type": "Feature", "geometry": {"type": "Point", "coordinates": [86.2013, 28.2449]}, "properties": {"id": "demo-1132", "source": "demo", "date": "1998-07-18", "date_precision": "day", "year": 1998, "month": 7, "hazard": "glof", "hazard_raw": "glof", "district": null, "lon": 86.2013, "lat": 28.2449, "geo_precision": "exact", "deaths": 7, "missing": 0, "injured": 4, "people_affected": 53, "houses_destroyed": 9, "houses_damaged": 27, "title": "(demo) glof event", "source_url": "", "severity_score": 42.26, "severity_class": "major"}}, {"type": "Feature", "geometry": {"type": "Point", "coordinates": [82.2439, 29.4152]}, "properties": {"id": "demo-1133", "source": "demo", "date": "2016-07-12", "date_precision": "day", "year": 2016, "month": 7, "hazard": "avalanche", "hazard_raw": "avalanche", "district": null, "lon": 82.2439, "lat": 29.4152, "geo_precision": "exact", "deaths": 1, "missing": 0, "injured": 0, "people_affected": 7, "houses_destroyed": 1, "houses_damaged": 2, "title": "(demo) avalanche event", "source_url": "", "severity_score": 5.31, "severity_class": "moderate"}}, {"type": "Feature", "geometry": {"type": "Point", "coordinates": [80.2, 28.8483]}, "properties": {"id": "demo-1134", "source": "demo", "date": "2011-06-25", "date_precision": "day", "year": 2011, "month": 6, "hazard": "flood", "hazard_raw": "flood", "district": null, "lon": 80.2, "lat": 28.8483, "geo_precision": "exact", "deaths": 0, "missing": 0, "injured": 0, "people_affected": 0, "houses_destroyed": 0, "houses_damaged": 0, "title": "(demo) flood event", "source_url": "", "severity_score": 0.0, "severity_class": "minor"}}, {"type": "Feature", "geometry": {"type": "Point", "coordinates": [85.6897, 26.9313]}, "properties": {"id": "demo-1135", "source": "demo", "date": "2025-10-07", "date_precision": "day", "year": 2025, "month": 10, "hazard": "avalanche", "hazard_raw": "avalanche", "district": null, "lon": 85.6897, "lat": 26.9313, "geo_precision": "exact", "deaths": 4, "missing": 0, "injured": 4, "people_affected": 79, "houses_destroyed": 19, "houses_damaged": 68, "title": "(demo) avalanche event", "source_url": "", "severity_score": 31.36, "severity_class": "major"}}, {"type": "Feature", "geometry": {"type": "Point", "coordinates": [81.2336, 29.0179]}, "properties": {"id": "demo-1136", "source": "demo", "date": "2001-07-17", "date_precision": "day", "year": 2001, "month": 7, "hazard": "landslide", "hazard_raw": "landslide", "district": null, "lon": 81.2336, "lat": 29.0179, "geo_precision": "exact", "deaths": 1, "missing": 0, "injured": 0, "people_affected": 18, "houses_destroyed": 3, "houses_damaged": 3, "title": "(demo) landslide event", "source_url": "", "severity_score": 5.79, "severity_class": "moderate"}}, {"type": "Feature", "geometry": {"type": "Point", "coordinates": [80.6951, 28.7036]}, "properties": {"id": "demo-1137", "source": "demo", "date": "1991-07-26", "date_precision": "day", "year": 1991, "month": 7, "hazard": "landslide", "hazard_raw": "landslide", "district": null, "lon": 80.6951, "lat": 28.7036, "geo_precision": "exact", "deaths": 0, "missing": 0, "injured": 0, "people_affected": 0, "houses_destroyed": 0, "houses_damaged": 0, "title": "(demo) landslide event", "source_url": "", "severity_score": 0.0, "severity_class": "minor"}}, {"type": "Feature", "geometry": {"type": "Point", "coordinates": [83.8592, 28.2757]}, "properties": {"id": "demo-1138", "source": "demo", "date": "2022-07-03", "date_precision": "day", "year": 2022, "month": 7, "hazard": "flood", "hazard_raw": "flood", "district": null, "lon": 83.8592, "lat": 28.2757, "geo_precision": "exact", "deaths": 0, "missing": 0, "injured": 0, "people_affected": 0, "houses_destroyed": 0, "houses_damaged": 0, "title": "(demo) flood event", "source_url": "", "severity_score": 0.0, "severity_class": "minor"}}, {"type": "Feature", "geometry": {"type": "Point", "coordinates": [86.4171, 27.847]}, "properties": {"id": "demo-1139", "source": "demo", "date": "2021-02-02", "date_precision": "day", "year": 2021, "month": 2, "hazard": "avalanche", "hazard_raw": "avalanche", "district": null, "lon": 86.4171, "lat": 27.847, "geo_precision": "exact", "deaths": 0, "missing": 0, "injured": 0, "people_affected": 75, "houses_destroyed": 5, "houses_damaged": 18, "title": "(demo) avalanche event", "source_url": "", "severity_score": 2.05, "severity_class": "small"}}, {"type": "Feature", "geometry": {"type": "Point", "coordinates": [87.0538, 27.9094]}, "properties": {"id": "demo-1140", "source": "demo", "date": "2013-07-10", "date_precision": "day", "year": 2013, "month": 7, "hazard": "landslide", "hazard_raw": "landslide", "district": null, "lon": 87.0538, "lat": 27.9094, "geo_precision": "exact", "deaths": 0, "missing": 0, "injured": 0, "people_affected": 0, "houses_destroyed": 0, "houses_damaged": 0, "title": "(demo) landslide event", "source_url": "", "severity_score": 0.0, "severity_class": "minor"}}, {"type": "Feature", "geometry": {"type": "Point", "coordinates": [86.4322, 28.0211]}, "properties": {"id": "demo-1141", "source": "demo", "date": "1994-09-11", "date_precision": "day", "year": 1994, "month": 9, "hazard": "glof", "hazard_raw": "glof", "district": null, "lon": 86.4322, "lat": 28.0211, "geo_precision": "exact", "deaths": 19, "missing": 0, "injured": 24, "people_affected": 539, "houses_destroyed": 128, "houses_damaged": 196, "title": "(demo) glof event", "source_url": "", "severity_score": 155.48, "severity_class": "catastrophic"}}, {"type": "Feature", "geometry": {"type": "Point", "coordinates": [86.5046, 27.7322]}, "properties": {"id": "demo-1142", "source": "demo", "date": "2013-09-27", "date_precision": "day", "year": 2013, "month": 9, "hazard": "glof", "hazard_raw": "glof", "district": null, "lon": 86.5046, "lat": 27.7322, "geo_precision": "exact", "deaths": 2, "missing": 0, "injured": 3, "people_affected": 393, "houses_destroyed": 21, "houses_damaged": 50, "title": "(demo) glof event", "source_url": "", "severity_score": 20.49, "severity_class": "moderate"}}, {"type": "Feature", "geometry": {"type": "Point", "coordinates": [85.0788, 28.4454]}, "properties": {"id": "demo-1143", "source": "demo", "date": "1992-09-26", "date_precision": "day", "year": 1992, "month": 9, "hazard": "debris_flow", "hazard_raw": "debris_flow", "district": null, "lon": 85.0788, "lat": 28.4454, "geo_precision": "exact", "deaths": 1, "missing": 0, "injured": 0, "people_affected": 66, "houses_destroyed": 10, "houses_damaged": 15, "title": "(demo) debris_flow event", "source_url": "", "severity_score": 7.88, "severity_class": "moderate"}}, {"type": "Feature", "geometry": {"type": "Point", "coordinates": [84.8525, 27.7153]}, "properties": {"id": "demo-1144", "source": "demo", "date": "2025-07-25", "date_precision": "day", "year": 2025, "month": 7, "hazard": "landslide", "hazard_raw": "landslide", "district": null, "lon": 84.8525, "lat": 27.7153, "geo_precision": "exact", "deaths": 0, "missing": 0, "injured": 0, "people_affected": 148, "houses_destroyed": 9, "houses_damaged": 9, "title": "(demo) landslide event", "source_url": "", "severity_score": 2.55, "severity_class": "small"}}, {"type": "Feature", "geometry": {"type": "Point", "coordinates": [85.8063, 28.0583]}, "properties": {"id": "demo-1145", "source": "demo", "date": "1981-07-19", "date_precision": "day", "year": 1981, "month": 7, "hazard": "avalanche", "hazard_raw": "avalanche", "district": null, "lon": 85.8063, "lat": 28.0583, "geo_precision": "exact", "deaths": 0, "missing": 0, "injured": 0, "people_affected": 437, "houses_destroyed": 32, "houses_damaged": 67, "title": "(demo) avalanche event", "source_url": "", "severity_score": 10.62, "severity_class": "moderate"}}, {"type": "Feature", "geometry": {"type": "Point", "coordinates": [85.4134, 28.2723]}, "properties": {"id": "demo-1146", "source": "demo", "date": "2019-08-24", "date_precision": "day", "year": 2019, "month": 8, "hazard": "glof", "hazard_raw": "glof", "district": null, "lon": 85.4134, "lat": 28.2723, "geo_precision": "exact", "deaths": 310, "missing": 92, "injured": 157, "people_affected": 34192, "houses_destroyed": 2087, "houses_damaged": 5691, "title": "(demo) glof event", "source_url": "", "severity_score": 2937.33, "severity_class": "catastrophic"}}, {"type": "Feature", "geometry": {"type": "Point", "coordinates": [84.3137, 28.1592]}, "properties": {"id": "demo-1147", "source": "demo", "date": "2025-08-16", "date_precision": "day", "year": 2025, "month": 8, "hazard": "landslide", "hazard_raw": "landslide", "district": null, "lon": 84.3137, "lat": 28.1592, "geo_precision": "exact", "deaths": 1, "missing": 0, "injured": 0, "people_affected": 153, "houses_destroyed": 9, "houses_damaged": 23, "title": "(demo) landslide event", "source_url": "", "severity_score": 8.26, "severity_class": "moderate"}}, {"type": "Feature", "geometry": {"type": "Point", "coordinates": [85.1565, 28.0488]}, "properties": {"id": "demo-1148", "source": "demo", "date": "2004-06-23", "date_precision": "day", "year": 2004, "month": 6, "hazard": "debris_flow", "hazard_raw": "debris_flow", "district": null, "lon": 85.1565, "lat": 28.0488, "geo_precision": "exact", "deaths": 0, "missing": 0, "injured": 0, "people_affected": 0, "houses_destroyed": 0, "houses_damaged": 0, "title": "(demo) debris_flow event", "source_url": "", "severity_score": 0.0, "severity_class": "minor"}}, {"type": "Feature", "geometry": {"type": "Point", "coordinates": [80.4773, 28.6223]}, "properties": {"id": "demo-1149", "source": "demo", "date": "2009-07-08", "date_precision": "day", "year": 2009, "month": 7, "hazard": "flood", "hazard_raw": "flood", "district": null, "lon": 80.4773, "lat": 28.6223, "geo_precision": "exact", "deaths": 0, "missing": 0, "injured": 0, "people_affected": 0, "houses_destroyed": 0, "houses_damaged": 0, "title": "(demo) flood event", "source_url": "", "severity_score": 0.0, "severity_class": "minor"}}, {"type": "Feature", "geometry": {"type": "Point", "coordinates": [87.1238, 26.5515]}, "properties": {"id": "demo-1150", "source": "demo", "date": "2013-06-21", "date_precision": "day", "year": 2013, "month": 6, "hazard": "flood", "hazard_raw": "flood", "district": null, "lon": 87.1238, "lat": 26.5515, "geo_precision": "exact", "deaths": 0, "missing": 0, "injured": 0, "people_affected": 9, "houses_destroyed": 1, "houses_damaged": 1, "title": "(demo) flood event", "source_url": "", "severity_score": 0.27, "severity_class": "small"}}, {"type": "Feature", "geometry": {"type": "Point", "coordinates": [81.5843, 29.2574]}, "properties": {"id": "demo-1151", "source": "demo", "date": "1979-10-16", "date_precision": "day", "year": 1979, "month": 10, "hazard": "landslide", "hazard_raw": "landslide", "district": null, "lon": 81.5843, "lat": 29.2574, "geo_precision": "exact", "deaths": 0, "missing": 0, "injured": 0, "people_affected": 18, "houses_destroyed": 1, "houses_damaged": 1, "title": "(demo) landslide event", "source_url": "", "severity_score": 0.29, "severity_class": "small"}}, {"type": "Feature", "geometry": {"type": "Point", "coordinates": [86.3418, 27.0434]}, "properties": {"id": "demo-1152", "source": "demo", "date": "2022-08-03", "date_precision": "day", "year": 2022, "month": 8, "hazard": "flood", "hazard_raw": "flood", "district": null, "lon": 86.3418, "lat": 27.0434, "geo_precision": "exact", "deaths": 1, "missing": 0, "injured": 1, "people_affected": 79, "houses_destroyed": 8, "houses_damaged": 30, "title": "(demo) flood event", "source_url": "", "severity_score": 9.26, "severity_class": "moderate"}}, {"type": "Feature", "geometry": {"type": "Point", "coordinates": [85.799, 26.9589]}, "properties": {"id": "demo-1153", "source": "demo", "date": "1983-08-05", "date_precision": "day", "year": 1983, "month": 8, "hazard": "flood", "hazard_raw": "flood", "district": null, "lon": 85.799, "lat": 26.9589, "geo_precision": "exact", "deaths": 0, "missing": 0, "injured": 0, "people_affected": 22, "houses_destroyed": 3, "houses_damaged": 10, "title": "(demo) flood event", "source_url": "", "severity_score": 1.14, "severity_class": "small"}}, {"type": "Feature", "geometry": {"type": "Point", "coordinates": [85.5377, 26.862]}, "properties": {"id": "demo-1154", "source": "demo", "date": "2008-07-07", "date_precision": "day", "year": 2008, "month": 7, "hazard": "flood", "hazard_raw": "flood", "district": null, "lon": 85.5377, "lat": 26.862, "geo_precision": "exact", "deaths": 2, "missing": 0, "injured": 3, "people_affected": 193, "houses_destroyed": 11, "houses_damaged": 41, "title": "(demo) flood event", "source_url": "", "severity_score": 17.64, "severity_class": "moderate"}}, {"type": "Feature", "geometry": {"type": "Point", "coordinates": [85.7236, 28.2382]}, "properties": {"id": "demo-1155", "source": "demo", "date": "2005-09-09", "date_precision": "day", "year": 2005, "month": 9, "hazard": "debris_flow", "hazard_raw": "debris_flow", "district": null, "lon": 85.7236, "lat": 28.2382, "geo_precision": "exact", "deaths": 1, "missing": 0, "injured": 1, "people_affected": 0, "houses_destroyed": 0, "houses_damaged": 0, "title": "(demo) debris_flow event", "source_url": "", "severity_score": 6.0, "severity_class": "moderate"}}, {"type": "Feature", "geometry": {"type": "Point", "coordinates": [84.1382, 27.4961]}, "properties": {"id": "demo-1156", "source": "demo", "date": "2002-05-09", "date_precision": "day", "year": 2002, "month": 5, "hazard": "flood", "hazard_raw": "flood", "district": null, "lon": 84.1382, "lat": 27.4961, "geo_precision": "exact", "deaths": 0, "missing": 0, "injured": 0, "people_affected": 31, "houses_destroyed": 3, "houses_damaged": 7, "title": "(demo) flood event", "source_url": "", "severity_score": 1.01, "severity_class": "small"}}, {"type": "Feature", "geometry": {"type": "Point", "coordinates": [86.0967, 27.9305]}, "properties": {"id": "demo-1157", "source": "demo", "date": "2024-07-01", "date_precision": "day", "year": 2024, "month": 7, "hazard": "glof", "hazard_raw": "glof", "district": null, "lon": 86.0967, "lat": 27.9305, "geo_precision": "exact", "deaths": 29, "missing": 2, "injured": 49, "people_affected": 3408, "houses_destroyed": 175, "houses_damaged": 633, "title": "(demo) glof event", "source_url": "", "severity_score": 277.47, "severity_class": "catastrophic"}}, {"type": "Feature", "geometry": {"type": "Point", "coordinates": [86.5242, 27.8901]}, "properties": {"id": "demo-1158", "source": "demo", "date": "2021-05-02", "date_precision": "day", "year": 2021, "month": 5, "hazard": "landslide", "hazard_raw": "landslide", "district": null, "lon": 86.5242, "lat": 27.8901, "geo_precision": "exact", "deaths": 1, "missing": 0, "injured": 1, "people_affected": 60, "houses_destroyed": 8, "houses_damaged": 11, "title": "(demo) landslide event", "source_url": "", "severity_score": 8.27, "severity_class": "moderate"}}, {"type": "Feature", "geometry": {"type": "Point", "coordinates": [86.3018, 26.9853]}, "properties": {"id": "demo-1159", "source": "demo", "date": "2015-08-23", "date_precision": "day", "year": 2015, "month": 8, "hazard": "flood", "hazard_raw": "flood", "district": null, "lon": 86.3018, "lat": 26.9853, "geo_precision": "exact", "deaths": 0, "missing": 0, "injured": 0, "people_affected": 168, "houses_destroyed": 15, "houses_damaged": 17, "title": "(demo) flood event", "source_url": "", "severity_score": 4.19, "severity_class": "small"}}, {"type": "Feature", "geometry": {"type": "Point", "coordinates": [84.2295, 28.6482]}, "properties": {"id": "demo-1160", "source": "demo", "date": "1980-08-15", "date_precision": "day", "year": 1980, "month": 8, "hazard": "flash_flood", "hazard_raw": "flash_flood", "district": null, "lon": 84.2295, "lat": 28.6482, "geo_precision": "exact", "deaths": 68, "missing": 6, "injured": 128, "people_affected": 3186, "houses_destroyed": 521, "houses_damaged": 1156, "title": "(demo) flash_flood event", "source_url": "", "severity_score": 666.37, "severity_class": "catastrophic"}}, {"type": "Feature", "geometry": {"type": "Point", "coordinates": [83.7843, 27.5534]}, "properties": {"id": "demo-1161", "source": "demo", "date": "2000-06-23", "date_precision": "day", "year": 2000, "month": 6, "hazard": "flood", "hazard_raw": "flood", "district": null, "lon": 83.7843, "lat": 27.5534, "geo_precision": "exact", "deaths": 0, "missing": 0, "injured": 0, "people_affected": 51, "houses_destroyed": 5, "houses_damaged": 10, "title": "(demo) flood event", "source_url": "", "severity_score": 1.6, "severity_class": "small"}}, {"type": "Feature", "geometry": {"type": "Point", "coordinates": [86.5914, 27.9577]}, "properties": {"id": "demo-1162", "source": "demo", "date": "2005-07-23", "date_precision": "day", "year": 2005, "month": 7, "hazard": "glof", "hazard_raw": "glof", "district": null, "lon": 86.5914, "lat": 27.9577, "geo_precision": "exact", "deaths": 0, "missing": 0, "injured": 0, "people_affected": 189, "houses_destroyed": 19, "houses_damaged": 39, "title": "(demo) glof event", "source_url": "", "severity_score": 6.13, "severity_class": "moderate"}}, {"type": "Feature", "geometry": {"type": "Point", "coordinates": [85.8725, 28.2112]}, "properties": {"id": "demo-1163", "source": "demo", "date": "2009-07-02", "date_precision": "day", "year": 2009, "month": 7, "hazard": "flash_flood", "hazard_raw": "flash_flood", "district": null, "lon": 85.8725, "lat": 28.2112, "geo_precision": "exact", "deaths": 1, "missing": 0, "injured": 1, "people_affected": 0, "houses_destroyed": 0, "houses_damaged": 0, "title": "(demo) flash_flood event", "source_url": "", "severity_score": 6.0, "severity_class": "moderate"}}, {"type": "Feature", "geometry": {"type": "Point", "coordinates": [85.3586, 28.1125]}, "properties": {"id": "demo-1164", "source": "demo", "date": "2012-08-24", "date_precision": "day", "year": 2012, "month": 8, "hazard": "flood", "hazard_raw": "flood", "district": null, "lon": 85.3586, "lat": 28.1125, "geo_precision": "exact", "deaths": 2, "missing": 0, "injured": 3, "people_affected": 933, "houses_destroyed": 50, "houses_damaged": 97, "title": "(demo) flood event", "source_url": "", "severity_score": 29.72, "severity_class": "major"}}, {"type": "Feature", "geometry": {"type": "Point", "coordinates": [85.186, 28.0928]}, "properties": {"id": "demo-1165", "source": "demo", "date": "2002-05-06", "date_precision": "day", "year": 2002, "month": 5, "hazard": "debris_flow", "hazard_raw": "debris_flow", "district": null, "lon": 85.186, "lat": 28.0928, "geo_precision": "exact", "deaths": 1, "missing": 0, "injured": 0, "people_affected": 251, "houses_destroyed": 31, "houses_damaged": 51, "title": "(demo) debris_flow event", "source_url": "", "severity_score": 14.25, "severity_class": "moderate"}}, {"type": "Feature", "geometry": {"type": "Point", "coordinates": [82.3633, 29.6317]}, "properties": {"id": "demo-1166", "source": "demo", "date": "2012-07-05", "date_precision": "day", "year": 2012, "month": 7, "hazard": "debris_flow", "hazard_raw": "debris_flow", "district": null, "lon": 82.3633, "lat": 29.6317, "geo_precision": "exact", "deaths": 0, "missing": 0, "injured": 0, "people_affected": 0, "houses_destroyed": 0, "houses_damaged": 0, "title": "(demo) debris_flow event", "source_url": "", "severity_score": 0.0, "severity_class": "minor"}}, {"type": "Feature", "geometry": {"type": "Point", "coordinates": [86.2189, 26.6229]}, "properties": {"id": "demo-1167", "source": "demo", "date": "1995-06-06", "date_precision": "day", "year": 1995, "month": 6, "hazard": "flood", "hazard_raw": "flood", "district": null, "lon": 86.2189, "lat": 26.6229, "geo_precision": "exact", "deaths": 1, "missing": 0, "injured": 1, "people_affected": 97, "houses_destroyed": 12, "houses_damaged": 33, "title": "(demo) flood event", "source_url": "", "severity_score": 10.24, "severity_class": "moderate"}}, {"type": "Feature", "geometry": {"type": "Point", "coordinates": [85.7076, 28.1843]}, "properties": {"id": "demo-1168", "source": "demo", "date": "1993-07-18", "date_precision": "day", "year": 1993, "month": 7, "hazard": "flash_flood", "hazard_raw": "flash_flood", "district": null, "lon": 85.7076, "lat": 28.1843, "geo_precision": "exact", "deaths": 2, "missing": 0, "injured": 3, "people_affected": 224, "houses_destroyed": 13, "houses_damaged": 35, "title": "(demo) flash_flood event", "source_url": "", "severity_score": 17.8, "severity_class": "moderate"}}, {"type": "Feature", "geometry": {"type": "Point", "coordinates": [86.3409, 27.9519]}, "properties": {"id": "demo-1169", "source": "demo", "date": "1989-09-14", "date_precision": "day", "year": 1989, "month": 9, "hazard": "flood", "hazard_raw": "flood", "district": null, "lon": 86.3409, "lat": 27.9519, "geo_precision": "exact", "deaths": 2, "missing": 0, "injured": 1, "people_affected": 11, "houses_destroyed": 3, "houses_damaged": 6, "title": "(demo) flood event", "source_url": "", "severity_score": 11.92, "severity_class": "moderate"}}, {"type": "Feature", "geometry": {"type": "Point", "coordinates": [85.2827, 27.8953]}, "properties": {"id": "demo-1170", "source": "demo", "date": "2007-07-22", "date_precision": "day", "year": 2007, "month": 7, "hazard": "landslide", "hazard_raw": "landslide", "district": null, "lon": 85.2827, "lat": 27.8953, "geo_precision": "exact", "deaths": 0, "missing": 0, "injured": 0, "people_affected": 0, "houses_destroyed": 0, "houses_damaged": 0, "title": "(demo) landslide event", "source_url": "", "severity_score": 0.0, "severity_class": "minor"}}, {"type": "Feature", "geometry": {"type": "Point", "coordinates": [85.2811, 27.449]}, "properties": {"id": "demo-1171", "source": "demo", "date": "2023-09-07", "date_precision": "day", "year": 2023, "month": 9, "hazard": "landslide", "hazard_raw": "landslide", "district": null, "lon": 85.2811, "lat": 27.449, "geo_precision": "exact", "deaths": 1, "missing": 0, "injured": 1, "people_affected": 104, "houses_destroyed": 21, "houses_damaged": 52, "title": "(demo) landslide event", "source_url": "", "severity_score": 13.01, "severity_class": "moderate"}}, {"type": "Feature", "geometry": {"type": "Point", "coordinates": [83.5925, 28.8519]}, "properties": {"id": "demo-1172", "source": "demo", "date": "2016-09-06", "date_precision": "day", "year": 2016, "month": 9, "hazard": "landslide", "hazard_raw": "landslide", "district": null, "lon": 83.5925, "lat": 28.8519, "geo_precision": "exact", "deaths": 0, "missing": 0, "injured": 0, "people_affected": 0, "houses_destroyed": 0, "houses_damaged": 0, "title": "(demo) landslide event", "source_url": "", "severity_score": 0.0, "severity_class": "minor"}}, {"type": "Feature", "geometry": {"type": "Point", "coordinates": [81.9702, 29.3261]}, "properties": {"id": "demo-1173", "source": "demo", "date": "2009-08-13", "date_precision": "day", "year": 2009, "month": 8, "hazard": "landslide", "hazard_raw": "landslide", "district": null, "lon": 81.9702, "lat": 29.3261, "geo_precision": "exact", "deaths": 1, "missing": 0, "injured": 1, "people_affected": 29, "houses_destroyed": 4, "houses_damaged": 5, "title": "(demo) landslide event", "source_url": "", "severity_score": 7.11, "severity_class": "moderate"}}, {"type": "Feature", "geometry": {"type": "Point", "coordinates": [87.8041, 26.5629]}, "properties": {"id": "demo-1174", "source": "demo", "date": "2023-08-27", "date_precision": "day", "year": 2023, "month": 8, "hazard": "landslide", "hazard_raw": "landslide", "district": null, "lon": 87.8041, "lat": 26.5629, "geo_precision": "exact", "deaths": 0, "missing": 0, "injured": 0, "people_affected": 75, "houses_destroyed": 7, "houses_damaged": 19, "title": "(demo) landslide event", "source_url": "", "severity_score": 2.5, "severity_class": "small"}}, {"type": "Feature", "geometry": {"type": "Point", "coordinates": [86.1105, 27.8825]}, "properties": {"id": "demo-1175", "source": "demo", "date": "2026-11-28", "date_precision": "day", "year": 2026, "month": 11, "hazard": "landslide", "hazard_raw": "landslide", "district": null, "lon": 86.1105, "lat": 27.8825, "geo_precision": "exact", "deaths": 0, "missing": 0, "injured": 0, "people_affected": 117, "houses_destroyed": 6, "houses_damaged": 20, "title": "(demo) landslide event", "source_url": "", "severity_score": 2.43, "severity_class": "small"}}, {"type": "Feature", "geometry": {"type": "Point", "coordinates": [85.6177, 28.3677]}, "properties": {"id": "demo-1176", "source": "demo", "date": "1977-06-15", "date_precision": "day", "year": 1977, "month": 6, "hazard": "flash_flood", "hazard_raw": "flash_flood", "district": null, "lon": 85.6177, "lat": 28.3677, "geo_precision": "exact", "deaths": 0, "missing": 0, "injured": 0, "people_affected": 38, "houses_destroyed": 2, "houses_damaged": 6, "title": "(demo) flash_flood event", "source_url": "", "severity_score": 0.78, "severity_class": "small"}}, {"type": "Feature", "geometry": {"type": "Point", "coordinates": [86.2954, 26.9259]}, "properties": {"id": "demo-1177", "source": "demo", "date": "2022-09-01", "date_precision": "day", "year": 2022, "month": 9, "hazard": "flood", "hazard_raw": "flood", "district": null, "lon": 86.2954, "lat": 26.9259, "geo_precision": "exact", "deaths": 0, "missing": 0, "injured": 0, "people_affected": 13, "houses_destroyed": 1, "houses_damaged": 2, "title": "(demo) flood event", "source_url": "", "severity_score": 0.33, "severity_class": "small"}}, {"type": "Feature", "geometry": {"type": "Point", "coordinates": [85.741, 26.5941]}, "properties": {"id": "demo-1178", "source": "demo", "date": "2022-03-02", "date_precision": "day", "year": 2022, "month": 3, "hazard": "flood", "hazard_raw": "flood", "district": null, "lon": 85.741, "lat": 26.5941, "geo_precision": "exact", "deaths": 0, "missing": 0, "injured": 0, "people_affected": 5, "houses_destroyed": 1, "houses_damaged": 3, "title": "(demo) flood event", "source_url": "", "severity_score": 0.36, "severity_class": "small"}}, {"type": "Feature", "geometry": {"type": "Point", "coordinates": [86.3372, 27.6444]}, "properties": {"id": "demo-1179", "source": "demo", "date": "2012-05-17", "date_precision": "day", "year": 2012, "month": 5, "hazard": "flood", "hazard_raw": "flood", "district": null, "lon": 86.3372, "lat": 27.6444, "geo_precision": "exact", "deaths": 0, "missing": 0, "injured": 0, "people_affected": 0, "houses_destroyed": 0, "houses_damaged": 0, "title": "(demo) flood event", "source_url": "", "severity_score": 0.0, "severity_class": "minor"}}, {"type": "Feature", "geometry": {"type": "Point", "coordinates": [87.4692, 26.6156]}, "properties": {"id": "demo-1180", "source": "demo", "date": "2000-01-10", "date_precision": "day", "year": 2000, "month": 1, "hazard": "flood", "hazard_raw": "flood", "district": null, "lon": 87.4692, "lat": 26.6156, "geo_precision": "exact", "deaths": 0, "missing": 0, "injured": 0, "people_affected": 18, "houses_destroyed": 3, "houses_damaged": 3, "title": "(demo) flood event", "source_url": "", "severity_score": 0.79, "severity_class": "small"}}, {"type": "Feature", "geometry": {"type": "Point", "coordinates": [86.2918, 28.3066]}, "properties": {"id": "demo-1181", "source": "demo", "date": "2001-03-20", "date_precision": "day", "year": 2001, "month": 3, "hazard": "landslide", "hazard_raw": "landslide", "district": null, "lon": 86.2918, "lat": 28.3066, "geo_precision": "exact", "deaths": 0, "missing": 0, "injured": 0, "people_affected": 0, "houses_destroyed": 0, "houses_damaged": 0, "title": "(demo) landslide event", "source_url": "", "severity_score": 0.0, "severity_class": "minor"}}, {"type": "Feature", "geometry": {"type": "Point", "coordinates": [86.7355, 28.2798]}, "properties": {"id": "demo-1182", "source": "demo", "date": "2007-08-21", "date_precision": "day", "year": 2007, "month": 8, "hazard": "debris_flow", "hazard_raw": "debris_flow", "district": null, "lon": 86.7355, "lat": 28.2798, "geo_precision": "exact", "deaths": 0, "missing": 0, "injured": 0, "people_affected": 10, "houses_destroyed": 1, "houses_damaged": 2, "title": "(demo) debris_flow event", "source_url": "", "severity_score": 0.32, "severity_class": "small"}}, {"type": "Feature", "geometry": {"type": "Point", "coordinates": [85.7629, 27.9744]}, "properties": {"id": "demo-1183", "source": "demo", "date": "2017-10-25", "date_precision": "day", "year": 2017, "month": 10, "hazard": "debris_flow", "hazard_raw": "debris_flow", "district": null, "lon": 85.7629, "lat": 27.9744, "geo_precision": "exact", "deaths": 1, "missing": 0, "injured": 1, "people_affected": 0, "houses_destroyed": 0, "houses_damaged": 0, "title": "(demo) debris_flow event", "source_url": "", "severity_score": 6.0, "severity_class": "moderate"}}, {"type": "Feature", "geometry": {"type": "Point", "coordinates": [85.9088, 28.2478]}, "properties": {"id": "demo-1184", "source": "demo", "date": "2010-04-08", "date_precision": "day", "year": 2010, "month": 4, "hazard": "glof", "hazard_raw": "glof", "district": null, "lon": 85.9088, "lat": 28.2478, "geo_precision": "exact", "deaths": 37, "missing": 10, "injured": 42, "people_affected": 1727, "houses_destroyed": 247, "houses_damaged": 357, "title": "(demo) glof event", "source_url": "", "severity_score": 347.7, "severity_class": "catastrophic"}}, {"type": "Feature", "geometry": {"type": "Point", "coordinates": [85.9064, 28.199]}, "properties": {"id": "demo-1185", "source": "demo", "date": "1981-08-24", "date_precision": "day", "year": 1981, "month": 8, "hazard": "landslide", "hazard_raw": "landslide", "district": null, "lon": 85.9064, "lat": 28.199, "geo_precision": "exact", "deaths": 4, "missing": 0, "injured": 3, "people_affected": 636, "houses_destroyed": 38, "houses_damaged": 85, "title": "(demo) landslide event", "source_url": "", "severity_score": 36.12, "severity_class": "major"}}, {"type": "Feature", "geometry": {"type": "Point", "coordinates": [86.6105, 27.8265]}, "properties": {"id": "demo-1186", "source": "demo", "date": "1980-06-03", "date_precision": "day", "year": 1980, "month": 6, "hazard": "avalanche", "hazard_raw": "avalanche", "district": null, "lon": 86.6105, "lat": 27.8265, "geo_precision": "exact", "deaths": 2, "missing": 0, "injured": 3, "people_affected": 68, "houses_destroyed": 5, "houses_damaged": 9, "title": "(demo) avalanche event", "source_url": "", "severity_score": 14.59, "severity_class": "moderate"}}, {"type": "Feature", "geometry": {"type": "Point", "coordinates": [80.7445, 28.8457]}, "properties": {"id": "demo-1187", "source": "demo", "date": "1974-07-02", "date_precision": "day", "year": 1974, "month": 7, "hazard": "flood", "hazard_raw": "flood", "district": null, "lon": 80.7445, "lat": 28.8457, "geo_precision": "exact", "deaths": 1, "missing": 0, "injured": 0, "people_affected": 13, "houses_destroyed": 2, "houses_damaged": 3, "title": "(demo) flood event", "source_url": "", "severity_score": 5.58, "severity_class": "moderate"}}, {"type": "Feature", "geometry": {"type": "Point", "coordinates": [84.9189, 27.8474]}, "properties": {"id": "demo-1188", "source": "demo", "date": "2003-05-11", "date_precision": "day", "year": 2003, "month": 5, "hazard": "landslide", "hazard_raw": "landslide", "district": null, "lon": 84.9189, "lat": 27.8474, "geo_precision": "exact", "deaths": 0, "missing": 0, "injured": 0, "people_affected": 0, "houses_destroyed": 0, "houses_damaged": 0, "title": "(demo) landslide event", "source_url": "", "severity_score": 0.0, "severity_class": "minor"}}, {"type": "Feature", "geometry": {"type": "Point", "coordinates": [85.8051, 28.2263]}, "properties": {"id": "demo-1189", "source": "demo", "date": "2022-08-25", "date_precision": "day", "year": 2022, "month": 8, "hazard": "flash_flood", "hazard_raw": "flash_flood", "district": null, "lon": 85.8051, "lat": 28.2263, "geo_precision": "exact", "deaths": 1, "missing": 0, "injured": 0, "people_affected": 159, "houses_destroyed": 11, "houses_damaged": 18, "title": "(demo) flash_flood event", "source_url": "", "severity_score": 8.42, "severity_class": "moderate"}}, {"type": "Feature", "geometry": {"type": "Point", "coordinates": [85.5332, 27.9158]}, "properties": {"id": "demo-1190", "source": "demo", "date": "1982-07-09", "date_precision": "day", "year": 1982, "month": 7, "hazard": "debris_flow", "hazard_raw": "debris_flow", "district": null, "lon": 85.5332, "lat": 27.9158, "geo_precision": "exact", "deaths": 0, "missing": 0, "injured": 0, "people_affected": 28, "houses_destroyed": 6, "houses_damaged": 7, "title": "(demo) debris_flow event", "source_url": "", "severity_score": 1.61, "severity_class": "small"}}, {"type": "Feature", "geometry": {"type": "Point", "coordinates": [85.6248, 27.9983]}, "properties": {"id": "demo-1191", "source": "demo", "date": "2023-06-26", "date_precision": "day", "year": 2023, "month": 6, "hazard": "landslide", "hazard_raw": "landslide", "district": null, "lon": 85.6248, "lat": 27.9983, "geo_precision": "exact", "deaths": 0, "missing": 0, "injured": 0, "people_affected": 0, "houses_destroyed": 0, "houses_damaged": 0, "title": "(demo) landslide event", "source_url": "", "severity_score": 0.0, "severity_class": "minor"}}, {"type": "Feature", "geometry": {"type": "Point", "coordinates": [85.9283, 28.263]}, "properties": {"id": "demo-1192", "source": "demo", "date": "2022-06-20", "date_precision": "day", "year": 2022, "month": 6, "hazard": "debris_flow", "hazard_raw": "debris_flow", "district": null, "lon": 85.9283, "lat": 28.263, "geo_precision": "exact", "deaths": 4, "missing": 0, "injured": 3, "people_affected": 137, "houses_destroyed": 21, "houses_damaged": 80, "title": "(demo) debris_flow event", "source_url": "", "severity_score": 31.47, "severity_class": "major"}}, {"type": "Feature", "geometry": {"type": "Point", "coordinates": [86.7272, 28.246]}, "properties": {"id": "demo-1193", "source": "demo", "date": "2002-08-19", "date_precision": "day", "year": 2002, "month": 8, "hazard": "flash_flood", "hazard_raw": "flash_flood", "district": null, "lon": 86.7272, "lat": 28.246, "geo_precision": "exact", "deaths": 10, "missing": 3, "injured": 15, "people_affected": 225, "houses_destroyed": 40, "houses_damaged": 146, "title": "(demo) flash_flood event", "source_url": "", "severity_score": 95.75, "severity_class": "major"}}, {"type": "Feature", "geometry": {"type": "Point", "coordinates": [84.0207, 27.4983]}, "properties": {"id": "demo-1194", "source": "demo", "date": "2003-06-19", "date_precision": "day", "year": 2003, "month": 6, "hazard": "flood", "hazard_raw": "flood", "district": null, "lon": 84.0207, "lat": 27.4983, "geo_precision": "exact", "deaths": 7, "missing": 1, "injured": 2, "people_affected": 45, "houses_destroyed": 7, "houses_damaged": 9, "title": "(demo) flood event", "source_url": "", "severity_score": 43.94, "severity_class": "major"}}, {"type": "Feature", "geometry": {"type": "Point", "coordinates": [80.5118, 28.882]}, "properties": {"id": "demo-1195", "source": "demo", "date": "2005-08-22", "date_precision": "day", "year": 2005, "month": 8, "hazard": "flood", "hazard_raw": "flood", "district": null, "lon": 80.5118, "lat": 28.882, "geo_precision": "exact", "deaths": 0, "missing": 0, "injured": 0, "people_affected": 24, "houses_destroyed": 5, "houses_damaged": 8, "title": "(demo) flood event", "source_url": "", "severity_score": 1.45, "severity_class": "small"}}, {"type": "Feature", "geometry": {"type": "Point", "coordinates": [87.7023, 26.6921]}, "properties": {"id": "demo-1196", "source": "demo", "date": "1978-07-27", "date_precision": "day", "year": 1978, "month": 7, "hazard": "flood", "hazard_raw": "flood", "district": null, "lon": 87.7023, "lat": 26.6921, "geo_precision": "exact", "deaths": 17, "missing": 6, "injured": 12, "people_affected": 20, "houses_destroyed": 4, "houses_damaged": 9, "title": "(demo) flood event", "source_url": "", "severity_score": 128.29, "severity_class": "catastrophic"}}, {"type": "Feature", "geometry": {"type": "Point", "coordinates": [81.662, 29.2609]}, "properties": {"id": "demo-1197", "source": "demo", "date": "2003-09-01", "date_precision": "day", "year": 2003, "month": 9, "hazard": "landslide", "hazard_raw": "landslide", "district": null, "lon": 81.662, "lat": 29.2609, "geo_precision": "exact", "deaths": 1, "missing": 0, "injured": 0, "people_affected": 0, "houses_destroyed": 0, "houses_damaged": 0, "title": "(demo) landslide event", "source_url": "", "severity_score": 5.0, "severity_class": "moderate"}}, {"type": "Feature", "geometry": {"type": "Point", "coordinates": [82.3451, 29.4678]}, "properties": {"id": "demo-1198", "source": "demo", "date": "1996-05-27", "date_precision": "day", "year": 1996, "month": 5, "hazard": "avalanche", "hazard_raw": "avalanche", "district": null, "lon": 82.3451, "lat": 29.4678, "geo_precision": "exact", "deaths": 0, "missing": 0, "injured": 0, "people_affected": 166, "houses_destroyed": 17, "houses_damaged": 40, "title": "(demo) avalanche event", "source_url": "", "severity_score": 5.73, "severity_class": "moderate"}}, {"type": "Feature", "geometry": {"type": "Point", "coordinates": [80.7332, 28.57]}, "properties": {"id": "demo-1199", "source": "demo", "date": "2019-08-08", "date_precision": "day", "year": 2019, "month": 8, "hazard": "flood", "hazard_raw": "flood", "district": null, "lon": 80.7332, "lat": 28.57, "geo_precision": "exact", "deaths": 0, "missing": 0, "injured": 0, "people_affected": 22, "houses_destroyed": 6, "houses_damaged": 9, "title": "(demo) flood event", "source_url": "", "severity_score": 1.69, "severity_class": "small"}}, {"type": "Feature", "geometry": {"type": "Point", "coordinates": [82.4277, 29.4918]}, "properties": {"id": "demo-1200", "source": "demo", "date": "2025-06-24", "date_precision": "day", "year": 2025, "month": 6, "hazard": "flash_flood", "hazard_raw": "flash_flood", "district": null, "lon": 82.4277, "lat": 29.4918, "geo_precision": "exact", "deaths": 1, "missing": 0, "injured": 1, "people_affected": 92, "houses_destroyed": 29, "houses_damaged": 48, "title": "(demo) flash_flood event", "source_url": "", "severity_score": 14.38, "severity_class": "moderate"}}, {"type": "Feature", "geometry": {"type": "Point", "coordinates": [86.2457, 28.1121]}, "properties": {"id": "demo-1201", "source": "demo", "date": "1975-07-08", "date_precision": "day", "year": 1975, "month": 7, "hazard": "avalanche", "hazard_raw": "avalanche", "district": null, "lon": 86.2457, "lat": 28.1121, "geo_precision": "exact", "deaths": 3, "missing": 1, "injured": 4, "people_affected": 0, "houses_destroyed": 0, "houses_damaged": 0, "title": "(demo) avalanche event", "source_url": "", "severity_score": 24.0, "severity_class": "moderate"}}, {"type": "Feature", "geometry": {"type": "Point", "coordinates": [81.7523, 29.2115]}, "properties": {"id": "demo-1202", "source": "demo", "date": "2006-04-01", "date_precision": "day", "year": 2006, "month": 4, "hazard": "glof", "hazard_raw": "glof", "district": null, "lon": 81.7523, "lat": 29.2115, "geo_precision": "exact", "deaths": 2, "missing": 0, "injured": 3, "people_affected": 725, "houses_destroyed": 71, "houses_damaged": 195, "title": "(demo) glof event", "source_url": "", "severity_score": 38.4, "severity_class": "major"}}, {"type": "Feature", "geometry": {"type": "Point", "coordinates": [83.9851, 28.355]}, "properties": {"id": "demo-1203", "source": "demo", "date": "2018-09-28", "date_precision": "day", "year": 2018, "month": 9, "hazard": "landslide", "hazard_raw": "landslide", "district": null, "lon": 83.9851, "lat": 28.355, "geo_precision": "exact", "deaths": 0, "missing": 0, "injured": 0, "people_affected": 64, "houses_destroyed": 4, "houses_damaged": 11, "title": "(demo) landslide event", "source_url": "", "severity_score": 1.48, "severity_class": "small"}}, {"type": "Feature", "geometry": {"type": "Point", "coordinates": [80.4821, 28.9042]}, "properties": {"id": "demo-1204", "source": "demo", "date": "1995-08-25", "date_precision": "day", "year": 1995, "month": 8, "hazard": "flood", "hazard_raw": "flood", "district": null, "lon": 80.4821, "lat": 28.9042, "geo_precision": "exact", "deaths": 1, "missing": 0, "injured": 0, "people_affected": 103, "houses_destroyed": 6, "houses_damaged": 19, "title": "(demo) flood event", "source_url": "", "severity_score": 7.36, "severity_class": "moderate"}}, {"type": "Feature", "geometry": {"type": "Point", "coordinates": [83.8697, 27.5706]}, "properties": {"id": "demo-1205", "source": "demo", "date": "2003-02-07", "date_precision": "day", "year": 2003, "month": 2, "hazard": "flood", "hazard_raw": "flood", "district": null, "lon": 83.8697, "lat": 27.5706, "geo_precision": "exact", "deaths": 0, "missing": 0, "injured": 0, "people_affected": 62, "houses_destroyed": 9, "houses_damaged": 26, "title": "(demo) flood event", "source_url": "", "severity_score": 3.22, "severity_class": "small"}}, {"type": "Feature", "geometry": {"type": "Point", "coordinates": [85.6411, 28.2915]}, "properties": {"id": "demo-1206", "source": "demo", "date": "2024-06-15", "date_precision": "day", "year": 2024, "month": 6, "hazard": "landslide", "hazard_raw": "landslide", "district": null, "lon": 85.6411, "lat": 28.2915, "geo_precision": "exact", "deaths": 0, "missing": 0, "injured": 0, "people_affected": 0, "houses_destroyed": 0, "houses_damaged": 0, "title": "(demo) landslide event", "source_url": "", "severity_score": 0.0, "severity_class": "minor"}}, {"type": "Feature", "geometry": {"type": "Point", "coordinates": [85.1225, 26.8208]}, "properties": {"id": "demo-1207", "source": "demo", "date": "2016-09-02", "date_precision": "day", "year": 2016, "month": 9, "hazard": "landslide", "hazard_raw": "landslide", "district": null, "lon": 85.1225, "lat": 26.8208, "geo_precision": "exact", "deaths": 0, "missing": 0, "injured": 0, "people_affected": 70, "houses_destroyed": 4, "houses_damaged": 15, "title": "(demo) landslide event", "source_url": "", "severity_score": 1.69, "severity_class": "small"}}, {"type": "Feature", "geometry": {"type": "Point", "coordinates": [86.3126, 28.1691]}, "properties": {"id": "demo-1208", "source": "demo", "date": "2022-05-20", "date_precision": "day", "year": 2022, "month": 5, "hazard": "glof", "hazard_raw": "glof", "district": null, "lon": 86.3126, "lat": 28.1691, "geo_precision": "exact", "deaths": 0, "missing": 0, "injured": 0, "people_affected": 2367, "houses_destroyed": 143, "houses_damaged": 440, "title": "(demo) glof event", "source_url": "", "severity_score": 55.33, "severity_class": "major"}}, {"type": "Feature", "geometry": {"type": "Point", "coordinates": [85.2289, 28.3498]}, "properties": {"id": "demo-1209", "source": "demo", "date": "2010-09-25", "date_precision": "day", "year": 2010, "month": 9, "hazard": "flood", "hazard_raw": "flood", "district": null, "lon": 85.2289, "lat": 28.3498, "geo_precision": "exact", "deaths": 1, "missing": 0, "injured": 1, "people_affected": 159, "houses_destroyed": 15, "houses_damaged": 41, "title": "(demo) flood event", "source_url": "", "severity_score": 11.37, "severity_class": "moderate"}}, {"type": "Feature", "geometry": {"type": "Point", "coordinates": [85.7096, 26.6618]}, "properties": {"id": "demo-1210", "source": "demo", "date": "2023-07-20", "date_precision": "day", "year": 2023, "month": 7, "hazard": "landslide", "hazard_raw": "landslide", "district": null, "lon": 85.7096, "lat": 26.6618, "geo_precision": "exact", "deaths": 0, "missing": 0, "injured": 0, "people_affected": 102, "houses_destroyed": 6, "houses_damaged": 6, "title": "(demo) landslide event", "source_url": "", "severity_score": 1.7, "severity_class": "small"}}, {"type": "Feature", "geometry": {"type": "Point", "coordinates": [85.7393, 28.0494]}, "properties": {"id": "demo-1211", "source": "demo", "date": "2026-07-27", "date_precision": "day", "year": 2026, "month": 7, "hazard": "flash_flood", "hazard_raw": "flash_flood", "district": null, "lon": 85.7393, "lat": 28.0494, "geo_precision": "exact", "deaths": 1, "missing": 0, "injured": 1, "people_affected": 25, "houses_destroyed": 6, "houses_damaged": 7, "title": "(demo) flash_flood event", "source_url": "", "severity_score": 7.6, "severity_class": "moderate"}}, {"type": "Feature", "geometry": {"type": "Point", "coordinates": [80.2182, 28.8136]}, "properties": {"id": "demo-1212", "source": "demo", "date": "2002-04-06", "date_precision": "day", "year": 2002, "month": 4, "hazard": "flood", "hazard_raw": "flood", "district": null, "lon": 80.2182, "lat": 28.8136, "geo_precision": "exact", "deaths": 2, "missing": 0, "injured": 2, "people_affected": 153, "houses_destroyed": 22, "houses_damaged": 60, "title": "(demo) flood event", "source_url": "", "severity_score": 19.71, "severity_class": "moderate"}}, {"type": "Feature", "geometry": {"type": "Point", "coordinates": [84.2543, 27.6519]}, "properties": {"id": "demo-1213", "source": "demo", "date": "2008-01-19", "date_precision": "day", "year": 2008, "month": 1, "hazard": "flood", "hazard_raw": "flood", "district": null, "lon": 84.2543, "lat": 27.6519, "geo_precision": "exact", "deaths": 0, "missing": 0, "injured": 0, "people_affected": 7, "houses_destroyed": 1, "houses_damaged": 3, "title": "(demo) flood event", "source_url": "", "severity_score": 0.36, "severity_class": "small"}}, {"type": "Feature", "geometry": {"type": "Point", "coordinates": [85.7676, 28.2818]}, "properties": {"id": "demo-1214", "source": "demo", "date": "2002-07-25", "date_precision": "day", "year": 2002, "month": 7, "hazard": "glof", "hazard_raw": "glof", "district": null, "lon": 85.7676, "lat": 28.2818, "geo_precision": "exact", "deaths": 69, "missing": 9, "injured": 21, "people_affected": 3991, "houses_destroyed": 309, "houses_damaged": 339, "title": "(demo) glof event", "source_url": "", "severity_score": 497.73, "severity_class": "catastrophic"}}, {"type": "Feature", "geometry": {"type": "Point", "coordinates": [81.7109, 29.2123]}, "properties": {"id": "demo-1215", "source": "demo", "date": "2007-09-28", "date_precision": "day", "year": 2007, "month": 9, "hazard": "landslide", "hazard_raw": "landslide", "district": null, "lon": 81.7109, "lat": 29.2123, "geo_precision": "exact", "deaths": 0, "missing": 0, "injured": 0, "people_affected": 25, "houses_destroyed": 2, "houses_damaged": 3, "title": "(demo) landslide event", "source_url": "", "severity_score": 0.6, "severity_class": "small"}}, {"type": "Feature", "geometry": {"type": "Point", "coordinates": [86.7464, 27.8969]}, "properties": {"id": "demo-1216", "source": "demo", "date": "1981-08-20", "date_precision": "day", "year": 1981, "month": 8, "hazard": "glof", "hazard_raw": "glof", "district": null, "lon": 86.7464, "lat": 27.8969, "geo_precision": "exact", "deaths": 0, "missing": 0, "injured": 0, "people_affected": 0, "houses_destroyed": 0, "houses_damaged": 0, "title": "(demo) glof event", "source_url": "", "severity_score": 0.0, "severity_class": "minor"}}, {"type": "Feature", "geometry": {"type": "Point", "coordinates": [87.2376, 27.9765]}, "properties": {"id": "demo-1217", "source": "demo", "date": "1978-06-21", "date_precision": "day", "year": 1978, "month": 6, "hazard": "landslide", "hazard_raw": "landslide", "district": null, "lon": 87.2376, "lat": 27.9765, "geo_precision": "exact", "deaths": 0, "missing": 0, "injured": 0, "people_affected": 777, "houses_destroyed": 44, "houses_damaged": 66, "title": "(demo) landslide event", "source_url": "", "severity_score": 13.65, "severity_class": "moderate"}}, {"type": "Feature", "geometry": {"type": "Point", "coordinates": [85.6498, 28.3782]}, "properties": {"id": "demo-1218", "source": "demo", "date": "2010-08-19", "date_precision": "day", "year": 2010, "month": 8, "hazard": "landslide", "hazard_raw": "landslide", "district": null, "lon": 85.6498, "lat": 28.3782, "geo_precision": "exact", "deaths": 2, "missing": 0, "injured": 1, "people_affected": 0, "houses_destroyed": 0, "houses_damaged": 0, "title": "(demo) landslide event", "source_url": "", "severity_score": 11.0, "severity_class": "moderate"}}, {"type": "Feature", "geometry": {"type": "Point", "coordinates": [87.1727, 27.8163]}, "properties": {"id": "demo-1219", "source": "demo", "date": "2026-09-20", "date_precision": "day", "year": 2026, "month": 9, "hazard": "landslide", "hazard_raw": "landslide", "district": null, "lon": 87.1727, "lat": 27.8163, "geo_precision": "exact", "deaths": 0, "missing": 0, "injured": 0, "people_affected": 444, "houses_destroyed": 24, "houses_damaged": 63, "title": "(demo) landslide event", "source_url": "", "severity_score": 8.84, "severity_class": "moderate"}}, {"type": "Feature", "geometry": {"type": "Point", "coordinates": [83.8285, 28.662]}, "properties": {"id": "demo-1220", "source": "demo", "date": "2005-01-06", "date_precision": "day", "year": 2005, "month": 1, "hazard": "flash_flood", "hazard_raw": "flash_flood", "district": null, "lon": 83.8285, "lat": 28.662, "geo_precision": "exact", "deaths": 0, "missing": 0, "injured": 0, "people_affected": 237, "houses_destroyed": 12, "houses_damaged": 38, "title": "(demo) flash_flood event", "source_url": "", "severity_score": 4.77, "severity_class": "small"}}, {"type": "Feature", "geometry": {"type": "Point", "coordinates": [85.7803, 26.5654]}, "properties": {"id": "demo-1221", "source": "demo", "date": "1985-08-27", "date_precision": "day", "year": 1985, "month": 8, "hazard": "flood", "hazard_raw": "flood", "district": null, "lon": 85.7803, "lat": 26.5654, "geo_precision": "exact", "deaths": 1, "missing": 0, "injured": 0, "people_affected": 244, "houses_destroyed": 14, "houses_damaged": 20, "title": "(demo) flood event", "source_url": "", "severity_score": 9.29, "severity_class": "moderate"}}, {"type": "Feature", "geometry": {"type": "Point", "coordinates": [87.625, 26.866]}, "properties": {"id": "demo-1222", "source": "demo", "date": "2023-08-21", "date_precision": "day", "year": 2023, "month": 8, "hazard": "flood", "hazard_raw": "flood", "district": null, "lon": 87.625, "lat": 26.866, "geo_precision": "exact", "deaths": 0, "missing": 0, "injured": 0, "people_affected": 58, "houses_destroyed": 7, "houses_damaged": 19, "title": "(demo) flood event", "source_url": "", "severity_score": 2.47, "severity_class": "small"}}, {"type": "Feature", "geometry": {"type": "Point", "coordinates": [82.4338, 29.5259]}, "properties": {"id": "demo-1223", "source": "demo", "date": "1986-07-03", "date_precision": "day", "year": 1986, "month": 7, "hazard": "flood", "hazard_raw": "flood", "district": null, "lon": 82.4338, "lat": 29.5259, "geo_precision": "exact", "deaths": 1, "missing": 0, "injured": 1, "people_affected": 125, "houses_destroyed": 9, "houses_damaged": 32, "title": "(demo) flood event", "source_url": "", "severity_score": 9.65, "severity_class": "moderate"}}, {"type": "Feature", "geometry": {"type": "Point", "coordinates": [83.2499, 28.8215]}, "properties": {"id": "demo-1224", "source": "demo", "date": "2021-04-05", "date_precision": "day", "year": 2021, "month": 4, "hazard": "flash_flood", "hazard_raw": "flash_flood", "district": null, "lon": 83.2499, "lat": 28.8215, "geo_precision": "exact", "deaths": 1, "missing": 0, "injured": 0, "people_affected": 191, "houses_destroyed": 10, "houses_damaged": 22, "title": "(demo) flash_flood event", "source_url": "", "severity_score": 8.48, "severity_class": "moderate"}}, {"type": "Feature", "geometry": {"type": "Point", "coordinates": [80.4351, 28.6341]}, "properties": {"id": "demo-1225", "source": "demo", "date": "2003-09-05", "date_precision": "day", "year": 2003, "month": 9, "hazard": "flood", "hazard_raw": "flood", "district": null, "lon": 80.4351, "lat": 28.6341, "geo_precision": "exact", "deaths": 0, "missing": 0, "injured": 0, "people_affected": 515, "houses_destroyed": 33, "houses_damaged": 48, "title": "(demo) flood event", "source_url": "", "severity_score": 10.03, "severity_class": "moderate"}}, {"type": "Feature", "geometry": {"type": "Point", "coordinates": [85.6246, 28.2432]}, "properties": {"id": "demo-1226", "source": "demo", "date": "1981-03-23", "date_precision": "day", "year": 1981, "month": 3, "hazard": "landslide", "hazard_raw": "landslide", "district": null, "lon": 85.6246, "lat": 28.2432, "geo_precision": "exact", "deaths": 0, "missing": 0, "injured": 0, "people_affected": 0, "houses_destroyed": 0, "houses_damaged": 0, "title": "(demo) landslide event", "source_url": "", "severity_score": 0.0, "severity_class": "minor"}}, {"type": "Feature", "geometry": {"type": "Point", "coordinates": [82.5702, 29.4617]}, "properties": {"id": "demo-1227", "source": "demo", "date": "2019-12-12", "date_precision": "day", "year": 2019, "month": 12, "hazard": "avalanche", "hazard_raw": "avalanche", "district": null, "lon": 82.5702, "lat": 29.4617, "geo_precision": "exact", "deaths": 0, "missing": 0, "injured": 0, "people_affected": 14, "houses_destroyed": 1, "houses_damaged": 2, "title": "(demo) avalanche event", "source_url": "", "severity_score": 0.33, "severity_class": "small"}}, {"type": "Feature", "geometry": {"type": "Point", "coordinates": [86.1653, 27.8091]}, "properties": {"id": "demo-1228", "source": "demo", "date": "2017-07-02", "date_precision": "day", "year": 2017, "month": 7, "hazard": "flash_flood", "hazard_raw": "flash_flood", "district": null, "lon": 86.1653, "lat": 27.8091, "geo_precision": "exact", "deaths": 7, "missing": 0, "injured": 4, "people_affected": 811, "houses_destroyed": 65, "houses_damaged": 179, "title": "(demo) flash_flood event", "source_url": "", "severity_score": 62.57, "severity_class": "major"}}, {"type": "Feature", "geometry": {"type": "Point", "coordinates": [84.4864, 27.2754]}, "properties": {"id": "demo-1229", "source": "demo", "date": "2022-08-10", "date_precision": "day", "year": 2022, "month": 8, "hazard": "flood", "hazard_raw": "flood", "district": null, "lon": 84.4864, "lat": 27.2754, "geo_precision": "exact", "deaths": 0, "missing": 0, "injured": 0, "people_affected": 0, "houses_destroyed": 0, "houses_damaged": 0, "title": "(demo) flood event", "source_url": "", "severity_score": 0.0, "severity_class": "minor"}}, {"type": "Feature", "geometry": {"type": "Point", "coordinates": [83.7377, 27.5726]}, "properties": {"id": "demo-1230", "source": "demo", "date": "2016-06-16", "date_precision": "day", "year": 2016, "month": 6, "hazard": "flood", "hazard_raw": "flood", "district": null, "lon": 83.7377, "lat": 27.5726, "geo_precision": "exact", "deaths": 0, "missing": 0, "injured": 0, "people_affected": 52, "houses_destroyed": 12, "houses_damaged": 38, "title": "(demo) flood event", "source_url": "", "severity_score": 4.4, "severity_class": "small"}}, {"type": "Feature", "geometry": {"type": "Point", "coordinates": [83.458, 28.7164]}, "properties": {"id": "demo-1231", "source": "demo", "date": "2026-07-25", "date_precision": "day", "year": 2026, "month": 7, "hazard": "flash_flood", "hazard_raw": "flash_flood", "district": null, "lon": 83.458, "lat": 28.7164, "geo_precision": "exact", "deaths": 0, "missing": 0, "injured": 0, "people_affected": 0, "houses_destroyed": 0, "houses_damaged": 0, "title": "(demo) flash_flood event", "source_url": "", "severity_score": 0.0, "severity_class": "minor"}}, {"type": "Feature", "geometry": {"type": "Point", "coordinates": [87.318, 26.4]}, "properties": {"id": "demo-1232", "source": "demo", "date": "2012-01-28", "date_precision": "day", "year": 2012, "month": 1, "hazard": "flood", "hazard_raw": "flood", "district": null, "lon": 87.318, "lat": 26.4, "geo_precision": "exact", "deaths": 1, "missing": 0, "injured": 1, "people_affected": 292, "houses_destroyed": 22, "houses_damaged": 74, "title": "(demo) flood event", "source_url": "", "severity_score": 14.68, "severity_class": "moderate"}}, {"type": "Feature", "geometry": {"type": "Point", "coordinates": [86.0869, 28.4958]}, "properties": {"id": "demo-1233", "source": "demo", "date": "2012-01-27", "date_precision": "day", "year": 2012, "month": 1, "hazard": "glof", "hazard_raw": "glof", "district": null, "lon": 86.0869, "lat": 28.4958, "geo_precision": "exact", "deaths": 11, "missing": 1, "injured": 4, "people_affected": 1425, "houses_destroyed": 106, "houses_damaged": 334, "title": "(demo) glof event", "source_url": "", "severity_score": 104.75, "severity_class": "catastrophic"}}, {"type": "Feature", "geometry": {"type": "Point", "coordinates": [85.3712, 27.8712]}, "properties": {"id": "demo-1234", "source": "demo", "date": "2005-05-10", "date_precision": "day", "year": 2005, "month": 5, "hazard": "landslide", "hazard_raw": "landslide", "district": null, "lon": 85.3712, "lat": 27.8712, "geo_precision": "exact", "deaths": 1, "missing": 0, "injured": 1, "people_affected": 46, "houses_destroyed": 6, "houses_damaged": 11, "title": "(demo) landslide event", "source_url": "", "severity_score": 7.84, "severity_class": "moderate"}}, {"type": "Feature", "geometry": {"type": "Point", "coordinates": [84.0258, 28.163]}, "properties": {"id": "demo-1235", "source": "demo", "date": "1998-07-07", "date_precision": "day", "year": 1998, "month": 7, "hazard": "flash_flood", "hazard_raw": "flash_flood", "district": null, "lon": 84.0258, "lat": 28.163, "geo_precision": "exact", "deaths": 4, "missing": 0, "injured": 2, "people_affected": 190, "houses_destroyed": 18, "houses_damaged": 40, "title": "(demo) flash_flood event", "source_url": "", "severity_score": 27.98, "severity_class": "major"}}, {"type": "Feature", "geometry": {"type": "Point", "coordinates": [87.192, 26.5538]}, "properties": {"id": "demo-1236", "source": "demo", "date": "2026-09-26", "date_precision": "day", "year": 2026, "month": 9, "hazard": "debris_flow", "hazard_raw": "debris_flow", "district": null, "lon": 87.192, "lat": 26.5538, "geo_precision": "exact", "deaths": 1, "missing": 0, "injured": 0, "people_affected": 89, "houses_destroyed": 10, "houses_damaged": 12, "title": "(demo) debris_flow event", "source_url": "", "severity_score": 7.78, "severity_class": "moderate"}}, {"type": "Feature", "geometry": {"type": "Point", "coordinates": [86.6978, 27.8024]}, "properties": {"id": "demo-1237", "source": "demo", "date": "2000-07-13", "date_precision": "day", "year": 2000, "month": 7, "hazard": "landslide", "hazard_raw": "landslide", "district": null, "lon": 86.6978, "lat": 27.8024, "geo_precision": "exact", "deaths": 0, "missing": 0, "injured": 0, "people_affected": 15, "houses_destroyed": 2, "houses_damaged": 3, "title": "(demo) landslide event", "source_url": "", "severity_score": 0.58, "severity_class": "small"}}, {"type": "Feature", "geometry": {"type": "Point", "coordinates": [83.9913, 28.5507]}, "properties": {"id": "demo-1238", "source": "demo", "date": "2001-07-11", "date_precision": "day", "year": 2001, "month": 7, "hazard": "flash_flood", "hazard_raw": "flash_flood", "district": null, "lon": 83.9913, "lat": 28.5507, "geo_precision": "exact", "deaths": 3, "missing": 0, "injured": 3, "people_affected": 282, "houses_destroyed": 19, "houses_damaged": 28, "title": "(demo) flash_flood event", "source_url": "", "severity_score": 23.76, "severity_class": "moderate"}}, {"type": "Feature", "geometry": {"type": "Point", "coordinates": [85.3662, 27.8546]}, "properties": {"id": "demo-1239", "source": "demo", "date": "2020-06-25", "date_precision": "day", "year": 2020, "month": 6, "hazard": "landslide", "hazard_raw": "landslide", "district": null, "lon": 85.3662, "lat": 27.8546, "geo_precision": "exact", "deaths": 0, "missing": 0, "injured": 0, "people_affected": 0, "houses_destroyed": 0, "houses_damaged": 0, "title": "(demo) landslide event", "source_url": "", "severity_score": 0.0, "severity_class": "minor"}}, {"type": "Feature", "geometry": {"type": "Point", "coordinates": [85.659, 27.5242]}, "properties": {"id": "demo-1240", "source": "demo", "date": "1994-07-25", "date_precision": "day", "year": 1994, "month": 7, "hazard": "landslide", "hazard_raw": "landslide", "district": null, "lon": 85.659, "lat": 27.5242, "geo_precision": "exact", "deaths": 0, "missing": 0, "injured": 0, "people_affected": 14, "houses_destroyed": 1, "houses_damaged": 1, "title": "(demo) landslide event", "source_url": "", "severity_score": 0.28, "severity_class": "small"}}, {"type": "Feature", "geometry": {"type": "Point", "coordinates": [85.4017, 28.0426]}, "properties": {"id": "demo-1241", "source": "demo", "date": "2011-09-16", "date_precision": "day", "year": 2011, "month": 9, "hazard": "landslide", "hazard_raw": "landslide", "district": null, "lon": 85.4017, "lat": 28.0426, "geo_precision": "exact", "deaths": 0, "missing": 0, "injured": 0, "people_affected": 0, "houses_destroyed": 0, "houses_damaged": 0, "title": "(demo) landslide event", "source_url": "", "severity_score": 0.0, "severity_class": "minor"}}, {"type": "Feature", "geometry": {"type": "Point", "coordinates": [85.0867, 28.0239]}, "properties": {"id": "demo-1242", "source": "demo", "date": "2015-09-21", "date_precision": "day", "year": 2015, "month": 9, "hazard": "debris_flow", "hazard_raw": "debris_flow", "district": null, "lon": 85.0867, "lat": 28.0239, "geo_precision": "exact", "deaths": 0, "missing": 0, "injured": 0, "people_affected": 15, "houses_destroyed": 1, "houses_damaged": 1, "title": "(demo) debris_flow event", "source_url": "", "severity_score": 0.28, "severity_class": "small"}}, {"type": "Feature", "geometry": {"type": "Point", "coordinates": [83.5921, 28.2799]}, "properties": {"id": "demo-1243", "source": "demo", "date": "2025-07-14", "date_precision": "day", "year": 2025, "month": 7, "hazard": "landslide", "hazard_raw": "landslide", "district": null, "lon": 83.5921, "lat": 28.2799, "geo_precision": "exact", "deaths": 0, "missing": 0, "injured": 0, "people_affected": 0, "houses_destroyed": 0, "houses_damaged": 0, "title": "(demo) landslide event", "source_url": "", "severity_score": 0.0, "severity_class": "minor"}}, {"type": "Feature", "geometry": {"type": "Point", "coordinates": [83.8548, 28.4456]}, "properties": {"id": "demo-1244", "source": "demo", "date": "2004-07-17", "date_precision": "day", "year": 2004, "month": 7, "hazard": "landslide", "hazard_raw": "landslide", "district": null, "lon": 83.8548, "lat": 28.4456, "geo_precision": "exact", "deaths": 6, "missing": 1, "injured": 7, "people_affected": 810, "houses_destroyed": 50, "houses_damaged": 66, "title": "(demo) landslide event", "source_url": "", "severity_score": 56.92, "severity_class": "major"}}, {"type": "Feature", "geometry": {"type": "Point", "coordinates": [85.7686, 26.6807]}, "properties": {"id": "demo-1245", "source": "demo", "date": "2024-08-01", "date_precision": "day", "year": 2024, "month": 8, "hazard": "flood", "hazard_raw": "flood", "district": null, "lon": 85.7686, "lat": 26.6807, "geo_precision": "exact", "deaths": 0, "missing": 0, "injured": 0, "people_affected": 15, "houses_destroyed": 2, "houses_damaged": 3, "title": "(demo) flood event", "source_url": "", "severity_score": 0.58, "severity_class": "small"}}, {"type": "Feature", "geometry": {"type": "Point", "coordinates": [87.2818, 26.6875]}, "properties": {"id": "demo-1246", "source": "demo", "date": "2001-08-22", "date_precision": "day", "year": 2001, "month": 8, "hazard": "flood", "hazard_raw": "flood", "district": null, "lon": 87.2818, "lat": 26.6875, "geo_precision": "exact", "deaths": 4, "missing": 0, "injured": 2, "people_affected": 0, "houses_destroyed": 0, "houses_damaged": 0, "title": "(demo) flood event", "source_url": "", "severity_score": 22.0, "severity_class": "moderate"}}, {"type": "Feature", "geometry": {"type": "Point", "coordinates": [86.3968, 27.7641]}, "properties": {"id": "demo-1247", "source": "demo", "date": "2010-01-17", "date_precision": "day", "year": 2010, "month": 1, "hazard": "debris_flow", "hazard_raw": "debris_flow", "district": null, "lon": 86.3968, "lat": 27.7641, "geo_precision": "exact", "deaths": 1, "missing": 0, "injured": 1, "people_affected": 231, "houses_destroyed": 21, "houses_damaged": 23, "title": "(demo) debris_flow event", "source_url": "", "severity_score": 11.81, "severity_class": "moderate"}}, {"type": "Feature", "geometry": {"type": "Point", "coordinates": [81.7395, 29.5316]}, "properties": {"id": "demo-1248", "source": "demo", "date": "1981-08-28", "date_precision": "day", "year": 1981, "month": 8, "hazard": "landslide", "hazard_raw": "landslide", "district": null, "lon": 81.7395, "lat": 29.5316, "geo_precision": "exact", "deaths": 4, "missing": 1, "injured": 5, "people_affected": 0, "houses_destroyed": 0, "houses_damaged": 0, "title": "(demo) landslide event", "source_url": "", "severity_score": 30.0, "severity_class": "major"}}, {"type": "Feature", "geometry": {"type": "Point", "coordinates": [80.385, 28.6355]}, "properties": {"id": "demo-1249", "source": "demo", "date": "2019-08-03", "date_precision": "day", "year": 2019, "month": 8, "hazard": "flood", "hazard_raw": "flood", "district": null, "lon": 80.385, "lat": 28.6355, "geo_precision": "exact", "deaths": 0, "missing": 0, "injured": 0, "people_affected": 47, "houses_destroyed": 3, "houses_damaged": 3, "title": "(demo) flood event", "source_url": "", "severity_score": 0.84, "severity_class": "small"}}, {"type": "Feature", "geometry": {"type": "Point", "coordinates": [83.8511, 28.6255]}, "properties": {"id": "demo-1250", "source": "demo", "date": "2022-08-06", "date_precision": "day", "year": 2022, "month": 8, "hazard": "flood", "hazard_raw": "flood", "district": null, "lon": 83.8511, "lat": 28.6255, "geo_precision": "exact", "deaths": 0, "missing": 0, "injured": 0, "people_affected": 0, "houses_destroyed": 0, "houses_damaged": 0, "title": "(demo) flood event", "source_url": "", "severity_score": 0.0, "severity_class": "minor"}}, {"type": "Feature", "geometry": {"type": "Point", "coordinates": [86.6908, 27.8778]}, "properties": {"id": "demo-1251", "source": "demo", "date": "2022-06-03", "date_precision": "day", "year": 2022, "month": 6, "hazard": "glof", "hazard_raw": "glof", "district": null, "lon": 86.6908, "lat": 27.8778, "geo_precision": "exact", "deaths": 1, "missing": 0, "injured": 0, "people_affected": 148, "houses_destroyed": 10, "houses_damaged": 16, "title": "(demo) glof event", "source_url": "", "severity_score": 8.1, "severity_class": "moderate"}}, {"type": "Feature", "geometry": {"type": "Point", "coordinates": [85.6778, 28.1882]}, "properties": {"id": "demo-1252", "source": "demo", "date": "2020-06-11", "date_precision": "day", "year": 2020, "month": 6, "hazard": "flood", "hazard_raw": "flood", "district": null, "lon": 85.6778, "lat": 28.1882, "geo_precision": "exact", "deaths": 0, "missing": 0, "injured": 0, "people_affected": 0, "houses_destroyed": 0, "houses_damaged": 0, "title": "(demo) flood event", "source_url": "", "severity_score": 0.0, "severity_class": "minor"}}, {"type": "Feature", "geometry": {"type": "Point", "coordinates": [83.4436, 28.7251]}, "properties": {"id": "demo-1253", "source": "demo", "date": "2019-07-09", "date_precision": "day", "year": 2019, "month": 7, "hazard": "flash_flood", "hazard_raw": "flash_flood", "district": null, "lon": 83.4436, "lat": 28.7251, "geo_precision": "exact", "deaths": 0, "missing": 0, "injured": 0, "people_affected": 0, "houses_destroyed": 0, "houses_damaged": 0, "title": "(demo) flash_flood event", "source_url": "", "severity_score": 0.0, "severity_class": "minor"}}, {"type": "Feature", "geometry": {"type": "Point", "coordinates": [86.2662, 28.0469]}, "properties": {"id": "demo-1254", "source": "demo", "date": "2012-11-09", "date_precision": "day", "year": 2012, "month": 11, "hazard": "glof", "hazard_raw": "glof", "district": null, "lon": 86.2662, "lat": 28.0469, "geo_precision": "exact", "deaths": 1, "missing": 0, "injured": 1, "people_affected": 0, "houses_destroyed": 0, "houses_damaged": 0, "title": "(demo) glof event", "source_url": "", "severity_score": 6.0, "severity_class": "moderate"}}, {"type": "Feature", "geometry": {"type": "Point", "coordinates": [82.3885, 29.1931]}, "properties": {"id": "demo-1255", "source": "demo", "date": "2013-05-28", "date_precision": "day", "year": 2013, "month": 5, "hazard": "avalanche", "hazard_raw": "avalanche", "district": null, "lon": 82.3885, "lat": 29.1931, "geo_precision": "exact", "deaths": 0, "missing": 0, "injured": 0, "people_affected": 36, "houses_destroyed": 3, "houses_damaged": 7, "title": "(demo) avalanche event", "source_url": "", "severity_score": 1.02, "severity_class": "small"}}, {"type": "Feature", "geometry": {"type": "Point", "coordinates": [85.7549, 28.0636]}, "properties": {"id": "demo-1256", "source": "demo", "date": "2005-08-14", "date_precision": "day", "year": 2005, "month": 8, "hazard": "debris_flow", "hazard_raw": "debris_flow", "district": null, "lon": 85.7549, "lat": 28.0636, "geo_precision": "exact", "deaths": 5, "missing": 0, "injured": 9, "people_affected": 0, "houses_destroyed": 0, "houses_damaged": 0, "title": "(demo) debris_flow event", "source_url": "", "severity_score": 34.0, "severity_class": "major"}}, {"type": "Feature", "geometry": {"type": "Point", "coordinates": [86.3391, 27.4491]}, "properties": {"id": "demo-1257", "source": "demo", "date": "2007-06-21", "date_precision": "day", "year": 2007, "month": 6, "hazard": "landslide", "hazard_raw": "landslide", "district": null, "lon": 86.3391, "lat": 27.4491, "geo_precision": "exact", "deaths": 0, "missing": 0, "injured": 0, "people_affected": 18, "houses_destroyed": 1, "houses_damaged": 2, "title": "(demo) landslide event", "source_url": "", "severity_score": 0.34, "severity_class": "small"}}, {"type": "Feature", "geometry": {"type": "Point", "coordinates": [82.388, 29.3946]}, "properties": {"id": "demo-1258", "source": "demo", "date": "2001-07-27", "date_precision": "day", "year": 2001, "month": 7, "hazard": "avalanche", "hazard_raw": "avalanche", "district": null, "lon": 82.388, "lat": 29.3946, "geo_precision": "exact", "deaths": 0, "missing": 0, "injured": 0, "people_affected": 0, "houses_destroyed": 0, "houses_damaged": 0, "title": "(demo) avalanche event", "source_url": "", "severity_score": 0.0, "severity_class": "minor"}}, {"type": "Feature", "geometry": {"type": "Point", "coordinates": [85.7269, 27.091]}, "properties": {"id": "demo-1259", "source": "demo", "date": "2011-08-21", "date_precision": "day", "year": 2011, "month": 8, "hazard": "flood", "hazard_raw": "flood", "district": null, "lon": 85.7269, "lat": 27.091, "geo_precision": "exact", "deaths": 15, "missing": 0, "injured": 26, "people_affected": 696, "houses_destroyed": 53, "houses_damaged": 87, "title": "(demo) flood event", "source_url": "", "severity_score": 117.34, "severity_class": "catastrophic"}}, {"type": "Feature", "geometry": {"type": "Point", "coordinates": [84.2475, 28.5702]}, "properties": {"id": "demo-1260", "source": "demo", "date": "2000-07-01", "date_precision": "day", "year": 2000, "month": 7, "hazard": "flash_flood", "hazard_raw": "flash_flood", "district": null, "lon": 84.2475, "lat": 28.5702, "geo_precision": "exact", "deaths": 0, "missing": 0, "injured": 0, "people_affected": 1753, "houses_destroyed": 110, "houses_damaged": 234, "title": "(demo) flash_flood event", "source_url": "", "severity_score": 37.21, "severity_class": "major"}}, {"type": "Feature", "geometry": {"type": "Point", "coordinates": [85.3255, 27.6009]}, "properties": {"id": "demo-1261", "source": "demo", "date": "2024-09-10", "date_precision": "day", "year": 2024, "month": 9, "hazard": "landslide", "hazard_raw": "landslide", "district": null, "lon": 85.3255, "lat": 27.6009, "geo_precision": "exact", "deaths": 0, "missing": 0, "injured": 0, "people_affected": 203, "houses_destroyed": 22, "houses_damaged": 51, "title": "(demo) landslide event", "source_url": "", "severity_score": 7.36, "severity_class": "moderate"}}, {"type": "Feature", "geometry": {"type": "Point", "coordinates": [86.2679, 26.6863]}, "properties": {"id": "demo-1262", "source": "demo", "date": "1988-09-18", "date_precision": "day", "year": 1988, "month": 9, "hazard": "avalanche", "hazard_raw": "avalanche", "district": null, "lon": 86.2679, "lat": 26.6863, "geo_precision": "exact", "deaths": 0, "missing": 0, "injured": 0, "people_affected": 19, "houses_destroyed": 2, "houses_damaged": 6, "title": "(demo) avalanche event", "source_url": "", "severity_score": 0.74, "severity_class": "small"}}, {"type": "Feature", "geometry": {"type": "Point", "coordinates": [81.8962, 29.3389]}, "properties": {"id": "demo-1263", "source": "demo", "date": "2000-08-20", "date_precision": "day", "year": 2000, "month": 8, "hazard": "landslide", "hazard_raw": "landslide", "district": null, "lon": 81.8962, "lat": 29.3389, "geo_precision": "exact", "deaths": 0, "missing": 0, "injured": 0, "people_affected": 54, "houses_destroyed": 3, "houses_damaged": 11, "title": "(demo) landslide event", "source_url": "", "severity_score": 1.26, "severity_class": "small"}}, {"type": "Feature", "geometry": {"type": "Point", "coordinates": [86.6935, 27.5866]}, "properties": {"id": "demo-1264", "source": "demo", "date": "1982-07-06", "date_precision": "day", "year": 1982, "month": 7, "hazard": "avalanche", "hazard_raw": "avalanche", "district": null, "lon": 86.6935, "lat": 27.5866, "geo_precision": "exact", "deaths": 0, "missing": 0, "injured": 0, "people_affected": 69, "houses_destroyed": 7, "houses_damaged": 18, "title": "(demo) avalanche event", "source_url": "", "severity_score": 2.44, "severity_class": "small"}}, {"type": "Feature", "geometry": {"type": "Point", "coordinates": [82.23, 29.2676]}, "properties": {"id": "demo-1265", "source": "demo", "date": "2009-08-05", "date_precision": "day", "year": 2009, "month": 8, "hazard": "landslide", "hazard_raw": "landslide", "district": null, "lon": 82.23, "lat": 29.2676, "geo_precision": "exact", "deaths": 3, "missing": 0, "injured": 3, "people_affected": 117, "houses_destroyed": 6, "houses_damaged": 14, "title": "(demo) landslide event", "source_url": "", "severity_score": 20.13, "severity_class": "moderate"}}, {"type": "Feature", "geometry": {"type": "Point", "coordinates": [85.484, 28.0303]}, "properties": {"id": "demo-1266", "source": "demo", "date": "2024-07-10", "date_precision": "day", "year": 2024, "month": 7, "hazard": "flash_flood", "hazard_raw": "flash_flood", "district": null, "lon": 85.484, "lat": 28.0303, "geo_precision": "exact", "deaths": 0, "missing": 0, "injured": 0, "people_affected": 25, "houses_destroyed": 3, "houses_damaged": 5, "title": "(demo) flash_flood event", "source_url": "", "severity_score": 0.9, "severity_class": "small"}}, {"type": "Feature", "geometry": {"type": "Point", "coordinates": [83.7964, 29.0027]}, "properties": {"id": "demo-1267", "source": "demo", "date": "2004-07-01", "date_precision": "day", "year": 2004, "month": 7, "hazard": "flash_flood", "hazard_raw": "flash_flood", "district": null, "lon": 83.7964, "lat": 29.0027, "geo_precision": "exact", "deaths": 0, "missing": 0, "injured": 0, "people_affected": 0, "houses_destroyed": 0, "houses_damaged": 0, "title": "(demo) flash_flood event", "source_url": "", "severity_score": 0.0, "severity_class": "minor"}}, {"type": "Feature", "geometry": {"type": "Point", "coordinates": [83.8641, 28.1163]}, "properties": {"id": "demo-1268", "source": "demo", "date": "1973-08-19", "date_precision": "day", "year": 1973, "month": 8, "hazard": "landslide", "hazard_raw": "landslide", "district": null, "lon": 83.8641, "lat": 28.1163, "geo_precision": "exact", "deaths": 0, "missing": 0, "injured": 0, "people_affected": 120, "houses_destroyed": 9, "houses_damaged": 9, "title": "(demo) landslide event", "source_url": "", "severity_score": 2.49, "severity_class": "small"}}, {"type": "Feature", "geometry": {"type": "Point", "coordinates": [87.1569, 26.713]}, "properties": {"id": "demo-1269", "source": "demo", "date": "2021-08-23", "date_precision": "day", "year": 2021, "month": 8, "hazard": "flash_flood", "hazard_raw": "flash_flood", "district": null, "lon": 87.1569, "lat": 26.713, "geo_precision": "exact", "deaths": 10, "missing": 0, "injured": 6, "people_affected": 138, "houses_destroyed": 20, "houses_damaged": 40, "title": "(demo) flash_flood event", "source_url": "", "severity_score": 62.28, "severity_class": "major"}}, {"type": "Feature", "geometry": {"type": "Point", "coordinates": [83.0181, 28.9169]}, "properties": {"id": "demo-1270", "source": "demo", "date": "1977-06-20", "date_precision": "day", "year": 1977, "month": 6, "hazard": "avalanche", "hazard_raw": "avalanche", "district": null, "lon": 83.0181, "lat": 28.9169, "geo_precision": "exact", "deaths": 10, "missing": 3, "injured": 19, "people_affected": 356, "houses_destroyed": 18, "houses_damaged": 19, "title": "(demo) avalanche event", "source_url": "", "severity_score": 89.26, "severity_class": "major"}}, {"type": "Feature", "geometry": {"type": "Point", "coordinates": [84.0376, 27.561]}, "properties": {"id": "demo-1271", "source": "demo", "date": "2001-08-08", "date_precision": "day", "year": 2001, "month": 8, "hazard": "flood", "hazard_raw": "flood", "district": null, "lon": 84.0376, "lat": 27.561, "geo_precision": "exact", "deaths": 0, "missing": 0, "injured": 0, "people_affected": 0, "houses_destroyed": 0, "houses_damaged": 0, "title": "(demo) flood event", "source_url": "", "severity_score": 0.0, "severity_class": "minor"}}, {"type": "Feature", "geometry": {"type": "Point", "coordinates": [85.4375, 27.9369]}, "properties": {"id": "demo-1272", "source": "demo", "date": "2021-10-16", "date_precision": "day", "year": 2021, "month": 10, "hazard": "debris_flow", "hazard_raw": "debris_flow", "district": null, "lon": 85.4375, "lat": 27.9369, "geo_precision": "exact", "deaths": 3, "missing": 0, "injured": 4, "people_affected": 27, "houses_destroyed": 6, "houses_damaged": 21, "title": "(demo) debris_flow event", "source_url": "", "severity_score": 21.3, "severity_class": "moderate"}}, {"type": "Feature", "geometry": {"type": "Point", "coordinates": [84.9186, 27.726]}, "properties": {"id": "demo-1273", "source": "demo", "date": "2011-03-14", "date_precision": "day", "year": 2011, "month": 3, "hazard": "landslide", "hazard_raw": "landslide", "district": null, "lon": 84.9186, "lat": 27.726, "geo_precision": "exact", "deaths": 1, "missing": 0, "injured": 1, "people_affected": 52, "houses_destroyed": 4, "houses_damaged": 14, "title": "(demo) landslide event", "source_url": "", "severity_score": 7.6, "severity_class": "moderate"}}, {"type": "Feature", "geometry": {"type": "Point", "coordinates": [83.7973, 28.1997]}, "properties": {"id": "demo-1274", "source": "demo", "date": "2000-03-10", "date_precision": "day", "year": 2000, "month": 3, "hazard": "landslide", "hazard_raw": "landslide", "district": null, "lon": 83.7973, "lat": 28.1997, "geo_precision": "exact", "deaths": 0, "missing": 0, "injured": 0, "people_affected": 0, "houses_destroyed": 0, "houses_damaged": 0, "title": "(demo) landslide event", "source_url": "", "severity_score": 0.0, "severity_class": "minor"}}, {"type": "Feature", "geometry": {"type": "Point", "coordinates": [85.6982, 28.2827]}, "properties": {"id": "demo-1275", "source": "demo", "date": "1975-09-23", "date_precision": "day", "year": 1975, "month": 9, "hazard": "flash_flood", "hazard_raw": "flash_flood", "district": null, "lon": 85.6982, "lat": 28.2827, "geo_precision": "exact", "deaths": 1, "missing": 0, "injured": 0, "people_affected": 49, "houses_destroyed": 4, "houses_damaged": 15, "title": "(demo) flash_flood event", "source_url": "", "severity_score": 6.65, "severity_class": "moderate"}}, {"type": "Feature", "geometry": {"type": "Point", "coordinates": [85.0587, 27.6665]}, "properties": {"id": "demo-1276", "source": "demo", "date": "1981-08-03", "date_precision": "day", "year": 1981, "month": 8, "hazard": "landslide", "hazard_raw": "landslide", "district": null, "lon": 85.0587, "lat": 27.6665, "geo_precision": "exact", "deaths": 1, "missing": 0, "injured": 1, "people_affected": 25, "houses_destroyed": 3, "houses_damaged": 10, "title": "(demo) landslide event", "source_url": "", "severity_score": 7.15, "severity_class": "moderate"}}, {"type": "Feature", "geometry": {"type": "Point", "coordinates": [82.2331, 29.8348]}, "properties": {"id": "demo-1277", "source": "demo", "date": "1996-06-22", "date_precision": "day", "year": 1996, "month": 6, "hazard": "avalanche", "hazard_raw": "avalanche", "district": null, "lon": 82.2331, "lat": 29.8348, "geo_precision": "exact", "deaths": 0, "missing": 0, "injured": 0, "people_affected": 33, "houses_destroyed": 2, "houses_damaged": 7, "title": "(demo) avalanche event", "source_url": "", "severity_score": 0.82, "severity_class": "small"}}, {"type": "Feature", "geometry": {"type": "Point", "coordinates": [86.6593, 27.9002]}, "properties": {"id": "demo-1278", "source": "demo", "date": "1988-07-08", "date_precision": "day", "year": 1988, "month": 7, "hazard": "glof", "hazard_raw": "glof", "district": null, "lon": 86.6593, "lat": 27.9002, "geo_precision": "exact", "deaths": 35, "missing": 0, "injured": 22, "people_affected": 5593, "houses_destroyed": 348, "houses_damaged": 747, "title": "(demo) glof event", "source_url": "", "severity_score": 315.14, "severity_class": "catastrophic"}}, {"type": "Feature", "geometry": {"type": "Point", "coordinates": [85.3194, 28.2039]}, "properties": {"id": "demo-1279", "source": "demo", "date": "2023-08-13", "date_precision": "day", "year": 2023, "month": 8, "hazard": "flash_flood", "hazard_raw": "flash_flood", "district": null, "lon": 85.3194, "lat": 28.2039, "geo_precision": "exact", "deaths": 4, "missing": 0, "injured": 2, "people_affected": 149, "houses_destroyed": 33, "houses_damaged": 102, "title": "(demo) flash_flood event", "source_url": "", "severity_score": 34.0, "severity_class": "major"}}, {"type": "Feature", "geometry": {"type": "Point", "coordinates": [86.5433, 27.745]}, "properties": {"id": "demo-1280", "source": "demo", "date": "1984-08-11", "date_precision": "day", "year": 1984, "month": 8, "hazard": "avalanche", "hazard_raw": "avalanche", "district": null, "lon": 86.5433, "lat": 27.745, "geo_precision": "exact", "deaths": 0, "missing": 0, "injured": 0, "people_affected": 0, "houses_destroyed": 0, "houses_damaged": 0, "title": "(demo) avalanche event", "source_url": "", "severity_score": 0.0, "severity_class": "minor"}}, {"type": "Feature", "geometry": {"type": "Point", "coordinates": [86.6325, 27.9477]}, "properties": {"id": "demo-1281", "source": "demo", "date": "2021-08-20", "date_precision": "day", "year": 2021, "month": 8, "hazard": "flood", "hazard_raw": "flood", "district": null, "lon": 86.6325, "lat": 27.9477, "geo_precision": "exact", "deaths": 13, "missing": 0, "injured": 8, "people_affected": 120, "houses_destroyed": 22, "houses_damaged": 78, "title": "(demo) flood event", "source_url": "", "severity_score": 81.54, "severity_class": "major"}}, {"type": "Feature", "geometry": {"type": "Point", "coordinates": [87.5659, 26.7629]}, "properties": {"id": "demo-1282", "source": "demo", "date": "2006-07-02", "date_precision": "day", "year": 2006, "month": 7, "hazard": "flood", "hazard_raw": "flood", "district": null, "lon": 87.5659, "lat": 26.7629, "geo_precision": "exact", "deaths": 1, "missing": 0, "injured": 0, "people_affected": 116, "houses_destroyed": 7, "houses_damaged": 27, "title": "(demo) flood event", "source_url": "", "severity_score": 7.98, "severity_class": "moderate"}}, {"type": "Feature", "geometry": {"type": "Point", "coordinates": [85.7325, 28.4797]}, "properties": {"id": "demo-1283", "source": "demo", "date": "2001-08-16", "date_precision": "day", "year": 2001, "month": 8, "hazard": "landslide", "hazard_raw": "landslide", "district": null, "lon": 85.7325, "lat": 28.4797, "geo_precision": "exact", "deaths": 0, "missing": 0, "injured": 0, "people_affected": 18, "houses_destroyed": 1, "houses_damaged": 2, "title": "(demo) landslide event", "source_url": "", "severity_score": 0.34, "severity_class": "small"}}, {"type": "Feature", "geometry": {"type": "Point", "coordinates": [85.1824, 27.9682]}, "properties": {"id": "demo-1284", "source": "demo", "date": "1999-06-24", "date_precision": "day", "year": 1999, "month": 6, "hazard": "debris_flow", "hazard_raw": "debris_flow", "district": null, "lon": 85.1824, "lat": 27.9682, "geo_precision": "exact", "deaths": 1, "missing": 0, "injured": 1, "people_affected": 119, "houses_destroyed": 12, "houses_damaged": 25, "title": "(demo) debris_flow event", "source_url": "", "severity_score": 9.89, "severity_class": "moderate"}}, {"type": "Feature", "geometry": {"type": "Point", "coordinates": [82.3049, 29.7993]}, "properties": {"id": "demo-1285", "source": "demo", "date": "2007-07-01", "date_precision": "day", "year": 2007, "month": 7, "hazard": "avalanche", "hazard_raw": "avalanche", "district": null, "lon": 82.3049, "lat": 29.7993, "geo_precision": "exact", "deaths": 0, "missing": 0, "injured": 0, "people_affected": 13, "houses_destroyed": 2, "houses_damaged": 4, "title": "(demo) avalanche event", "source_url": "", "severity_score": 0.63, "severity_class": "small"}}, {"type": "Feature", "geometry": {"type": "Point", "coordinates": [87.893, 26.76]}, "properties": {"id": "demo-1286", "source": "demo", "date": "2001-07-08", "date_precision": "day", "year": 2001, "month": 7, "hazard": "flood", "hazard_raw": "flood", "district": null, "lon": 87.893, "lat": 26.76, "geo_precision": "exact", "deaths": 0, "missing": 0, "injured": 0, "people_affected": 0, "houses_destroyed": 0, "houses_damaged": 0, "title": "(demo) flood event", "source_url": "", "severity_score": 0.0, "severity_class": "minor"}}, {"type": "Feature", "geometry": {"type": "Point", "coordinates": [83.8782, 28.9991]}, "properties": {"id": "demo-1287", "source": "demo", "date": "1986-05-05", "date_precision": "day", "year": 1986, "month": 5, "hazard": "flash_flood", "hazard_raw": "flash_flood", "district": null, "lon": 83.8782, "lat": 28.9991, "geo_precision": "exact", "deaths": 16, "missing": 4, "injured": 20, "people_affected": 1911, "houses_destroyed": 207, "houses_damaged": 639, "title": "(demo) flash_flood event", "source_url": "", "severity_score": 197.17, "severity_class": "catastrophic"}}, {"type": "Feature", "geometry": {"type": "Point", "coordinates": [82.1935, 29.4671]}, "properties": {"id": "demo-1288", "source": "demo", "date": "2019-08-14", "date_precision": "day", "year": 2019, "month": 8, "hazard": "avalanche", "hazard_raw": "avalanche", "district": null, "lon": 82.1935, "lat": 29.4671, "geo_precision": "exact", "deaths": 80, "missing": 29, "injured": 113, "people_affected": 0, "houses_destroyed": 0, "houses_damaged": 0, "title": "(demo) avalanche event", "source_url": "", "severity_score": 658.0, "severity_class": "catastrophic"}}, {"type": "Feature", "geometry": {"type": "Point", "coordinates": [86.0399, 28.3864]}, "properties": {"id": "demo-1289", "source": "demo", "date": "2018-08-20", "date_precision": "day", "year": 2018, "month": 8, "hazard": "glof", "hazard_raw": "glof", "district": null, "lon": 86.0399, "lat": 28.3864, "geo_precision": "exact", "deaths": 1, "missing": 0, "injured": 1, "people_affected": 262, "houses_destroyed": 20, "houses_damaged": 63, "title": "(demo) glof event", "source_url": "", "severity_score": 13.67, "severity_class": "moderate"}}, {"type": "Feature", "geometry": {"type": "Point", "coordinates": [83.9085, 27.8491]}, "properties": {"id": "demo-1290", "source": "demo", "date": "1989-07-13", "date_precision": "day", "year": 1989, "month": 7, "hazard": "flood", "hazard_raw": "flood", "district": null, "lon": 83.9085, "lat": 27.8491, "geo_precision": "exact", "deaths": 0, "missing": 0, "injured": 0, "people_affected": 50, "houses_destroyed": 3, "houses_damaged": 5, "title": "(demo) flood event", "source_url": "", "severity_score": 0.95, "severity_class": "small"}}, {"type": "Feature", "geometry": {"type": "Point", "coordinates": [83.8726, 28.3662]}, "properties": {"id": "demo-1291", "source": "demo", "date": "2014-09-05", "date_precision": "day", "year": 2014, "month": 9, "hazard": "flash_flood", "hazard_raw": "flash_flood", "district": null, "lon": 83.8726, "lat": 28.3662, "geo_precision": "exact", "deaths": 7, "missing": 2, "injured": 6, "people_affected": 227, "houses_destroyed": 54, "houses_damaged": 113, "title": "(demo) flash_flood event", "source_url": "", "severity_score": 67.9, "severity_class": "major"}}, {"type": "Feature", "geometry": {"type": "Point", "coordinates": [81.6753, 29.5554]}, "properties": {"id": "demo-1292", "source": "demo", "date": "2025-04-14", "date_precision": "day", "year": 2025, "month": 4, "hazard": "landslide", "hazard_raw": "landslide", "district": null, "lon": 81.6753, "lat": 29.5554, "geo_precision": "exact", "deaths": 3, "missing": 0, "injured": 1, "people_affected": 477, "houses_destroyed": 58, "houses_damaged": 160, "title": "(demo) landslide event", "source_url": "", "severity_score": 36.55, "severity_class": "major"}}, {"type": "Feature", "geometry": {"type": "Point", "coordinates": [83.4352, 28.3424]}, "properties": {"id": "demo-1293", "source": "demo", "date": "2017-08-07", "date_precision": "day", "year": 2017, "month": 8, "hazard": "flash_flood", "hazard_raw": "flash_flood", "district": null, "lon": 83.4352, "lat": 28.3424, "geo_precision": "exact", "deaths": 19, "missing": 0, "injured": 29, "people_affected": 1056, "houses_destroyed": 56, "houses_damaged": 76, "title": "(demo) flash_flood event", "source_url": "", "severity_score": 141.11, "severity_class": "catastrophic"}}, {"type": "Feature", "geometry": {"type": "Point", "coordinates": [83.7556, 28.0604]}, "properties": {"id": "demo-1294", "source": "demo", "date": "1998-10-28", "date_precision": "day", "year": 1998, "month": 10, "hazard": "glof", "hazard_raw": "glof", "district": null, "lon": 83.7556, "lat": 28.0604, "geo_precision": "exact", "deaths": 4, "missing": 0, "injured": 7, "people_affected": 787, "houses_destroyed": 69, "houses_damaged": 216, "title": "(demo) glof event", "source_url": "", "severity_score": 53.17, "severity_class": "major"}}, {"type": "Feature", "geometry": {"type": "Point", "coordinates": [85.8484, 28.2745]}, "properties": {"id": "demo-1295", "source": "demo", "date": "2014-07-25", "date_precision": "day", "year": 2014, "month": 7, "hazard": "flood", "hazard_raw": "flood", "district": null, "lon": 85.8484, "lat": 28.2745, "geo_precision": "exact", "deaths": 0, "missing": 0, "injured": 0, "people_affected": 3, "houses_destroyed": 1, "houses_damaged": 1, "title": "(demo) flood event", "source_url": "", "severity_score": 0.26, "severity_class": "small"}}, {"type": "Feature", "geometry": {"type": "Point", "coordinates": [85.9051, 28.3135]}, "properties": {"id": "demo-1296", "source": "demo", "date": "2007-06-28", "date_precision": "day", "year": 2007, "month": 6, "hazard": "glof", "hazard_raw": "glof", "district": null, "lon": 85.9051, "lat": 28.3135, "geo_precision": "exact", "deaths": 0, "missing": 0, "injured": 0, "people_affected": 957, "houses_destroyed": 121, "houses_damaged": 433, "title": "(demo) glof event", "source_url": "", "severity_score": 47.76, "severity_class": "major"}}, {"type": "Feature", "geometry": {"type": "Point", "coordinates": [85.1809, 27.6881]}, "properties": {"id": "demo-1297", "source": "demo", "date": "1986-09-26", "date_precision": "day", "year": 1986, "month": 9, "hazard": "landslide", "hazard_raw": "landslide", "district": null, "lon": 85.1809, "lat": 27.6881, "geo_precision": "exact", "deaths": 0, "missing": 0, "injured": 0, "people_affected": 18, "houses_destroyed": 1, "houses_damaged": 1, "title": "(demo) landslide event", "source_url": "", "severity_score": 0.29, "severity_class": "small"}}, {"type": "Feature", "geometry": {"type": "Point", "coordinates": [86.4817, 27.7684]}, "properties": {"id": "demo-1298", "source": "demo", "date": "2007-08-01", "date_precision": "day", "year": 2007, "month": 8, "hazard": "landslide", "hazard_raw": "landslide", "district": null, "lon": 86.4817, "lat": 27.7684, "geo_precision": "exact", "deaths": 0, "missing": 0, "injured": 0, "people_affected": 0, "houses_destroyed": 0, "houses_damaged": 0, "title": "(demo) landslide event", "source_url": "", "severity_score": 0.0, "severity_class": "minor"}}, {"type": "Feature", "geometry": {"type": "Point", "coordinates": [85.7461, 28.2308]}, "properties": {"id": "demo-1299", "source": "demo", "date": "2009-01-22", "date_precision": "day", "year": 2009, "month": 1, "hazard": "glof", "hazard_raw": "glof", "district": null, "lon": 85.7461, "lat": 28.2308, "geo_precision": "exact", "deaths": 0, "missing": 0, "injured": 0, "people_affected": 899, "houses_destroyed": 71, "houses_damaged": 139, "title": "(demo) glof event", "source_url": "", "severity_score": 22.95, "severity_class": "moderate"}}, {"type": "Feature", "geometry": {"type": "Point", "coordinates": [83.7596, 28.7292]}, "properties": {"id": "demo-1300", "source": "demo", "date": "1971-07-10", "date_precision": "day", "year": 1971, "month": 7, "hazard": "landslide", "hazard_raw": "landslide", "district": null, "lon": 83.7596, "lat": 28.7292, "geo_precision": "exact", "deaths": 0, "missing": 0, "injured": 0, "people_affected": 0, "houses_destroyed": 0, "houses_damaged": 0, "title": "(demo) landslide event", "source_url": "", "severity_score": 0.0, "severity_class": "minor"}}, {"type": "Feature", "geometry": {"type": "Point", "coordinates": [80.6318, 28.8607]}, "properties": {"id": "demo-1301", "source": "demo", "date": "2017-07-02", "date_precision": "day", "year": 2017, "month": 7, "hazard": "flood", "hazard_raw": "flood", "district": null, "lon": 80.6318, "lat": 28.8607, "geo_precision": "exact", "deaths": 0, "missing": 0, "injured": 0, "people_affected": 42, "houses_destroyed": 6, "houses_damaged": 12, "title": "(demo) flood event", "source_url": "", "severity_score": 1.88, "severity_class": "small"}}, {"type": "Feature", "geometry": {"type": "Point", "coordinates": [85.1716, 27.9858]}, "properties": {"id": "demo-1302", "source": "demo", "date": "2003-09-05", "date_precision": "day", "year": 2003, "month": 9, "hazard": "debris_flow", "hazard_raw": "debris_flow", "district": null, "lon": 85.1716, "lat": 27.9858, "geo_precision": "exact", "deaths": 2, "missing": 0, "injured": 1, "people_affected": 408, "houses_destroyed": 23, "houses_damaged": 69, "title": "(demo) debris_flow event", "source_url": "", "severity_score": 19.87, "severity_class": "moderate"}}, {"type": "Feature", "geometry": {"type": "Point", "coordinates": [80.7533, 28.9525]}, "properties": {"id": "demo-1303", "source": "demo", "date": "2000-09-14", "date_precision": "day", "year": 2000, "month": 9, "hazard": "landslide", "hazard_raw": "landslide", "district": null, "lon": 80.7533, "lat": 28.9525, "geo_precision": "exact", "deaths": 0, "missing": 0, "injured": 0, "people_affected": 72, "houses_destroyed": 4, "houses_damaged": 15, "title": "(demo) landslide event", "source_url": "", "severity_score": 1.69, "severity_class": "small"}}, {"type": "Feature", "geometry": {"type": "Point", "coordinates": [85.2087, 28.0824]}, "properties": {"id": "demo-1304", "source": "demo", "date": "2007-07-11", "date_precision": "day", "year": 2007, "month": 7, "hazard": "debris_flow", "hazard_raw": "debris_flow", "district": null, "lon": 85.2087, "lat": 28.0824, "geo_precision": "exact", "deaths": 0, "missing": 0, "injured": 0, "people_affected": 94, "houses_destroyed": 6, "houses_damaged": 18, "title": "(demo) debris_flow event", "source_url": "", "severity_score": 2.29, "severity_class": "small"}}, {"type": "Feature", "geometry": {"type": "Point", "coordinates": [82.1329, 30.0912]}, "properties": {"id": "demo-1305", "source": "demo", "date": "2021-04-20", "date_precision": "day", "year": 2021, "month": 4, "hazard": "avalanche", "hazard_raw": "avalanche", "district": null, "lon": 82.1329, "lat": 30.0912, "geo_precision": "exact", "deaths": 0, "missing": 0, "injured": 0, "people_affected": 0, "houses_destroyed": 0, "houses_damaged": 0, "title": "(demo) avalanche event", "source_url": "", "severity_score": 0.0, "severity_class": "minor"}}, {"type": "Feature", "geometry": {"type": "Point", "coordinates": [86.0956, 28.0326]}, "properties": {"id": "demo-1306", "source": "demo", "date": "2004-05-08", "date_precision": "day", "year": 2004, "month": 5, "hazard": "glof", "hazard_raw": "glof", "district": null, "lon": 86.0956, "lat": 28.0326, "geo_precision": "exact", "deaths": 4, "missing": 0, "injured": 5, "people_affected": 450, "houses_destroyed": 27, "houses_damaged": 98, "title": "(demo) glof event", "source_url": "", "severity_score": 36.2, "severity_class": "major"}}, {"type": "Feature", "geometry": {"type": "Point", "coordinates": [83.8693, 28.3258]}, "properties": {"id": "demo-1307", "source": "demo", "date": "2000-01-03", "date_precision": "day", "year": 2000, "month": 1, "hazard": "debris_flow", "hazard_raw": "debris_flow", "district": null, "lon": 83.8693, "lat": 28.3258, "geo_precision": "exact", "deaths": 1, "missing": 0, "injured": 0, "people_affected": 24, "houses_destroyed": 2, "houses_damaged": 5, "title": "(demo) debris_flow event", "source_url": "", "severity_score": 5.7, "severity_class": "moderate"}}, {"type": "Feature", "geometry": {"type": "Point", "coordinates": [86.5276, 27.9814]}, "properties": {"id": "demo-1308", "source": "demo", "date": "2011-05-13", "date_precision": "day", "year": 2011, "month": 5, "hazard": "avalanche", "hazard_raw": "avalanche", "district": null, "lon": 86.5276, "lat": 27.9814, "geo_precision": "exact", "deaths": 5, "missing": 1, "injured": 2, "people_affected": 175, "houses_destroyed": 27, "houses_damaged": 105, "title": "(demo) avalanche event", "source_url": "", "severity_score": 43.0, "severity_class": "major"}}, {"type": "Feature", "geometry": {"type": "Point", "coordinates": [85.943, 28.2832]}, "properties": {"id": "demo-1309", "source": "demo", "date": "2025-06-13", "date_precision": "day", "year": 2025, "month": 6, "hazard": "flood", "hazard_raw": "flood", "district": null, "lon": 85.943, "lat": 28.2832, "geo_precision": "exact", "deaths": 0, "missing": 0, "injured": 0, "people_affected": 0, "houses_destroyed": 0, "houses_damaged": 0, "title": "(demo) flood event", "source_url": "", "severity_score": 0.0, "severity_class": "minor"}}, {"type": "Feature", "geometry": {"type": "Point", "coordinates": [84.3455, 28.6776]}, "properties": {"id": "demo-1310", "source": "demo", "date": "2021-07-14", "date_precision": "day", "year": 2021, "month": 7, "hazard": "flash_flood", "hazard_raw": "flash_flood", "district": null, "lon": 84.3455, "lat": 28.6776, "geo_precision": "exact", "deaths": 2, "missing": 0, "injured": 1, "people_affected": 67, "houses_destroyed": 5, "houses_damaged": 5, "title": "(demo) flash_flood event", "source_url": "", "severity_score": 12.38, "severity_class": "moderate"}}, {"type": "Feature", "geometry": {"type": "Point", "coordinates": [86.8522, 28.2554]}, "properties": {"id": "demo-1311", "source": "demo", "date": "1974-03-05", "date_precision": "day", "year": 1974, "month": 3, "hazard": "avalanche", "hazard_raw": "avalanche", "district": null, "lon": 86.8522, "lat": 28.2554, "geo_precision": "exact", "deaths": 0, "missing": 0, "injured": 0, "people_affected": 39, "houses_destroyed": 4, "houses_damaged": 12, "title": "(demo) avalanche event", "source_url": "", "severity_score": 1.48, "severity_class": "small"}}, {"type": "Feature", "geometry": {"type": "Point", "coordinates": [85.7276, 26.7322]}, "properties": {"id": "demo-1312", "source": "demo", "date": "2024-08-16", "date_precision": "day", "year": 2024, "month": 8, "hazard": "flood", "hazard_raw": "flood", "district": null, "lon": 85.7276, "lat": 26.7322, "geo_precision": "exact", "deaths": 1, "missing": 0, "injured": 1, "people_affected": 83, "houses_destroyed": 5, "houses_damaged": 17, "title": "(demo) flood event", "source_url": "", "severity_score": 8.02, "severity_class": "moderate"}}, {"type": "Feature", "geometry": {"type": "Point", "coordinates": [82.1928, 29.4125]}, "properties": {"id": "demo-1313", "source": "demo", "date": "2008-07-05", "date_precision": "day", "year": 2008, "month": 7, "hazard": "avalanche", "hazard_raw": "avalanche", "district": null, "lon": 82.1928, "lat": 29.4125, "geo_precision": "exact", "deaths": 0, "missing": 0, "injured": 0, "people_affected": 49, "houses_destroyed": 3, "houses_damaged": 3, "title": "(demo) avalanche event", "source_url": "", "severity_score": 0.85, "severity_class": "small"}}, {"type": "Feature", "geometry": {"type": "Point", "coordinates": [81.6929, 29.4854]}, "properties": {"id": "demo-1314", "source": "demo", "date": "2024-06-11", "date_precision": "day", "year": 2024, "month": 6, "hazard": "avalanche", "hazard_raw": "avalanche", "district": null, "lon": 81.6929, "lat": 29.4854, "geo_precision": "exact", "deaths": 0, "missing": 0, "injured": 0, "people_affected": 0, "houses_destroyed": 0, "houses_damaged": 0, "title": "(demo) avalanche event", "source_url": "", "severity_score": 0.0, "severity_class": "minor"}}, {"type": "Feature", "geometry": {"type": "Point", "coordinates": [85.9734, 28.269]}, "properties": {"id": "demo-1315", "source": "demo", "date": "2017-03-20", "date_precision": "day", "year": 2017, "month": 3, "hazard": "landslide", "hazard_raw": "landslide", "district": null, "lon": 85.9734, "lat": 28.269, "geo_precision": "exact", "deaths": 1, "missing": 0, "injured": 1, "people_affected": 33, "houses_destroyed": 8, "houses_damaged": 18, "title": "(demo) landslide event", "source_url": "", "severity_score": 8.57, "severity_class": "moderate"}}, {"type": "Feature", "geometry": {"type": "Point", "coordinates": [83.0821, 28.7795]}, "properties": {"id": "demo-1316", "source": "demo", "date": "2023-09-16", "date_precision": "day", "year": 2023, "month": 9, "hazard": "flash_flood", "hazard_raw": "flash_flood", "district": null, "lon": 83.0821, "lat": 28.7795, "geo_precision": "exact", "deaths": 0, "missing": 0, "injured": 0, "people_affected": 217, "houses_destroyed": 20, "houses_damaged": 74, "title": "(demo) flash_flood event", "source_url": "", "severity_score": 8.13, "severity_class": "moderate"}}, {"type": "Feature", "geometry": {"type": "Point", "coordinates": [83.9349, 27.4242]}, "properties": {"id": "demo-1317", "source": "demo", "date": "2003-12-01", "date_precision": "day", "year": 2003, "month": 12, "hazard": "landslide", "hazard_raw": "landslide", "district": null, "lon": 83.9349, "lat": 27.4242, "geo_precision": "exact", "deaths": 0, "missing": 0, "injured": 0, "people_affected": 79, "houses_destroyed": 5, "houses_damaged": 17, "title": "(demo) landslide event", "source_url": "", "severity_score": 2.01, "severity_class": "small"}}, {"type": "Feature", "geometry": {"type": "Point", "coordinates": [85.333, 27.7192]}, "properties": {"id": "demo-1318", "source": "demo", "date": "2016-08-09", "date_precision": "day", "year": 2016, "month": 8, "hazard": "landslide", "hazard_raw": "landslide", "district": null, "lon": 85.333, "lat": 27.7192, "geo_precision": "exact", "deaths": 0, "missing": 0, "injured": 0, "people_affected": 10, "houses_destroyed": 1, "houses_damaged": 3, "title": "(demo) landslide event", "source_url": "", "severity_score": 0.37, "severity_class": "small"}}, {"type": "Feature", "geometry": {"type": "Point", "coordinates": [82.4219, 29.5683]}, "properties": {"id": "demo-1319", "source": "demo", "date": "2018-07-15", "date_precision": "day", "year": 2018, "month": 7, "hazard": "avalanche", "hazard_raw": "avalanche", "district": null, "lon": 82.4219, "lat": 29.5683, "geo_precision": "exact", "deaths": 0, "missing": 0, "injured": 0, "people_affected": 0, "houses_destroyed": 0, "houses_damaged": 0, "title": "(demo) avalanche event", "source_url": "", "severity_score": 0.0, "severity_class": "minor"}}, {"type": "Feature", "geometry": {"type": "Point", "coordinates": [85.8667, 26.7944]}, "properties": {"id": "demo-1320", "source": "demo", "date": "2003-07-24", "date_precision": "day", "year": 2003, "month": 7, "hazard": "flood", "hazard_raw": "flood", "district": null, "lon": 85.8667, "lat": 26.7944, "geo_precision": "exact", "deaths": 0, "missing": 0, "injured": 0, "people_affected": 131, "houses_destroyed": 13, "houses_damaged": 17, "title": "(demo) flood event", "source_url": "", "severity_score": 3.71, "severity_class": "small"}}, {"type": "Feature", "geometry": {"type": "Point", "coordinates": [81.9117, 29.2694]}, "properties": {"id": "demo-1321", "source": "demo", "date": "2018-08-24", "date_precision": "day", "year": 2018, "month": 8, "hazard": "landslide", "hazard_raw": "landslide", "district": null, "lon": 81.9117, "lat": 29.2694, "geo_precision": "exact", "deaths": 3, "missing": 0, "injured": 5, "people_affected": 523, "houses_destroyed": 30, "houses_damaged": 48, "title": "(demo) landslide event", "source_url": "", "severity_score": 29.45, "severity_class": "major"}}, {"type": "Feature", "geometry": {"type": "Point", "coordinates": [80.8843, 28.8025]}, "properties": {"id": "demo-1322", "source": "demo", "date": "2024-08-22", "date_precision": "day", "year": 2024, "month": 8, "hazard": "flood", "hazard_raw": "flood", "district": null, "lon": 80.8843, "lat": 28.8025, "geo_precision": "exact", "deaths": 0, "missing": 0, "injured": 0, "people_affected": 25, "houses_destroyed": 2, "houses_damaged": 6, "title": "(demo) flood event", "source_url": "", "severity_score": 0.75, "severity_class": "small"}}, {"type": "Feature", "geometry": {"type": "Point", "coordinates": [87.5693, 26.6745]}, "properties": {"id": "demo-1323", "source": "demo", "date": "2014-08-08", "date_precision": "day", "year": 2014, "month": 8, "hazard": "flood", "hazard_raw": "flood", "district": null, "lon": 87.5693, "lat": 26.6745, "geo_precision": "exact", "deaths": 0, "missing": 0, "injured": 0, "people_affected": 0, "houses_destroyed": 0, "houses_damaged": 0, "title": "(demo) flood event", "source_url": "", "severity_score": 0.0, "severity_class": "minor"}}, {"type": "Feature", "geometry": {"type": "Point", "coordinates": [85.5019, 27.4692]}, "properties": {"id": "demo-1324", "source": "demo", "date": "2008-09-23", "date_precision": "day", "year": 2008, "month": 9, "hazard": "landslide", "hazard_raw": "landslide", "district": null, "lon": 85.5019, "lat": 27.4692, "geo_precision": "exact", "deaths": 0, "missing": 0, "injured": 0, "people_affected": 7, "houses_destroyed": 1, "houses_damaged": 1, "title": "(demo) landslide event", "source_url": "", "severity_score": 0.26, "severity_class": "small"}}, {"type": "Feature", "geometry": {"type": "Point", "coordinates": [85.8063, 28.3791]}, "properties": {"id": "demo-1325", "source": "demo", "date": "2004-04-27", "date_precision": "day", "year": 2004, "month": 4, "hazard": "flood", "hazard_raw": "flood", "district": null, "lon": 85.8063, "lat": 28.3791, "geo_precision": "exact", "deaths": 2, "missing": 0, "injured": 2, "people_affected": 36, "houses_destroyed": 9, "houses_damaged": 18, "title": "(demo) flood event", "source_url": "", "severity_score": 14.77, "severity_class": "moderate"}}, {"type": "Feature", "geometry": {"type": "Point", "coordinates": [80.4917, 28.9808]}, "properties": {"id": "demo-1326", "source": "demo", "date": "2009-09-21", "date_precision": "day", "year": 2009, "month": 9, "hazard": "flood", "hazard_raw": "flood", "district": null, "lon": 80.4917, "lat": 28.9808, "geo_precision": "exact", "deaths": 0, "missing": 0, "injured": 0, "people_affected": 16, "houses_destroyed": 3, "houses_damaged": 3, "title": "(demo) flood event", "source_url": "", "severity_score": 0.78, "severity_class": "small"}}, {"type": "Feature", "geometry": {"type": "Point", "coordinates": [85.5391, 27.8945]}, "properties": {"id": "demo-1327", "source": "demo", "date": "2014-04-04", "date_precision": "day", "year": 2014, "month": 4, "hazard": "landslide", "hazard_raw": "landslide", "district": null, "lon": 85.5391, "lat": 27.8945, "geo_precision": "exact", "deaths": 0, "missing": 0, "injured": 0, "people_affected": 16, "houses_destroyed": 3, "houses_damaged": 7, "title": "(demo) landslide event", "source_url": "", "severity_score": 0.98, "severity_class": "small"}}, {"type": "Feature", "geometry": {"type": "Point", "coordinates": [83.2834, 28.5066]}, "properties": {"id": "demo-1328", "source": "demo", "date": "2021-09-17", "date_precision": "day", "year": 2021, "month": 9, "hazard": "flood", "hazard_raw": "flood", "district": null, "lon": 83.2834, "lat": 28.5066, "geo_precision": "exact", "deaths": 0, "missing": 0, "injured": 0, "people_affected": 0, "houses_destroyed": 0, "houses_damaged": 0, "title": "(demo) flood event", "source_url": "", "severity_score": 0.0, "severity_class": "minor"}}, {"type": "Feature", "geometry": {"type": "Point", "coordinates": [85.039, 27.9965]}, "properties": {"id": "demo-1329", "source": "demo", "date": "2009-09-08", "date_precision": "day", "year": 2009, "month": 9, "hazard": "debris_flow", "hazard_raw": "debris_flow", "district": null, "lon": 85.039, "lat": 27.9965, "geo_precision": "exact", "deaths": 4, "missing": 0, "injured": 4, "people_affected": 0, "houses_destroyed": 0, "houses_damaged": 0, "title": "(demo) debris_flow event", "source_url": "", "severity_score": 24.0, "severity_class": "moderate"}}, {"type": "Feature", "geometry": {"type": "Point", "coordinates": [85.1625, 27.8889]}, "properties": {"id": "demo-1330", "source": "demo", "date": "1997-09-28", "date_precision": "day", "year": 1997, "month": 9, "hazard": "landslide", "hazard_raw": "landslide", "district": null, "lon": 85.1625, "lat": 27.8889, "geo_precision": "exact", "deaths": 1, "missing": 0, "injured": 0, "people_affected": 53, "houses_destroyed": 9, "houses_damaged": 11, "title": "(demo) landslide event", "source_url": "", "severity_score": 7.46, "severity_class": "moderate"}}, {"type": "Feature", "geometry": {"type": "Point", "coordinates": [85.5023, 28.1342]}, "properties": {"id": "demo-1331", "source": "demo", "date": "2011-03-28", "date_precision": "day", "year": 2011, "month": 3, "hazard": "debris_flow", "hazard_raw": "debris_flow", "district": null, "lon": 85.5023, "lat": 28.1342, "geo_precision": "exact", "deaths": 0, "missing": 0, "injured": 0, "people_affected": 46, "houses_destroyed": 3, "houses_damaged": 9, "title": "(demo) debris_flow event", "source_url": "", "severity_score": 1.14, "severity_class": "small"}}, {"type": "Feature", "geometry": {"type": "Point", "coordinates": [85.6559, 28.0875]}, "properties": {"id": "demo-1332", "source": "demo", "date": "2016-07-04", "date_precision": "day", "year": 2016, "month": 7, "hazard": "flash_flood", "hazard_raw": "flash_flood", "district": null, "lon": 85.6559, "lat": 28.0875, "geo_precision": "exact", "deaths": 0, "missing": 0, "injured": 0, "people_affected": 34, "houses_destroyed": 5, "houses_damaged": 7, "title": "(demo) flash_flood event", "source_url": "", "severity_score": 1.42, "severity_class": "small"}}, {"type": "Feature", "geometry": {"type": "Point", "coordinates": [85.9904, 28.4679]}, "properties": {"id": "demo-1333", "source": "demo", "date": "2020-08-27", "date_precision": "day", "year": 2020, "month": 8, "hazard": "debris_flow", "hazard_raw": "debris_flow", "district": null, "lon": 85.9904, "lat": 28.4679, "geo_precision": "exact", "deaths": 1, "missing": 0, "injured": 1, "people_affected": 27, "houses_destroyed": 7, "houses_damaged": 16, "title": "(demo) debris_flow event", "source_url": "", "severity_score": 8.25, "severity_class": "moderate"}}, {"type": "Feature", "geometry": {"type": "Point", "coordinates": [86.5471, 27.876]}, "properties": {"id": "demo-1334", "source": "demo", "date": "2020-08-12", "date_precision": "day", "year": 2020, "month": 8, "hazard": "avalanche", "hazard_raw": "avalanche", "district": null, "lon": 86.5471, "lat": 27.876, "geo_precision": "exact", "deaths": 0, "missing": 0, "injured": 0, "people_affected": 32, "houses_destroyed": 2, "houses_damaged": 3, "title": "(demo) avalanche event", "source_url": "", "severity_score": 0.61, "severity_class": "small"}}, {"type": "Feature", "geometry": {"type": "Point", "coordinates": [86.5909, 27.8955]}, "properties": {"id": "demo-1335", "source": "demo", "date": "1984-08-16", "date_precision": "day", "year": 1984, "month": 8, "hazard": "avalanche", "hazard_raw": "avalanche", "district": null, "lon": 86.5909, "lat": 27.8955, "geo_precision": "exact", "deaths": 0, "missing": 0, "injured": 0, "people_affected": 5, "houses_destroyed": 1, "houses_damaged": 3, "title": "(demo) avalanche event", "source_url": "", "severity_score": 0.36, "severity_class": "small"}}, {"type": "Feature", "geometry": {"type": "Point", "coordinates": [86.578, 28.008]}, "properties": {"id": "demo-1336", "source": "demo", "date": "1996-09-07", "date_precision": "day", "year": 1996, "month": 9, "hazard": "landslide", "hazard_raw": "landslide", "district": null, "lon": 86.578, "lat": 28.008, "geo_precision": "exact", "deaths": 0, "missing": 0, "injured": 0, "people_affected": 0, "houses_destroyed": 0, "houses_damaged": 0, "title": "(demo) landslide event", "source_url": "", "severity_score": 0.0, "severity_class": "minor"}}, {"type": "Feature", "geometry": {"type": "Point", "coordinates": [87.5146, 26.712]}, "properties": {"id": "demo-1337", "source": "demo", "date": "2018-06-08", "date_precision": "day", "year": 2018, "month": 6, "hazard": "flash_flood", "hazard_raw": "flash_flood", "district": null, "lon": 87.5146, "lat": 26.712, "geo_precision": "exact", "deaths": 0, "missing": 0, "injured": 0, "people_affected": 81, "houses_destroyed": 16, "houses_damaged": 24, "title": "(demo) flash_flood event", "source_url": "", "severity_score": 4.56, "severity_class": "small"}}, {"type": "Feature", "geometry": {"type": "Point", "coordinates": [86.5258, 28.0149]}, "properties": {"id": "demo-1338", "source": "demo", "date": "2011-07-24", "date_precision": "day", "year": 2011, "month": 7, "hazard": "landslide", "hazard_raw": "landslide", "district": null, "lon": 86.5258, "lat": 28.0149, "geo_precision": "exact", "deaths": 0, "missing": 0, "injured": 0, "people_affected": 19, "houses_destroyed": 1, "houses_damaged": 1, "title": "(demo) landslide event", "source_url": "", "severity_score": 0.29, "severity_class": "small"}}, {"type": "Feature", "geometry": {"type": "Point", "coordinates": [81.573, 29.4809]}, "properties": {"id": "demo-1339", "source": "demo", "date": "2015-09-23", "date_precision": "day", "year": 2015, "month": 9, "hazard": "landslide", "hazard_raw": "landslide", "district": null, "lon": 81.573, "lat": 29.4809, "geo_precision": "exact", "deaths": 0, "missing": 0, "injured": 0, "people_affected": 91, "houses_destroyed": 6, "houses_damaged": 16, "title": "(demo) landslide event", "source_url": "", "severity_score": 2.18, "severity_class": "small"}}, {"type": "Feature", "geometry": {"type": "Point", "coordinates": [86.6342, 28.0211]}, "properties": {"id": "demo-1340", "source": "demo", "date": "1986-09-01", "date_precision": "day", "year": 1986, "month": 9, "hazard": "landslide", "hazard_raw": "landslide", "district": null, "lon": 86.6342, "lat": 28.0211, "geo_precision": "exact", "deaths": 0, "missing": 0, "injured": 0, "people_affected": 45, "houses_destroyed": 3, "houses_damaged": 8, "title": "(demo) landslide event", "source_url": "", "severity_score": 1.09, "severity_class": "small"}}, {"type": "Feature", "geometry": {"type": "Point", "coordinates": [86.9544, 27.6948]}, "properties": {"id": "demo-1341", "source": "demo", "date": "2019-08-14", "date_precision": "day", "year": 2019, "month": 8, "hazard": "landslide", "hazard_raw": "landslide", "district": null, "lon": 86.9544, "lat": 27.6948, "geo_precision": "exact", "deaths": 2, "missing": 0, "injured": 3, "people_affected": 0, "houses_destroyed": 0, "houses_damaged": 0, "title": "(demo) landslide event", "source_url": "", "severity_score": 13.0, "severity_class": "moderate"}}, {"type": "Feature", "geometry": {"type": "Point", "coordinates": [81.5523, 29.276]}, "properties": {"id": "demo-1342", "source": "demo", "date": "1984-12-18", "date_precision": "day", "year": 1984, "month": 12, "hazard": "landslide", "hazard_raw": "landslide", "district": null, "lon": 81.5523, "lat": 29.276, "geo_precision": "exact", "deaths": 0, "missing": 0, "injured": 0, "people_affected": 13, "houses_destroyed": 1, "houses_damaged": 1, "title": "(demo) landslide event", "source_url": "", "severity_score": 0.28, "severity_class": "small"}}, {"type": "Feature", "geometry": {"type": "Point", "coordinates": [85.7947, 27.1133]}, "properties": {"id": "demo-1343", "source": "demo", "date": "2011-03-10", "date_precision": "day", "year": 2011, "month": 3, "hazard": "landslide", "hazard_raw": "landslide", "district": null, "lon": 85.7947, "lat": 27.1133, "geo_precision": "exact", "deaths": 0, "missing": 0, "injured": 0, "people_affected": 237, "houses_destroyed": 33, "houses_damaged": 87, "title": "(demo) landslide event", "source_url": "", "severity_score": 11.42, "severity_class": "moderate"}}, {"type": "Feature", "geometry": {"type": "Point", "coordinates": [85.372, 28.2531]}, "properties": {"id": "demo-1344", "source": "demo", "date": "2021-08-24", "date_precision": "day", "year": 2021, "month": 8, "hazard": "debris_flow", "hazard_raw": "debris_flow", "district": null, "lon": 85.372, "lat": 28.2531, "geo_precision": "exact", "deaths": 0, "missing": 0, "injured": 0, "people_affected": 56, "houses_destroyed": 6, "houses_damaged": 18, "title": "(demo) debris_flow event", "source_url": "", "severity_score": 2.21, "severity_class": "small"}}, {"type": "Feature", "geometry": {"type": "Point", "coordinates": [87.02, 28.1004]}, "properties": {"id": "demo-1345", "source": "demo", "date": "2025-10-18", "date_precision": "day", "year": 2025, "month": 10, "hazard": "avalanche", "hazard_raw": "avalanche", "district": null, "lon": 87.02, "lat": 28.1004, "geo_precision": "exact", "deaths": 0, "missing": 0, "injured": 0, "people_affected": 0, "houses_destroyed": 0, "houses_damaged": 0, "title": "(demo) avalanche event", "source_url": "", "severity_score": 0.0, "severity_class": "minor"}}, {"type": "Feature", "geometry": {"type": "Point", "coordinates": [86.1192, 27.0528]}, "properties": {"id": "demo-1346", "source": "demo", "date": "2005-06-01", "date_precision": "day", "year": 2005, "month": 6, "hazard": "landslide", "hazard_raw": "landslide", "district": null, "lon": 86.1192, "lat": 27.0528, "geo_precision": "exact", "deaths": 0, "missing": 0, "injured": 0, "people_affected": 0, "houses_destroyed": 0, "houses_damaged": 0, "title": "(demo) landslide event", "source_url": "", "severity_score": 0.0, "severity_class": "minor"}}, {"type": "Feature", "geometry": {"type": "Point", "coordinates": [84.0413, 28.0364]}, "properties": {"id": "demo-1347", "source": "demo", "date": "2004-07-27", "date_precision": "day", "year": 2004, "month": 7, "hazard": "landslide", "hazard_raw": "landslide", "district": null, "lon": 84.0413, "lat": 28.0364, "geo_precision": "exact", "deaths": 0, "missing": 0, "injured": 0, "people_affected": 16, "houses_destroyed": 1, "houses_damaged": 3, "title": "(demo) landslide event", "source_url": "", "severity_score": 0.38, "severity_class": "small"}}, {"type": "Feature", "geometry": {"type": "Point", "coordinates": [85.9101, 28.3452]}, "properties": {"id": "demo-1348", "source": "demo", "date": "2001-12-03", "date_precision": "day", "year": 2001, "month": 12, "hazard": "flash_flood", "hazard_raw": "flash_flood", "district": null, "lon": 85.9101, "lat": 28.3452, "geo_precision": "exact", "deaths": 2, "missing": 0, "injured": 2, "people_affected": 38, "houses_destroyed": 8, "houses_damaged": 12, "title": "(demo) flash_flood event", "source_url": "", "severity_score": 14.28, "severity_class": "moderate"}}, {"type": "Feature", "geometry": {"type": "Point", "coordinates": [85.3337, 27.9886]}, "properties": {"id": "demo-1349", "source": "demo", "date": "2000-04-20", "date_precision": "day", "year": 2000, "month": 4, "hazard": "debris_flow", "hazard_raw": "debris_flow", "district": null, "lon": 85.3337, "lat": 27.9886, "geo_precision": "exact", "deaths": 0, "missing": 0, "injured": 0, "people_affected": 183, "houses_destroyed": 13, "houses_damaged": 38, "title": "(demo) debris_flow event", "source_url": "", "severity_score": 4.87, "severity_class": "small"}}, {"type": "Feature", "geometry": {"type": "Point", "coordinates": [84.9893, 27.8121]}, "properties": {"id": "demo-1350", "source": "demo", "date": "2025-08-12", "date_precision": "day", "year": 2025, "month": 8, "hazard": "landslide", "hazard_raw": "landslide", "district": null, "lon": 84.9893, "lat": 27.8121, "geo_precision": "exact", "deaths": 0, "missing": 0, "injured": 0, "people_affected": 0, "houses_destroyed": 0, "houses_damaged": 0, "title": "(demo) landslide event", "source_url": "", "severity_score": 0.0, "severity_class": "minor"}}, {"type": "Feature", "geometry": {"type": "Point", "coordinates": [83.7999, 27.7622]}, "properties": {"id": "demo-1351", "source": "demo", "date": "2014-07-27", "date_precision": "day", "year": 2014, "month": 7, "hazard": "flood", "hazard_raw": "flood", "district": null, "lon": 83.7999, "lat": 27.7622, "geo_precision": "exact", "deaths": 0, "missing": 0, "injured": 0, "people_affected": 25, "houses_destroyed": 6, "houses_damaged": 7, "title": "(demo) flood event", "source_url": "", "severity_score": 1.6, "severity_class": "small"}}, {"type": "Feature", "geometry": {"type": "Point", "coordinates": [84.8142, 27.6047]}, "properties": {"id": "demo-1352", "source": "demo", "date": "2007-06-24", "date_precision": "day", "year": 2007, "month": 6, "hazard": "flood", "hazard_raw": "flood", "district": null, "lon": 84.8142, "lat": 27.6047, "geo_precision": "exact", "deaths": 0, "missing": 0, "injured": 0, "people_affected": 0, "houses_destroyed": 0, "houses_damaged": 0, "title": "(demo) flood event", "source_url": "", "severity_score": 0.0, "severity_class": "minor"}}, {"type": "Feature", "geometry": {"type": "Point", "coordinates": [85.9612, 28.2164]}, "properties": {"id": "demo-1353", "source": "demo", "date": "2009-06-19", "date_precision": "day", "year": 2009, "month": 6, "hazard": "flash_flood", "hazard_raw": "flash_flood", "district": null, "lon": 85.9612, "lat": 28.2164, "geo_precision": "exact", "deaths": 1, "missing": 0, "injured": 1, "people_affected": 139, "houses_destroyed": 9, "houses_damaged": 13, "title": "(demo) flash_flood event", "source_url": "", "severity_score": 8.73, "severity_class": "moderate"}}, {"type": "Feature", "geometry": {"type": "Point", "coordinates": [86.169, 26.714]}, "properties": {"id": "demo-1354", "source": "demo", "date": "2009-06-13", "date_precision": "day", "year": 2009, "month": 6, "hazard": "flood", "hazard_raw": "flood", "district": null, "lon": 86.169, "lat": 26.714, "geo_precision": "exact", "deaths": 3, "missing": 0, "injured": 3, "people_affected": 203, "houses_destroyed": 27, "houses_damaged": 61, "title": "(demo) flood event", "source_url": "", "severity_score": 26.86, "severity_class": "major"}}, {"type": "Feature", "geometry": {"type": "Point", "coordinates": [86.8039, 27.5852]}, "properties": {"id": "demo-1355", "source": "demo", "date": "2014-08-16", "date_precision": "day", "year": 2014, "month": 8, "hazard": "glof", "hazard_raw": "glof", "district": null, "lon": 86.8039, "lat": 27.5852, "geo_precision": "exact", "deaths": 5, "missing": 1, "injured": 3, "people_affected": 0, "houses_destroyed": 0, "houses_damaged": 0, "title": "(demo) glof event", "source_url": "", "severity_score": 33.0, "severity_class": "major"}}, {"type": "Feature", "geometry": {"type": "Point", "coordinates": [86.9165, 26.4]}, "properties": {"id": "demo-1356", "source": "demo", "date": "2010-08-03", "date_precision": "day", "year": 2010, "month": 8, "hazard": "landslide", "hazard_raw": "landslide", "district": null, "lon": 86.9165, "lat": 26.4, "geo_precision": "exact", "deaths": 2, "missing": 0, "injured": 2, "people_affected": 161, "houses_destroyed": 16, "houses_damaged": 45, "title": "(demo) landslide event", "source_url": "", "severity_score": 17.77, "severity_class": "moderate"}}, {"type": "Feature", "geometry": {"type": "Point", "coordinates": [85.0355, 26.9855]}, "properties": {"id": "demo-1357", "source": "demo", "date": "2018-08-06", "date_precision": "day", "year": 2018, "month": 8, "hazard": "flood", "hazard_raw": "flood", "district": null, "lon": 85.0355, "lat": 26.9855, "geo_precision": "exact", "deaths": 0, "missing": 0, "injured": 0, "people_affected": 14, "houses_destroyed": 1, "houses_damaged": 2, "title": "(demo) flood event", "source_url": "", "severity_score": 0.33, "severity_class": "small"}}, {"type": "Feature", "geometry": {"type": "Point", "coordinates": [86.7431, 27.651]}, "properties": {"id": "demo-1358", "source": "demo", "date": "2007-08-11", "date_precision": "day", "year": 2007, "month": 8, "hazard": "avalanche", "hazard_raw": "avalanche", "district": null, "lon": 86.7431, "lat": 27.651, "geo_precision": "exact", "deaths": 0, "missing": 0, "injured": 0, "people_affected": 0, "houses_destroyed": 0, "houses_damaged": 0, "title": "(demo) avalanche event", "source_url": "", "severity_score": 0.0, "severity_class": "minor"}}, {"type": "Feature", "geometry": {"type": "Point", "coordinates": [80.2465, 28.5528]}, "properties": {"id": "demo-1359", "source": "demo", "date": "2015-10-07", "date_precision": "day", "year": 2015, "month": 10, "hazard": "flood", "hazard_raw": "flood", "district": null, "lon": 80.2465, "lat": 28.5528, "geo_precision": "exact", "deaths": 0, "missing": 0, "injured": 0, "people_affected": 226, "houses_destroyed": 22, "houses_damaged": 55, "title": "(demo) flood event", "source_url": "", "severity_score": 7.6, "severity_class": "moderate"}}, {"type": "Feature", "geometry": {"type": "Point", "coordinates": [85.7695, 28.3184]}, "properties": {"id": "demo-1360", "source": "demo", "date": "2017-07-10", "date_precision": "day", "year": 2017, "month": 7, "hazard": "glof", "hazard_raw": "glof", "district": null, "lon": 85.7695, "lat": 28.3184, "geo_precision": "exact", "deaths": 0, "missing": 0, "injured": 0, "people_affected": 0, "houses_destroyed": 0, "houses_damaged": 0, "title": "(demo) glof event", "source_url": "", "severity_score": 0.0, "severity_class": "minor"}}, {"type": "Feature", "geometry": {"type": "Point", "coordinates": [82.0996, 29.5031]}, "properties": {"id": "demo-1361", "source": "demo", "date": "2003-08-23", "date_precision": "day", "year": 2003, "month": 8, "hazard": "flood", "hazard_raw": "flood", "district": null, "lon": 82.0996, "lat": 29.5031, "geo_precision": "exact", "deaths": 0, "missing": 0, "injured": 0, "people_affected": 143, "houses_destroyed": 31, "houses_damaged": 31, "title": "(demo) flood event", "source_url": "", "severity_score": 8.04, "severity_class": "moderate"}}, {"type": "Feature", "geometry": {"type": "Point", "coordinates": [86.1459, 28.1116]}, "properties": {"id": "demo-1362", "source": "demo", "date": "2004-07-09", "date_precision": "day", "year": 2004, "month": 7, "hazard": "flash_flood", "hazard_raw": "flash_flood", "district": null, "lon": 86.1459, "lat": 28.1116, "geo_precision": "exact", "deaths": 9, "missing": 2, "injured": 9, "people_affected": 1461, "houses_destroyed": 105, "houses_damaged": 162, "title": "(demo) flash_flood event", "source_url": "", "severity_score": 96.02, "severity_class": "major"}}, {"type": "Feature", "geometry": {"type": "Point", "coordinates": [81.8341, 29.4076]}, "properties": {"id": "demo-1363", "source": "demo", "date": "2022-06-25", "date_precision": "day", "year": 2022, "month": 6, "hazard": "avalanche", "hazard_raw": "avalanche", "district": null, "lon": 81.8341, "lat": 29.4076, "geo_precision": "exact", "deaths": 2, "missing": 0, "injured": 3, "people_affected": 256, "houses_destroyed": 14, "houses_damaged": 38, "title": "(demo) avalanche event", "source_url": "", "severity_score": 18.21, "severity_class": "moderate"}}, {"type": "Feature", "geometry": {"type": "Point", "coordinates": [85.4138, 27.6073]}, "properties": {"id": "demo-1364", "source": "demo", "date": "2025-08-22", "date_precision": "day", "year": 2025, "month": 8, "hazard": "landslide", "hazard_raw": "landslide", "district": null, "lon": 85.4138, "lat": 27.6073, "geo_precision": "exact", "deaths": 0, "missing": 0, "injured": 0, "people_affected": 158, "houses_destroyed": 11, "houses_damaged": 25, "title": "(demo) landslide event", "source_url": "", "severity_score": 3.77, "severity_class": "small"}}, {"type": "Feature", "geometry": {"type": "Point", "coordinates": [87.3189, 26.7608]}, "properties": {"id": "demo-1365", "source": "demo", "date": "2012-04-12", "date_precision": "day", "year": 2012, "month": 4, "hazard": "flood", "hazard_raw": "flood", "district": null, "lon": 87.3189, "lat": 26.7608, "geo_precision": "exact", "deaths": 1, "missing": 0, "injured": 1, "people_affected": 15, "houses_destroyed": 1, "houses_damaged": 1, "title": "(demo) flood event", "source_url": "", "severity_score": 6.28, "severity_class": "moderate"}}, {"type": "Feature", "geometry": {"type": "Point", "coordinates": [81.589, 29.4262]}, "properties": {"id": "demo-1366", "source": "demo", "date": "2001-10-14", "date_precision": "day", "year": 2001, "month": 10, "hazard": "landslide", "hazard_raw": "landslide", "district": null, "lon": 81.589, "lat": 29.4262, "geo_precision": "exact", "deaths": 0, "missing": 0, "injured": 0, "people_affected": 0, "houses_destroyed": 0, "houses_damaged": 0, "title": "(demo) landslide event", "source_url": "", "severity_score": 0.0, "severity_class": "minor"}}, {"type": "Feature", "geometry": {"type": "Point", "coordinates": [85.9995, 26.9234]}, "properties": {"id": "demo-1367", "source": "demo", "date": "2006-02-09", "date_precision": "day", "year": 2006, "month": 2, "hazard": "flood", "hazard_raw": "flood", "district": null, "lon": 85.9995, "lat": 26.9234, "geo_precision": "exact", "deaths": 0, "missing": 0, "injured": 0, "people_affected": 3, "houses_destroyed": 1, "houses_damaged": 1, "title": "(demo) flood event", "source_url": "", "severity_score": 0.26, "severity_class": "small"}}, {"type": "Feature", "geometry": {"type": "Point", "coordinates": [82.4338, 29.4937]}, "properties": {"id": "demo-1368", "source": "demo", "date": "2017-09-14", "date_precision": "day", "year": 2017, "month": 9, "hazard": "avalanche", "hazard_raw": "avalanche", "district": null, "lon": 82.4338, "lat": 29.4937, "geo_precision": "exact", "deaths": 1, "missing": 0, "injured": 1, "people_affected": 100, "houses_destroyed": 14, "houses_damaged": 39, "title": "(demo) avalanche event", "source_url": "", "severity_score": 10.95, "severity_class": "moderate"}}, {"type": "Feature", "geometry": {"type": "Point", "coordinates": [86.8359, 27.7117]}, "properties": {"id": "demo-1369", "source": "demo", "date": "2003-09-11", "date_precision": "day", "year": 2003, "month": 9, "hazard": "landslide", "hazard_raw": "landslide", "district": null, "lon": 86.8359, "lat": 27.7117, "geo_precision": "exact", "deaths": 0, "missing": 0, "injured": 0, "people_affected": 39, "houses_destroyed": 2, "houses_damaged": 4, "title": "(demo) landslide event", "source_url": "", "severity_score": 0.68, "severity_class": "small"}}, {"type": "Feature", "geometry": {"type": "Point", "coordinates": [84.3278, 28.1302]}, "properties": {"id": "demo-1370", "source": "demo", "date": "1984-07-03", "date_precision": "day", "year": 1984, "month": 7, "hazard": "landslide", "hazard_raw": "landslide", "district": null, "lon": 84.3278, "lat": 28.1302, "geo_precision": "exact", "deaths": 0, "missing": 0, "injured": 0, "people_affected": 0, "houses_destroyed": 0, "houses_damaged": 0, "title": "(demo) landslide event", "source_url": "", "severity_score": 0.0, "severity_class": "minor"}}, {"type": "Feature", "geometry": {"type": "Point", "coordinates": [85.9091, 28.2563]}, "properties": {"id": "demo-1371", "source": "demo", "date": "2014-08-01", "date_precision": "day", "year": 2014, "month": 8, "hazard": "glof", "hazard_raw": "glof", "district": null, "lon": 85.9091, "lat": 28.2563, "geo_precision": "exact", "deaths": 20, "missing": 0, "injured": 34, "people_affected": 1085, "houses_destroyed": 79, "houses_damaged": 187, "title": "(demo) glof event", "source_url": "", "severity_score": 161.32, "severity_class": "catastrophic"}}, {"type": "Feature", "geometry": {"type": "Point", "coordinates": [83.5892, 27.5739]}, "properties": {"id": "demo-1372", "source": "demo", "date": "2020-10-07", "date_precision": "day", "year": 2020, "month": 10, "hazard": "flood", "hazard_raw": "flood", "district": null, "lon": 83.5892, "lat": 27.5739, "geo_precision": "exact", "deaths": 0, "missing": 0, "injured": 0, "people_affected": 82, "houses_destroyed": 5, "houses_damaged": 8, "title": "(demo) flood event", "source_url": "", "severity_score": 1.56, "severity_class": "small"}}, {"type": "Feature", "geometry": {"type": "Point", "coordinates": [83.8255, 28.1071]}, "properties": {"id": "demo-1373", "source": "demo", "date": "1978-07-26", "date_precision": "day", "year": 1978, "month": 7, "hazard": "landslide", "hazard_raw": "landslide", "district": null, "lon": 83.8255, "lat": 28.1071, "geo_precision": "exact", "deaths": 0, "missing": 0, "injured": 0, "people_affected": 55, "houses_destroyed": 3, "houses_damaged": 5, "title": "(demo) landslide event", "source_url": "", "severity_score": 0.96, "severity_class": "small"}}, {"type": "Feature", "geometry": {"type": "Point", "coordinates": [81.2698, 29.4253]}, "properties": {"id": "demo-1374", "source": "demo", "date": "2013-06-03", "date_precision": "day", "year": 2013, "month": 6, "hazard": "landslide", "hazard_raw": "landslide", "district": null, "lon": 81.2698, "lat": 29.4253, "geo_precision": "exact", "deaths": 0, "missing": 0, "injured": 0, "people_affected": 8, "houses_destroyed": 2, "houses_damaged": 3, "title": "(demo) landslide event", "source_url": "", "severity_score": 0.57, "severity_class": "small"}}, {"type": "Feature", "geometry": {"type": "Point", "coordinates": [86.7112, 27.7423]}, "properties": {"id": "demo-1375", "source": "demo", "date": "2016-07-18", "date_precision": "day", "year": 2016, "month": 7, "hazard": "landslide", "hazard_raw": "landslide", "district": null, "lon": 86.7112, "lat": 27.7423, "geo_precision": "exact", "deaths": 1, "missing": 0, "injured": 0, "people_affected": 38, "houses_destroyed": 2, "houses_damaged": 5, "title": "(demo) landslide event", "source_url": "", "severity_score": 5.73, "severity_class": "moderate"}}, {"type": "Feature", "geometry": {"type": "Point", "coordinates": [82.2913, 29.6013]}, "properties": {"id": "demo-1376", "source": "demo", "date": "2015-08-14", "date_precision": "day", "year": 2015, "month": 8, "hazard": "landslide", "hazard_raw": "landslide", "district": null, "lon": 82.2913, "lat": 29.6013, "geo_precision": "exact", "deaths": 0, "missing": 0, "injured": 0, "people_affected": 4, "houses_destroyed": 1, "houses_damaged": 2, "title": "(demo) landslide event", "source_url": "", "severity_score": 0.31, "severity_class": "small"}}, {"type": "Feature", "geometry": {"type": "Point", "coordinates": [87.0029, 27.973]}, "properties": {"id": "demo-1377", "source": "demo", "date": "2008-07-01", "date_precision": "day", "year": 2008, "month": 7, "hazard": "landslide", "hazard_raw": "landslide", "district": null, "lon": 87.0029, "lat": 27.973, "geo_precision": "exact", "deaths": 1, "missing": 0, "injured": 1, "people_affected": 0, "houses_destroyed": 0, "houses_damaged": 0, "title": "(demo) landslide event", "source_url": "", "severity_score": 6.0, "severity_class": "moderate"}}, {"type": "Feature", "geometry": {"type": "Point", "coordinates": [85.6999, 28.1048]}, "properties": {"id": "demo-1378", "source": "demo", "date": "2021-08-15", "date_precision": "day", "year": 2021, "month": 8, "hazard": "avalanche", "hazard_raw": "avalanche", "district": null, "lon": 85.6999, "lat": 28.1048, "geo_precision": "exact", "deaths": 0, "missing": 0, "injured": 0, "people_affected": 36, "houses_destroyed": 3, "houses_damaged": 7, "title": "(demo) avalanche event", "source_url": "", "severity_score": 1.02, "severity_class": "small"}}, {"type": "Feature", "geometry": {"type": "Point", "coordinates": [85.4819, 27.8846]}, "properties": {"id": "demo-1379", "source": "demo", "date": "2025-08-05", "date_precision": "day", "year": 2025, "month": 8, "hazard": "landslide", "hazard_raw": "landslide", "district": null, "lon": 85.4819, "lat": 27.8846, "geo_precision": "exact", "deaths": 0, "missing": 0, "injured": 0, "people_affected": 23, "houses_destroyed": 2, "houses_damaged": 7, "title": "(demo) landslide event", "source_url": "", "severity_score": 0.8, "severity_class": "small"}}, {"type": "Feature", "geometry": {"type": "Point", "coordinates": [84.0158, 27.5578]}, "properties": {"id": "demo-1380", "source": "demo", "date": "2024-08-15", "date_precision": "day", "year": 2024, "month": 8, "hazard": "flood", "hazard_raw": "flood", "district": null, "lon": 84.0158, "lat": 27.5578, "geo_precision": "exact", "deaths": 0, "missing": 0, "injured": 0, "people_affected": 0, "houses_destroyed": 0, "houses_damaged": 0, "title": "(demo) flood event", "source_url": "", "severity_score": 0.0, "severity_class": "minor"}}, {"type": "Feature", "geometry": {"type": "Point", "coordinates": [85.0963, 28.3028]}, "properties": {"id": "demo-1381", "source": "demo", "date": "1999-05-21", "date_precision": "day", "year": 1999, "month": 5, "hazard": "debris_flow", "hazard_raw": "debris_flow", "district": null, "lon": 85.0963, "lat": 28.3028, "geo_precision": "exact", "deaths": 4, "missing": 1, "injured": 7, "people_affected": 99, "houses_destroyed": 27, "houses_damaged": 72, "title": "(demo) debris_flow event", "source_url": "", "severity_score": 41.2, "severity_class": "major"}}, {"type": "Feature", "geometry": {"type": "Point", "coordinates": [85.3089, 28.1335]}, "properties": {"id": "demo-1382", "source": "demo", "date": "2005-01-03", "date_precision": "day", "year": 2005, "month": 1, "hazard": "debris_flow", "hazard_raw": "debris_flow", "district": null, "lon": 85.3089, "lat": 28.1335, "geo_precision": "exact", "deaths": 7, "missing": 0, "injured": 5, "people_affected": 53, "houses_destroyed": 3, "houses_damaged": 8, "title": "(demo) debris_flow event", "source_url": "", "severity_score": 41.11, "severity_class": "major"}}, {"type": "Feature", "geometry": {"type": "Point", "coordinates": [87.267, 27.5954]}, "properties": {"id": "demo-1383", "source": "demo", "date": "2017-07-15", "date_precision": "day", "year": 2017, "month": 7, "hazard": "flood", "hazard_raw": "flood", "district": null, "lon": 87.267, "lat": 27.5954, "geo_precision": "exact", "deaths": 0, "missing": 0, "injured": 0, "people_affected": 62, "houses_destroyed": 5, "houses_damaged": 19, "title": "(demo) flood event", "source_url": "", "severity_score": 2.07, "severity_class": "small"}}, {"type": "Feature", "geometry": {"type": "Point", "coordinates": [86.6008, 28.1525]}, "properties": {"id": "demo-1384", "source": "demo", "date": "2020-05-05", "date_precision": "day", "year": 2020, "month": 5, "hazard": "flood", "hazard_raw": "flood", "district": null, "lon": 86.6008, "lat": 28.1525, "geo_precision": "exact", "deaths": 8, "missing": 2, "injured": 14, "people_affected": 108, "houses_destroyed": 11, "houses_damaged": 38, "title": "(demo) flood event", "source_url": "", "severity_score": 68.32, "severity_class": "major"}}, {"type": "Feature", "geometry": {"type": "Point", "coordinates": [83.7596, 28.5634]}, "properties": {"id": "demo-1385", "source": "demo", "date": "1993-09-19", "date_precision": "day", "year": 1993, "month": 9, "hazard": "flash_flood", "hazard_raw": "flash_flood", "district": null, "lon": 83.7596, "lat": 28.5634, "geo_precision": "exact", "deaths": 2, "missing": 0, "injured": 3, "people_affected": 61, "houses_destroyed": 16, "houses_damaged": 43, "title": "(demo) flash_flood event", "source_url": "", "severity_score": 18.47, "severity_class": "moderate"}}, {"type": "Feature", "geometry": {"type": "Point", "coordinates": [86.1188, 27.0797]}, "properties": {"id": "demo-1386", "source": "demo", "date": "2005-07-13", "date_precision": "day", "year": 2005, "month": 7, "hazard": "flood", "hazard_raw": "flood", "district": null, "lon": 86.1188, "lat": 27.0797, "geo_precision": "exact", "deaths": 0, "missing": 0, "injured": 0, "people_affected": 4, "houses_destroyed": 1, "houses_damaged": 3, "title": "(demo) flood event", "source_url": "", "severity_score": 0.36, "severity_class": "small"}}, {"type": "Feature", "geometry": {"type": "Point", "coordinates": [83.4707, 27.7373]}, "properties": {"id": "demo-1387", "source": "demo", "date": "1997-03-19", "date_precision": "day", "year": 1997, "month": 3, "hazard": "flood", "hazard_raw": "flood", "district": null, "lon": 83.4707, "lat": 27.7373, "geo_precision": "exact", "deaths": 0, "missing": 0, "injured": 0, "people_affected": 0, "houses_destroyed": 0, "houses_damaged": 0, "title": "(demo) flood event", "source_url": "", "severity_score": 0.0, "severity_class": "minor"}}, {"type": "Feature", "geometry": {"type": "Point", "coordinates": [83.4671, 29.0117]}, "properties": {"id": "demo-1388", "source": "demo", "date": "2002-09-06", "date_precision": "day", "year": 2002, "month": 9, "hazard": "landslide", "hazard_raw": "landslide", "district": null, "lon": 83.4671, "lat": 29.0117, "geo_precision": "exact", "deaths": 0, "missing": 0, "injured": 0, "people_affected": 0, "houses_destroyed": 0, "houses_damaged": 0, "title": "(demo) landslide event", "source_url": "", "severity_score": 0.0, "severity_class": "minor"}}, {"type": "Feature", "geometry": {"type": "Point", "coordinates": [84.0752, 28.2651]}, "properties": {"id": "demo-1389", "source": "demo", "date": "2012-08-11", "date_precision": "day", "year": 2012, "month": 8, "hazard": "landslide", "hazard_raw": "landslide", "district": null, "lon": 84.0752, "lat": 28.2651, "geo_precision": "exact", "deaths": 0, "missing": 0, "injured": 0, "people_affected": 0, "houses_destroyed": 0, "houses_damaged": 0, "title": "(demo) landslide event", "source_url": "", "severity_score": 0.0, "severity_class": "minor"}}, {"type": "Feature", "geometry": {"type": "Point", "coordinates": [86.6622, 27.8418]}, "properties": {"id": "demo-1390", "source": "demo", "date": "2019-06-22", "date_precision": "day", "year": 2019, "month": 6, "hazard": "landslide", "hazard_raw": "landslide", "district": null, "lon": 86.6622, "lat": 27.8418, "geo_precision": "exact", "deaths": 2, "missing": 0, "injured": 0, "people_affected": 485, "houses_destroyed": 26, "houses_damaged": 75, "title": "(demo) landslide event", "source_url": "", "severity_score": 19.92, "severity_class": "moderate"}}, {"type": "Feature", "geometry": {"type": "Point", "coordinates": [86.7636, 27.9281]}, "properties": {"id": "demo-1391", "source": "demo", "date": "2024-05-14", "date_precision": "day", "year": 2024, "month": 5, "hazard": "landslide", "hazard_raw": "landslide", "district": null, "lon": 86.7636, "lat": 27.9281, "geo_precision": "exact", "deaths": 1, "missing": 0, "injured": 0, "people_affected": 48, "houses_destroyed": 6, "houses_damaged": 8, "title": "(demo) landslide event", "source_url": "", "severity_score": 6.7, "severity_class": "moderate"}}, {"type": "Feature", "geometry": {"type": "Point", "coordinates": [87.4369, 26.6061]}, "properties": {"id": "demo-1392", "source": "demo", "date": "2007-08-13", "date_precision": "day", "year": 2007, "month": 8, "hazard": "flood", "hazard_raw": "flood", "district": null, "lon": 87.4369, "lat": 26.6061, "geo_precision": "exact", "deaths": 7, "missing": 2, "injured": 13, "people_affected": 96, "houses_destroyed": 14, "houses_damaged": 19, "title": "(demo) flood event", "source_url": "", "severity_score": 61.94, "severity_class": "major"}}, {"type": "Feature", "geometry": {"type": "Point", "coordinates": [86.5734, 28.0638]}, "properties": {"id": "demo-1393", "source": "demo", "date": "2023-07-06", "date_precision": "day", "year": 2023, "month": 7, "hazard": "landslide", "hazard_raw": "landslide", "district": null, "lon": 86.5734, "lat": 28.0638, "geo_precision": "exact", "deaths": 0, "missing": 0, "injured": 0, "people_affected": 22, "houses_destroyed": 2, "houses_damaged": 5, "title": "(demo) landslide event", "source_url": "", "severity_score": 0.69, "severity_class": "small"}}, {"type": "Feature", "geometry": {"type": "Point", "coordinates": [80.6897, 28.821]}, "properties": {"id": "demo-1394", "source": "demo", "date": "2018-08-14", "date_precision": "day", "year": 2018, "month": 8, "hazard": "flood", "hazard_raw": "flood", "district": null, "lon": 80.6897, "lat": 28.821, "geo_precision": "exact", "deaths": 0, "missing": 0, "injured": 0, "people_affected": 41, "houses_destroyed": 5, "houses_damaged": 19, "title": "(demo) flood event", "source_url": "", "severity_score": 2.03, "severity_class": "small"}}, {"type": "Feature", "geometry": {"type": "Point", "coordinates": [87.0618, 27.9454]}, "properties": {"id": "demo-1395", "source": "demo", "date": "2009-09-12", "date_precision": "day", "year": 2009, "month": 9, "hazard": "glof", "hazard_raw": "glof", "district": null, "lon": 87.0618, "lat": 27.9454, "geo_precision": "exact", "deaths": 21, "missing": 0, "injured": 18, "people_affected": 386, "houses_destroyed": 25, "houses_damaged": 46, "title": "(demo) glof event", "source_url": "", "severity_score": 131.07, "severity_class": "catastrophic"}}, {"type": "Feature", "geometry": {"type": "Point", "coordinates": [82.7582, 29.5712]}, "properties": {"id": "demo-1396", "source": "demo", "date": "2010-06-25", "date_precision": "day", "year": 2010, "month": 6, "hazard": "avalanche", "hazard_raw": "avalanche", "district": null, "lon": 82.7582, "lat": 29.5712, "geo_precision": "exact", "deaths": 2, "missing": 0, "injured": 2, "people_affected": 226, "houses_destroyed": 15, "houses_damaged": 58, "title": "(demo) avalanche event", "source_url": "", "severity_score": 18.35, "severity_class": "moderate"}}, {"type": "Feature", "geometry": {"type": "Point", "coordinates": [84.1603, 27.7118]}, "properties": {"id": "demo-1397", "source": "demo", "date": "2019-07-05", "date_precision": "day", "year": 2019, "month": 7, "hazard": "flood", "hazard_raw": "flood", "district": null, "lon": 84.1603, "lat": 27.7118, "geo_precision": "exact", "deaths": 24, "missing": 4, "injured": 9, "people_affected": 0, "houses_destroyed": 0, "houses_damaged": 0, "title": "(demo) flood event", "source_url": "", "severity_score": 149.0, "severity_class": "catastrophic"}}, {"type": "Feature", "geometry": {"type": "Point", "coordinates": [83.6916, 28.7947]}, "properties": {"id": "demo-1398", "source": "demo", "date": "2020-08-15", "date_precision": "day", "year": 2020, "month": 8, "hazard": "flash_flood", "hazard_raw": "flash_flood", "district": null, "lon": 83.6916, "lat": 28.7947, "geo_precision": "exact", "deaths": 4, "missing": 0, "injured": 2, "people_affected": 2919, "houses_destroyed": 240, "houses_damaged": 590, "title": "(demo) flash_flood event", "source_url": "", "severity_score": 105.34, "severity_class": "catastrophic"}}, {"type": "Feature", "geometry": {"type": "Point", "coordinates": [83.8057, 28.6356]}, "properties": {"id": "demo-1399", "source": "demo", "date": "2011-07-10", "date_precision": "day", "year": 2011, "month": 7, "hazard": "flash_flood", "hazard_raw": "flash_flood", "district": null, "lon": 83.8057, "lat": 28.6356, "geo_precision": "exact", "deaths": 0, "missing": 0, "injured": 0, "people_affected": 22, "houses_destroyed": 6, "houses_damaged": 9, "title": "(demo) flash_flood event", "source_url": "", "severity_score": 1.69, "severity_class": "small"}}, {"type": "Feature", "geometry": {"type": "Point", "coordinates": [86.7827, 27.7087]}, "properties": {"id": "demo-1400", "source": "demo", "date": "2017-08-23", "date_precision": "day", "year": 2017, "month": 8, "hazard": "glof", "hazard_raw": "glof", "district": null, "lon": 86.7827, "lat": 27.7087, "geo_precision": "exact", "deaths": 1, "missing": 0, "injured": 1, "people_affected": 132, "houses_destroyed": 14, "houses_damaged": 35, "title": "(demo) glof event", "source_url": "", "severity_score": 10.81, "severity_class": "moderate"}}, {"type": "Feature", "geometry": {"type": "Point", "coordinates": [84.0818, 28.7012]}, "properties": {"id": "demo-1401", "source": "demo", "date": "2005-08-04", "date_precision": "day", "year": 2005, "month": 8, "hazard": "flash_flood", "hazard_raw": "flash_flood", "district": null, "lon": 84.0818, "lat": 28.7012, "geo_precision": "exact", "deaths": 0, "missing": 0, "injured": 0, "people_affected": 279, "houses_destroyed": 15, "houses_damaged": 55, "title": "(demo) flash_flood event", "source_url": "", "severity_score": 6.31, "severity_class": "moderate"}}, {"type": "Feature", "geometry": {"type": "Point", "coordinates": [86.9129, 27.8743]}, "properties": {"id": "demo-1402", "source": "demo", "date": "2026-02-13", "date_precision": "day", "year": 2026, "month": 2, "hazard": "landslide", "hazard_raw": "landslide", "district": null, "lon": 86.9129, "lat": 27.8743, "geo_precision": "exact", "deaths": 0, "missing": 0, "injured": 0, "people_affected": 18, "houses_destroyed": 2, "houses_damaged": 7, "title": "(demo) landslide event", "source_url": "", "severity_score": 0.79, "severity_class": "small"}}, {"type": "Feature", "geometry": {"type": "Point", "coordinates": [85.3926, 28.1683]}, "properties": {"id": "demo-1403", "source": "demo", "date": "2025-10-16", "date_precision": "day", "year": 2025, "month": 10, "hazard": "debris_flow", "hazard_raw": "debris_flow", "district": null, "lon": 85.3926, "lat": 28.1683, "geo_precision": "exact", "deaths": 0, "missing": 0, "injured": 0, "people_affected": 11, "houses_destroyed": 1, "houses_damaged": 2, "title": "(demo) debris_flow event", "source_url": "", "severity_score": 0.32, "severity_class": "small"}}, {"type": "Feature", "geometry": {"type": "Point", "coordinates": [83.8824, 29.0024]}, "properties": {"id": "demo-1404", "source": "demo", "date": "2007-06-12", "date_precision": "day", "year": 2007, "month": 6, "hazard": "flash_flood", "hazard_raw": "flash_flood", "district": null, "lon": 83.8824, "lat": 29.0024, "geo_precision": "exact", "deaths": 0, "missing": 0, "injured": 0, "people_affected": 17, "houses_destroyed": 2, "houses_damaged": 5, "title": "(demo) flash_flood event", "source_url": "", "severity_score": 0.68, "severity_class": "small"}}, {"type": "Feature", "geometry": {"type": "Point", "coordinates": [85.8204, 28.387]}, "properties": {"id": "demo-1405", "source": "demo", "date": "2026-07-05", "date_precision": "day", "year": 2026, "month": 7, "hazard": "debris_flow", "hazard_raw": "debris_flow", "district": null, "lon": 85.8204, "lat": 28.387, "geo_precision": "exact", "deaths": 0, "missing": 0, "injured": 0, "people_affected": 10, "houses_destroyed": 2, "houses_damaged": 3, "title": "(demo) debris_flow event", "source_url": "", "severity_score": 0.57, "severity_class": "small"}}, {"type": "Feature", "geometry": {"type": "Point", "coordinates": [86.5517, 28.1059]}, "properties": {"id": "demo-1406", "source": "demo", "date": "2013-07-01", "date_precision": "day", "year": 2013, "month": 7, "hazard": "landslide", "hazard_raw": "landslide", "district": null, "lon": 86.5517, "lat": 28.1059, "geo_precision": "exact", "deaths": 0, "missing": 0, "injured": 0, "people_affected": 92, "houses_destroyed": 6, "houses_damaged": 18, "title": "(demo) landslide event", "source_url": "", "severity_score": 2.28, "severity_class": "small"}}, {"type": "Feature", "geometry": {"type": "Point", "coordinates": [85.1368, 27.8743]}, "properties": {"id": "demo-1407", "source": "demo", "date": "2007-07-05", "date_precision": "day", "year": 2007, "month": 7, "hazard": "landslide", "hazard_raw": "landslide", "district": null, "lon": 85.1368, "lat": 27.8743, "geo_precision": "exact", "deaths": 0, "missing": 0, "injured": 0, "people_affected": 0, "houses_destroyed": 0, "houses_damaged": 0, "title": "(demo) landslide event", "source_url": "", "severity_score": 0.0, "severity_class": "minor"}}, {"type": "Feature", "geometry": {"type": "Point", "coordinates": [80.9631, 28.477]}, "properties": {"id": "demo-1408", "source": "demo", "date": "1980-06-21", "date_precision": "day", "year": 1980, "month": 6, "hazard": "flood", "hazard_raw": "flood", "district": null, "lon": 80.9631, "lat": 28.477, "geo_precision": "exact", "deaths": 0, "missing": 0, "injured": 0, "people_affected": 70, "houses_destroyed": 22, "houses_damaged": 70, "title": "(demo) flood event", "source_url": "", "severity_score": 8.04, "severity_class": "moderate"}}, {"type": "Feature", "geometry": {"type": "Point", "coordinates": [81.6492, 29.3865]}, "properties": {"id": "demo-1409", "source": "demo", "date": "2026-09-26", "date_precision": "day", "year": 2026, "month": 9, "hazard": "landslide", "hazard_raw": "landslide", "district": null, "lon": 81.6492, "lat": 29.3865, "geo_precision": "exact", "deaths": 0, "missing": 0, "injured": 0, "people_affected": 3, "houses_destroyed": 1, "houses_damaged": 3, "title": "(demo) landslide event", "source_url": "", "severity_score": 0.36, "severity_class": "small"}}, {"type": "Feature", "geometry": {"type": "Point", "coordinates": [86.4787, 27.9773]}, "properties": {"id": "demo-1410", "source": "demo", "date": "1995-09-28", "date_precision": "day", "year": 1995, "month": 9, "hazard": "flood", "hazard_raw": "flood", "district": null, "lon": 86.4787, "lat": 27.9773, "geo_precision": "exact", "deaths": 0, "missing": 0, "injured": 0, "people_affected": 0, "houses_destroyed": 0, "houses_damaged": 0, "title": "(demo) flood event", "source_url": "", "severity_score": 0.0, "severity_class": "minor"}}, {"type": "Feature", "geometry": {"type": "Point", "coordinates": [86.1778, 28.0936]}, "properties": {"id": "demo-1411", "source": "demo", "date": "2011-04-07", "date_precision": "day", "year": 2011, "month": 4, "hazard": "glof", "hazard_raw": "glof", "district": null, "lon": 86.1778, "lat": 28.0936, "geo_precision": "exact", "deaths": 36, "missing": 12, "injured": 64, "people_affected": 2788, "houses_destroyed": 818, "houses_damaged": 2288, "title": "(demo) glof event", "source_url": "", "severity_score": 587.58, "severity_class": "catastrophic"}}, {"type": "Feature", "geometry": {"type": "Point", "coordinates": [84.0001, 27.499]}, "properties": {"id": "demo-1412", "source": "demo", "date": "2026-06-09", "date_precision": "day", "year": 2026, "month": 6, "hazard": "landslide", "hazard_raw": "landslide", "district": null, "lon": 84.0001, "lat": 27.499, "geo_precision": "exact", "deaths": 0, "missing": 0, "injured": 0, "people_affected": 9, "houses_destroyed": 3, "houses_damaged": 11, "title": "(demo) landslide event", "source_url": "", "severity_score": 1.17, "severity_class": "small"}}, {"type": "Feature", "geometry": {"type": "Point", "coordinates": [84.1787, 28.3036]}, "properties": {"id": "demo-1413", "source": "demo", "date": "2004-08-23", "date_precision": "day", "year": 2004, "month": 8, "hazard": "landslide", "hazard_raw": "landslide", "district": null, "lon": 84.1787, "lat": 28.3036, "geo_precision": "exact", "deaths": 1, "missing": 0, "injured": 1, "people_affected": 7, "houses_destroyed": 1, "houses_damaged": 3, "title": "(demo) landslide event", "source_url": "", "severity_score": 6.36, "severity_class": "moderate"}}, {"type": "Feature", "geometry": {"type": "Point", "coordinates": [85.8357, 28.4049]}, "properties": {"id": "demo-1414", "source": "demo", "date": "2012-09-11", "date_precision": "day", "year": 2012, "month": 9, "hazard": "glof", "hazard_raw": "glof", "district": null, "lon": 85.8357, "lat": 28.4049, "geo_precision": "exact", "deaths": 0, "missing": 0, "injured": 0, "people_affected": 151, "houses_destroyed": 14, "houses_damaged": 34, "title": "(demo) glof event", "source_url": "", "severity_score": 4.8, "severity_class": "small"}}, {"type": "Feature", "geometry": {"type": "Point", "coordinates": [84.1479, 27.7617]}, "properties": {"id": "demo-1415", "source": "demo", "date": "2012-07-11", "date_precision": "day", "year": 2012, "month": 7, "hazard": "flood", "hazard_raw": "flood", "district": null, "lon": 84.1479, "lat": 27.7617, "geo_precision": "exact", "deaths": 1, "missing": 0, "injured": 1, "people_affected": 0, "houses_destroyed": 0, "houses_damaged": 0, "title": "(demo) flood event", "source_url": "", "severity_score": 6.0, "severity_class": "moderate"}}, {"type": "Feature", "geometry": {"type": "Point", "coordinates": [80.2841, 28.923]}, "properties": {"id": "demo-1416", "source": "demo", "date": "2015-08-23", "date_precision": "day", "year": 2015, "month": 8, "hazard": "flood", "hazard_raw": "flood", "district": null, "lon": 80.2841, "lat": 28.923, "geo_precision": "exact", "deaths": 3, "missing": 0, "injured": 5, "people_affected": 203, "houses_destroyed": 20, "houses_damaged": 51, "title": "(demo) flood event", "source_url": "", "severity_score": 26.96, "severity_class": "major"}}, {"type": "Feature", "geometry": {"type": "Point", "coordinates": [83.4608, 28.2665]}, "properties": {"id": "demo-1417", "source": "demo", "date": "2023-08-07", "date_precision": "day", "year": 2023, "month": 8, "hazard": "landslide", "hazard_raw": "landslide", "district": null, "lon": 83.4608, "lat": 28.2665, "geo_precision": "exact", "deaths": 2, "missing": 0, "injured": 1, "people_affected": 90, "houses_destroyed": 7, "houses_damaged": 18, "title": "(demo) landslide event", "source_url": "", "severity_score": 13.48, "severity_class": "moderate"}}, {"type": "Feature", "geometry": {"type": "Point", "coordinates": [87.1832, 26.4569]}, "properties": {"id": "demo-1418", "source": "demo", "date": "2007-07-19", "date_precision": "day", "year": 2007, "month": 7, "hazard": "flood", "hazard_raw": "flood", "district": null, "lon": 87.1832, "lat": 26.4569, "geo_precision": "exact", "deaths": 2, "missing": 0, "injured": 0, "people_affected": 491, "houses_destroyed": 33, "houses_damaged": 122, "title": "(demo) flood event", "source_url": "", "severity_score": 23.68, "severity_class": "moderate"}}, {"type": "Feature", "geometry": {"type": "Point", "coordinates": [84.2491, 27.6082]}, "properties": {"id": "demo-1419", "source": "demo", "date": "2023-06-14", "date_precision": "day", "year": 2023, "month": 6, "hazard": "flood", "hazard_raw": "flood", "district": null, "lon": 84.2491, "lat": 27.6082, "geo_precision": "exact", "deaths": 2, "missing": 0, "injured": 1, "people_affected": 32, "houses_destroyed": 5, "houses_damaged": 12, "title": "(demo) flood event", "source_url": "", "severity_score": 12.66, "severity_class": "moderate"}}, {"type": "Feature", "geometry": {"type": "Point", "coordinates": [86.7074, 27.8104]}, "properties": {"id": "demo-1420", "source": "demo", "date": "2006-09-08", "date_precision": "day", "year": 2006, "month": 9, "hazard": "landslide", "hazard_raw": "landslide", "district": null, "lon": 86.7074, "lat": 27.8104, "geo_precision": "exact", "deaths": 0, "missing": 0, "injured": 0, "people_affected": 0, "houses_destroyed": 0, "houses_damaged": 0, "title": "(demo) landslide event", "source_url": "", "severity_score": 0.0, "severity_class": "minor"}}, {"type": "Feature", "geometry": {"type": "Point", "coordinates": [83.4829, 28.1287]}, "properties": {"id": "demo-1421", "source": "demo", "date": "2018-10-05", "date_precision": "day", "year": 2018, "month": 10, "hazard": "landslide", "hazard_raw": "landslide", "district": null, "lon": 83.4829, "lat": 28.1287, "geo_precision": "exact", "deaths": 2, "missing": 0, "injured": 3, "people_affected": 82, "houses_destroyed": 5, "houses_damaged": 19, "title": "(demo) landslide event", "source_url": "", "severity_score": 15.11, "severity_class": "moderate"}}, {"type": "Feature", "geometry": {"type": "Point", "coordinates": [80.5908, 28.5314]}, "properties": {"id": "demo-1422", "source": "demo", "date": "1978-07-05", "date_precision": "day", "year": 1978, "month": 7, "hazard": "flood", "hazard_raw": "flood", "district": null, "lon": 80.5908, "lat": 28.5314, "geo_precision": "exact", "deaths": 0, "missing": 0, "injured": 0, "people_affected": 202, "houses_destroyed": 11, "houses_damaged": 11, "title": "(demo) flood event", "source_url": "", "severity_score": 3.15, "severity_class": "small"}}, {"type": "Feature", "geometry": {"type": "Point", "coordinates": [86.9374, 27.5754]}, "properties": {"id": "demo-1423", "source": "demo", "date": "2009-08-16", "date_precision": "day", "year": 2009, "month": 8, "hazard": "landslide", "hazard_raw": "landslide", "district": null, "lon": 86.9374, "lat": 27.5754, "geo_precision": "exact", "deaths": 0, "missing": 0, "injured": 0, "people_affected": 0, "houses_destroyed": 0, "houses_damaged": 0, "title": "(demo) landslide event", "source_url": "", "severity_score": 0.0, "severity_class": "minor"}}, {"type": "Feature", "geometry": {"type": "Point", "coordinates": [84.157, 28.5366]}, "properties": {"id": "demo-1424", "source": "demo", "date": "2014-08-21", "date_precision": "day", "year": 2014, "month": 8, "hazard": "flash_flood", "hazard_raw": "flash_flood", "district": null, "lon": 84.157, "lat": 28.5366, "geo_precision": "exact", "deaths": 0, "missing": 0, "injured": 0, "people_affected": 79, "houses_destroyed": 6, "houses_damaged": 11, "title": "(demo) flash_flood event", "source_url": "", "severity_score": 1.91, "severity_class": "small"}}, {"type": "Feature", "geometry": {"type": "Point", "coordinates": [86.5724, 28.0811]}, "properties": {"id": "demo-1425", "source": "demo", "date": "2019-08-05", "date_precision": "day", "year": 2019, "month": 8, "hazard": "flood", "hazard_raw": "flood", "district": null, "lon": 86.5724, "lat": 28.0811, "geo_precision": "exact", "deaths": 4, "missing": 1, "injured": 3, "people_affected": 408, "houses_destroyed": 30, "houses_damaged": 100, "title": "(demo) flood event", "source_url": "", "severity_score": 39.82, "severity_class": "major"}}, {"type": "Feature", "geometry": {"type": "Point", "coordinates": [86.7431, 27.7706]}, "properties": {"id": "demo-1426", "source": "demo", "date": "2019-06-20", "date_precision": "day", "year": 2019, "month": 6, "hazard": "glof", "hazard_raw": "glof", "district": null, "lon": 86.7431, "lat": 27.7706, "geo_precision": "exact", "deaths": 3, "missing": 0, "injured": 4, "people_affected": 1410, "houses_destroyed": 86, "houses_damaged": 172, "title": "(demo) glof event", "source_url": "", "severity_score": 47.62, "severity_class": "major"}}, {"type": "Feature", "geometry": {"type": "Point", "coordinates": [83.8293, 28.6718]}, "properties": {"id": "demo-1427", "source": "demo", "date": "2018-08-02", "date_precision": "day", "year": 2018, "month": 8, "hazard": "flash_flood", "hazard_raw": "flash_flood", "district": null, "lon": 83.8293, "lat": 28.6718, "geo_precision": "exact", "deaths": 2, "missing": 0, "injured": 3, "people_affected": 156, "houses_destroyed": 9, "houses_damaged": 27, "title": "(demo) flash_flood event", "source_url": "", "severity_score": 16.46, "severity_class": "moderate"}}, {"type": "Feature", "geometry": {"type": "Point", "coordinates": [86.3568, 28.036]}, "properties": {"id": "demo-1428", "source": "demo", "date": "2025-06-11", "date_precision": "day", "year": 2025, "month": 6, "hazard": "avalanche", "hazard_raw": "avalanche", "district": null, "lon": 86.3568, "lat": 28.036, "geo_precision": "exact", "deaths": 0, "missing": 0, "injured": 0, "people_affected": 50, "houses_destroyed": 4, "houses_damaged": 8, "title": "(demo) avalanche event", "source_url": "", "severity_score": 1.3, "severity_class": "small"}}, {"type": "Feature", "geometry": {"type": "Point", "coordinates": [82.3282, 29.8902]}, "properties": {"id": "demo-1429", "source": "demo", "date": "2003-10-21", "date_precision": "day", "year": 2003, "month": 10, "hazard": "avalanche", "hazard_raw": "avalanche", "district": null, "lon": 82.3282, "lat": 29.8902, "geo_precision": "exact", "deaths": 0, "missing": 0, "injured": 0, "people_affected": 0, "houses_destroyed": 0, "houses_damaged": 0, "title": "(demo) avalanche event", "source_url": "", "severity_score": 0.0, "severity_class": "minor"}}, {"type": "Feature", "geometry": {"type": "Point", "coordinates": [82.5054, 29.7038]}, "properties": {"id": "demo-1430", "source": "demo", "date": "2010-06-19", "date_precision": "day", "year": 2010, "month": 6, "hazard": "flood", "hazard_raw": "flood", "district": null, "lon": 82.5054, "lat": 29.7038, "geo_precision": "exact", "deaths": 5, "missing": 0, "injured": 4, "people_affected": 0, "houses_destroyed": 0, "houses_damaged": 0, "title": "(demo) flood event", "source_url": "", "severity_score": 29.0, "severity_class": "major"}}, {"type": "Feature", "geometry": {"type": "Point", "coordinates": [86.668, 27.9574]}, "properties": {"id": "demo-1431", "source": "demo", "date": "2010-06-27", "date_precision": "day", "year": 2010, "month": 6, "hazard": "glof", "hazard_raw": "glof", "district": null, "lon": 86.668, "lat": 27.9574, "geo_precision": "exact", "deaths": 1, "missing": 0, "injured": 1, "people_affected": 0, "houses_destroyed": 0, "houses_damaged": 0, "title": "(demo) glof event", "source_url": "", "severity_score": 6.0, "severity_class": "moderate"}}, {"type": "Feature", "geometry": {"type": "Point", "coordinates": [86.5904, 27.8872]}, "properties": {"id": "demo-1432", "source": "demo", "date": "2009-08-27", "date_precision": "day", "year": 2009, "month": 8, "hazard": "avalanche", "hazard_raw": "avalanche", "district": null, "lon": 86.5904, "lat": 27.8872, "geo_precision": "exact", "deaths": 2, "missing": 0, "injured": 2, "people_affected": 83, "houses_destroyed": 12, "houses_damaged": 33, "title": "(demo) avalanche event", "source_url": "", "severity_score": 16.22, "severity_class": "moderate"}}, {"type": "Feature", "geometry": {"type": "Point", "coordinates": [85.5778, 28.2089]}, "properties": {"id": "demo-1433", "source": "demo", "date": "1990-07-02", "date_precision": "day", "year": 1990, "month": 7, "hazard": "flash_flood", "hazard_raw": "flash_flood", "district": null, "lon": 85.5778, "lat": 28.2089, "geo_precision": "exact", "deaths": 0, "missing": 0, "injured": 0, "people_affected": 0, "houses_destroyed": 0, "houses_damaged": 0, "title": "(demo) flash_flood event", "source_url": "", "severity_score": 0.0, "severity_class": "minor"}}, {"type": "Feature", "geometry": {"type": "Point", "coordinates": [85.7954, 26.9343]}, "properties": {"id": "demo-1434", "source": "demo", "date": "2020-07-06", "date_precision": "day", "year": 2020, "month": 7, "hazard": "flood", "hazard_raw": "flood", "district": null, "lon": 85.7954, "lat": 26.9343, "geo_precision": "exact", "deaths": 1, "missing": 0, "injured": 1, "people_affected": 44, "houses_destroyed": 5, "houses_damaged": 12, "title": "(demo) flood event", "source_url": "", "severity_score": 7.69, "severity_class": "moderate"}}, {"type": "Feature", "geometry": {"type": "Point", "coordinates": [81.8814, 29.6132]}, "properties": {"id": "demo-1435", "source": "demo", "date": "1987-09-28", "date_precision": "day", "year": 1987, "month": 9, "hazard": "landslide", "hazard_raw": "landslide", "district": null, "lon": 81.8814, "lat": 29.6132, "geo_precision": "exact", "deaths": 1, "missing": 0, "injured": 0, "people_affected": 0, "houses_destroyed": 0, "houses_damaged": 0, "title": "(demo) landslide event", "source_url": "", "severity_score": 5.0, "severity_class": "moderate"}}, {"type": "Feature", "geometry": {"type": "Point", "coordinates": [85.0508, 27.9278]}, "properties": {"id": "demo-1436", "source": "demo", "date": "1983-08-10", "date_precision": "day", "year": 1983, "month": 8, "hazard": "landslide", "hazard_raw": "landslide", "district": null, "lon": 85.0508, "lat": 27.9278, "geo_precision": "exact", "deaths": 0, "missing": 0, "injured": 0, "people_affected": 0, "houses_destroyed": 0, "houses_damaged": 0, "title": "(demo) landslide event", "source_url": "", "severity_score": 0.0, "severity_class": "minor"}}, {"type": "Feature", "geometry": {"type": "Point", "coordinates": [82.7448, 29.5965]}, "properties": {"id": "demo-1437", "source": "demo", "date": "1996-07-23", "date_precision": "day", "year": 1996, "month": 7, "hazard": "avalanche", "hazard_raw": "avalanche", "district": null, "lon": 82.7448, "lat": 29.5965, "geo_precision": "exact", "deaths": 0, "missing": 0, "injured": 0, "people_affected": 37, "houses_destroyed": 2, "houses_damaged": 3, "title": "(demo) avalanche event", "source_url": "", "severity_score": 0.62, "severity_class": "small"}}, {"type": "Feature", "geometry": {"type": "Point", "coordinates": [87.6249, 26.518]}, "properties": {"id": "demo-1438", "source": "demo", "date": "2020-07-25", "date_precision": "day", "year": 2020, "month": 7, "hazard": "flood", "hazard_raw": "flood", "district": null, "lon": 87.6249, "lat": 26.518, "geo_precision": "exact", "deaths": 0, "missing": 0, "injured": 0, "people_affected": 59, "houses_destroyed": 4, "houses_damaged": 4, "title": "(demo) flood event", "source_url": "", "severity_score": 1.12, "severity_class": "small"}}, {"type": "Feature", "geometry": {"type": "Point", "coordinates": [81.0737, 29.5357]}, "properties": {"id": "demo-1439", "source": "demo", "date": "2023-07-06", "date_precision": "day", "year": 2023, "month": 7, "hazard": "landslide", "hazard_raw": "landslide", "district": null, "lon": 81.0737, "lat": 29.5357, "geo_precision": "exact", "deaths": 0, "missing": 0, "injured": 0, "people_affected": 0, "houses_destroyed": 0, "houses_damaged": 0, "title": "(demo) landslide event", "source_url": "", "severity_score": 0.0, "severity_class": "minor"}}, {"type": "Feature", "geometry": {"type": "Point", "coordinates": [83.7885, 28.86]}, "properties": {"id": "demo-1440", "source": "demo", "date": "2001-07-05", "date_precision": "day", "year": 2001, "month": 7, "hazard": "flash_flood", "hazard_raw": "flash_flood", "district": null, "lon": 83.7885, "lat": 28.86, "geo_precision": "exact", "deaths": 2, "missing": 0, "injured": 3, "people_affected": 0, "houses_destroyed": 0, "houses_damaged": 0, "title": "(demo) flash_flood event", "source_url": "", "severity_score": 13.0, "severity_class": "moderate"}}, {"type": "Feature", "geometry": {"type": "Point", "coordinates": [83.8574, 28.4766]}, "properties": {"id": "demo-1441", "source": "demo", "date": "1977-09-11", "date_precision": "day", "year": 1977, "month": 9, "hazard": "glof", "hazard_raw": "glof", "district": null, "lon": 83.8574, "lat": 28.4766, "geo_precision": "exact", "deaths": 13, "missing": 4, "injured": 22, "people_affected": 430, "houses_destroyed": 48, "houses_damaged": 172, "title": "(demo) glof event", "source_url": "", "severity_score": 126.06, "severity_class": "catastrophic"}}, {"type": "Feature", "geometry": {"type": "Point", "coordinates": [83.6023, 28.2933]}, "properties": {"id": "demo-1442", "source": "demo", "date": "2024-12-17", "date_precision": "day", "year": 2024, "month": 12, "hazard": "landslide", "hazard_raw": "landslide", "district": null, "lon": 83.6023, "lat": 28.2933, "geo_precision": "exact", "deaths": 0, "missing": 0, "injured": 0, "people_affected": 0, "houses_destroyed": 0, "houses_damaged": 0, "title": "(demo) landslide event", "source_url": "", "severity_score": 0.0, "severity_class": "minor"}}, {"type": "Feature", "geometry": {"type": "Point", "coordinates": [86.074, 28.3159]}, "properties": {"id": "demo-1443", "source": "demo", "date": "1972-08-01", "date_precision": "day", "year": 1972, "month": 8, "hazard": "glof", "hazard_raw": "glof", "district": null, "lon": 86.074, "lat": 28.3159, "geo_precision": "exact", "deaths": 7, "missing": 1, "injured": 12, "people_affected": 368, "houses_destroyed": 48, "houses_damaged": 53, "title": "(demo) glof event", "source_url": "", "severity_score": 64.99, "severity_class": "major"}}, {"type": "Feature", "geometry": {"type": "Point", "coordinates": [83.4199, 28.5658]}, "properties": {"id": "demo-1444", "source": "demo", "date": "1980-05-28", "date_precision": "day", "year": 1980, "month": 5, "hazard": "landslide", "hazard_raw": "landslide", "district": null, "lon": 83.4199, "lat": 28.5658, "geo_precision": "exact", "deaths": 1, "missing": 0, "injured": 0, "people_affected": 80, "houses_destroyed": 7, "houses_damaged": 23, "title": "(demo) landslide event", "source_url": "", "severity_score": 7.71, "severity_class": "moderate"}}, {"type": "Feature", "geometry": {"type": "Point", "coordinates": [81.7631, 29.3941]}, "properties": {"id": "demo-1445", "source": "demo", "date": "1982-08-14", "date_precision": "day", "year": 1982, "month": 8, "hazard": "landslide", "hazard_raw": "landslide", "district": null, "lon": 81.7631, "lat": 29.3941, "geo_precision": "exact", "deaths": 0, "missing": 0, "injured": 0, "people_affected": 193, "houses_destroyed": 13, "houses_damaged": 51, "title": "(demo) landslide event", "source_url": "", "severity_score": 5.54, "severity_class": "moderate"}}, {"type": "Feature", "geometry": {"type": "Point", "coordinates": [84.0445, 27.4811]}, "properties": {"id": "demo-1446", "source": "demo", "date": "2012-09-10", "date_precision": "day", "year": 2012, "month": 9, "hazard": "flood", "hazard_raw": "flood", "district": null, "lon": 84.0445, "lat": 27.4811, "geo_precision": "exact", "deaths": 4, "missing": 1, "injured": 2, "people_affected": 12, "houses_destroyed": 1, "houses_damaged": 3, "title": "(demo) flood event", "source_url": "", "severity_score": 27.37, "severity_class": "major"}}, {"type": "Feature", "geometry": {"type": "Point", "coordinates": [80.3794, 29.1577]}, "properties": {"id": "demo-1447", "source": "demo", "date": "2023-03-13", "date_precision": "day", "year": 2023, "month": 3, "hazard": "landslide", "hazard_raw": "landslide", "district": null, "lon": 80.3794, "lat": 29.1577, "geo_precision": "exact", "deaths": 1, "missing": 0, "injured": 1, "people_affected": 32, "houses_destroyed": 2, "houses_damaged": 5, "title": "(demo) landslide event", "source_url": "", "severity_score": 6.71, "severity_class": "moderate"}}, {"type": "Feature", "geometry": {"type": "Point", "coordinates": [85.8029, 28.1448]}, "properties": {"id": "demo-1448", "source": "demo", "date": "2006-11-21", "date_precision": "day", "year": 2006, "month": 11, "hazard": "landslide", "hazard_raw": "landslide", "district": null, "lon": 85.8029, "lat": 28.1448, "geo_precision": "exact", "deaths": 0, "missing": 0, "injured": 0, "people_affected": 52, "houses_destroyed": 3, "houses_damaged": 4, "title": "(demo) landslide event", "source_url": "", "severity_score": 0.9, "severity_class": "small"}}, {"type": "Feature", "geometry": {"type": "Point", "coordinates": [85.0912, 28.1855]}, "properties": {"id": "demo-1449", "source": "demo", "date": "2003-10-10", "date_precision": "day", "year": 2003, "month": 10, "hazard": "debris_flow", "hazard_raw": "debris_flow", "district": null, "lon": 85.0912, "lat": 28.1855, "geo_precision": "exact", "deaths": 3, "missing": 0, "injured": 5, "people_affected": 0, "houses_destroyed": 0, "houses_damaged": 0, "title": "(demo) debris_flow event", "source_url": "", "severity_score": 20.0, "severity_class": "moderate"}}, {"type": "Feature", "geometry": {"type": "Point", "coordinates": [86.3418, 27.8669]}, "properties": {"id": "demo-1450", "source": "demo", "date": "2005-02-01", "date_precision": "day", "year": 2005, "month": 2, "hazard": "glof", "hazard_raw": "glof", "district": null, "lon": 86.3418, "lat": 27.8669, "geo_precision": "exact", "deaths": 53, "missing": 0, "injured": 31, "people_affected": 2121, "houses_destroyed": 195, "houses_damaged": 352, "title": "(demo) glof event", "source_url": "", "severity_score": 356.84, "severity_class": "catastrophic"}}, {"type": "Feature", "geometry": {"type": "Point", "coordinates": [86.6062, 28.043]}, "properties": {"id": "demo-1451", "source": "demo", "date": "2019-08-07", "date_precision": "day", "year": 2019, "month": 8, "hazard": "landslide", "hazard_raw": "landslide", "district": null, "lon": 86.6062, "lat": 28.043, "geo_precision": "exact", "deaths": 1, "missing": 0, "injured": 1, "people_affected": 27, "houses_destroyed": 2, "houses_damaged": 3, "title": "(demo) landslide event", "source_url": "", "severity_score": 6.6, "severity_class": "moderate"}}, {"type": "Feature", "geometry": {"type": "Point", "coordinates": [86.4062, 27.8037]}, "properties": {"id": "demo-1452", "source": "demo", "date": "2000-03-05", "date_precision": "day", "year": 2000, "month": 3, "hazard": "avalanche", "hazard_raw": "avalanche", "district": null, "lon": 86.4062, "lat": 27.8037, "geo_precision": "exact", "deaths": 0, "missing": 0, "injured": 0, "people_affected": 7, "houses_destroyed": 1, "houses_damaged": 2, "title": "(demo) avalanche event", "source_url": "", "severity_score": 0.31, "severity_class": "small"}}, {"type": "Feature", "geometry": {"type": "Point", "coordinates": [86.0902, 28.0419]}, "properties": {"id": "demo-1453", "source": "demo", "date": "2010-09-25", "date_precision": "day", "year": 2010, "month": 9, "hazard": "flood", "hazard_raw": "flood", "district": null, "lon": 86.0902, "lat": 28.0419, "geo_precision": "exact", "deaths": 1, "missing": 0, "injured": 0, "people_affected": 67, "houses_destroyed": 4, "houses_damaged": 14, "title": "(demo) flood event", "source_url": "", "severity_score": 6.63, "severity_class": "moderate"}}, {"type": "Feature", "geometry": {"type": "Point", "coordinates": [86.8775, 27.6681]}, "properties": {"id": "demo-1454", "source": "demo", "date": "1982-07-23", "date_precision": "day", "year": 1982, "month": 7, "hazard": "landslide", "hazard_raw": "landslide", "district": null, "lon": 86.8775, "lat": 27.6681, "geo_precision": "exact", "deaths": 6, "missing": 0, "injured": 4, "people_affected": 474, "houses_destroyed": 64, "houses_damaged": 247, "title": "(demo) landslide event", "source_url": "", "severity_score": 60.1, "severity_class": "major"}}, {"type": "Feature", "geometry": {"type": "Point", "coordinates": [85.6684, 28.1054]}, "properties": {"id": "demo-1455", "source": "demo", "date": "2011-04-08", "date_precision": "day", "year": 2011, "month": 4, "hazard": "debris_flow", "hazard_raw": "debris_flow", "district": null, "lon": 85.6684, "lat": 28.1054, "geo_precision": "exact", "deaths": 0, "missing": 0, "injured": 0, "people_affected": 624, "houses_destroyed": 39, "houses_damaged": 42, "title": "(demo) debris_flow event", "source_url": "", "severity_score": 11.15, "severity_class": "moderate"}}, {"type": "Feature", "geometry": {"type": "Point", "coordinates": [86.6014, 27.7792]}, "properties": {"id": "demo-1456", "source": "demo", "date": "2000-06-15", "date_precision": "day", "year": 2000, "month": 6, "hazard": "landslide", "hazard_raw": "landslide", "district": null, "lon": 86.6014, "lat": 27.7792, "geo_precision": "exact", "deaths": 4, "missing": 0, "injured": 6, "people_affected": 17, "houses_destroyed": 3, "houses_damaged": 10, "title": "(demo) landslide event", "source_url": "", "severity_score": 27.13, "severity_class": "major"}}, {"type": "Feature", "geometry": {"type": "Point", "coordinates": [87.6564, 26.8094]}, "properties": {"id": "demo-1457", "source": "demo", "date": "2016-05-26", "date_precision": "day", "year": 2016, "month": 5, "hazard": "flood", "hazard_raw": "flood", "district": null, "lon": 87.6564, "lat": 26.8094, "geo_precision": "exact", "deaths": 0, "missing": 0, "injured": 0, "people_affected": 21, "houses_destroyed": 3, "houses_damaged": 10, "title": "(demo) flood event", "source_url": "", "severity_score": 1.14, "severity_class": "small"}}, {"type": "Feature", "geometry": {"type": "Point", "coordinates": [84.7401, 27.8245]}, "properties": {"id": "demo-1458", "source": "demo", "date": "1998-11-10", "date_precision": "day", "year": 1998, "month": 11, "hazard": "debris_flow", "hazard_raw": "debris_flow", "district": null, "lon": 84.7401, "lat": 27.8245, "geo_precision": "exact", "deaths": 4, "missing": 1, "injured": 2, "people_affected": 0, "houses_destroyed": 0, "houses_damaged": 0, "title": "(demo) debris_flow event", "source_url": "", "severity_score": 27.0, "severity_class": "major"}}, {"type": "Feature", "geometry": {"type": "Point", "coordinates": [80.8257, 28.4334]}, "properties": {"id": "demo-1459", "source": "demo", "date": "2019-06-26", "date_precision": "day", "year": 2019, "month": 6, "hazard": "flood", "hazard_raw": "flood", "district": null, "lon": 80.8257, "lat": 28.4334, "geo_precision": "exact", "deaths": 0, "missing": 0, "injured": 0, "people_affected": 32, "houses_destroyed": 6, "houses_damaged": 8, "title": "(demo) flood event", "source_url": "", "severity_score": 1.66, "severity_class": "small"}}, {"type": "Feature", "geometry": {"type": "Point", "coordinates": [83.2502, 28.9859]}, "properties": {"id": "demo-1460", "source": "demo", "date": "2025-08-04", "date_precision": "day", "year": 2025, "month": 8, "hazard": "landslide", "hazard_raw": "landslide", "district": null, "lon": 83.2502, "lat": 28.9859, "geo_precision": "exact", "deaths": 0, "missing": 0, "injured": 0, "people_affected": 8, "houses_destroyed": 1, "houses_damaged": 1, "title": "(demo) landslide event", "source_url": "", "severity_score": 0.27, "severity_class": "small"}}, {"type": "Feature", "geometry": {"type": "Point", "coordinates": [83.5724, 28.8708]}, "properties": {"id": "demo-1461", "source": "demo", "date": "2022-06-10", "date_precision": "day", "year": 2022, "month": 6, "hazard": "flash_flood", "hazard_raw": "flash_flood", "district": null, "lon": 83.5724, "lat": 28.8708, "geo_precision": "exact", "deaths": 5, "missing": 0, "injured": 7, "people_affected": 433, "houses_destroyed": 22, "houses_damaged": 32, "title": "(demo) flash_flood event", "source_url": "", "severity_score": 38.87, "severity_class": "major"}}, {"type": "Feature", "geometry": {"type": "Point", "coordinates": [80.5419, 28.7314]}, "properties": {"id": "demo-1462", "source": "demo", "date": "2021-08-22", "date_precision": "day", "year": 2021, "month": 8, "hazard": "flood", "hazard_raw": "flood", "district": null, "lon": 80.5419, "lat": 28.7314, "geo_precision": "exact", "deaths": 1, "missing": 0, "injured": 1, "people_affected": 0, "houses_destroyed": 0, "houses_damaged": 0, "title": "(demo) flood event", "source_url": "", "severity_score": 6.0, "severity_class": "moderate"}}, {"type": "Feature", "geometry": {"type": "Point", "coordinates": [82.2538, 29.4887]}, "properties": {"id": "demo-1463", "source": "demo", "date": "1974-07-27", "date_precision": "day", "year": 1974, "month": 7, "hazard": "avalanche", "hazard_raw": "avalanche", "district": null, "lon": 82.2538, "lat": 29.4887, "geo_precision": "exact", "deaths": 0, "missing": 0, "injured": 0, "people_affected": 10, "houses_destroyed": 1, "houses_damaged": 1, "title": "(demo) avalanche event", "source_url": "", "severity_score": 0.27, "severity_class": "small"}}, {"type": "Feature", "geometry": {"type": "Point", "coordinates": [85.3378, 27.9007]}, "properties": {"id": "demo-1464", "source": "demo", "date": "2007-07-15", "date_precision": "day", "year": 2007, "month": 7, "hazard": "debris_flow", "hazard_raw": "debris_flow", "district": null, "lon": 85.3378, "lat": 27.9007, "geo_precision": "exact", "deaths": 1, "missing": 0, "injured": 0, "people_affected": 0, "houses_destroyed": 0, "houses_damaged": 0, "title": "(demo) debris_flow event", "source_url": "", "severity_score": 5.0, "severity_class": "moderate"}}, {"type": "Feature", "geometry": {"type": "Point", "coordinates": [86.7325, 26.931]}, "properties": {"id": "demo-1465", "source": "demo", "date": "2020-07-26", "date_precision": "day", "year": 2020, "month": 7, "hazard": "flood", "hazard_raw": "flood", "district": null, "lon": 86.7325, "lat": 26.931, "geo_precision": "exact", "deaths": 1, "missing": 0, "injured": 1, "people_affected": 47, "houses_destroyed": 8, "houses_damaged": 29, "title": "(demo) flood event", "source_url": "", "severity_score": 9.14, "severity_class": "moderate"}}, {"type": "Feature", "geometry": {"type": "Point", "coordinates": [83.7509, 27.5972]}, "properties": {"id": "demo-1466", "source": "demo", "date": "1986-03-01", "date_precision": "day", "year": 1986, "month": 3, "hazard": "flood", "hazard_raw": "flood", "district": null, "lon": 83.7509, "lat": 27.5972, "geo_precision": "exact", "deaths": 0, "missing": 0, "injured": 0, "people_affected": 271, "houses_destroyed": 18, "houses_damaged": 21, "title": "(demo) flood event", "source_url": "", "severity_score": 5.19, "severity_class": "moderate"}}, {"type": "Feature", "geometry": {"type": "Point", "coordinates": [86.4351, 27.8872]}, "properties": {"id": "demo-1467", "source": "demo", "date": "2007-09-22", "date_precision": "day", "year": 2007, "month": 9, "hazard": "landslide", "hazard_raw": "landslide", "district": null, "lon": 86.4351, "lat": 27.8872, "geo_precision": "exact", "deaths": 0, "missing": 0, "injured": 0, "people_affected": 42, "houses_destroyed": 9, "houses_damaged": 13, "title": "(demo) landslide event", "source_url": "", "severity_score": 2.53, "severity_class": "small"}}, {"type": "Feature", "geometry": {"type": "Point", "coordinates": [85.6094, 28.1052]}, "properties": {"id": "demo-1468", "source": "demo", "date": "2020-08-07", "date_precision": "day", "year": 2020, "month": 8, "hazard": "landslide", "hazard_raw": "landslide", "district": null, "lon": 85.6094, "lat": 28.1052, "geo_precision": "exact", "deaths": 0, "missing": 0, "injured": 0, "people_affected": 0, "houses_destroyed": 0, "houses_damaged": 0, "title": "(demo) landslide event", "source_url": "", "severity_score": 0.0, "severity_class": "minor"}}, {"type": "Feature", "geometry": {"type": "Point", "coordinates": [86.176, 28.2111]}, "properties": {"id": "demo-1469", "source": "demo", "date": "1986-08-15", "date_precision": "day", "year": 1986, "month": 8, "hazard": "glof", "hazard_raw": "glof", "district": null, "lon": 86.176, "lat": 28.2111, "geo_precision": "exact", "deaths": 0, "missing": 0, "injured": 0, "people_affected": 412, "houses_destroyed": 56, "houses_damaged": 77, "title": "(demo) glof event", "source_url": "", "severity_score": 15.87, "severity_class": "moderate"}}, {"type": "Feature", "geometry": {"type": "Point", "coordinates": [86.8516, 28.0064]}, "properties": {"id": "demo-1470", "source": "demo", "date": "2013-06-18", "date_precision": "day", "year": 2013, "month": 6, "hazard": "glof", "hazard_raw": "glof", "district": null, "lon": 86.8516, "lat": 28.0064, "geo_precision": "exact", "deaths": 8, "missing": 1, "injured": 4, "people_affected": 0, "houses_destroyed": 0, "houses_damaged": 0, "title": "(demo) glof event", "source_url": "", "severity_score": 49.0, "severity_class": "major"}}, {"type": "Feature", "geometry": {"type": "Point", "coordinates": [83.8809, 28.1769]}, "properties": {"id": "demo-1471", "source": "demo", "date": "1987-07-09", "date_precision": "day", "year": 1987, "month": 7, "hazard": "debris_flow", "hazard_raw": "debris_flow", "district": null, "lon": 83.8809, "lat": 28.1769, "geo_precision": "exact", "deaths": 0, "missing": 0, "injured": 0, "people_affected": 10, "houses_destroyed": 1, "houses_damaged": 1, "title": "(demo) debris_flow event", "source_url": "", "severity_score": 0.27, "severity_class": "small"}}, {"type": "Feature", "geometry": {"type": "Point", "coordinates": [83.5789, 28.2907]}, "properties": {"id": "demo-1472", "source": "demo", "date": "1978-08-17", "date_precision": "day", "year": 1978, "month": 8, "hazard": "landslide", "hazard_raw": "landslide", "district": null, "lon": 83.5789, "lat": 28.2907, "geo_precision": "exact", "deaths": 0, "missing": 0, "injured": 0, "people_affected": 0, "houses_destroyed": 0, "houses_damaged": 0, "title": "(demo) landslide event", "source_url": "", "severity_score": 0.0, "severity_class": "minor"}}, {"type": "Feature", "geometry": {"type": "Point", "coordinates": [80.8512, 28.7431]}, "properties": {"id": "demo-1473", "source": "demo", "date": "2002-06-04", "date_precision": "day", "year": 2002, "month": 6, "hazard": "flood", "hazard_raw": "flood", "district": null, "lon": 80.8512, "lat": 28.7431, "geo_precision": "exact", "deaths": 3, "missing": 0, "injured": 4, "people_affected": 0, "houses_destroyed": 0, "houses_damaged": 0, "title": "(demo) flood event", "source_url": "", "severity_score": 19.0, "severity_class": "moderate"}}, {"type": "Feature", "geometry": {"type": "Point", "coordinates": [86.4726, 27.9912]}, "properties": {"id": "demo-1474", "source": "demo", "date": "1990-09-06", "date_precision": "day", "year": 1990, "month": 9, "hazard": "landslide", "hazard_raw": "landslide", "district": null, "lon": 86.4726, "lat": 27.9912, "geo_precision": "exact", "deaths": 0, "missing": 0, "injured": 0, "people_affected": 43, "houses_destroyed": 3, "houses_damaged": 10, "title": "(demo) landslide event", "source_url": "", "severity_score": 1.19, "severity_class": "small"}}, {"type": "Feature", "geometry": {"type": "Point", "coordinates": [86.862, 27.976]}, "properties": {"id": "demo-1475", "source": "demo", "date": "1978-07-24", "date_precision": "day", "year": 1978, "month": 7, "hazard": "landslide", "hazard_raw": "landslide", "district": null, "lon": 86.862, "lat": 27.976, "geo_precision": "exact", "deaths": 0, "missing": 0, "injured": 0, "people_affected": 124, "houses_destroyed": 13, "houses_damaged": 51, "title": "(demo) landslide event", "source_url": "", "severity_score": 5.4, "severity_class": "moderate"}}, {"type": "Feature", "geometry": {"type": "Point", "coordinates": [85.6342, 28.3981]}, "properties": {"id": "demo-1476", "source": "demo", "date": "2020-12-01", "date_precision": "day", "year": 2020, "month": 12, "hazard": "debris_flow", "hazard_raw": "debris_flow", "district": null, "lon": 85.6342, "lat": 28.3981, "geo_precision": "exact", "deaths": 0, "missing": 0, "injured": 0, "people_affected": 144, "houses_destroyed": 9, "houses_damaged": 31, "title": "(demo) debris_flow event", "source_url": "", "severity_score": 3.64, "severity_class": "small"}}, {"type": "Feature", "geometry": {"type": "Point", "coordinates": [84.0474, 29.0647]}, "properties": {"id": "demo-1477", "source": "demo", "date": "2009-05-21", "date_precision": "day", "year": 2009, "month": 5, "hazard": "flash_flood", "hazard_raw": "flash_flood", "district": null, "lon": 84.0474, "lat": 29.0647, "geo_precision": "exact", "deaths": 1, "missing": 0, "injured": 0, "people_affected": 340, "houses_destroyed": 18, "houses_damaged": 38, "title": "(demo) flash_flood event", "source_url": "", "severity_score": 11.18, "severity_class": "moderate"}}, {"type": "Feature", "geometry": {"type": "Point", "coordinates": [86.9971, 27.8864]}, "properties": {"id": "demo-1478", "source": "demo", "date": "2008-07-17", "date_precision": "day", "year": 2008, "month": 7, "hazard": "landslide", "hazard_raw": "landslide", "district": null, "lon": 86.9971, "lat": 27.8864, "geo_precision": "exact", "deaths": 5, "missing": 1, "injured": 5, "people_affected": 83, "houses_destroyed": 7, "houses_damaged": 21, "title": "(demo) landslide event", "source_url": "", "severity_score": 37.62, "severity_class": "major"}}, {"type": "Feature", "geometry": {"type": "Point", "coordinates": [86.2556, 27.6985]}, "properties": {"id": "demo-1479", "source": "demo", "date": "2001-09-19", "date_precision": "day", "year": 2001, "month": 9, "hazard": "flash_flood", "hazard_raw": "flash_flood", "district": null, "lon": 86.2556, "lat": 27.6985, "geo_precision": "exact", "deaths": 3, "missing": 0, "injured": 1, "people_affected": 542, "houses_destroyed": 31, "houses_damaged": 56, "title": "(demo) flash_flood event", "source_url": "", "severity_score": 26.08, "severity_class": "major"}}, {"type": "Feature", "geometry": {"type": "Point", "coordinates": [85.0067, 28.1456]}, "properties": {"id": "demo-1480", "source": "demo", "date": "2017-08-01", "date_precision": "day", "year": 2017, "month": 8, "hazard": "debris_flow", "hazard_raw": "debris_flow", "district": null, "lon": 85.0067, "lat": 28.1456, "geo_precision": "exact", "deaths": 0, "missing": 0, "injured": 0, "people_affected": 0, "houses_destroyed": 0, "houses_damaged": 0, "title": "(demo) debris_flow event", "source_url": "", "severity_score": 0.0, "severity_class": "minor"}}, {"type": "Feature", "geometry": {"type": "Point", "coordinates": [80.9433, 29.3967]}, "properties": {"id": "demo-1481", "source": "demo", "date": "2024-07-27", "date_precision": "day", "year": 2024, "month": 7, "hazard": "landslide", "hazard_raw": "landslide", "district": null, "lon": 80.9433, "lat": 29.3967, "geo_precision": "exact", "deaths": 0, "missing": 0, "injured": 0, "people_affected": 54, "houses_destroyed": 13, "houses_damaged": 34, "title": "(demo) landslide event", "source_url": "", "severity_score": 4.41, "severity_class": "small"}}, {"type": "Feature", "geometry": {"type": "Point", "coordinates": [83.8857, 28.549]}, "properties": {"id": "demo-1482", "source": "demo", "date": "2012-08-19", "date_precision": "day", "year": 2012, "month": 8, "hazard": "landslide", "hazard_raw": "landslide", "district": null, "lon": 83.8857, "lat": 28.549, "geo_precision": "exact", "deaths": 13, "missing": 1, "injured": 22, "people_affected": 583, "houses_destroyed": 57, "houses_damaged": 142, "title": "(demo) landslide event", "source_url": "", "severity_score": 111.67, "severity_class": "catastrophic"}}, {"type": "Feature", "geometry": {"type": "Point", "coordinates": [80.7214, 28.5632]}, "properties": {"id": "demo-1483", "source": "demo", "date": "2025-07-07", "date_precision": "day", "year": 2025, "month": 7, "hazard": "flood", "hazard_raw": "flood", "district": null, "lon": 80.7214, "lat": 28.5632, "geo_precision": "exact", "deaths": 0, "missing": 0, "injured": 0, "people_affected": 0, "houses_destroyed": 0, "houses_damaged": 0, "title": "(demo) flood event", "source_url": "", "severity_score": 0.0, "severity_class": "minor"}}, {"type": "Feature", "geometry": {"type": "Point", "coordinates": [85.1424, 27.5282]}, "properties": {"id": "demo-1484", "source": "demo", "date": "2018-06-17", "date_precision": "day", "year": 2018, "month": 6, "hazard": "landslide", "hazard_raw": "landslide", "district": null, "lon": 85.1424, "lat": 27.5282, "geo_precision": "exact", "deaths": 0, "missing": 0, "injured": 0, "people_affected": 73, "houses_destroyed": 6, "houses_damaged": 22, "title": "(demo) landslide event", "source_url": "", "severity_score": 2.45, "severity_class": "small"}}, {"type": "Feature", "geometry": {"type": "Point", "coordinates": [82.0753, 29.5647]}, "properties": {"id": "demo-1485", "source": "demo", "date": "2017-06-21", "date_precision": "day", "year": 2017, "month": 6, "hazard": "avalanche", "hazard_raw": "avalanche", "district": null, "lon": 82.0753, "lat": 29.5647, "geo_precision": "exact", "deaths": 0, "missing": 0, "injured": 0, "people_affected": 439, "houses_destroyed": 23, "houses_damaged": 90, "title": "(demo) avalanche event", "source_url": "", "severity_score": 9.98, "severity_class": "moderate"}}, {"type": "Feature", "geometry": {"type": "Point", "coordinates": [86.3866, 26.6927]}, "properties": {"id": "demo-1486", "source": "demo", "date": "1977-07-23", "date_precision": "day", "year": 1977, "month": 7, "hazard": "debris_flow", "hazard_raw": "debris_flow", "district": null, "lon": 86.3866, "lat": 26.6927, "geo_precision": "exact", "deaths": 0, "missing": 0, "injured": 0, "people_affected": 45, "houses_destroyed": 7, "houses_damaged": 9, "title": "(demo) debris_flow event", "source_url": "", "severity_score": 1.94, "severity_class": "small"}}, {"type": "Feature", "geometry": {"type": "Point", "coordinates": [85.2483, 28.1146]}, "properties": {"id": "demo-1487", "source": "demo", "date": "2001-08-01", "date_precision": "day", "year": 2001, "month": 8, "hazard": "debris_flow", "hazard_raw": "debris_flow", "district": null, "lon": 85.2483, "lat": 28.1146, "geo_precision": "exact", "deaths": 0, "missing": 0, "injured": 0, "people_affected": 164, "houses_destroyed": 16, "houses_damaged": 47, "title": "(demo) debris_flow event", "source_url": "", "severity_score": 5.88, "severity_class": "moderate"}}, {"type": "Feature", "geometry": {"type": "Point", "coordinates": [86.1516, 28.1377]}, "properties": {"id": "demo-1488", "source": "demo", "date": "2000-05-09", "date_precision": "day", "year": 2000, "month": 5, "hazard": "glof", "hazard_raw": "glof", "district": null, "lon": 86.1516, "lat": 28.1377, "geo_precision": "exact", "deaths": 19, "missing": 4, "injured": 34, "people_affected": 0, "houses_destroyed": 0, "houses_damaged": 0, "title": "(demo) glof event", "source_url": "", "severity_score": 149.0, "severity_class": "catastrophic"}}, {"type": "Feature", "geometry": {"type": "Point", "coordinates": [86.6172, 28.0142]}, "properties": {"id": "demo-1489", "source": "demo", "date": "2019-07-14", "date_precision": "day", "year": 2019, "month": 7, "hazard": "avalanche", "hazard_raw": "avalanche", "district": null, "lon": 86.6172, "lat": 28.0142, "geo_precision": "exact", "deaths": 0, "missing": 0, "injured": 0, "people_affected": 32, "houses_destroyed": 4, "houses_damaged": 15, "title": "(demo) avalanche event", "source_url": "", "severity_score": 1.61, "severity_class": "small"}}, {"type": "Feature", "geometry": {"type": "Point", "coordinates": [86.141, 28.5543]}, "properties": {"id": "demo-1490", "source": "demo", "date": "2019-07-26", "date_precision": "day", "year": 2019, "month": 7, "hazard": "glof", "hazard_raw": "glof", "district": null, "lon": 86.141, "lat": 28.5543, "geo_precision": "exact", "deaths": 0, "missing": 0, "injured": 0, "people_affected": 91, "houses_destroyed": 5, "houses_damaged": 9, "title": "(demo) glof event", "source_url": "", "severity_score": 1.63, "severity_class": "small"}}, {"type": "Feature", "geometry": {"type": "Point", "coordinates": [84.0389, 28.0819]}, "properties": {"id": "demo-1491", "source": "demo", "date": "2017-09-09", "date_precision": "day", "year": 2017, "month": 9, "hazard": "landslide", "hazard_raw": "landslide", "district": null, "lon": 84.0389, "lat": 28.0819, "geo_precision": "exact", "deaths": 1, "missing": 0, "injured": 0, "people_affected": 0, "houses_destroyed": 0, "houses_damaged": 0, "title": "(demo) landslide event", "source_url": "", "severity_score": 5.0, "severity_class": "moderate"}}, {"type": "Feature", "geometry": {"type": "Point", "coordinates": [83.9538, 28.0421]}, "properties": {"id": "demo-1492", "source": "demo", "date": "1975-07-09", "date_precision": "day", "year": 1975, "month": 7, "hazard": "landslide", "hazard_raw": "landslide", "district": null, "lon": 83.9538, "lat": 28.0421, "geo_precision": "exact", "deaths": 7, "missing": 1, "injured": 9, "people_affected": 934, "houses_destroyed": 149, "houses_damaged": 178, "title": "(demo) landslide event", "source_url": "", "severity_score": 89.57, "severity_class": "major"}}, {"type": "Feature", "geometry": {"type": "Point", "coordinates": [85.3931, 27.6449]}, "properties": {"id": "demo-1493", "source": "demo", "date": "2024-07-03", "date_precision": "day", "year": 2024, "month": 7, "hazard": "landslide", "hazard_raw": "landslide", "district": null, "lon": 85.3931, "lat": 27.6449, "geo_precision": "exact", "deaths": 1, "missing": 0, "injured": 1, "people_affected": 0, "houses_destroyed": 0, "houses_damaged": 0, "title": "(demo) landslide event", "source_url": "", "severity_score": 6.0, "severity_class": "moderate"}}, {"type": "Feature", "geometry": {"type": "Point", "coordinates": [81.5266, 29.4143]}, "properties": {"id": "demo-1494", "source": "demo", "date": "2018-08-06", "date_precision": "day", "year": 2018, "month": 8, "hazard": "landslide", "hazard_raw": "landslide", "district": null, "lon": 81.5266, "lat": 29.4143, "geo_precision": "exact", "deaths": 4, "missing": 0, "injured": 7, "people_affected": 1105, "houses_destroyed": 186, "houses_damaged": 422, "title": "(demo) landslide event", "source_url": "", "severity_score": 87.51, "severity_class": "major"}}, {"type": "Feature", "geometry": {"type": "Point", "coordinates": [86.7655, 27.9976]}, "properties": {"id": "demo-1495", "source": "demo", "date": "2002-09-21", "date_precision": "day", "year": 2002, "month": 9, "hazard": "landslide", "hazard_raw": "landslide", "district": null, "lon": 86.7655, "lat": 27.9976, "geo_precision": "exact", "deaths": 0, "missing": 0, "injured": 0, "people_affected": 0, "houses_destroyed": 0, "houses_damaged": 0, "title": "(demo) landslide event", "source_url": "", "severity_score": 0.0, "severity_class": "minor"}}, {"type": "Feature", "geometry": {"type": "Point", "coordinates": [85.5773, 28.4454]}, "properties": {"id": "demo-1496", "source": "demo", "date": "2003-08-09", "date_precision": "day", "year": 2003, "month": 8, "hazard": "landslide", "hazard_raw": "landslide", "district": null, "lon": 85.5773, "lat": 28.4454, "geo_precision": "exact", "deaths": 0, "missing": 0, "injured": 0, "people_affected": 4, "houses_destroyed": 1, "houses_damaged": 2, "title": "(demo) landslide event", "source_url": "", "severity_score": 0.31, "severity_class": "small"}}, {"type": "Feature", "geometry": {"type": "Point", "coordinates": [86.1951, 28.036]}, "properties": {"id": "demo-1497", "source": "demo", "date": "2017-02-14", "date_precision": "day", "year": 2017, "month": 2, "hazard": "glof", "hazard_raw": "glof", "district": null, "lon": 86.1951, "lat": 28.036, "geo_precision": "exact", "deaths": 2, "missing": 0, "injured": 3, "people_affected": 882, "houses_destroyed": 71, "houses_damaged": 272, "title": "(demo) glof event", "source_url": "", "severity_score": 42.56, "severity_class": "major"}}, {"type": "Feature", "geometry": {"type": "Point", "coordinates": [83.9896, 27.6948]}, "properties": {"id": "demo-1498", "source": "demo", "date": "2024-02-28", "date_precision": "day", "year": 2024, "month": 2, "hazard": "flood", "hazard_raw": "flood", "district": null, "lon": 83.9896, "lat": 27.6948, "geo_precision": "exact", "deaths": 13, "missing": 4, "injured": 9, "people_affected": 36, "houses_destroyed": 2, "houses_damaged": 4, "title": "(demo) flood event", "source_url": "", "severity_score": 94.67, "severity_class": "major"}}, {"type": "Feature", "geometry": {"type": "Point", "coordinates": [82.3955, 29.7599]}, "properties": {"id": "demo-1499", "source": "demo", "date": "2024-09-13", "date_precision": "day", "year": 2024, "month": 9, "hazard": "landslide", "hazard_raw": "landslide", "district": null, "lon": 82.3955, "lat": 29.7599, "geo_precision": "exact", "deaths": 0, "missing": 0, "injured": 0, "people_affected": 7, "houses_destroyed": 1, "houses_damaged": 2, "title": "(demo) landslide event", "source_url": "", "severity_score": 0.31, "severity_class": "small"}}, {"type": "Feature", "geometry": {"type": "Point", "coordinates": [84.9317, 28.3035]}, "properties": {"id": "demo-1500", "source": "demo", "date": "1989-08-13", "date_precision": "day", "year": 1989, "month": 8, "hazard": "flash_flood", "hazard_raw": "flash_flood", "district": null, "lon": 84.9317, "lat": 28.3035, "geo_precision": "exact", "deaths": 0, "missing": 0, "injured": 0, "people_affected": 62, "houses_destroyed": 13, "houses_damaged": 28, "title": "(demo) flash_flood event", "source_url": "", "severity_score": 4.12, "severity_class": "small"}}, {"type": "Feature", "geometry": {"type": "Point", "coordinates": [86.9403, 27.719]}, "properties": {"id": "demo-1501", "source": "demo", "date": "2002-09-20", "date_precision": "day", "year": 2002, "month": 9, "hazard": "flood", "hazard_raw": "flood", "district": null, "lon": 86.9403, "lat": 27.719, "geo_precision": "exact", "deaths": 8, "missing": 2, "injured": 15, "people_affected": 2252, "houses_destroyed": 233, "houses_damaged": 304, "title": "(demo) flood event", "source_url": "", "severity_score": 131.3, "severity_class": "catastrophic"}}, {"type": "Feature", "geometry": {"type": "Point", "coordinates": [82.0736, 29.6088]}, "properties": {"id": "demo-1502", "source": "demo", "date": "2012-07-18", "date_precision": "day", "year": 2012, "month": 7, "hazard": "avalanche", "hazard_raw": "avalanche", "district": null, "lon": 82.0736, "lat": 29.6088, "geo_precision": "exact", "deaths": 1, "missing": 0, "injured": 1, "people_affected": 30, "houses_destroyed": 5, "houses_damaged": 15, "title": "(demo) avalanche event", "source_url": "", "severity_score": 7.81, "severity_class": "moderate"}}, {"type": "Feature", "geometry": {"type": "Point", "coordinates": [85.5048, 27.1468]}, "properties": {"id": "demo-1503", "source": "demo", "date": "2010-01-09", "date_precision": "day", "year": 2010, "month": 1, "hazard": "avalanche", "hazard_raw": "avalanche", "district": null, "lon": 85.5048, "lat": 27.1468, "geo_precision": "exact", "deaths": 6, "missing": 1, "injured": 9, "people_affected": 0, "houses_destroyed": 0, "houses_damaged": 0, "title": "(demo) avalanche event", "source_url": "", "severity_score": 44.0, "severity_class": "major"}}, {"type": "Feature", "geometry": {"type": "Point", "coordinates": [85.1773, 27.3855]}, "properties": {"id": "demo-1504", "source": "demo", "date": "1982-07-16", "date_precision": "day", "year": 1982, "month": 7, "hazard": "landslide", "hazard_raw": "landslide", "district": null, "lon": 85.1773, "lat": 27.3855, "geo_precision": "exact", "deaths": 0, "missing": 0, "injured": 0, "people_affected": 23, "houses_destroyed": 6, "houses_damaged": 8, "title": "(demo) landslide event", "source_url": "", "severity_score": 1.65, "severity_class": "small"}}, {"type": "Feature", "geometry": {"type": "Point", "coordinates": [82.1043, 29.7739]}, "properties": {"id": "demo-1505", "source": "demo", "date": "2002-07-06", "date_precision": "day", "year": 2002, "month": 7, "hazard": "landslide", "hazard_raw": "landslide", "district": null, "lon": 82.1043, "lat": 29.7739, "geo_precision": "exact", "deaths": 1, "missing": 0, "injured": 1, "people_affected": 63, "houses_destroyed": 8, "houses_damaged": 20, "title": "(demo) landslide event", "source_url": "", "severity_score": 8.73, "severity_class": "moderate"}}, {"type": "Feature", "geometry": {"type": "Point", "coordinates": [81.535, 29.281]}, "properties": {"id": "demo-1506", "source": "demo", "date": "2016-07-01", "date_precision": "day", "year": 2016, "month": 7, "hazard": "landslide", "hazard_raw": "landslide", "district": null, "lon": 81.535, "lat": 29.281, "geo_precision": "exact", "deaths": 0, "missing": 0, "injured": 0, "people_affected": 26, "houses_destroyed": 4, "houses_damaged": 11, "title": "(demo) landslide event", "source_url": "", "severity_score": 1.4, "severity_class": "small"}}, {"type": "Feature", "geometry": {"type": "Point", "coordinates": [85.7874, 27.8984]}, "properties": {"id": "demo-1507", "source": "demo", "date": "1980-10-16", "date_precision": "day", "year": 1980, "month": 10, "hazard": "debris_flow", "hazard_raw": "debris_flow", "district": null, "lon": 85.7874, "lat": 27.8984, "geo_precision": "exact", "deaths": 1, "missing": 0, "injured": 0, "people_affected": 109, "houses_destroyed": 7, "houses_damaged": 26, "title": "(demo) debris_flow event", "source_url": "", "severity_score": 7.92, "severity_class": "moderate"}}, {"type": "Feature", "geometry": {"type": "Point", "coordinates": [81.5379, 29.2003]}, "properties": {"id": "demo-1508", "source": "demo", "date": "2009-06-17", "date_precision": "day", "year": 2009, "month": 6, "hazard": "landslide", "hazard_raw": "landslide", "district": null, "lon": 81.5379, "lat": 29.2003, "geo_precision": "exact", "deaths": 0, "missing": 0, "injured": 0, "people_affected": 9, "houses_destroyed": 1, "houses_damaged": 1, "title": "(demo) landslide event", "source_url": "", "severity_score": 0.27, "severity_class": "small"}}, {"type": "Feature", "geometry": {"type": "Point", "coordinates": [85.3476, 28.3247]}, "properties": {"id": "demo-1509", "source": "demo", "date": "2007-09-15", "date_precision": "day", "year": 2007, "month": 9, "hazard": "glof", "hazard_raw": "glof", "district": null, "lon": 85.3476, "lat": 28.3247, "geo_precision": "exact", "deaths": 31, "missing": 5, "injured": 16, "people_affected": 822, "houses_destroyed": 85, "houses_damaged": 147, "title": "(demo) glof event", "source_url": "", "severity_score": 221.99, "severity_class": "catastrophic"}}, {"type": "Feature", "geometry": {"type": "Point", "coordinates": [85.9336, 28.2565]}, "properties": {"id": "demo-1510", "source": "demo", "date": "2006-10-20", "date_precision": "day", "year": 2006, "month": 10, "hazard": "flash_flood", "hazard_raw": "flash_flood", "district": null, "lon": 85.9336, "lat": 28.2565, "geo_precision": "exact", "deaths": 3, "missing": 0, "injured": 4, "people_affected": 94, "houses_destroyed": 5, "houses_damaged": 14, "title": "(demo) flash_flood event", "source_url": "", "severity_score": 20.89, "severity_class": "moderate"}}, {"type": "Feature", "geometry": {"type": "Point", "coordinates": [82.1118, 29.7337]}, "properties": {"id": "demo-1511", "source": "demo", "date": "2025-06-24", "date_precision": "day", "year": 2025, "month": 6, "hazard": "avalanche", "hazard_raw": "avalanche", "district": null, "lon": 82.1118, "lat": 29.7337, "geo_precision": "exact", "deaths": 0, "missing": 0, "injured": 0, "people_affected": 0, "houses_destroyed": 0, "houses_damaged": 0, "title": "(demo) avalanche event", "source_url": "", "severity_score": 0.0, "severity_class": "minor"}}, {"type": "Feature", "geometry": {"type": "Point", "coordinates": [85.7338, 28.0467]}, "properties": {"id": "demo-1512", "source": "demo", "date": "2001-07-12", "date_precision": "day", "year": 2001, "month": 7, "hazard": "landslide", "hazard_raw": "landslide", "district": null, "lon": 85.7338, "lat": 28.0467, "geo_precision": "exact", "deaths": 0, "missing": 0, "injured": 0, "people_affected": 32, "houses_destroyed": 5, "houses_damaged": 14, "title": "(demo) landslide event", "source_url": "", "severity_score": 1.76, "severity_class": "small"}}, {"type": "Feature", "geometry": {"type": "Point", "coordinates": [83.717, 28.527]}, "properties": {"id": "demo-1513", "source": "demo", "date": "2008-08-26", "date_precision": "day", "year": 2008, "month": 8, "hazard": "flash_flood", "hazard_raw": "flash_flood", "district": null, "lon": 83.717, "lat": 28.527, "geo_precision": "exact", "deaths": 1, "missing": 0, "injured": 0, "people_affected": 192, "houses_destroyed": 10, "houses_damaged": 25, "title": "(demo) flash_flood event", "source_url": "", "severity_score": 8.63, "severity_class": "moderate"}}, {"type": "Feature", "geometry": {"type": "Point", "coordinates": [84.0374, 27.9467]}, "properties": {"id": "demo-1514", "source": "demo", "date": "1983-05-14", "date_precision": "day", "year": 1983, "month": 5, "hazard": "flood", "hazard_raw": "flood", "district": null, "lon": 84.0374, "lat": 27.9467, "geo_precision": "exact", "deaths": 0, "missing": 0, "injured": 0, "people_affected": 59, "houses_destroyed": 3, "houses_damaged": 5, "title": "(demo) flood event", "source_url": "", "severity_score": 0.97, "severity_class": "small"}}, {"type": "Feature", "geometry": {"type": "Point", "coordinates": [85.7802, 28.3107]}, "properties": {"id": "demo-1515", "source": "demo", "date": "2015-09-17", "date_precision": "day", "year": 2015, "month": 9, "hazard": "glof", "hazard_raw": "glof", "district": null, "lon": 85.7802, "lat": 28.3107, "geo_precision": "exact", "deaths": 123, "missing": 5, "injured": 222, "people_affected": 8935, "houses_destroyed": 568, "houses_damaged": 1424, "title": "(demo) glof event", "source_url": "", "severity_score": 1064.67, "severity_class": "catastrophic"}}, {"type": "Feature", "geometry": {"type": "Point", "coordinates": [80.3833, 28.8617]}, "properties": {"id": "demo-1516", "source": "demo", "date": "2013-10-17", "date_precision": "day", "year": 2013, "month": 10, "hazard": "landslide", "hazard_raw": "landslide", "district": null, "lon": 80.3833, "lat": 28.8617, "geo_precision": "exact", "deaths": 0, "missing": 0, "injured": 0, "people_affected": 14, "houses_destroyed": 1, "houses_damaged": 2, "title": "(demo) landslide event", "source_url": "", "severity_score": 0.33, "severity_class": "small"}}, {"type": "Feature", "geometry": {"type": "Point", "coordinates": [85.5325, 28.2264]}, "properties": {"id": "demo-1517", "source": "demo", "date": "2018-07-05", "date_precision": "day", "year": 2018, "month": 7, "hazard": "flood", "hazard_raw": "flood", "district": null, "lon": 85.5325, "lat": 28.2264, "geo_precision": "exact", "deaths": 0, "missing": 0, "injured": 0, "people_affected": 34, "houses_destroyed": 5, "houses_damaged": 7, "title": "(demo) flood event", "source_url": "", "severity_score": 1.42, "severity_class": "small"}}, {"type": "Feature", "geometry": {"type": "Point", "coordinates": [81.8049, 29.5263]}, "properties": {"id": "demo-1518", "source": "demo", "date": "2002-07-10", "date_precision": "day", "year": 2002, "month": 7, "hazard": "landslide", "hazard_raw": "landslide", "district": null, "lon": 81.8049, "lat": 29.5263, "geo_precision": "exact", "deaths": 0, "missing": 0, "injured": 0, "people_affected": 0, "houses_destroyed": 0, "houses_damaged": 0, "title": "(demo) landslide event", "source_url": "", "severity_score": 0.0, "severity_class": "minor"}}, {"type": "Feature", "geometry": {"type": "Point", "coordinates": [84.2161, 28.2935]}, "properties": {"id": "demo-1519", "source": "demo", "date": "2009-07-08", "date_precision": "day", "year": 2009, "month": 7, "hazard": "landslide", "hazard_raw": "landslide", "district": null, "lon": 84.2161, "lat": 28.2935, "geo_precision": "exact", "deaths": 0, "missing": 0, "injured": 0, "people_affected": 40, "houses_destroyed": 5, "houses_damaged": 9, "title": "(demo) landslide event", "source_url": "", "severity_score": 1.53, "severity_class": "small"}}, {"type": "Feature", "geometry": {"type": "Point", "coordinates": [86.628, 27.9104]}, "properties": {"id": "demo-1520", "source": "demo", "date": "2023-09-06", "date_precision": "day", "year": 2023, "month": 9, "hazard": "landslide", "hazard_raw": "landslide", "district": null, "lon": 86.628, "lat": 27.9104, "geo_precision": "exact", "deaths": 0, "missing": 0, "injured": 0, "people_affected": 0, "houses_destroyed": 0, "houses_damaged": 0, "title": "(demo) landslide event", "source_url": "", "severity_score": 0.0, "severity_class": "minor"}}, {"type": "Feature", "geometry": {"type": "Point", "coordinates": [82.0926, 29.8488]}, "properties": {"id": "demo-1521", "source": "demo", "date": "2002-07-04", "date_precision": "day", "year": 2002, "month": 7, "hazard": "avalanche", "hazard_raw": "avalanche", "district": null, "lon": 82.0926, "lat": 29.8488, "geo_precision": "exact", "deaths": 0, "missing": 0, "injured": 0, "people_affected": 16, "houses_destroyed": 1, "houses_damaged": 1, "title": "(demo) avalanche event", "source_url": "", "severity_score": 0.28, "severity_class": "small"}}, {"type": "Feature", "geometry": {"type": "Point", "coordinates": [83.7731, 27.4141]}, "properties": {"id": "demo-1522", "source": "demo", "date": "2005-07-06", "date_precision": "day", "year": 2005, "month": 7, "hazard": "flood", "hazard_raw": "flood", "district": null, "lon": 83.7731, "lat": 27.4141, "geo_precision": "exact", "deaths": 0, "missing": 0, "injured": 0, "people_affected": 179, "houses_destroyed": 12, "houses_damaged": 30, "title": "(demo) flood event", "source_url": "", "severity_score": 4.26, "severity_class": "small"}}, {"type": "Feature", "geometry": {"type": "Point", "coordinates": [86.3504, 28.7749]}, "properties": {"id": "demo-1523", "source": "demo", "date": "2025-07-28", "date_precision": "day", "year": 2025, "month": 7, "hazard": "landslide", "hazard_raw": "landslide", "district": null, "lon": 86.3504, "lat": 28.7749, "geo_precision": "exact", "deaths": 0, "missing": 0, "injured": 0, "people_affected": 48, "houses_destroyed": 4, "houses_damaged": 6, "title": "(demo) landslide event", "source_url": "", "severity_score": 1.2, "severity_class": "small"}}, {"type": "Feature", "geometry": {"type": "Point", "coordinates": [83.9903, 28.5783]}, "properties": {"id": "demo-1524", "source": "demo", "date": "2017-03-07", "date_precision": "day", "year": 2017, "month": 3, "hazard": "flash_flood", "hazard_raw": "flash_flood", "district": null, "lon": 83.9903, "lat": 28.5783, "geo_precision": "exact", "deaths": 0, "missing": 0, "injured": 0, "people_affected": 74, "houses_destroyed": 4, "houses_damaged": 6, "title": "(demo) flash_flood event", "source_url": "", "severity_score": 1.25, "severity_class": "small"}}, {"type": "Feature", "geometry": {"type": "Point", "coordinates": [83.5668, 28.0911]}, "properties": {"id": "demo-1525", "source": "demo", "date": "1986-09-27", "date_precision": "day", "year": 1986, "month": 9, "hazard": "debris_flow", "hazard_raw": "debris_flow", "district": null, "lon": 83.5668, "lat": 28.0911, "geo_precision": "exact", "deaths": 1, "missing": 0, "injured": 0, "people_affected": 12, "houses_destroyed": 2, "houses_damaged": 4, "title": "(demo) debris_flow event", "source_url": "", "severity_score": 5.62, "severity_class": "moderate"}}, {"type": "Feature", "geometry": {"type": "Point", "coordinates": [83.8121, 28.0924]}, "properties": {"id": "demo-1526", "source": "demo", "date": "2025-03-03", "date_precision": "day", "year": 2025, "month": 3, "hazard": "landslide", "hazard_raw": "landslide", "district": null, "lon": 83.8121, "lat": 28.0924, "geo_precision": "exact", "deaths": 0, "missing": 0, "injured": 0, "people_affected": 0, "houses_destroyed": 0, "houses_damaged": 0, "title": "(demo) landslide event", "source_url": "", "severity_score": 0.0, "severity_class": "minor"}}, {"type": "Feature", "geometry": {"type": "Point", "coordinates": [85.4565, 26.9708]}, "properties": {"id": "demo-1527", "source": "demo", "date": "2016-07-24", "date_precision": "day", "year": 2016, "month": 7, "hazard": "landslide", "hazard_raw": "landslide", "district": null, "lon": 85.4565, "lat": 26.9708, "geo_precision": "exact", "deaths": 0, "missing": 0, "injured": 0, "people_affected": 0, "houses_destroyed": 0, "houses_damaged": 0, "title": "(demo) landslide event", "source_url": "", "severity_score": 0.0, "severity_class": "minor"}}, {"type": "Feature", "geometry": {"type": "Point", "coordinates": [83.5689, 28.7952]}, "properties": {"id": "demo-1528", "source": "demo", "date": "1990-10-24", "date_precision": "day", "year": 1990, "month": 10, "hazard": "flood", "hazard_raw": "flood", "district": null, "lon": 83.5689, "lat": 28.7952, "geo_precision": "exact", "deaths": 3, "missing": 1, "injured": 5, "people_affected": 337, "houses_destroyed": 22, "houses_damaged": 78, "title": "(demo) flood event", "source_url": "", "severity_score": 33.97, "severity_class": "major"}}, {"type": "Feature", "geometry": {"type": "Point", "coordinates": [85.8029, 28.2064]}, "properties": {"id": "demo-1529", "source": "demo", "date": "2018-05-18", "date_precision": "day", "year": 2018, "month": 5, "hazard": "glof", "hazard_raw": "glof", "district": null, "lon": 85.8029, "lat": 28.2064, "geo_precision": "exact", "deaths": 9, "missing": 2, "injured": 15, "people_affected": 502, "houses_destroyed": 53, "houses_damaged": 143, "title": "(demo) glof event", "source_url": "", "severity_score": 88.75, "severity_class": "major"}}, {"type": "Feature", "geometry": {"type": "Point", "coordinates": [86.8073, 27.9193]}, "properties": {"id": "demo-1530", "source": "demo", "date": "2007-09-23", "date_precision": "day", "year": 2007, "month": 9, "hazard": "landslide", "hazard_raw": "landslide", "district": null, "lon": 86.8073, "lat": 27.9193, "geo_precision": "exact", "deaths": 0, "missing": 0, "injured": 0, "people_affected": 8, "houses_destroyed": 1, "houses_damaged": 3, "title": "(demo) landslide event", "source_url": "", "severity_score": 0.37, "severity_class": "small"}}, {"type": "Feature", "geometry": {"type": "Point", "coordinates": [86.3101, 27.8683]}, "properties": {"id": "demo-1531", "source": "demo", "date": "2001-12-22", "date_precision": "day", "year": 2001, "month": 12, "hazard": "flood", "hazard_raw": "flood", "district": null, "lon": 86.3101, "lat": 27.8683, "geo_precision": "exact", "deaths": 0, "missing": 0, "injured": 0, "people_affected": 0, "houses_destroyed": 0, "houses_damaged": 0, "title": "(demo) flood event", "source_url": "", "severity_score": 0.0, "severity_class": "minor"}}, {"type": "Feature", "geometry": {"type": "Point", "coordinates": [83.5696, 28.8486]}, "properties": {"id": "demo-1532", "source": "demo", "date": "2016-09-11", "date_precision": "day", "year": 2016, "month": 9, "hazard": "flash_flood", "hazard_raw": "flash_flood", "district": null, "lon": 83.5696, "lat": 28.8486, "geo_precision": "exact", "deaths": 0, "missing": 0, "injured": 0, "people_affected": 0, "houses_destroyed": 0, "houses_damaged": 0, "title": "(demo) flash_flood event", "source_url": "", "severity_score": 0.0, "severity_class": "minor"}}, {"type": "Feature", "geometry": {"type": "Point", "coordinates": [87.1164, 26.6181]}, "properties": {"id": "demo-1533", "source": "demo", "date": "2024-06-01", "date_precision": "day", "year": 2024, "month": 6, "hazard": "flood", "hazard_raw": "flood", "district": null, "lon": 87.1164, "lat": 26.6181, "geo_precision": "exact", "deaths": 0, "missing": 0, "injured": 0, "people_affected": 35, "houses_destroyed": 4, "houses_damaged": 11, "title": "(demo) flood event", "source_url": "", "severity_score": 1.42, "severity_class": "small"}}, {"type": "Feature", "geometry": {"type": "Point", "coordinates": [86.5447, 28.0167]}, "properties": {"id": "demo-1534", "source": "demo", "date": "2003-12-19", "date_precision": "day", "year": 2003, "month": 12, "hazard": "glof", "hazard_raw": "glof", "district": null, "lon": 86.5447, "lat": 28.0167, "geo_precision": "exact", "deaths": 0, "missing": 0, "injured": 0, "people_affected": 10, "houses_destroyed": 1, "houses_damaged": 3, "title": "(demo) glof event", "source_url": "", "severity_score": 0.37, "severity_class": "small"}}, {"type": "Feature", "geometry": {"type": "Point", "coordinates": [86.4088, 27.7288]}, "properties": {"id": "demo-1535", "source": "demo", "date": "2003-07-13", "date_precision": "day", "year": 2003, "month": 7, "hazard": "landslide", "hazard_raw": "landslide", "district": null, "lon": 86.4088, "lat": 27.7288, "geo_precision": "exact", "deaths": 2, "missing": 0, "injured": 2, "people_affected": 281, "houses_destroyed": 15, "houses_damaged": 20, "title": "(demo) landslide event", "source_url": "", "severity_score": 16.56, "severity_class": "moderate"}}, {"type": "Feature", "geometry": {"type": "Point", "coordinates": [82.9542, 29.2193]}, "properties": {"id": "demo-1536", "source": "demo", "date": "2022-08-07", "date_precision": "day", "year": 2022, "month": 8, "hazard": "avalanche", "hazard_raw": "avalanche", "district": null, "lon": 82.9542, "lat": 29.2193, "geo_precision": "exact", "deaths": 1, "missing": 0, "injured": 1, "people_affected": 0, "houses_destroyed": 0, "houses_damaged": 0, "title": "(demo) avalanche event", "source_url": "", "severity_score": 6.0, "severity_class": "moderate"}}, {"type": "Feature", "geometry": {"type": "Point", "coordinates": [81.6483, 29.0415]}, "properties": {"id": "demo-1537", "source": "demo", "date": "2025-07-19", "date_precision": "day", "year": 2025, "month": 7, "hazard": "landslide", "hazard_raw": "landslide", "district": null, "lon": 81.6483, "lat": 29.0415, "geo_precision": "exact", "deaths": 0, "missing": 0, "injured": 0, "people_affected": 15, "houses_destroyed": 1, "houses_damaged": 2, "title": "(demo) landslide event", "source_url": "", "severity_score": 0.33, "severity_class": "small"}}, {"type": "Feature", "geometry": {"type": "Point", "coordinates": [85.8192, 26.8806]}, "properties": {"id": "demo-1538", "source": "demo", "date": "2014-05-08", "date_precision": "day", "year": 2014, "month": 5, "hazard": "flood", "hazard_raw": "flood", "district": null, "lon": 85.8192, "lat": 26.8806, "geo_precision": "exact", "deaths": 1, "missing": 0, "injured": 0, "people_affected": 68, "houses_destroyed": 6, "houses_damaged": 19, "title": "(demo) flood event", "source_url": "", "severity_score": 7.29, "severity_class": "moderate"}}, {"type": "Feature", "geometry": {"type": "Point", "coordinates": [85.6114, 27.847]}, "properties": {"id": "demo-1539", "source": "demo", "date": "1996-07-25", "date_precision": "day", "year": 1996, "month": 7, "hazard": "debris_flow", "hazard_raw": "debris_flow", "district": null, "lon": 85.6114, "lat": 27.847, "geo_precision": "exact", "deaths": 0, "missing": 0, "injured": 0, "people_affected": 0, "houses_destroyed": 0, "houses_damaged": 0, "title": "(demo) debris_flow event", "source_url": "", "severity_score": 0.0, "severity_class": "minor"}}, {"type": "Feature", "geometry": {"type": "Point", "coordinates": [87.0998, 27.6588]}, "properties": {"id": "demo-1540", "source": "demo", "date": "1971-05-07", "date_precision": "day", "year": 1971, "month": 5, "hazard": "landslide", "hazard_raw": "landslide", "district": null, "lon": 87.0998, "lat": 27.6588, "geo_precision": "exact", "deaths": 0, "missing": 0, "injured": 0, "people_affected": 0, "houses_destroyed": 0, "houses_damaged": 0, "title": "(demo) landslide event", "source_url": "", "severity_score": 0.0, "severity_class": "minor"}}, {"type": "Feature", "geometry": {"type": "Point", "coordinates": [80.2154, 28.7967]}, "properties": {"id": "demo-1541", "source": "demo", "date": "2025-08-16", "date_precision": "day", "year": 2025, "month": 8, "hazard": "flood", "hazard_raw": "flood", "district": null, "lon": 80.2154, "lat": 28.7967, "geo_precision": "exact", "deaths": 3, "missing": 0, "injured": 2, "people_affected": 0, "houses_destroyed": 0, "houses_damaged": 0, "title": "(demo) flood event", "source_url": "", "severity_score": 17.0, "severity_class": "moderate"}}, {"type": "Feature", "geometry": {"type": "Point", "coordinates": [80.3241, 29.0332]}, "properties": {"id": "demo-1542", "source": "demo", "date": "2005-10-23", "date_precision": "day", "year": 2005, "month": 10, "hazard": "flood", "hazard_raw": "flood", "district": null, "lon": 80.3241, "lat": 29.0332, "geo_precision": "exact", "deaths": 0, "missing": 0, "injured": 0, "people_affected": 11, "houses_destroyed": 1, "houses_damaged": 1, "title": "(demo) flood event", "source_url": "", "severity_score": 0.27, "severity_class": "small"}}, {"type": "Feature", "geometry": {"type": "Point", "coordinates": [85.6571, 28.3414]}, "properties": {"id": "demo-1543", "source": "demo", "date": "1978-08-26", "date_precision": "day", "year": 1978, "month": 8, "hazard": "debris_flow", "hazard_raw": "debris_flow", "district": null, "lon": 85.6571, "lat": 28.3414, "geo_precision": "exact", "deaths": 0, "missing": 0, "injured": 0, "people_affected": 178, "houses_destroyed": 11, "houses_damaged": 36, "title": "(demo) debris_flow event", "source_url": "", "severity_score": 4.36, "severity_class": "small"}}, {"type": "Feature", "geometry": {"type": "Point", "coordinates": [87.4974, 26.7549]}, "properties": {"id": "demo-1544", "source": "demo", "date": "2004-08-08", "date_precision": "day", "year": 2004, "month": 8, "hazard": "flood", "hazard_raw": "flood", "district": null, "lon": 87.4974, "lat": 26.7549, "geo_precision": "exact", "deaths": 0, "missing": 0, "injured": 0, "people_affected": 0, "houses_destroyed": 0, "houses_damaged": 0, "title": "(demo) flood event", "source_url": "", "severity_score": 0.0, "severity_class": "minor"}}, {"type": "Feature", "geometry": {"type": "Point", "coordinates": [83.5849, 28.2452]}, "properties": {"id": "demo-1545", "source": "demo", "date": "1982-05-17", "date_precision": "day", "year": 1982, "month": 5, "hazard": "landslide", "hazard_raw": "landslide", "district": null, "lon": 83.5849, "lat": 28.2452, "geo_precision": "exact", "deaths": 0, "missing": 0, "injured": 0, "people_affected": 113, "houses_destroyed": 9, "houses_damaged": 23, "title": "(demo) landslide event", "source_url": "", "severity_score": 3.18, "severity_class": "small"}}, {"type": "Feature", "geometry": {"type": "Point", "coordinates": [85.3204, 27.8259]}, "properties": {"id": "demo-1546", "source": "demo", "date": "2022-08-17", "date_precision": "day", "year": 2022, "month": 8, "hazard": "flood", "hazard_raw": "flood", "district": null, "lon": 85.3204, "lat": 27.8259, "geo_precision": "exact", "deaths": 0, "missing": 0, "injured": 0, "people_affected": 6, "houses_destroyed": 1, "houses_damaged": 2, "title": "(demo) flood event", "source_url": "", "severity_score": 0.31, "severity_class": "small"}}, {"type": "Feature", "geometry": {"type": "Point", "coordinates": [86.6447, 27.7618]}, "properties": {"id": "demo-1547", "source": "demo", "date": "1996-07-12", "date_precision": "day", "year": 1996, "month": 7, "hazard": "glof", "hazard_raw": "glof", "district": null, "lon": 86.6447, "lat": 27.7618, "geo_precision": "exact", "deaths": 3, "missing": 1, "injured": 3, "people_affected": 251, "houses_destroyed": 16, "houses_damaged": 28, "title": "(demo) glof event", "source_url": "", "severity_score": 28.1, "severity_class": "major"}}, {"type": "Feature", "geometry": {"type": "Point", "coordinates": [87.5389, 26.82]}, "properties": {"id": "demo-1548", "source": "demo", "date": "2018-06-23", "date_precision": "day", "year": 2018, "month": 6, "hazard": "landslide", "hazard_raw": "landslide", "district": null, "lon": 87.5389, "lat": 26.82, "geo_precision": "exact", "deaths": 0, "missing": 0, "injured": 0, "people_affected": 21, "houses_destroyed": 2, "houses_damaged": 4, "title": "(demo) landslide event", "source_url": "", "severity_score": 0.64, "severity_class": "small"}}, {"type": "Feature", "geometry": {"type": "Point", "coordinates": [85.4218, 28.2778]}, "properties": {"id": "demo-1549", "source": "demo", "date": "1981-09-12", "date_precision": "day", "year": 1981, "month": 9, "hazard": "landslide", "hazard_raw": "landslide", "district": null, "lon": 85.4218, "lat": 28.2778, "geo_precision": "exact", "deaths": 0, "missing": 0, "injured": 0, "people_affected": 0, "houses_destroyed": 0, "houses_damaged": 0, "title": "(demo) landslide event", "source_url": "", "severity_score": 0.0, "severity_class": "minor"}}, {"type": "Feature", "geometry": {"type": "Point", "coordinates": [82.6992, 29.8214]}, "properties": {"id": "demo-1550", "source": "demo", "date": "2008-06-20", "date_precision": "day", "year": 2008, "month": 6, "hazard": "avalanche", "hazard_raw": "avalanche", "district": null, "lon": 82.6992, "lat": 29.8214, "geo_precision": "exact", "deaths": 0, "missing": 0, "injured": 0, "people_affected": 119, "houses_destroyed": 7, "houses_damaged": 24, "title": "(demo) avalanche event", "source_url": "", "severity_score": 2.84, "severity_class": "small"}}, {"type": "Feature", "geometry": {"type": "Point", "coordinates": [82.0024, 29.257]}, "properties": {"id": "demo-1551", "source": "demo", "date": "2015-08-04", "date_precision": "day", "year": 2015, "month": 8, "hazard": "avalanche", "hazard_raw": "avalanche", "district": null, "lon": 82.0024, "lat": 29.257, "geo_precision": "exact", "deaths": 0, "missing": 0, "injured": 0, "people_affected": 8, "houses_destroyed": 1, "houses_damaged": 1, "title": "(demo) avalanche event", "source_url": "", "severity_score": 0.27, "severity_class": "small"}}, {"type": "Feature", "geometry": {"type": "Point", "coordinates": [85.3351, 28.1208]}, "properties": {"id": "demo-1552", "source": "demo", "date": "1988-06-25", "date_precision": "day", "year": 1988, "month": 6, "hazard": "debris_flow", "hazard_raw": "debris_flow", "district": null, "lon": 85.3351, "lat": 28.1208, "geo_precision": "exact", "deaths": 0, "missing": 0, "injured": 0, "people_affected": 16, "houses_destroyed": 1, "houses_damaged": 2, "title": "(demo) debris_flow event", "source_url": "", "severity_score": 0.33, "severity_class": "small"}}, {"type": "Feature", "geometry": {"type": "Point", "coordinates": [83.4665, 28.8538]}, "properties": {"id": "demo-1553", "source": "demo", "date": "2010-06-26", "date_precision": "day", "year": 2010, "month": 6, "hazard": "flood", "hazard_raw": "flood", "district": null, "lon": 83.4665, "lat": 28.8538, "geo_precision": "exact", "deaths": 2, "missing": 0, "injured": 2, "people_affected": 69, "houses_destroyed": 7, "houses_damaged": 14, "title": "(demo) flood event", "source_url": "", "severity_score": 14.24, "severity_class": "moderate"}}, {"type": "Feature", "geometry": {"type": "Point", "coordinates": [83.633, 28.7591]}, "properties": {"id": "demo-1554", "source": "demo", "date": "2008-06-20", "date_precision": "day", "year": 2008, "month": 6, "hazard": "flash_flood", "hazard_raw": "flash_flood", "district": null, "lon": 83.633, "lat": 28.7591, "geo_precision": "exact", "deaths": 0, "missing": 0, "injured": 0, "people_affected": 10, "houses_destroyed": 1, "houses_damaged": 2, "title": "(demo) flash_flood event", "source_url": "", "severity_score": 0.32, "severity_class": "small"}}, {"type": "Feature", "geometry": {"type": "Point", "coordinates": [84.5082, 28.459]}, "properties": {"id": "demo-1555", "source": "demo", "date": "2012-06-15", "date_precision": "day", "year": 2012, "month": 6, "hazard": "flood", "hazard_raw": "flood", "district": null, "lon": 84.5082, "lat": 28.459, "geo_precision": "exact", "deaths": 2, "missing": 0, "injured": 2, "people_affected": 606, "houses_destroyed": 54, "houses_damaged": 166, "title": "(demo) flood event", "source_url": "", "severity_score": 32.31, "severity_class": "major"}}, {"type": "Feature", "geometry": {"type": "Point", "coordinates": [86.2556, 28.1064]}, "properties": {"id": "demo-1556", "source": "demo", "date": "2003-06-09", "date_precision": "day", "year": 2003, "month": 6, "hazard": "landslide", "hazard_raw": "landslide", "district": null, "lon": 86.2556, "lat": 28.1064, "geo_precision": "exact", "deaths": 2, "missing": 0, "injured": 1, "people_affected": 157, "houses_destroyed": 11, "houses_damaged": 18, "title": "(demo) landslide event", "source_url": "", "severity_score": 14.41, "severity_class": "moderate"}}, {"type": "Feature", "geometry": {"type": "Point", "coordinates": [86.8946, 27.9206]}, "properties": {"id": "demo-1557", "source": "demo", "date": "2000-09-22", "date_precision": "day", "year": 2000, "month": 9, "hazard": "landslide", "hazard_raw": "landslide", "district": null, "lon": 86.8946, "lat": 27.9206, "geo_precision": "exact", "deaths": 0, "missing": 0, "injured": 0, "people_affected": 0, "houses_destroyed": 0, "houses_damaged": 0, "title": "(demo) landslide event", "source_url": "", "severity_score": 0.0, "severity_class": "minor"}}, {"type": "Feature", "geometry": {"type": "Point", "coordinates": [86.6686, 28.2081]}, "properties": {"id": "demo-1558", "source": "demo", "date": "2020-06-06", "date_precision": "day", "year": 2020, "month": 6, "hazard": "flash_flood", "hazard_raw": "flash_flood", "district": null, "lon": 86.6686, "lat": 28.2081, "geo_precision": "exact", "deaths": 9, "missing": 0, "injured": 2, "people_affected": 264, "houses_destroyed": 27, "houses_damaged": 35, "title": "(demo) flash_flood event", "source_url": "", "severity_score": 54.68, "severity_class": "major"}}, {"type": "Feature", "geometry": {"type": "Point", "coordinates": [83.5749, 28.6301]}, "properties": {"id": "demo-1559", "source": "demo", "date": "2002-08-16", "date_precision": "day", "year": 2002, "month": 8, "hazard": "flood", "hazard_raw": "flood", "district": null, "lon": 83.5749, "lat": 28.6301, "geo_precision": "exact", "deaths": 8, "missing": 1, "injured": 6, "people_affected": 133, "houses_destroyed": 36, "houses_damaged": 72, "title": "(demo) flood event", "source_url": "", "severity_score": 62.07, "severity_class": "major"}}, {"type": "Feature", "geometry": {"type": "Point", "coordinates": [86.8008, 27.892]}, "properties": {"id": "demo-1560", "source": "demo", "date": "2020-07-04", "date_precision": "day", "year": 2020, "month": 7, "hazard": "glof", "hazard_raw": "glof", "district": null, "lon": 86.8008, "lat": 27.892, "geo_precision": "exact", "deaths": 2, "missing": 0, "injured": 3, "people_affected": 129, "houses_destroyed": 12, "houses_damaged": 45, "title": "(demo) glof event", "source_url": "", "severity_score": 17.91, "severity_class": "moderate"}}, {"type": "Feature", "geometry": {"type": "Point", "coordinates": [85.0027, 28.0619]}, "properties": {"id": "demo-1561", "source": "demo", "date": "2009-06-17", "date_precision": "day", "year": 2009, "month": 6, "hazard": "flood", "hazard_raw": "flood", "district": null, "lon": 85.0027, "lat": 28.0619, "geo_precision": "exact", "deaths": 1, "missing": 0, "injured": 1, "people_affected": 71, "houses_destroyed": 5, "houses_damaged": 16, "title": "(demo) flood event", "source_url": "", "severity_score": 7.94, "severity_class": "moderate"}}, {"type": "Feature", "geometry": {"type": "Point", "coordinates": [84.9039, 28.1312]}, "properties": {"id": "demo-1562", "source": "demo", "date": "1993-09-16", "date_precision": "day", "year": 1993, "month": 9, "hazard": "flood", "hazard_raw": "flood", "district": null, "lon": 84.9039, "lat": 28.1312, "geo_precision": "exact", "deaths": 0, "missing": 0, "injured": 0, "people_affected": 26, "houses_destroyed": 5, "houses_damaged": 11, "title": "(demo) flood event", "source_url": "", "severity_score": 1.6, "severity_class": "small"}}, {"type": "Feature", "geometry": {"type": "Point", "coordinates": [85.693, 27.789]}, "properties": {"id": "demo-1563", "source": "demo", "date": "1985-09-25", "date_precision": "day", "year": 1985, "month": 9, "hazard": "flash_flood", "hazard_raw": "flash_flood", "district": null, "lon": 85.693, "lat": 27.789, "geo_precision": "exact", "deaths": 0, "missing": 0, "injured": 0, "people_affected": 0, "houses_destroyed": 0, "houses_damaged": 0, "title": "(demo) flash_flood event", "source_url": "", "severity_score": 0.0, "severity_class": "minor"}}, {"type": "Feature", "geometry": {"type": "Point", "coordinates": [85.774, 28.0293]}, "properties": {"id": "demo-1564", "source": "demo", "date": "2026-09-23", "date_precision": "day", "year": 2026, "month": 9, "hazard": "landslide", "hazard_raw": "landslide", "district": null, "lon": 85.774, "lat": 28.0293, "geo_precision": "exact", "deaths": 2, "missing": 0, "injured": 1, "people_affected": 17, "houses_destroyed": 1, "houses_damaged": 2, "title": "(demo) landslide event", "source_url": "", "severity_score": 11.33, "severity_class": "moderate"}}, {"type": "Feature", "geometry": {"type": "Point", "coordinates": [85.731, 28.2156]}, "properties": {"id": "demo-1565", "source": "demo", "date": "2025-07-22", "date_precision": "day", "year": 2025, "month": 7, "hazard": "landslide", "hazard_raw": "landslide", "district": null, "lon": 85.731, "lat": 28.2156, "geo_precision": "exact", "deaths": 0, "missing": 0, "injured": 0, "people_affected": 123, "houses_destroyed": 7, "houses_damaged": 25, "title": "(demo) landslide event", "source_url": "", "severity_score": 2.9, "severity_class": "small"}}, {"type": "Feature", "geometry": {"type": "Point", "coordinates": [85.6815, 28.172]}, "properties": {"id": "demo-1566", "source": "demo", "date": "2022-05-05", "date_precision": "day", "year": 2022, "month": 5, "hazard": "flash_flood", "hazard_raw": "flash_flood", "district": null, "lon": 85.6815, "lat": 28.172, "geo_precision": "exact", "deaths": 2, "missing": 0, "injured": 1, "people_affected": 803, "houses_destroyed": 43, "houses_damaged": 91, "title": "(demo) flash_flood event", "source_url": "", "severity_score": 25.76, "severity_class": "major"}}, {"type": "Feature", "geometry": {"type": "Point", "coordinates": [83.3923, 28.5888]}, "properties": {"id": "demo-1567", "source": "demo", "date": "1980-09-28", "date_precision": "day", "year": 1980, "month": 9, "hazard": "flash_flood", "hazard_raw": "flash_flood", "district": null, "lon": 83.3923, "lat": 28.5888, "geo_precision": "exact", "deaths": 0, "missing": 0, "injured": 0, "people_affected": 33, "houses_destroyed": 2, "houses_damaged": 4, "title": "(demo) flash_flood event", "source_url": "", "severity_score": 0.67, "severity_class": "small"}}, {"type": "Feature", "geometry": {"type": "Point", "coordinates": [86.2012, 26.9896]}, "properties": {"id": "demo-1568", "source": "demo", "date": "2022-09-18", "date_precision": "day", "year": 2022, "month": 9, "hazard": "flood", "hazard_raw": "flood", "district": null, "lon": 86.2012, "lat": 26.9896, "geo_precision": "exact", "deaths": 8, "missing": 1, "injured": 9, "people_affected": 402, "houses_destroyed": 46, "houses_damaged": 48, "title": "(demo) flood event", "source_url": "", "severity_score": 66.4, "severity_class": "major"}}, {"type": "Feature", "geometry": {"type": "Point", "coordinates": [85.5038, 27.5156]}, "properties": {"id": "demo-1569", "source": "demo", "date": "1977-06-27", "date_precision": "day", "year": 1977, "month": 6, "hazard": "landslide", "hazard_raw": "landslide", "district": null, "lon": 85.5038, "lat": 27.5156, "geo_precision": "exact", "deaths": 0, "missing": 0, "injured": 0, "people_affected": 37, "houses_destroyed": 4, "houses_damaged": 4, "title": "(demo) landslide event", "source_url": "", "severity_score": 1.07, "severity_class": "small"}}, {"type": "Feature", "geometry": {"type": "Point", "coordinates": [86.9354, 27.7587]}, "properties": {"id": "demo-1570", "source": "demo", "date": "2004-06-08", "date_precision": "day", "year": 2004, "month": 6, "hazard": "landslide", "hazard_raw": "landslide", "district": null, "lon": 86.9354, "lat": 27.7587, "geo_precision": "exact", "deaths": 0, "missing": 0, "injured": 0, "people_affected": 0, "houses_destroyed": 0, "houses_damaged": 0, "title": "(demo) landslide event", "source_url": "", "severity_score": 0.0, "severity_class": "minor"}}, {"type": "Feature", "geometry": {"type": "Point", "coordinates": [86.7721, 27.9531]}, "properties": {"id": "demo-1571", "source": "demo", "date": "2007-01-14", "date_precision": "day", "year": 2007, "month": 1, "hazard": "avalanche", "hazard_raw": "avalanche", "district": null, "lon": 86.7721, "lat": 27.9531, "geo_precision": "exact", "deaths": 0, "missing": 0, "injured": 0, "people_affected": 22, "houses_destroyed": 2, "houses_damaged": 4, "title": "(demo) avalanche event", "source_url": "", "severity_score": 0.64, "severity_class": "small"}}, {"type": "Feature", "geometry": {"type": "Point", "coordinates": [86.0899, 28.0865]}, "properties": {"id": "demo-1572", "source": "demo", "date": "1982-07-02", "date_precision": "day", "year": 1982, "month": 7, "hazard": "glof", "hazard_raw": "glof", "district": null, "lon": 86.0899, "lat": 28.0865, "geo_precision": "exact", "deaths": 0, "missing": 0, "injured": 0, "people_affected": 71, "houses_destroyed": 19, "houses_damaged": 51, "title": "(demo) glof event", "source_url": "", "severity_score": 6.49, "severity_class": "moderate"}}, {"type": "Feature", "geometry": {"type": "Point", "coordinates": [86.9293, 27.7871]}, "properties": {"id": "demo-1573", "source": "demo", "date": "2021-07-20", "date_precision": "day", "year": 2021, "month": 7, "hazard": "landslide", "hazard_raw": "landslide", "district": null, "lon": 86.9293, "lat": 27.7871, "geo_precision": "exact", "deaths": 0, "missing": 0, "injured": 0, "people_affected": 14, "houses_destroyed": 1, "houses_damaged": 1, "title": "(demo) landslide event", "source_url": "", "severity_score": 0.28, "severity_class": "small"}}, {"type": "Feature", "geometry": {"type": "Point", "coordinates": [87.3014, 26.6103]}, "properties": {"id": "demo-1574", "source": "demo", "date": "2007-08-25", "date_precision": "day", "year": 2007, "month": 8, "hazard": "landslide", "hazard_raw": "landslide", "district": null, "lon": 87.3014, "lat": 26.6103, "geo_precision": "exact", "deaths": 0, "missing": 0, "injured": 0, "people_affected": 3, "houses_destroyed": 1, "houses_damaged": 2, "title": "(demo) landslide event", "source_url": "", "severity_score": 0.31, "severity_class": "small"}}, {"type": "Feature", "geometry": {"type": "Point", "coordinates": [85.7941, 28.0451]}, "properties": {"id": "demo-1575", "source": "demo", "date": "2017-05-13", "date_precision": "day", "year": 2017, "month": 5, "hazard": "flash_flood", "hazard_raw": "flash_flood", "district": null, "lon": 85.7941, "lat": 28.0451, "geo_precision": "exact", "deaths": 0, "missing": 0, "injured": 0, "people_affected": 125, "houses_destroyed": 7, "houses_damaged": 9, "title": "(demo) flash_flood event", "source_url": "", "severity_score": 2.1, "severity_class": "small"}}, {"type": "Feature", "geometry": {"type": "Point", "coordinates": [86.9032, 27.8021]}, "properties": {"id": "demo-1576", "source": "demo", "date": "2024-02-23", "date_precision": "day", "year": 2024, "month": 2, "hazard": "landslide", "hazard_raw": "landslide", "district": null, "lon": 86.9032, "lat": 27.8021, "geo_precision": "exact", "deaths": 0, "missing": 0, "injured": 0, "people_affected": 18, "houses_destroyed": 2, "houses_damaged": 6, "title": "(demo) landslide event", "source_url": "", "severity_score": 0.74, "severity_class": "small"}}, {"type": "Feature", "geometry": {"type": "Point", "coordinates": [81.8104, 29.5859]}, "properties": {"id": "demo-1577", "source": "demo", "date": "2011-04-14", "date_precision": "day", "year": 2011, "month": 4, "hazard": "flash_flood", "hazard_raw": "flash_flood", "district": null, "lon": 81.8104, "lat": 29.5859, "geo_precision": "exact", "deaths": 0, "missing": 0, "injured": 0, "people_affected": 0, "houses_destroyed": 0, "houses_damaged": 0, "title": "(demo) flash_flood event", "source_url": "", "severity_score": 0.0, "severity_class": "minor"}}, {"type": "Feature", "geometry": {"type": "Point", "coordinates": [86.7148, 27.9655]}, "properties": {"id": "demo-1578", "source": "demo", "date": "2025-09-05", "date_precision": "day", "year": 2025, "month": 9, "hazard": "glof", "hazard_raw": "glof", "district": null, "lon": 86.7148, "lat": 27.9655, "geo_precision": "exact", "deaths": 1, "missing": 0, "injured": 1, "people_affected": 153, "houses_destroyed": 48, "houses_damaged": 129, "title": "(demo) glof event", "source_url": "", "severity_score": 22.36, "severity_class": "moderate"}}, {"type": "Feature", "geometry": {"type": "Point", "coordinates": [81.64, 29.0828]}, "properties": {"id": "demo-1579", "source": "demo", "date": "2015-04-16", "date_precision": "day", "year": 2015, "month": 4, "hazard": "landslide", "hazard_raw": "landslide", "district": null, "lon": 81.64, "lat": 29.0828, "geo_precision": "exact", "deaths": 0, "missing": 0, "injured": 0, "people_affected": 18, "houses_destroyed": 1, "houses_damaged": 1, "title": "(demo) landslide event", "source_url": "", "severity_score": 0.29, "severity_class": "small"}}, {"type": "Feature", "geometry": {"type": "Point", "coordinates": [86.2035, 28.3103]}, "properties": {"id": "demo-1580", "source": "demo", "date": "2007-09-21", "date_precision": "day", "year": 2007, "month": 9, "hazard": "glof", "hazard_raw": "glof", "district": null, "lon": 86.2035, "lat": 28.3103, "geo_precision": "exact", "deaths": 1, "missing": 0, "injured": 1, "people_affected": 409, "houses_destroyed": 38, "houses_damaged": 132, "title": "(demo) glof event", "source_url": "", "severity_score": 21.02, "severity_class": "moderate"}}, {"type": "Feature", "geometry": {"type": "Point", "coordinates": [82.5265, 29.5576]}, "properties": {"id": "demo-1581", "source": "demo", "date": "2020-09-19", "date_precision": "day", "year": 2020, "month": 9, "hazard": "debris_flow", "hazard_raw": "debris_flow", "district": null, "lon": 82.5265, "lat": 29.5576, "geo_precision": "exact", "deaths": 1, "missing": 0, "injured": 1, "people_affected": 0, "houses_destroyed": 0, "houses_damaged": 0, "title": "(demo) debris_flow event", "source_url": "", "severity_score": 6.0, "severity_class": "moderate"}}, {"type": "Feature", "geometry": {"type": "Point", "coordinates": [86.8492, 27.5431]}, "properties": {"id": "demo-1582", "source": "demo", "date": "2017-08-11", "date_precision": "day", "year": 2017, "month": 8, "hazard": "landslide", "hazard_raw": "landslide", "district": null, "lon": 86.8492, "lat": 27.5431, "geo_precision": "exact", "deaths": 1, "missing": 0, "injured": 1, "people_affected": 0, "houses_destroyed": 0, "houses_damaged": 0, "title": "(demo) landslide event", "source_url": "", "severity_score": 6.0, "severity_class": "moderate"}}, {"type": "Feature", "geometry": {"type": "Point", "coordinates": [84.2566, 28.2009]}, "properties": {"id": "demo-1583", "source": "demo", "date": "2025-07-10", "date_precision": "day", "year": 2025, "month": 7, "hazard": "landslide", "hazard_raw": "landslide", "district": null, "lon": 84.2566, "lat": 28.2009, "geo_precision": "exact", "deaths": 0, "missing": 0, "injured": 0, "people_affected": 0, "houses_destroyed": 0, "houses_damaged": 0, "title": "(demo) landslide event", "source_url": "", "severity_score": 0.0, "severity_class": "minor"}}, {"type": "Feature", "geometry": {"type": "Point", "coordinates": [87.9377, 26.7753]}, "properties": {"id": "demo-1584", "source": "demo", "date": "2007-07-10", "date_precision": "day", "year": 2007, "month": 7, "hazard": "landslide", "hazard_raw": "landslide", "district": null, "lon": 87.9377, "lat": 26.7753, "geo_precision": "exact", "deaths": 0, "missing": 0, "injured": 0, "people_affected": 11, "houses_destroyed": 2, "houses_damaged": 4, "title": "(demo) landslide event", "source_url": "", "severity_score": 0.62, "severity_class": "small"}}, {"type": "Feature", "geometry": {"type": "Point", "coordinates": [85.8075, 28.4192]}, "properties": {"id": "demo-1585", "source": "demo", "date": "2014-02-07", "date_precision": "day", "year": 2014, "month": 2, "hazard": "glof", "hazard_raw": "glof", "district": null, "lon": 85.8075, "lat": 28.4192, "geo_precision": "exact", "deaths": 4, "missing": 0, "injured": 4, "people_affected": 0, "houses_destroyed": 0, "houses_damaged": 0, "title": "(demo) glof event", "source_url": "", "severity_score": 24.0, "severity_class": "moderate"}}, {"type": "Feature", "geometry": {"type": "Point", "coordinates": [83.8893, 28.5766]}, "properties": {"id": "demo-1586", "source": "demo", "date": "2026-07-07", "date_precision": "day", "year": 2026, "month": 7, "hazard": "landslide", "hazard_raw": "landslide", "district": null, "lon": 83.8893, "lat": 28.5766, "geo_precision": "exact", "deaths": 0, "missing": 0, "injured": 0, "people_affected": 0, "houses_destroyed": 0, "houses_damaged": 0, "title": "(demo) landslide event", "source_url": "", "severity_score": 0.0, "severity_class": "minor"}}, {"type": "Feature", "geometry": {"type": "Point", "coordinates": [85.3999, 28.1613]}, "properties": {"id": "demo-1587", "source": "demo", "date": "2015-07-06", "date_precision": "day", "year": 2015, "month": 7, "hazard": "glof", "hazard_raw": "glof", "district": null, "lon": 85.3999, "lat": 28.1613, "geo_precision": "exact", "deaths": 1, "missing": 0, "injured": 1, "people_affected": 241, "houses_destroyed": 17, "houses_damaged": 25, "title": "(demo) glof event", "source_url": "", "severity_score": 11.13, "severity_class": "moderate"}}, {"type": "Feature", "geometry": {"type": "Point", "coordinates": [85.7187, 27.6718]}, "properties": {"id": "demo-1588", "source": "demo", "date": "2005-06-22", "date_precision": "day", "year": 2005, "month": 6, "hazard": "landslide", "hazard_raw": "landslide", "district": null, "lon": 85.7187, "lat": 27.6718, "geo_precision": "exact", "deaths": 0, "missing": 0, "injured": 0, "people_affected": 0, "houses_destroyed": 0, "houses_damaged": 0, "title": "(demo) landslide event", "source_url": "", "severity_score": 0.0, "severity_class": "minor"}}, {"type": "Feature", "geometry": {"type": "Point", "coordinates": [86.8104, 27.9036]}, "properties": {"id": "demo-1589", "source": "demo", "date": "1987-08-01", "date_precision": "day", "year": 1987, "month": 8, "hazard": "flash_flood", "hazard_raw": "flash_flood", "district": null, "lon": 86.8104, "lat": 27.9036, "geo_precision": "exact", "deaths": 0, "missing": 0, "injured": 0, "people_affected": 58, "houses_destroyed": 13, "houses_damaged": 36, "title": "(demo) flash_flood event", "source_url": "", "severity_score": 4.52, "severity_class": "small"}}, {"type": "Feature", "geometry": {"type": "Point", "coordinates": [85.032, 28.2335]}, "properties": {"id": "demo-1590", "source": "demo", "date": "1973-09-09", "date_precision": "day", "year": 1973, "month": 9, "hazard": "flash_flood", "hazard_raw": "flash_flood", "district": null, "lon": 85.032, "lat": 28.2335, "geo_precision": "exact", "deaths": 5, "missing": 1, "injured": 3, "people_affected": 1245, "houses_destroyed": 97, "houses_damaged": 130, "title": "(demo) flash_flood event", "source_url": "", "severity_score": 61.39, "severity_class": "major"}}, {"type": "Feature", "geometry": {"type": "Point", "coordinates": [85.4688, 28.0559]}, "properties": {"id": "demo-1591", "source": "demo", "date": "1993-10-17", "date_precision": "day", "year": 1993, "month": 10, "hazard": "flood", "hazard_raw": "flood", "district": null, "lon": 85.4688, "lat": 28.0559, "geo_precision": "exact", "deaths": 4, "missing": 1, "injured": 7, "people_affected": 0, "houses_destroyed": 0, "houses_damaged": 0, "title": "(demo) flood event", "source_url": "", "severity_score": 32.0, "severity_class": "major"}}, {"type": "Feature", "geometry": {"type": "Point", "coordinates": [80.774, 28.8173]}, "properties": {"id": "demo-1592", "source": "demo", "date": "1985-11-06", "date_precision": "day", "year": 1985, "month": 11, "hazard": "flood", "hazard_raw": "flood", "district": null, "lon": 80.774, "lat": 28.8173, "geo_precision": "exact", "deaths": 1, "missing": 0, "injured": 0, "people_affected": 320, "houses_destroyed": 25, "houses_damaged": 69, "title": "(demo) flood event", "source_url": "", "severity_score": 14.09, "severity_class": "moderate"}}, {"type": "Feature", "geometry": {"type": "Point", "coordinates": [86.3939, 27.8342]}, "properties": {"id": "demo-1593", "source": "demo", "date": "2001-05-17", "date_precision": "day", "year": 2001, "month": 5, "hazard": "landslide", "hazard_raw": "landslide", "district": null, "lon": 86.3939, "lat": 27.8342, "geo_precision": "exact", "deaths": 3, "missing": 0, "injured": 2, "people_affected": 460, "houses_destroyed": 36, "houses_damaged": 80, "title": "(demo) landslide event", "source_url": "", "severity_score": 29.12, "severity_class": "major"}}, {"type": "Feature", "geometry": {"type": "Point", "coordinates": [83.8401, 28.0718]}, "properties": {"id": "demo-1594", "source": "demo", "date": "2000-06-25", "date_precision": "day", "year": 2000, "month": 6, "hazard": "landslide", "hazard_raw": "landslide", "district": null, "lon": 83.8401, "lat": 28.0718, "geo_precision": "exact", "deaths": 0, "missing": 0, "injured": 0, "people_affected": 26, "houses_destroyed": 3, "houses_damaged": 7, "title": "(demo) landslide event", "source_url": "", "severity_score": 1.0, "severity_class": "small"}}, {"type": "Feature", "geometry": {"type": "Point", "coordinates": [84.3996, 28.2421]}, "properties": {"id": "demo-1595", "source": "demo", "date": "2017-08-25", "date_precision": "day", "year": 2017, "month": 8, "hazard": "landslide", "hazard_raw": "landslide", "district": null, "lon": 84.3996, "lat": 28.2421, "geo_precision": "exact", "deaths": 3, "missing": 0, "injured": 2, "people_affected": 1451, "houses_destroyed": 272, "houses_damaged": 678, "title": "(demo) landslide event", "source_url": "", "severity_score": 108.2, "severity_class": "catastrophic"}}, {"type": "Feature", "geometry": {"type": "Point", "coordinates": [82.5179, 29.4444]}, "properties": {"id": "demo-1596", "source": "demo", "date": "1979-07-24", "date_precision": "day", "year": 1979, "month": 7, "hazard": "landslide", "hazard_raw": "landslide", "district": null, "lon": 82.5179, "lat": 29.4444, "geo_precision": "exact", "deaths": 0, "missing": 0, "injured": 0, "people_affected": 0, "houses_destroyed": 0, "houses_damaged": 0, "title": "(demo) landslide event", "source_url": "", "severity_score": 0.0, "severity_class": "minor"}}, {"type": "Feature", "geometry": {"type": "Point", "coordinates": [86.8133, 26.5912]}, "properties": {"id": "demo-1597", "source": "demo", "date": "1989-10-26", "date_precision": "day", "year": 1989, "month": 10, "hazard": "flood", "hazard_raw": "flood", "district": null, "lon": 86.8133, "lat": 26.5912, "geo_precision": "exact", "deaths": 2, "missing": 0, "injured": 2, "people_affected": 0, "houses_destroyed": 0, "houses_damaged": 0, "title": "(demo) flood event", "source_url": "", "severity_score": 12.0, "severity_class": "moderate"}}, {"type": "Feature", "geometry": {"type": "Point", "coordinates": [85.2816, 28.2234]}, "properties": {"id": "demo-1598", "source": "demo", "date": "2009-05-05", "date_precision": "day", "year": 2009, "month": 5, "hazard": "debris_flow", "hazard_raw": "debris_flow", "district": null, "lon": 85.2816, "lat": 28.2234, "geo_precision": "exact", "deaths": 1, "missing": 0, "injured": 0, "people_affected": 126, "houses_destroyed": 10, "houses_damaged": 31, "title": "(demo) debris_flow event", "source_url": "", "severity_score": 8.8, "severity_class": "moderate"}}, {"type": "Feature", "geometry": {"type": "Point", "coordinates": [80.4517, 28.8089]}, "properties": {"id": "demo-1599", "source": "demo", "date": "2010-05-03", "date_precision": "day", "year": 2010, "month": 5, "hazard": "flash_flood", "hazard_raw": "flash_flood", "district": null, "lon": 80.4517, "lat": 28.8089, "geo_precision": "exact", "deaths": 0, "missing": 0, "injured": 0, "people_affected": 3, "houses_destroyed": 1, "houses_damaged": 2, "title": "(demo) flash_flood event", "source_url": "", "severity_score": 0.31, "severity_class": "small"}}, {"type": "Feature", "geometry": {"type": "Point", "coordinates": [86.178, 26.6842]}, "properties": {"id": "demo-1600", "source": "demo", "date": "2008-07-06", "date_precision": "day", "year": 2008, "month": 7, "hazard": "flood", "hazard_raw": "flood", "district": null, "lon": 86.178, "lat": 26.6842, "geo_precision": "exact", "deaths": 0, "missing": 0, "injured": 0, "people_affected": 0, "houses_destroyed": 0, "houses_damaged": 0, "title": "(demo) flood event", "source_url": "", "severity_score": 0.0, "severity_class": "minor"}}, {"type": "Feature", "geometry": {"type": "Point", "coordinates": [85.266, 28.1441]}, "properties": {"id": "demo-1601", "source": "demo", "date": "1972-07-27", "date_precision": "day", "year": 1972, "month": 7, "hazard": "flood", "hazard_raw": "flood", "district": null, "lon": 85.266, "lat": 28.1441, "geo_precision": "exact", "deaths": 0, "missing": 0, "injured": 0, "people_affected": 0, "houses_destroyed": 0, "houses_damaged": 0, "title": "(demo) flood event", "source_url": "", "severity_score": 0.0, "severity_class": "minor"}}, {"type": "Feature", "geometry": {"type": "Point", "coordinates": [83.426, 28.8471]}, "properties": {"id": "demo-1602", "source": "demo", "date": "2017-06-03", "date_precision": "day", "year": 2017, "month": 6, "hazard": "flash_flood", "hazard_raw": "flash_flood", "district": null, "lon": 83.426, "lat": 28.8471, "geo_precision": "exact", "deaths": 4, "missing": 1, "injured": 4, "people_affected": 59, "houses_destroyed": 8, "houses_damaged": 29, "title": "(demo) flash_flood event", "source_url": "", "severity_score": 32.17, "severity_class": "major"}}, {"type": "Feature", "geometry": {"type": "Point", "coordinates": [82.0326, 29.0877]}, "properties": {"id": "demo-1603", "source": "demo", "date": "2010-09-17", "date_precision": "day", "year": 2010, "month": 9, "hazard": "landslide", "hazard_raw": "landslide", "district": null, "lon": 82.0326, "lat": 29.0877, "geo_precision": "exact", "deaths": 1, "missing": 0, "injured": 1, "people_affected": 115, "houses_destroyed": 17, "houses_damaged": 60, "title": "(demo) landslide event", "source_url": "", "severity_score": 12.63, "severity_class": "moderate"}}, {"type": "Feature", "geometry": {"type": "Point", "coordinates": [85.7563, 28.0101]}, "properties": {"id": "demo-1604", "source": "demo", "date": "2007-03-26", "date_precision": "day", "year": 2007, "month": 3, "hazard": "flood", "hazard_raw": "flood", "district": null, "lon": 85.7563, "lat": 28.0101, "geo_precision": "exact", "deaths": 0, "missing": 0, "injured": 0, "people_affected": 139, "houses_destroyed": 11, "houses_damaged": 34, "title": "(demo) flood event", "source_url": "", "severity_score": 4.18, "severity_class": "small"}}, {"type": "Feature", "geometry": {"type": "Point", "coordinates": [85.1972, 27.8113]}, "properties": {"id": "demo-1605", "source": "demo", "date": "2005-07-23", "date_precision": "day", "year": 2005, "month": 7, "hazard": "landslide", "hazard_raw": "landslide", "district": null, "lon": 85.1972, "lat": 27.8113, "geo_precision": "exact", "deaths": 0, "missing": 0, "injured": 0, "people_affected": 62, "houses_destroyed": 9, "houses_damaged": 30, "title": "(demo) landslide event", "source_url": "", "severity_score": 3.42, "severity_class": "small"}}, {"type": "Feature", "geometry": {"type": "Point", "coordinates": [83.5591, 29.0493]}, "properties": {"id": "demo-1606", "source": "demo", "date": "1974-08-05", "date_precision": "day", "year": 1974, "month": 8, "hazard": "flood", "hazard_raw": "flood", "district": null, "lon": 83.5591, "lat": 29.0493, "geo_precision": "exact", "deaths": 2, "missing": 0, "injured": 2, "people_affected": 193, "houses_destroyed": 19, "houses_damaged": 68, "title": "(demo) flood event", "source_url": "", "severity_score": 19.59, "severity_class": "moderate"}}, {"type": "Feature", "geometry": {"type": "Point", "coordinates": [85.403, 28.0543]}, "properties": {"id": "demo-1607", "source": "demo", "date": "2019-09-07", "date_precision": "day", "year": 2019, "month": 9, "hazard": "debris_flow", "hazard_raw": "debris_flow", "district": null, "lon": 85.403, "lat": 28.0543, "geo_precision": "exact", "deaths": 0, "missing": 0, "injured": 0, "people_affected": 14, "houses_destroyed": 1, "houses_damaged": 3, "title": "(demo) debris_flow event", "source_url": "", "severity_score": 0.38, "severity_class": "small"}}, {"type": "Feature", "geometry": {"type": "Point", "coordinates": [84.2926, 27.4533]}, "properties": {"id": "demo-1608", "source": "demo", "date": "2001-09-03", "date_precision": "day", "year": 2001, "month": 9, "hazard": "flood", "hazard_raw": "flood", "district": null, "lon": 84.2926, "lat": 27.4533, "geo_precision": "exact", "deaths": 0, "missing": 0, "injured": 0, "people_affected": 0, "houses_destroyed": 0, "houses_damaged": 0, "title": "(demo) flood event", "source_url": "", "severity_score": 0.0, "severity_class": "minor"}}, {"type": "Feature", "geometry": {"type": "Point", "coordinates": [82.0656, 29.317]}, "properties": {"id": "demo-1609", "source": "demo", "date": "1980-01-02", "date_precision": "day", "year": 1980, "month": 1, "hazard": "landslide", "hazard_raw": "landslide", "district": null, "lon": 82.0656, "lat": 29.317, "geo_precision": "exact", "deaths": 1, "missing": 0, "injured": 1, "people_affected": 0, "houses_destroyed": 0, "houses_damaged": 0, "title": "(demo) landslide event", "source_url": "", "severity_score": 6.0, "severity_class": "moderate"}}, {"type": "Feature", "geometry": {"type": "Point", "coordinates": [80.5806, 28.6586]}, "properties": {"id": "demo-1610", "source": "demo", "date": "1987-03-10", "date_precision": "day", "year": 1987, "month": 3, "hazard": "flood", "hazard_raw": "flood", "district": null, "lon": 80.5806, "lat": 28.6586, "geo_precision": "exact", "deaths": 0, "missing": 0, "injured": 0, "people_affected": 38, "houses_destroyed": 2, "houses_damaged": 4, "title": "(demo) flood event", "source_url": "", "severity_score": 0.68, "severity_class": "small"}}, {"type": "Feature", "geometry": {"type": "Point", "coordinates": [85.3294, 28.1545]}, "properties": {"id": "demo-1611", "source": "demo", "date": "1985-07-01", "date_precision": "day", "year": 1985, "month": 7, "hazard": "avalanche", "hazard_raw": "avalanche", "district": null, "lon": 85.3294, "lat": 28.1545, "geo_precision": "exact", "deaths": 9, "missing": 0, "injured": 9, "people_affected": 0, "houses_destroyed": 0, "houses_damaged": 0, "title": "(demo) avalanche event", "source_url": "", "severity_score": 54.0, "severity_class": "major"}}, {"type": "Feature", "geometry": {"type": "Point", "coordinates": [81.7198, 29.1173]}, "properties": {"id": "demo-1612", "source": "demo", "date": "2015-06-11", "date_precision": "day", "year": 2015, "month": 6, "hazard": "landslide", "hazard_raw": "landslide", "district": null, "lon": 81.7198, "lat": 29.1173, "geo_precision": "exact", "deaths": 17, "missing": 2, "injured": 8, "people_affected": 470, "houses_destroyed": 59, "houses_damaged": 90, "title": "(demo) landslide event", "source_url": "", "severity_score": 120.24, "severity_class": "catastrophic"}}, {"type": "Feature", "geometry": {"type": "Point", "coordinates": [80.3547, 28.734]}, "properties": {"id": "demo-1613", "source": "demo", "date": "2016-09-06", "date_precision": "day", "year": 2016, "month": 9, "hazard": "landslide", "hazard_raw": "landslide", "district": null, "lon": 80.3547, "lat": 28.734, "geo_precision": "exact", "deaths": 46, "missing": 6, "injured": 77, "people_affected": 1394, "houses_destroyed": 308, "houses_damaged": 758, "title": "(demo) landslide event", "source_url": "", "severity_score": 439.29, "severity_class": "catastrophic"}}, {"type": "Feature", "geometry": {"type": "Point", "coordinates": [84.0792, 27.5087]}, "properties": {"id": "demo-1614", "source": "demo", "date": "2008-11-09", "date_precision": "day", "year": 2008, "month": 11, "hazard": "flood", "hazard_raw": "flood", "district": null, "lon": 84.0792, "lat": 27.5087, "geo_precision": "exact", "deaths": 2, "missing": 0, "injured": 1, "people_affected": 172, "houses_destroyed": 21, "houses_damaged": 42, "title": "(demo) flood event", "source_url": "", "severity_score": 17.64, "severity_class": "moderate"}}, {"type": "Feature", "geometry": {"type": "Point", "coordinates": [84.2648, 28.4536]}, "properties": {"id": "demo-1615", "source": "demo", "date": "2025-04-11", "date_precision": "day", "year": 2025, "month": 4, "hazard": "landslide", "hazard_raw": "landslide", "district": null, "lon": 84.2648, "lat": 28.4536, "geo_precision": "exact", "deaths": 0, "missing": 0, "injured": 0, "people_affected": 0, "houses_destroyed": 0, "houses_damaged": 0, "title": "(demo) landslide event", "source_url": "", "severity_score": 0.0, "severity_class": "minor"}}, {"type": "Feature", "geometry": {"type": "Point", "coordinates": [83.8751, 27.3462]}, "properties": {"id": "demo-1616", "source": "demo", "date": "1987-12-20", "date_precision": "day", "year": 1987, "month": 12, "hazard": "landslide", "hazard_raw": "landslide", "district": null, "lon": 83.8751, "lat": 27.3462, "geo_precision": "exact", "deaths": 0, "missing": 0, "injured": 0, "people_affected": 19, "houses_destroyed": 2, "houses_damaged": 7, "title": "(demo) landslide event", "source_url": "", "severity_score": 0.79, "severity_class": "small"}}, {"type": "Feature", "geometry": {"type": "Point", "coordinates": [85.6826, 27.9921]}, "properties": {"id": "demo-1617", "source": "demo", "date": "1979-07-01", "date_precision": "day", "year": 1979, "month": 7, "hazard": "debris_flow", "hazard_raw": "debris_flow", "district": null, "lon": 85.6826, "lat": 27.9921, "geo_precision": "exact", "deaths": 1, "missing": 0, "injured": 1, "people_affected": 127, "houses_destroyed": 7, "houses_damaged": 20, "title": "(demo) debris_flow event", "source_url": "", "severity_score": 8.65, "severity_class": "moderate"}}, {"type": "Feature", "geometry": {"type": "Point", "coordinates": [86.5346, 27.97]}, "properties": {"id": "demo-1618", "source": "demo", "date": "2020-01-14", "date_precision": "day", "year": 2020, "month": 1, "hazard": "glof", "hazard_raw": "glof", "district": null, "lon": 86.5346, "lat": 27.97, "geo_precision": "exact", "deaths": 8, "missing": 2, "injured": 9, "people_affected": 493, "houses_destroyed": 35, "houses_damaged": 72, "title": "(demo) glof event", "source_url": "", "severity_score": 70.59, "severity_class": "major"}}, {"type": "Feature", "geometry": {"type": "Point", "coordinates": [83.7916, 28.6547]}, "properties": {"id": "demo-1619", "source": "demo", "date": "2014-06-14", "date_precision": "day", "year": 2014, "month": 6, "hazard": "flash_flood", "hazard_raw": "flash_flood", "district": null, "lon": 83.7916, "lat": 28.6547, "geo_precision": "exact", "deaths": 48, "missing": 4, "injured": 26, "people_affected": 3586, "houses_destroyed": 301, "houses_damaged": 1051, "title": "(demo) flash_flood event", "source_url": "", "severity_score": 405.92, "severity_class": "catastrophic"}}, {"type": "Feature", "geometry": {"type": "Point", "coordinates": [85.495, 28.1751]}, "properties": {"id": "demo-1620", "source": "demo", "date": "2022-12-13", "date_precision": "day", "year": 2022, "month": 12, "hazard": "flash_flood", "hazard_raw": "flash_flood", "district": null, "lon": 85.495, "lat": 28.1751, "geo_precision": "exact", "deaths": 0, "missing": 0, "injured": 0, "people_affected": 22, "houses_destroyed": 5, "houses_damaged": 16, "title": "(demo) flash_flood event", "source_url": "", "severity_score": 1.84, "severity_class": "small"}}, {"type": "Feature", "geometry": {"type": "Point", "coordinates": [82.3778, 29.5294]}, "properties": {"id": "demo-1621", "source": "demo", "date": "1993-08-13", "date_precision": "day", "year": 1993, "month": 8, "hazard": "glof", "hazard_raw": "glof", "district": null, "lon": 82.3778, "lat": 29.5294, "geo_precision": "exact", "deaths": 4, "missing": 0, "injured": 1, "people_affected": 0, "houses_destroyed": 0, "houses_damaged": 0, "title": "(demo) glof event", "source_url": "", "severity_score": 21.0, "severity_class": "moderate"}}, {"type": "Feature", "geometry": {"type": "Point", "coordinates": [80.9993, 28.8025]}, "properties": {"id": "demo-1622", "source": "demo", "date": "2006-05-22", "date_precision": "day", "year": 2006, "month": 5, "hazard": "flood", "hazard_raw": "flood", "district": null, "lon": 80.9993, "lat": 28.8025, "geo_precision": "exact", "deaths": 0, "missing": 0, "injured": 0, "people_affected": 92, "houses_destroyed": 6, "houses_damaged": 15, "title": "(demo) flood event", "source_url": "", "severity_score": 2.13, "severity_class": "small"}}, {"type": "Feature", "geometry": {"type": "Point", "coordinates": [86.634, 28.2195]}, "properties": {"id": "demo-1623", "source": "demo", "date": "2009-07-17", "date_precision": "day", "year": 2009, "month": 7, "hazard": "avalanche", "hazard_raw": "avalanche", "district": null, "lon": 86.634, "lat": 28.2195, "geo_precision": "exact", "deaths": 0, "missing": 0, "injured": 0, "people_affected": 22, "houses_destroyed": 3, "houses_damaged": 11, "title": "(demo) avalanche event", "source_url": "", "severity_score": 1.19, "severity_class": "small"}}, {"type": "Feature", "geometry": {"type": "Point", "coordinates": [80.8918, 28.8376]}, "properties": {"id": "demo-1624", "source": "demo", "date": "2004-07-14", "date_precision": "day", "year": 2004, "month": 7, "hazard": "flood", "hazard_raw": "flood", "district": null, "lon": 80.8918, "lat": 28.8376, "geo_precision": "exact", "deaths": 0, "missing": 0, "injured": 0, "people_affected": 0, "houses_destroyed": 0, "houses_damaged": 0, "title": "(demo) flood event", "source_url": "", "severity_score": 0.0, "severity_class": "minor"}}, {"type": "Feature", "geometry": {"type": "Point", "coordinates": [83.6833, 28.8812]}, "properties": {"id": "demo-1625", "source": "demo", "date": "2019-04-02", "date_precision": "day", "year": 2019, "month": 4, "hazard": "flash_flood", "hazard_raw": "flash_flood", "district": null, "lon": 83.6833, "lat": 28.8812, "geo_precision": "exact", "deaths": 2, "missing": 0, "injured": 1, "people_affected": 106, "houses_destroyed": 12, "houses_damaged": 42, "title": "(demo) flash_flood event", "source_url": "", "severity_score": 15.71, "severity_class": "moderate"}}, {"type": "Feature", "geometry": {"type": "Point", "coordinates": [84.0762, 27.3026]}, "properties": {"id": "demo-1626", "source": "demo", "date": "2001-09-01", "date_precision": "day", "year": 2001, "month": 9, "hazard": "landslide", "hazard_raw": "landslide", "district": null, "lon": 84.0762, "lat": 27.3026, "geo_precision": "exact", "deaths": 0, "missing": 0, "injured": 0, "people_affected": 0, "houses_destroyed": 0, "houses_damaged": 0, "title": "(demo) landslide event", "source_url": "", "severity_score": 0.0, "severity_class": "minor"}}, {"type": "Feature", "geometry": {"type": "Point", "coordinates": [80.774, 28.8756]}, "properties": {"id": "demo-1627", "source": "demo", "date": "2011-11-10", "date_precision": "day", "year": 2011, "month": 11, "hazard": "landslide", "hazard_raw": "landslide", "district": null, "lon": 80.774, "lat": 28.8756, "geo_precision": "exact", "deaths": 0, "missing": 0, "injured": 0, "people_affected": 24, "houses_destroyed": 2, "houses_damaged": 5, "title": "(demo) landslide event", "source_url": "", "severity_score": 0.7, "severity_class": "small"}}, {"type": "Feature", "geometry": {"type": "Point", "coordinates": [81.2247, 29.3057]}, "properties": {"id": "demo-1628", "source": "demo", "date": "2015-05-13", "date_precision": "day", "year": 2015, "month": 5, "hazard": "landslide", "hazard_raw": "landslide", "district": null, "lon": 81.2247, "lat": 29.3057, "geo_precision": "exact", "deaths": 0, "missing": 0, "injured": 0, "people_affected": 0, "houses_destroyed": 0, "houses_damaged": 0, "title": "(demo) landslide event", "source_url": "", "severity_score": 0.0, "severity_class": "minor"}}, {"type": "Feature", "geometry": {"type": "Point", "coordinates": [83.8311, 28.4141]}, "properties": {"id": "demo-1629", "source": "demo", "date": "2010-10-01", "date_precision": "day", "year": 2010, "month": 10, "hazard": "landslide", "hazard_raw": "landslide", "district": null, "lon": 83.8311, "lat": 28.4141, "geo_precision": "exact", "deaths": 0, "missing": 0, "injured": 0, "people_affected": 150, "houses_destroyed": 15, "houses_damaged": 59, "title": "(demo) landslide event", "source_url": "", "severity_score": 6.25, "severity_class": "moderate"}}, {"type": "Feature", "geometry": {"type": "Point", "coordinates": [86.9648, 26.4825]}, "properties": {"id": "demo-1630", "source": "demo", "date": "2019-09-06", "date_precision": "day", "year": 2019, "month": 9, "hazard": "flood", "hazard_raw": "flood", "district": null, "lon": 86.9648, "lat": 26.4825, "geo_precision": "exact", "deaths": 1, "missing": 0, "injured": 1, "people_affected": 111, "houses_destroyed": 12, "houses_damaged": 22, "title": "(demo) flood event", "source_url": "", "severity_score": 9.72, "severity_class": "moderate"}}, {"type": "Feature", "geometry": {"type": "Point", "coordinates": [87.0105, 27.6023]}, "properties": {"id": "demo-1631", "source": "demo", "date": "2002-08-17", "date_precision": "day", "year": 2002, "month": 8, "hazard": "glof", "hazard_raw": "glof", "district": null, "lon": 87.0105, "lat": 27.6023, "geo_precision": "exact", "deaths": 5, "missing": 0, "injured": 8, "people_affected": 3, "houses_destroyed": 1, "houses_damaged": 3, "title": "(demo) glof event", "source_url": "", "severity_score": 33.36, "severity_class": "major"}}, {"type": "Feature", "geometry": {"type": "Point", "coordinates": [83.58, 28.3152]}, "properties": {"id": "demo-1632", "source": "demo", "date": "2022-05-06", "date_precision": "day", "year": 2022, "month": 5, "hazard": "landslide", "hazard_raw": "landslide", "district": null, "lon": 83.58, "lat": 28.3152, "geo_precision": "exact", "deaths": 0, "missing": 0, "injured": 0, "people_affected": 16, "houses_destroyed": 1, "houses_damaged": 2, "title": "(demo) landslide event", "source_url": "", "severity_score": 0.33, "severity_class": "small"}}, {"type": "Feature", "geometry": {"type": "Point", "coordinates": [87.457, 26.7731]}, "properties": {"id": "demo-1633", "source": "demo", "date": "1991-09-28", "date_precision": "day", "year": 1991, "month": 9, "hazard": "flood", "hazard_raw": "flood", "district": null, "lon": 87.457, "lat": 26.7731, "geo_precision": "exact", "deaths": 1, "missing": 0, "injured": 1, "people_affected": 110, "houses_destroyed": 9, "houses_damaged": 15, "title": "(demo) flood event", "source_url": "", "severity_score": 8.77, "severity_class": "moderate"}}, {"type": "Feature", "geometry": {"type": "Point", "coordinates": [87.7894, 26.7881]}, "properties": {"id": "demo-1634", "source": "demo", "date": "2009-07-08", "date_precision": "day", "year": 2009, "month": 7, "hazard": "flood", "hazard_raw": "flood", "district": null, "lon": 87.7894, "lat": 26.7881, "geo_precision": "exact", "deaths": 0, "missing": 0, "injured": 0, "people_affected": 0, "houses_destroyed": 0, "houses_damaged": 0, "title": "(demo) flood event", "source_url": "", "severity_score": 0.0, "severity_class": "minor"}}, {"type": "Feature", "geometry": {"type": "Point", "coordinates": [83.5737, 28.7739]}, "properties": {"id": "demo-1635", "source": "demo", "date": "2000-10-26", "date_precision": "day", "year": 2000, "month": 10, "hazard": "flash_flood", "hazard_raw": "flash_flood", "district": null, "lon": 83.5737, "lat": 28.7739, "geo_precision": "exact", "deaths": 1, "missing": 0, "injured": 1, "people_affected": 100, "houses_destroyed": 12, "houses_damaged": 16, "title": "(demo) flash_flood event", "source_url": "", "severity_score": 9.4, "severity_class": "moderate"}}, {"type": "Feature", "geometry": {"type": "Point", "coordinates": [87.4284, 26.7565]}, "properties": {"id": "demo-1636", "source": "demo", "date": "2002-07-18", "date_precision": "day", "year": 2002, "month": 7, "hazard": "flood", "hazard_raw": "flood", "district": null, "lon": 87.4284, "lat": 26.7565, "geo_precision": "exact", "deaths": 0, "missing": 0, "injured": 0, "people_affected": 59, "houses_destroyed": 3, "houses_damaged": 11, "title": "(demo) flood event", "source_url": "", "severity_score": 1.27, "severity_class": "small"}}, {"type": "Feature", "geometry": {"type": "Point", "coordinates": [85.8029, 28.1537]}, "properties": {"id": "demo-1637", "source": "demo", "date": "1976-06-11", "date_precision": "day", "year": 1976, "month": 6, "hazard": "landslide", "hazard_raw": "landslide", "district": null, "lon": 85.8029, "lat": 28.1537, "geo_precision": "exact", "deaths": 0, "missing": 0, "injured": 0, "people_affected": 31, "houses_destroyed": 2, "houses_damaged": 2, "title": "(demo) landslide event", "source_url": "", "severity_score": 0.56, "severity_class": "small"}}, {"type": "Feature", "geometry": {"type": "Point", "coordinates": [85.5767, 28.0493]}, "properties": {"id": "demo-1638", "source": "demo", "date": "2026-07-17", "date_precision": "day", "year": 2026, "month": 7, "hazard": "debris_flow", "hazard_raw": "debris_flow", "district": null, "lon": 85.5767, "lat": 28.0493, "geo_precision": "exact", "deaths": 3, "missing": 0, "injured": 5, "people_affected": 60, "houses_destroyed": 7, "houses_damaged": 10, "title": "(demo) debris_flow event", "source_url": "", "severity_score": 22.02, "severity_class": "moderate"}}, {"type": "Feature", "geometry": {"type": "Point", "coordinates": [80.6778, 28.6294]}, "properties": {"id": "demo-1639", "source": "demo", "date": "2006-09-15", "date_precision": "day", "year": 2006, "month": 9, "hazard": "flood", "hazard_raw": "flood", "district": null, "lon": 80.6778, "lat": 28.6294, "geo_precision": "exact", "deaths": 3, "missing": 0, "injured": 5, "people_affected": 19, "houses_destroyed": 4, "houses_damaged": 6, "title": "(demo) flood event", "source_url": "", "severity_score": 21.14, "severity_class": "moderate"}}, {"type": "Feature", "geometry": {"type": "Point", "coordinates": [81.9998, 29.2581]}, "properties": {"id": "demo-1640", "source": "demo", "date": "2020-07-10", "date_precision": "day", "year": 2020, "month": 7, "hazard": "landslide", "hazard_raw": "landslide", "district": null, "lon": 81.9998, "lat": 29.2581, "geo_precision": "exact", "deaths": 0, "missing": 0, "injured": 0, "people_affected": 0, "houses_destroyed": 0, "houses_damaged": 0, "title": "(demo) landslide event", "source_url": "", "severity_score": 0.0, "severity_class": "minor"}}, {"type": "Feature", "geometry": {"type": "Point", "coordinates": [87.25, 26.6101]}, "properties": {"id": "demo-1641", "source": "demo", "date": "1972-08-21", "date_precision": "day", "year": 1972, "month": 8, "hazard": "flood", "hazard_raw": "flood", "district": null, "lon": 87.25, "lat": 26.6101, "geo_precision": "exact", "deaths": 0, "missing": 0, "injured": 0, "people_affected": 94, "houses_destroyed": 9, "houses_damaged": 10, "title": "(demo) flood event", "source_url": "", "severity_score": 2.49, "severity_class": "small"}}, {"type": "Feature", "geometry": {"type": "Point", "coordinates": [85.0953, 28.0085]}, "properties": {"id": "demo-1642", "source": "demo", "date": "1995-08-27", "date_precision": "day", "year": 1995, "month": 8, "hazard": "flash_flood", "hazard_raw": "flash_flood", "district": null, "lon": 85.0953, "lat": 28.0085, "geo_precision": "exact", "deaths": 0, "missing": 0, "injured": 0, "people_affected": 98, "houses_destroyed": 5, "houses_damaged": 6, "title": "(demo) flash_flood event", "source_url": "", "severity_score": 1.5, "severity_class": "small"}}, {"type": "Feature", "geometry": {"type": "Point", "coordinates": [86.8081, 27.9815]}, "properties": {"id": "demo-1643", "source": "demo", "date": "2002-11-25", "date_precision": "day", "year": 2002, "month": 11, "hazard": "flash_flood", "hazard_raw": "flash_flood", "district": null, "lon": 86.8081, "lat": 27.9815, "geo_precision": "exact", "deaths": 4, "missing": 1, "injured": 6, "people_affected": 31, "houses_destroyed": 3, "houses_damaged": 11, "title": "(demo) flash_flood event", "source_url": "", "severity_score": 32.21, "severity_class": "major"}}, {"type": "Feature", "geometry": {"type": "Point", "coordinates": [84.207, 28.0956]}, "properties": {"id": "demo-1644", "source": "demo", "date": "2007-08-14", "date_precision": "day", "year": 2007, "month": 8, "hazard": "landslide", "hazard_raw": "landslide", "district": null, "lon": 84.207, "lat": 28.0956, "geo_precision": "exact", "deaths": 0, "missing": 0, "injured": 0, "people_affected": 0, "houses_destroyed": 0, "houses_damaged": 0, "title": "(demo) landslide event", "source_url": "", "severity_score": 0.0, "severity_class": "minor"}}, {"type": "Feature", "geometry": {"type": "Point", "coordinates": [81.3858, 29.0782]}, "properties": {"id": "demo-1645", "source": "demo", "date": "2015-10-12", "date_precision": "day", "year": 2015, "month": 10, "hazard": "flood", "hazard_raw": "flood", "district": null, "lon": 81.3858, "lat": 29.0782, "geo_precision": "exact", "deaths": 1, "missing": 0, "injured": 1, "people_affected": 0, "houses_destroyed": 0, "houses_damaged": 0, "title": "(demo) flood event", "source_url": "", "severity_score": 6.0, "severity_class": "moderate"}}, {"type": "Feature", "geometry": {"type": "Point", "coordinates": [85.6612, 26.8209]}, "properties": {"id": "demo-1646", "source": "demo", "date": "1996-06-13", "date_precision": "day", "year": 1996, "month": 6, "hazard": "flash_flood", "hazard_raw": "flash_flood", "district": null, "lon": 85.6612, "lat": 26.8209, "geo_precision": "exact", "deaths": 4, "missing": 1, "injured": 7, "people_affected": 370, "houses_destroyed": 25, "houses_damaged": 82, "title": "(demo) flash_flood event", "source_url": "", "severity_score": 41.84, "severity_class": "major"}}, {"type": "Feature", "geometry": {"type": "Point", "coordinates": [86.2817, 27.8076]}, "properties": {"id": "demo-1647", "source": "demo", "date": "1983-09-27", "date_precision": "day", "year": 1983, "month": 9, "hazard": "landslide", "hazard_raw": "landslide", "district": null, "lon": 86.2817, "lat": 27.8076, "geo_precision": "exact", "deaths": 1, "missing": 0, "injured": 1, "people_affected": 28, "houses_destroyed": 3, "houses_damaged": 8, "title": "(demo) landslide event", "source_url": "", "severity_score": 7.06, "severity_class": "moderate"}}, {"type": "Feature", "geometry": {"type": "Point", "coordinates": [81.1624, 28.9721]}, "properties": {"id": "demo-1648", "source": "demo", "date": "2006-09-25", "date_precision": "day", "year": 2006, "month": 9, "hazard": "landslide", "hazard_raw": "landslide", "district": null, "lon": 81.1624, "lat": 28.9721, "geo_precision": "exact", "deaths": 0, "missing": 0, "injured": 0, "people_affected": 27, "houses_destroyed": 4, "houses_damaged": 9, "title": "(demo) landslide event", "source_url": "", "severity_score": 1.3, "severity_class": "small"}}, {"type": "Feature", "geometry": {"type": "Point", "coordinates": [84.4276, 27.7838]}, "properties": {"id": "demo-1649", "source": "demo", "date": "2010-02-23", "date_precision": "day", "year": 2010, "month": 2, "hazard": "flood", "hazard_raw": "flood", "district": null, "lon": 84.4276, "lat": 27.7838, "geo_precision": "exact", "deaths": 2, "missing": 0, "injured": 1, "people_affected": 0, "houses_destroyed": 0, "houses_damaged": 0, "title": "(demo) flood event", "source_url": "", "severity_score": 11.0, "severity_class": "moderate"}}, {"type": "Feature", "geometry": {"type": "Point", "coordinates": [83.8084, 28.8299]}, "properties": {"id": "demo-1650", "source": "demo", "date": "2011-08-12", "date_precision": "day", "year": 2011, "month": 8, "hazard": "flash_flood", "hazard_raw": "flash_flood", "district": null, "lon": 83.8084, "lat": 28.8299, "geo_precision": "exact", "deaths": 2, "missing": 0, "injured": 2, "people_affected": 76, "houses_destroyed": 5, "houses_damaged": 19, "title": "(demo) flash_flood event", "source_url": "", "severity_score": 14.1, "severity_class": "moderate"}}, {"type": "Feature", "geometry": {"type": "Point", "coordinates": [87.268, 26.4]}, "properties": {"id": "demo-1651", "source": "demo", "date": "2019-09-21", "date_precision": "day", "year": 2019, "month": 9, "hazard": "flood", "hazard_raw": "flood", "district": null, "lon": 87.268, "lat": 26.4, "geo_precision": "exact", "deaths": 12, "missing": 4, "injured": 20, "people_affected": 1007, "houses_destroyed": 64, "houses_damaged": 192, "title": "(demo) flood event", "source_url": "", "severity_score": 124.41, "severity_class": "catastrophic"}}, {"type": "Feature", "geometry": {"type": "Point", "coordinates": [83.5133, 28.3671]}, "properties": {"id": "demo-1652", "source": "demo", "date": "2000-06-09", "date_precision": "day", "year": 2000, "month": 6, "hazard": "flood", "hazard_raw": "flood", "district": null, "lon": 83.5133, "lat": 28.3671, "geo_precision": "exact", "deaths": 3, "missing": 0, "injured": 4, "people_affected": 10, "houses_destroyed": 2, "houses_damaged": 5, "title": "(demo) flood event", "source_url": "", "severity_score": 19.67, "severity_class": "moderate"}}, {"type": "Feature", "geometry": {"type": "Point", "coordinates": [85.5515, 27.8616]}, "properties": {"id": "demo-1653", "source": "demo", "date": "1995-08-25", "date_precision": "day", "year": 1995, "month": 8, "hazard": "debris_flow", "hazard_raw": "debris_flow", "district": null, "lon": 85.5515, "lat": 27.8616, "geo_precision": "exact", "deaths": 0, "missing": 0, "injured": 0, "people_affected": 43, "houses_destroyed": 3, "houses_damaged": 4, "title": "(demo) debris_flow event", "source_url": "", "severity_score": 0.89, "severity_class": "small"}}, {"type": "Feature", "geometry": {"type": "Point", "coordinates": [81.1506, 28.7839]}, "properties": {"id": "demo-1654", "source": "demo", "date": "1994-08-03", "date_precision": "day", "year": 1994, "month": 8, "hazard": "landslide", "hazard_raw": "landslide", "district": null, "lon": 81.1506, "lat": 28.7839, "geo_precision": "exact", "deaths": 0, "missing": 0, "injured": 0, "people_affected": 0, "houses_destroyed": 0, "houses_damaged": 0, "title": "(demo) landslide event", "source_url": "", "severity_score": 0.0, "severity_class": "minor"}}, {"type": "Feature", "geometry": {"type": "Point", "coordinates": [86.7285, 27.9688]}, "properties": {"id": "demo-1655", "source": "demo", "date": "1987-08-14", "date_precision": "day", "year": 1987, "month": 8, "hazard": "glof", "hazard_raw": "glof", "district": null, "lon": 86.7285, "lat": 27.9688, "geo_precision": "exact", "deaths": 10, "missing": 0, "injured": 17, "people_affected": 29, "houses_destroyed": 9, "houses_damaged": 20, "title": "(demo) glof event", "source_url": "", "severity_score": 69.86, "severity_class": "major"}}, {"type": "Feature", "geometry": {"type": "Point", "coordinates": [81.7017, 29.0676]}, "properties": {"id": "demo-1656", "source": "demo", "date": "2016-08-08", "date_precision": "day", "year": 2016, "month": 8, "hazard": "landslide", "hazard_raw": "landslide", "district": null, "lon": 81.7017, "lat": 29.0676, "geo_precision": "exact", "deaths": 0, "missing": 0, "injured": 0, "people_affected": 0, "houses_destroyed": 0, "houses_damaged": 0, "title": "(demo) landslide event", "source_url": "", "severity_score": 0.0, "severity_class": "minor"}}, {"type": "Feature", "geometry": {"type": "Point", "coordinates": [86.6783, 28.2225]}, "properties": {"id": "demo-1657", "source": "demo", "date": "1988-06-24", "date_precision": "day", "year": 1988, "month": 6, "hazard": "flash_flood", "hazard_raw": "flash_flood", "district": null, "lon": 86.6783, "lat": 28.2225, "geo_precision": "exact", "deaths": 4, "missing": 1, "injured": 1, "people_affected": 1346, "houses_destroyed": 69, "houses_damaged": 132, "title": "(demo) flash_flood event", "source_url": "", "severity_score": 49.09, "severity_class": "major"}}, {"type": "Feature", "geometry": {"type": "Point", "coordinates": [81.602, 29.5178]}, "properties": {"id": "demo-1658", "source": "demo", "date": "2004-02-18", "date_precision": "day", "year": 2004, "month": 2, "hazard": "landslide", "hazard_raw": "landslide", "district": null, "lon": 81.602, "lat": 29.5178, "geo_precision": "exact", "deaths": 0, "missing": 0, "injured": 0, "people_affected": 0, "houses_destroyed": 0, "houses_damaged": 0, "title": "(demo) landslide event", "source_url": "", "severity_score": 0.0, "severity_class": "minor"}}, {"type": "Feature", "geometry": {"type": "Point", "coordinates": [85.9178, 27.8796]}, "properties": {"id": "demo-1659", "source": "demo", "date": "2011-08-23", "date_precision": "day", "year": 2011, "month": 8, "hazard": "flash_flood", "hazard_raw": "flash_flood", "district": null, "lon": 85.9178, "lat": 27.8796, "geo_precision": "exact", "deaths": 1, "missing": 0, "injured": 1, "people_affected": 427, "houses_destroyed": 22, "houses_damaged": 80, "title": "(demo) flash_flood event", "source_url": "", "severity_score": 15.25, "severity_class": "moderate"}}, {"type": "Feature", "geometry": {"type": "Point", "coordinates": [87.4024, 26.8275]}, "properties": {"id": "demo-1660", "source": "demo", "date": "2000-06-11", "date_precision": "day", "year": 2000, "month": 6, "hazard": "landslide", "hazard_raw": "landslide", "district": null, "lon": 87.4024, "lat": 26.8275, "geo_precision": "exact", "deaths": 0, "missing": 0, "injured": 0, "people_affected": 31, "houses_destroyed": 5, "houses_damaged": 16, "title": "(demo) landslide event", "source_url": "", "severity_score": 1.86, "severity_class": "small"}}, {"type": "Feature", "geometry": {"type": "Point", "coordinates": [81.9327, 29.5647]}, "properties": {"id": "demo-1661", "source": "demo", "date": "2019-07-19", "date_precision": "day", "year": 2019, "month": 7, "hazard": "avalanche", "hazard_raw": "avalanche", "district": null, "lon": 81.9327, "lat": 29.5647, "geo_precision": "exact", "deaths": 0, "missing": 0, "injured": 0, "people_affected": 115, "houses_destroyed": 12, "houses_damaged": 19, "title": "(demo) avalanche event", "source_url": "", "severity_score": 3.58, "severity_class": "small"}}, {"type": "Feature", "geometry": {"type": "Point", "coordinates": [86.7676, 28.1721]}, "properties": {"id": "demo-1662", "source": "demo", "date": "1980-07-21", "date_precision": "day", "year": 1980, "month": 7, "hazard": "avalanche", "hazard_raw": "avalanche", "district": null, "lon": 86.7676, "lat": 28.1721, "geo_precision": "exact", "deaths": 0, "missing": 0, "injured": 0, "people_affected": 99, "houses_destroyed": 6, "houses_damaged": 9, "title": "(demo) avalanche event", "source_url": "", "severity_score": 1.85, "severity_class": "small"}}, {"type": "Feature", "geometry": {"type": "Point", "coordinates": [85.3901, 28.2725]}, "properties": {"id": "demo-1663", "source": "demo", "date": "2018-11-23", "date_precision": "day", "year": 2018, "month": 11, "hazard": "flash_flood", "hazard_raw": "flash_flood", "district": null, "lon": 85.3901, "lat": 28.2725, "geo_precision": "exact", "deaths": 3, "missing": 0, "injured": 1, "people_affected": 0, "houses_destroyed": 0, "houses_damaged": 0, "title": "(demo) flash_flood event", "source_url": "", "severity_score": 16.0, "severity_class": "moderate"}}, {"type": "Feature", "geometry": {"type": "Point", "coordinates": [85.7026, 28.3522]}, "properties": {"id": "demo-1664", "source": "demo", "date": "2016-07-12", "date_precision": "day", "year": 2016, "month": 7, "hazard": "flash_flood", "hazard_raw": "flash_flood", "district": null, "lon": 85.7026, "lat": 28.3522, "geo_precision": "exact", "deaths": 1, "missing": 0, "injured": 1, "people_affected": 111, "houses_destroyed": 9, "houses_damaged": 31, "title": "(demo) flash_flood event", "source_url": "", "severity_score": 9.57, "severity_class": "moderate"}}, {"type": "Feature", "geometry": {"type": "Point", "coordinates": [86.7211, 28.0393]}, "properties": {"id": "demo-1665", "source": "demo", "date": "1998-05-20", "date_precision": "day", "year": 1998, "month": 5, "hazard": "landslide", "hazard_raw": "landslide", "district": null, "lon": 86.7211, "lat": 28.0393, "geo_precision": "exact", "deaths": 0, "missing": 0, "injured": 0, "people_affected": 27, "houses_destroyed": 6, "houses_damaged": 12, "title": "(demo) landslide event", "source_url": "", "severity_score": 1.85, "severity_class": "small"}}, {"type": "Feature", "geometry": {"type": "Point", "coordinates": [87.1112, 27.8612]}, "properties": {"id": "demo-1666", "source": "demo", "date": "2019-07-18", "date_precision": "day", "year": 2019, "month": 7, "hazard": "glof", "hazard_raw": "glof", "district": null, "lon": 87.1112, "lat": 27.8612, "geo_precision": "exact", "deaths": 14, "missing": 0, "injured": 9, "people_affected": 352, "houses_destroyed": 33, "houses_damaged": 34, "title": "(demo) glof event", "source_url": "", "severity_score": 88.0, "severity_class": "major"}}, {"type": "Feature", "geometry": {"type": "Point", "coordinates": [87.1801, 27.8631]}, "properties": {"id": "demo-1667", "source": "demo", "date": "2004-06-23", "date_precision": "day", "year": 2004, "month": 6, "hazard": "landslide", "hazard_raw": "landslide", "district": null, "lon": 87.1801, "lat": 27.8631, "geo_precision": "exact", "deaths": 2, "missing": 0, "injured": 2, "people_affected": 0, "houses_destroyed": 0, "houses_damaged": 0, "title": "(demo) landslide event", "source_url": "", "severity_score": 12.0, "severity_class": "moderate"}}, {"type": "Feature", "geometry": {"type": "Point", "coordinates": [87.3467, 26.6394]}, "properties": {"id": "demo-1668", "source": "demo", "date": "2009-05-14", "date_precision": "day", "year": 2009, "month": 5, "hazard": "landslide", "hazard_raw": "landslide", "district": null, "lon": 87.3467, "lat": 26.6394, "geo_precision": "exact", "deaths": 0, "missing": 0, "injured": 0, "people_affected": 0, "houses_destroyed": 0, "houses_damaged": 0, "title": "(demo) landslide event", "source_url": "", "severity_score": 0.0, "severity_class": "minor"}}, {"type": "Feature", "geometry": {"type": "Point", "coordinates": [81.8909, 29.3014]}, "properties": {"id": "demo-1669", "source": "demo", "date": "2000-07-14", "date_precision": "day", "year": 2000, "month": 7, "hazard": "landslide", "hazard_raw": "landslide", "district": null, "lon": 81.8909, "lat": 29.3014, "geo_precision": "exact", "deaths": 0, "missing": 0, "injured": 0, "people_affected": 0, "houses_destroyed": 0, "houses_damaged": 0, "title": "(demo) landslide event", "source_url": "", "severity_score": 0.0, "severity_class": "minor"}}, {"type": "Feature", "geometry": {"type": "Point", "coordinates": [86.3965, 26.7986]}, "properties": {"id": "demo-1670", "source": "demo", "date": "2018-05-04", "date_precision": "day", "year": 2018, "month": 5, "hazard": "flood", "hazard_raw": "flood", "district": null, "lon": 86.3965, "lat": 26.7986, "geo_precision": "exact", "deaths": 0, "missing": 0, "injured": 0, "people_affected": 11, "houses_destroyed": 2, "houses_damaged": 3, "title": "(demo) flood event", "source_url": "", "severity_score": 0.57, "severity_class": "small"}}, {"type": "Feature", "geometry": {"type": "Point", "coordinates": [83.8816, 27.316]}, "properties": {"id": "demo-1671", "source": "demo", "date": "1979-12-02", "date_precision": "day", "year": 1979, "month": 12, "hazard": "flood", "hazard_raw": "flood", "district": null, "lon": 83.8816, "lat": 27.316, "geo_precision": "exact", "deaths": 0, "missing": 0, "injured": 0, "people_affected": 67, "houses_destroyed": 17, "houses_damaged": 30, "title": "(demo) flood event", "source_url": "", "severity_score": 5.03, "severity_class": "moderate"}}, {"type": "Feature", "geometry": {"type": "Point", "coordinates": [86.7232, 27.9469]}, "properties": {"id": "demo-1672", "source": "demo", "date": "1992-08-20", "date_precision": "day", "year": 1992, "month": 8, "hazard": "landslide", "hazard_raw": "landslide", "district": null, "lon": 86.7232, "lat": 27.9469, "geo_precision": "exact", "deaths": 1, "missing": 0, "injured": 0, "people_affected": 0, "houses_destroyed": 0, "houses_damaged": 0, "title": "(demo) landslide event", "source_url": "", "severity_score": 5.0, "severity_class": "moderate"}}, {"type": "Feature", "geometry": {"type": "Point", "coordinates": [80.2647, 28.7465]}, "properties": {"id": "demo-1673", "source": "demo", "date": "2002-07-09", "date_precision": "day", "year": 2002, "month": 7, "hazard": "flood", "hazard_raw": "flood", "district": null, "lon": 80.2647, "lat": 28.7465, "geo_precision": "exact", "deaths": 3, "missing": 0, "injured": 3, "people_affected": 186, "houses_destroyed": 18, "houses_damaged": 63, "title": "(demo) flood event", "source_url": "", "severity_score": 25.12, "severity_class": "major"}}, {"type": "Feature", "geometry": {"type": "Point", "coordinates": [85.3689, 27.9748]}, "properties": {"id": "demo-1674", "source": "demo", "date": "2009-07-08", "date_precision": "day", "year": 2009, "month": 7, "hazard": "flash_flood", "hazard_raw": "flash_flood", "district": null, "lon": 85.3689, "lat": 27.9748, "geo_precision": "exact", "deaths": 0, "missing": 0, "injured": 0, "people_affected": 1001, "houses_destroyed": 101, "houses_damaged": 207, "title": "(demo) flash_flood event", "source_url": "", "severity_score": 32.55, "severity_class": "major"}}, {"type": "Feature", "geometry": {"type": "Point", "coordinates": [83.3742, 27.2833]}, "properties": {"id": "demo-1675", "source": "demo", "date": "2006-09-19", "date_precision": "day", "year": 2006, "month": 9, "hazard": "flood", "hazard_raw": "flood", "district": null, "lon": 83.3742, "lat": 27.2833, "geo_precision": "exact", "deaths": 0, "missing": 0, "injured": 0, "people_affected": 0, "houses_destroyed": 0, "houses_damaged": 0, "title": "(demo) flood event", "source_url": "", "severity_score": 0.0, "severity_class": "minor"}}, {"type": "Feature", "geometry": {"type": "Point", "coordinates": [85.8894, 28.2799]}, "properties": {"id": "demo-1676", "source": "demo", "date": "2007-12-28", "date_precision": "day", "year": 2007, "month": 12, "hazard": "glof", "hazard_raw": "glof", "district": null, "lon": 85.8894, "lat": 28.2799, "geo_precision": "exact", "deaths": 18, "missing": 0, "injured": 16, "people_affected": 111, "houses_destroyed": 19, "houses_damaged": 71, "title": "(demo) glof event", "source_url": "", "severity_score": 113.57, "severity_class": "catastrophic"}}, {"type": "Feature", "geometry": {"type": "Point", "coordinates": [83.8848, 28.0018]}, "properties": {"id": "demo-1677", "source": "demo", "date": "2016-06-15", "date_precision": "day", "year": 2016, "month": 6, "hazard": "landslide", "hazard_raw": "landslide", "district": null, "lon": 83.8848, "lat": 28.0018, "geo_precision": "exact", "deaths": 0, "missing": 0, "injured": 0, "people_affected": 58, "houses_destroyed": 4, "houses_damaged": 6, "title": "(demo) landslide event", "source_url": "", "severity_score": 1.22, "severity_class": "small"}}, {"type": "Feature", "geometry": {"type": "Point", "coordinates": [86.5977, 28.0281]}, "properties": {"id": "demo-1678", "source": "demo", "date": "1978-08-19", "date_precision": "day", "year": 1978, "month": 8, "hazard": "avalanche", "hazard_raw": "avalanche", "district": null, "lon": 86.5977, "lat": 28.0281, "geo_precision": "exact", "deaths": 2, "missing": 0, "injured": 2, "people_affected": 0, "houses_destroyed": 0, "houses_damaged": 0, "title": "(demo) avalanche event", "source_url": "", "severity_score": 12.0, "severity_class": "moderate"}}, {"type": "Feature", "geometry": {"type": "Point", "coordinates": [86.8126, 27.6756]}, "properties": {"id": "demo-1679", "source": "demo", "date": "2015-08-17", "date_precision": "day", "year": 2015, "month": 8, "hazard": "avalanche", "hazard_raw": "avalanche", "district": null, "lon": 86.8126, "lat": 27.6756, "geo_precision": "exact", "deaths": 0, "missing": 0, "injured": 0, "people_affected": 222, "houses_destroyed": 19, "houses_damaged": 48, "title": "(demo) avalanche event", "source_url": "", "severity_score": 6.64, "severity_class": "moderate"}}, {"type": "Feature", "geometry": {"type": "Point", "coordinates": [84.0316, 27.9348]}, "properties": {"id": "demo-1680", "source": "demo", "date": "2007-07-23", "date_precision": "day", "year": 2007, "month": 7, "hazard": "landslide", "hazard_raw": "landslide", "district": null, "lon": 84.0316, "lat": 27.9348, "geo_precision": "exact", "deaths": 0, "missing": 0, "injured": 0, "people_affected": 0, "houses_destroyed": 0, "houses_damaged": 0, "title": "(demo) landslide event", "source_url": "", "severity_score": 0.0, "severity_class": "minor"}}, {"type": "Feature", "geometry": {"type": "Point", "coordinates": [85.7382, 26.6899]}, "properties": {"id": "demo-1681", "source": "demo", "date": "1987-07-04", "date_precision": "day", "year": 1987, "month": 7, "hazard": "flood", "hazard_raw": "flood", "district": null, "lon": 85.7382, "lat": 26.6899, "geo_precision": "exact", "deaths": 0, "missing": 0, "injured": 0, "people_affected": 0, "houses_destroyed": 0, "houses_damaged": 0, "title": "(demo) flood event", "source_url": "", "severity_score": 0.0, "severity_class": "minor"}}, {"type": "Feature", "geometry": {"type": "Point", "coordinates": [85.9415, 27.9807]}, "properties": {"id": "demo-1682", "source": "demo", "date": "2007-04-13", "date_precision": "day", "year": 2007, "month": 4, "hazard": "glof", "hazard_raw": "glof", "district": null, "lon": 85.9415, "lat": 27.9807, "geo_precision": "exact", "deaths": 33, "missing": 6, "injured": 61, "people_affected": 44079, "houses_destroyed": 2292, "houses_damaged": 5838, "title": "(demo) glof event", "source_url": "", "severity_score": 1094.46, "severity_class": "catastrophic"}}, {"type": "Feature", "geometry": {"type": "Point", "coordinates": [86.3628, 28.3777]}, "properties": {"id": "demo-1683", "source": "demo", "date": "2016-09-14", "date_precision": "day", "year": 2016, "month": 9, "hazard": "flood", "hazard_raw": "flood", "district": null, "lon": 86.3628, "lat": 28.3777, "geo_precision": "exact", "deaths": 3, "missing": 0, "injured": 3, "people_affected": 0, "houses_destroyed": 0, "houses_damaged": 0, "title": "(demo) flood event", "source_url": "", "severity_score": 18.0, "severity_class": "moderate"}}, {"type": "Feature", "geometry": {"type": "Point", "coordinates": [87.0897, 26.9276]}, "properties": {"id": "demo-1684", "source": "demo", "date": "1990-07-23", "date_precision": "day", "year": 1990, "month": 7, "hazard": "flood", "hazard_raw": "flood", "district": null, "lon": 87.0897, "lat": 26.9276, "geo_precision": "exact", "deaths": 0, "missing": 0, "injured": 0, "people_affected": 41, "houses_destroyed": 3, "houses_damaged": 8, "title": "(demo) flood event", "source_url": "", "severity_score": 1.08, "severity_class": "small"}}, {"type": "Feature", "geometry": {"type": "Point", "coordinates": [85.0491, 27.6858]}, "properties": {"id": "demo-1685", "source": "demo", "date": "2006-08-17", "date_precision": "day", "year": 2006, "month": 8, "hazard": "landslide", "hazard_raw": "landslide", "district": null, "lon": 85.0491, "lat": 27.6858, "geo_precision": "exact", "deaths": 0, "missing": 0, "injured": 0, "people_affected": 40, "houses_destroyed": 6, "houses_damaged": 19, "title": "(demo) landslide event", "source_url": "", "severity_score": 2.23, "severity_class": "small"}}, {"type": "Feature", "geometry": {"type": "Point", "coordinates": [85.5182, 27.7908]}, "properties": {"id": "demo-1686", "source": "demo", "date": "2014-06-23", "date_precision": "day", "year": 2014, "month": 6, "hazard": "landslide", "hazard_raw": "landslide", "district": null, "lon": 85.5182, "lat": 27.7908, "geo_precision": "exact", "deaths": 0, "missing": 0, "injured": 0, "people_affected": 5, "houses_destroyed": 1, "houses_damaged": 1, "title": "(demo) landslide event", "source_url": "", "severity_score": 0.26, "severity_class": "small"}}, {"type": "Feature", "geometry": {"type": "Point", "coordinates": [86.1621, 26.9761]}, "properties": {"id": "demo-1687", "source": "demo", "date": "2010-07-02", "date_precision": "day", "year": 2010, "month": 7, "hazard": "flood", "hazard_raw": "flood", "district": null, "lon": 86.1621, "lat": 26.9761, "geo_precision": "exact", "deaths": 0, "missing": 0, "injured": 0, "people_affected": 73, "houses_destroyed": 20, "houses_damaged": 28, "title": "(demo) flood event", "source_url": "", "severity_score": 5.55, "severity_class": "moderate"}}, {"type": "Feature", "geometry": {"type": "Point", "coordinates": [84.2407, 28.2843]}, "properties": {"id": "demo-1688", "source": "demo", "date": "2025-07-09", "date_precision": "day", "year": 2025, "month": 7, "hazard": "landslide", "hazard_raw": "landslide", "district": null, "lon": 84.2407, "lat": 28.2843, "geo_precision": "exact", "deaths": 1, "missing": 0, "injured": 1, "people_affected": 151, "houses_destroyed": 11, "houses_damaged": 14, "title": "(demo) landslide event", "source_url": "", "severity_score": 9.2, "severity_class": "moderate"}}, {"type": "Feature", "geometry": {"type": "Point", "coordinates": [80.8904, 28.8149]}, "properties": {"id": "demo-1689", "source": "demo", "date": "2012-04-05", "date_precision": "day", "year": 2012, "month": 4, "hazard": "flash_flood", "hazard_raw": "flash_flood", "district": null, "lon": 80.8904, "lat": 28.8149, "geo_precision": "exact", "deaths": 1, "missing": 0, "injured": 1, "people_affected": 43, "houses_destroyed": 6, "houses_damaged": 18, "title": "(demo) flash_flood event", "source_url": "", "severity_score": 8.19, "severity_class": "moderate"}}, {"type": "Feature", "geometry": {"type": "Point", "coordinates": [85.0232, 28.059]}, "properties": {"id": "demo-1690", "source": "demo", "date": "2008-07-05", "date_precision": "day", "year": 2008, "month": 7, "hazard": "landslide", "hazard_raw": "landslide", "district": null, "lon": 85.0232, "lat": 28.059, "geo_precision": "exact", "deaths": 0, "missing": 0, "injured": 0, "people_affected": 18, "houses_destroyed": 1, "houses_damaged": 3, "title": "(demo) landslide event", "source_url": "", "severity_score": 0.39, "severity_class": "small"}}, {"type": "Feature", "geometry": {"type": "Point", "coordinates": [81.8076, 29.4246]}, "properties": {"id": "demo-1691", "source": "demo", "date": "2019-03-22", "date_precision": "day", "year": 2019, "month": 3, "hazard": "landslide", "hazard_raw": "landslide", "district": null, "lon": 81.8076, "lat": 29.4246, "geo_precision": "exact", "deaths": 0, "missing": 0, "injured": 0, "people_affected": 0, "houses_destroyed": 0, "houses_damaged": 0, "title": "(demo) landslide event", "source_url": "", "severity_score": 0.0, "severity_class": "minor"}}, {"type": "Feature", "geometry": {"type": "Point", "coordinates": [86.7773, 27.7871]}, "properties": {"id": "demo-1692", "source": "demo", "date": "2014-06-02", "date_precision": "day", "year": 2014, "month": 6, "hazard": "flood", "hazard_raw": "flood", "district": null, "lon": 86.7773, "lat": 27.7871, "geo_precision": "exact", "deaths": 0, "missing": 0, "injured": 0, "people_affected": 74, "houses_destroyed": 4, "houses_damaged": 11, "title": "(demo) flood event", "source_url": "", "severity_score": 1.5, "severity_class": "small"}}, {"type": "Feature", "geometry": {"type": "Point", "coordinates": [85.2478, 27.7843]}, "properties": {"id": "demo-1693", "source": "demo", "date": "2018-09-09", "date_precision": "day", "year": 2018, "month": 9, "hazard": "landslide", "hazard_raw": "landslide", "district": null, "lon": 85.2478, "lat": 27.7843, "geo_precision": "exact", "deaths": 0, "missing": 0, "injured": 0, "people_affected": 0, "houses_destroyed": 0, "houses_damaged": 0, "title": "(demo) landslide event", "source_url": "", "severity_score": 0.0, "severity_class": "minor"}}, {"type": "Feature", "geometry": {"type": "Point", "coordinates": [85.8008, 28.1732]}, "properties": {"id": "demo-1694", "source": "demo", "date": "2018-08-27", "date_precision": "day", "year": 2018, "month": 8, "hazard": "glof", "hazard_raw": "glof", "district": null, "lon": 85.8008, "lat": 28.1732, "geo_precision": "exact", "deaths": 0, "missing": 0, "injured": 0, "people_affected": 421, "houses_destroyed": 123, "houses_damaged": 247, "title": "(demo) glof event", "source_url": "", "severity_score": 37.79, "severity_class": "major"}}, {"type": "Feature", "geometry": {"type": "Point", "coordinates": [84.0519, 28.1873]}, "properties": {"id": "demo-1695", "source": "demo", "date": "1974-05-05", "date_precision": "day", "year": 1974, "month": 5, "hazard": "landslide", "hazard_raw": "landslide", "district": null, "lon": 84.0519, "lat": 28.1873, "geo_precision": "exact", "deaths": 0, "missing": 0, "injured": 0, "people_affected": 113, "houses_destroyed": 10, "houses_damaged": 26, "title": "(demo) landslide event", "source_url": "", "severity_score": 3.53, "severity_class": "small"}}, {"type": "Feature", "geometry": {"type": "Point", "coordinates": [85.401, 28.2328]}, "properties": {"id": "demo-1696", "source": "demo", "date": "2006-10-02", "date_precision": "day", "year": 2006, "month": 10, "hazard": "flash_flood", "hazard_raw": "flash_flood", "district": null, "lon": 85.401, "lat": 28.2328, "geo_precision": "exact", "deaths": 0, "missing": 0, "injured": 0, "people_affected": 0, "houses_destroyed": 0, "houses_damaged": 0, "title": "(demo) flash_flood event", "source_url": "", "severity_score": 0.0, "severity_class": "minor"}}, {"type": "Feature", "geometry": {"type": "Point", "coordinates": [83.7965, 28.6782]}, "properties": {"id": "demo-1697", "source": "demo", "date": "2016-07-17", "date_precision": "day", "year": 2016, "month": 7, "hazard": "flash_flood", "hazard_raw": "flash_flood", "district": null, "lon": 83.7965, "lat": 28.6782, "geo_precision": "exact", "deaths": 0, "missing": 0, "injured": 0, "people_affected": 38, "houses_destroyed": 2, "houses_damaged": 7, "title": "(demo) flash_flood event", "source_url": "", "severity_score": 0.83, "severity_class": "small"}}, {"type": "Feature", "geometry": {"type": "Point", "coordinates": [80.2, 28.5436]}, "properties": {"id": "demo-1698", "source": "demo", "date": "2014-06-18", "date_precision": "day", "year": 2014, "month": 6, "hazard": "flood", "hazard_raw": "flood", "district": null, "lon": 80.2, "lat": 28.5436, "geo_precision": "exact", "deaths": 0, "missing": 0, "injured": 0, "people_affected": 7, "houses_destroyed": 1, "houses_damaged": 3, "title": "(demo) flood event", "source_url": "", "severity_score": 0.36, "severity_class": "small"}}, {"type": "Feature", "geometry": {"type": "Point", "coordinates": [83.4764, 27.6336]}, "properties": {"id": "demo-1699", "source": "demo", "date": "2019-07-20", "date_precision": "day", "year": 2019, "month": 7, "hazard": "flood", "hazard_raw": "flood", "district": null, "lon": 83.4764, "lat": 27.6336, "geo_precision": "exact", "deaths": 8, "missing": 2, "injured": 4, "people_affected": 378, "houses_destroyed": 69, "houses_damaged": 233, "title": "(demo) flood event", "source_url": "", "severity_score": 80.21, "severity_class": "major"}}, {"type": "Feature", "geometry": {"type": "Point", "coordinates": [87.1114, 26.5275]}, "properties": {"id": "demo-1700", "source": "demo", "date": "2000-07-28", "date_precision": "day", "year": 2000, "month": 7, "hazard": "landslide", "hazard_raw": "landslide", "district": null, "lon": 87.1114, "lat": 26.5275, "geo_precision": "exact", "deaths": 0, "missing": 0, "injured": 0, "people_affected": 0, "houses_destroyed": 0, "houses_damaged": 0, "title": "(demo) landslide event", "source_url": "", "severity_score": 0.0, "severity_class": "minor"}}, {"type": "Feature", "geometry": {"type": "Point", "coordinates": [88.0195, 26.6486]}, "properties": {"id": "demo-1701", "source": "demo", "date": "2007-09-21", "date_precision": "day", "year": 2007, "month": 9, "hazard": "flood", "hazard_raw": "flood", "district": null, "lon": 88.0195, "lat": 26.6486, "geo_precision": "exact", "deaths": 2, "missing": 0, "injured": 3, "people_affected": 0, "houses_destroyed": 0, "houses_damaged": 0, "title": "(demo) flood event", "source_url": "", "severity_score": 13.0, "severity_class": "moderate"}}, {"type": "Feature", "geometry": {"type": "Point", "coordinates": [81.5528, 29.6031]}, "properties": {"id": "demo-1702", "source": "demo", "date": "2021-01-19", "date_precision": "day", "year": 2021, "month": 1, "hazard": "flood", "hazard_raw": "flood", "district": null, "lon": 81.5528, "lat": 29.6031, "geo_precision": "exact", "deaths": 0, "missing": 0, "injured": 0, "people_affected": 17, "houses_destroyed": 1, "houses_damaged": 2, "title": "(demo) flood event", "source_url": "", "severity_score": 0.33, "severity_class": "small"}}, {"type": "Feature", "geometry": {"type": "Point", "coordinates": [84.2847, 28.254]}, "properties": {"id": "demo-1703", "source": "demo", "date": "1977-03-27", "date_precision": "day", "year": 1977, "month": 3, "hazard": "landslide", "hazard_raw": "landslide", "district": null, "lon": 84.2847, "lat": 28.254, "geo_precision": "exact", "deaths": 0, "missing": 0, "injured": 0, "people_affected": 5, "houses_destroyed": 1, "houses_damaged": 2, "title": "(demo) landslide event", "source_url": "", "severity_score": 0.31, "severity_class": "small"}}, {"type": "Feature", "geometry": {"type": "Point", "coordinates": [86.7806, 28.0066]}, "properties": {"id": "demo-1704", "source": "demo", "date": "2026-08-01", "date_precision": "day", "year": 2026, "month": 8, "hazard": "avalanche", "hazard_raw": "avalanche", "district": null, "lon": 86.7806, "lat": 28.0066, "geo_precision": "exact", "deaths": 0, "missing": 0, "injured": 0, "people_affected": 198, "houses_destroyed": 36, "houses_damaged": 76, "title": "(demo) avalanche event", "source_url": "", "severity_score": 11.4, "severity_class": "moderate"}}, {"type": "Feature", "geometry": {"type": "Point", "coordinates": [85.4596, 28.3203]}, "properties": {"id": "demo-1705", "source": "demo", "date": "2011-06-22", "date_precision": "day", "year": 2011, "month": 6, "hazard": "glof", "hazard_raw": "glof", "district": null, "lon": 85.4596, "lat": 28.3203, "geo_precision": "exact", "deaths": 24, "missing": 5, "injured": 31, "people_affected": 379, "houses_destroyed": 35, "houses_damaged": 63, "title": "(demo) glof event", "source_url": "", "severity_score": 186.91, "severity_class": "catastrophic"}}, {"type": "Feature", "geometry": {"type": "Point", "coordinates": [86.4483, 28.05]}, "properties": {"id": "demo-1706", "source": "demo", "date": "2009-07-20", "date_precision": "day", "year": 2009, "month": 7, "hazard": "debris_flow", "hazard_raw": "debris_flow", "district": null, "lon": 86.4483, "lat": 28.05, "geo_precision": "exact", "deaths": 0, "missing": 0, "injured": 0, "people_affected": 14, "houses_destroyed": 1, "houses_damaged": 3, "title": "(demo) debris_flow event", "source_url": "", "severity_score": 0.38, "severity_class": "small"}}, {"type": "Feature", "geometry": {"type": "Point", "coordinates": [86.9283, 27.8655]}, "properties": {"id": "demo-1707", "source": "demo", "date": "1993-06-10", "date_precision": "day", "year": 1993, "month": 6, "hazard": "landslide", "hazard_raw": "landslide", "district": null, "lon": 86.9283, "lat": 27.8655, "geo_precision": "exact", "deaths": 0, "missing": 0, "injured": 0, "people_affected": 10390, "houses_destroyed": 527, "houses_damaged": 2009, "title": "(demo) landslide event", "source_url": "", "severity_score": 226.63, "severity_class": "catastrophic"}}, {"type": "Feature", "geometry": {"type": "Point", "coordinates": [85.0239, 28.1078]}, "properties": {"id": "demo-1708", "source": "demo", "date": "2019-07-19", "date_precision": "day", "year": 2019, "month": 7, "hazard": "debris_flow", "hazard_raw": "debris_flow", "district": null, "lon": 85.0239, "lat": 28.1078, "geo_precision": "exact", "deaths": 0, "missing": 0, "injured": 0, "people_affected": 72, "houses_destroyed": 6, "houses_damaged": 6, "title": "(demo) debris_flow event", "source_url": "", "severity_score": 1.64, "severity_class": "small"}}, {"type": "Feature", "geometry": {"type": "Point", "coordinates": [84.444, 27.7004]}, "properties": {"id": "demo-1709", "source": "demo", "date": "2001-09-17", "date_precision": "day", "year": 2001, "month": 9, "hazard": "flood", "hazard_raw": "flood", "district": null, "lon": 84.444, "lat": 27.7004, "geo_precision": "exact", "deaths": 3, "missing": 0, "injured": 3, "people_affected": 321, "houses_destroyed": 19, "houses_damaged": 31, "title": "(demo) flood event", "source_url": "", "severity_score": 23.99, "severity_class": "moderate"}}, {"type": "Feature", "geometry": {"type": "Point", "coordinates": [84.2374, 27.7791]}, "properties": {"id": "demo-1710", "source": "demo", "date": "2014-07-09", "date_precision": "day", "year": 2014, "month": 7, "hazard": "flood", "hazard_raw": "flood", "district": null, "lon": 84.2374, "lat": 27.7791, "geo_precision": "exact", "deaths": 0, "missing": 0, "injured": 0, "people_affected": 87, "houses_destroyed": 18, "houses_damaged": 57, "title": "(demo) flood event", "source_url": "", "severity_score": 6.62, "severity_class": "moderate"}}, {"type": "Feature", "geometry": {"type": "Point", "coordinates": [86.6656, 27.929]}, "properties": {"id": "demo-1711", "source": "demo", "date": "2015-07-26", "date_precision": "day", "year": 2015, "month": 7, "hazard": "avalanche", "hazard_raw": "avalanche", "district": null, "lon": 86.6656, "lat": 27.929, "geo_precision": "exact", "deaths": 0, "missing": 0, "injured": 0, "people_affected": 8, "houses_destroyed": 1, "houses_damaged": 3, "title": "(demo) avalanche event", "source_url": "", "severity_score": 0.37, "severity_class": "small"}}, {"type": "Feature", "geometry": {"type": "Point", "coordinates": [81.3914, 29.4642]}, "properties": {"id": "demo-1712", "source": "demo", "date": "2006-03-22", "date_precision": "day", "year": 2006, "month": 3, "hazard": "landslide", "hazard_raw": "landslide", "district": null, "lon": 81.3914, "lat": 29.4642, "geo_precision": "exact", "deaths": 0, "missing": 0, "injured": 0, "people_affected": 0, "houses_destroyed": 0, "houses_damaged": 0, "title": "(demo) landslide event", "source_url": "", "severity_score": 0.0, "severity_class": "minor"}}, {"type": "Feature", "geometry": {"type": "Point", "coordinates": [82.5181, 29.733]}, "properties": {"id": "demo-1713", "source": "demo", "date": "2002-08-05", "date_precision": "day", "year": 2002, "month": 8, "hazard": "avalanche", "hazard_raw": "avalanche", "district": null, "lon": 82.5181, "lat": 29.733, "geo_precision": "exact", "deaths": 34, "missing": 7, "injured": 61, "people_affected": 0, "houses_destroyed": 0, "houses_damaged": 0, "title": "(demo) avalanche event", "source_url": "", "severity_score": 266.0, "severity_class": "catastrophic"}}, {"type": "Feature", "geometry": {"type": "Point", "coordinates": [81.7322, 29.2824]}, "properties": {"id": "demo-1714", "source": "demo", "date": "2025-08-10", "date_precision": "day", "year": 2025, "month": 8, "hazard": "avalanche", "hazard_raw": "avalanche", "district": null, "lon": 81.7322, "lat": 29.2824, "geo_precision": "exact", "deaths": 0, "missing": 0, "injured": 0, "people_affected": 132, "houses_destroyed": 7, "houses_damaged": 19, "title": "(demo) avalanche event", "source_url": "", "severity_score": 2.61, "severity_class": "small"}}, {"type": "Feature", "geometry": {"type": "Point", "coordinates": [83.7761, 28.174]}, "properties": {"id": "demo-1715", "source": "demo", "date": "2001-07-06", "date_precision": "day", "year": 2001, "month": 7, "hazard": "landslide", "hazard_raw": "landslide", "district": null, "lon": 83.7761, "lat": 28.174, "geo_precision": "exact", "deaths": 0, "missing": 0, "injured": 0, "people_affected": 34, "houses_destroyed": 2, "houses_damaged": 2, "title": "(demo) landslide event", "source_url": "", "severity_score": 0.57, "severity_class": "small"}}, {"type": "Feature", "geometry": {"type": "Point", "coordinates": [87.082, 27.5697]}, "properties": {"id": "demo-1716", "source": "demo", "date": "2010-10-17", "date_precision": "day", "year": 2010, "month": 10, "hazard": "landslide", "hazard_raw": "landslide", "district": null, "lon": 87.082, "lat": 27.5697, "geo_precision": "exact", "deaths": 0, "missing": 0, "injured": 0, "people_affected": 213, "houses_destroyed": 11, "houses_damaged": 36, "title": "(demo) landslide event", "source_url": "", "severity_score": 4.43, "severity_class": "small"}}, {"type": "Feature", "geometry": {"type": "Point", "coordinates": [81.9075, 29.4458]}, "properties": {"id": "demo-1717", "source": "demo", "date": "1979-08-23", "date_precision": "day", "year": 1979, "month": 8, "hazard": "landslide", "hazard_raw": "landslide", "district": null, "lon": 81.9075, "lat": 29.4458, "geo_precision": "exact", "deaths": 0, "missing": 0, "injured": 0, "people_affected": 0, "houses_destroyed": 0, "houses_damaged": 0, "title": "(demo) landslide event", "source_url": "", "severity_score": 0.0, "severity_class": "minor"}}, {"type": "Feature", "geometry": {"type": "Point", "coordinates": [83.9756, 28.5503]}, "properties": {"id": "demo-1718", "source": "demo", "date": "2004-08-04", "date_precision": "day", "year": 2004, "month": 8, "hazard": "flood", "hazard_raw": "flood", "district": null, "lon": 83.9756, "lat": 28.5503, "geo_precision": "exact", "deaths": 0, "missing": 0, "injured": 0, "people_affected": 18, "houses_destroyed": 1, "houses_damaged": 1, "title": "(demo) flood event", "source_url": "", "severity_score": 0.29, "severity_class": "small"}}, {"type": "Feature", "geometry": {"type": "Point", "coordinates": [84.0698, 27.4683]}, "properties": {"id": "demo-1719", "source": "demo", "date": "1979-06-02", "date_precision": "day", "year": 1979, "month": 6, "hazard": "flood", "hazard_raw": "flood", "district": null, "lon": 84.0698, "lat": 27.4683, "geo_precision": "exact", "deaths": 0, "missing": 0, "injured": 0, "people_affected": 45, "houses_destroyed": 3, "houses_damaged": 3, "title": "(demo) flood event", "source_url": "", "severity_score": 0.84, "severity_class": "small"}}, {"type": "Feature", "geometry": {"type": "Point", "coordinates": [80.6023, 28.9108]}, "properties": {"id": "demo-1720", "source": "demo", "date": "1999-06-21", "date_precision": "day", "year": 1999, "month": 6, "hazard": "landslide", "hazard_raw": "landslide", "district": null, "lon": 80.6023, "lat": 28.9108, "geo_precision": "exact", "deaths": 0, "missing": 0, "injured": 0, "people_affected": 49, "houses_destroyed": 3, "houses_damaged": 10, "title": "(demo) landslide event", "source_url": "", "severity_score": 1.2, "severity_class": "small"}}, {"type": "Feature", "geometry": {"type": "Point", "coordinates": [84.291, 28.3027]}, "properties": {"id": "demo-1721", "source": "demo", "date": "2005-08-16", "date_precision": "day", "year": 2005, "month": 8, "hazard": "landslide", "hazard_raw": "landslide", "district": null, "lon": 84.291, "lat": 28.3027, "geo_precision": "exact", "deaths": 0, "missing": 0, "injured": 0, "people_affected": 0, "houses_destroyed": 0, "houses_damaged": 0, "title": "(demo) landslide event", "source_url": "", "severity_score": 0.0, "severity_class": "minor"}}, {"type": "Feature", "geometry": {"type": "Point", "coordinates": [87.3372, 26.5935]}, "properties": {"id": "demo-1722", "source": "demo", "date": "2017-08-06", "date_precision": "day", "year": 2017, "month": 8, "hazard": "flood", "hazard_raw": "flood", "district": null, "lon": 87.3372, "lat": 26.5935, "geo_precision": "exact", "deaths": 0, "missing": 0, "injured": 0, "people_affected": 244, "houses_destroyed": 32, "houses_damaged": 123, "title": "(demo) flood event", "source_url": "", "severity_score": 13.04, "severity_class": "moderate"}}, {"type": "Feature", "geometry": {"type": "Point", "coordinates": [83.6322, 28.6508]}, "properties": {"id": "demo-1723", "source": "demo", "date": "2003-09-23", "date_precision": "day", "year": 2003, "month": 9, "hazard": "flood", "hazard_raw": "flood", "district": null, "lon": 83.6322, "lat": 28.6508, "geo_precision": "exact", "deaths": 7, "missing": 0, "injured": 10, "people_affected": 210, "houses_destroyed": 36, "houses_damaged": 126, "title": "(demo) flood event", "source_url": "", "severity_score": 58.92, "severity_class": "major"}}, {"type": "Feature", "geometry": {"type": "Point", "coordinates": [83.8286, 28.6182]}, "properties": {"id": "demo-1724", "source": "demo", "date": "2021-08-28", "date_precision": "day", "year": 2021, "month": 8, "hazard": "flash_flood", "hazard_raw": "flash_flood", "district": null, "lon": 83.8286, "lat": 28.6182, "geo_precision": "exact", "deaths": 0, "missing": 0, "injured": 0, "people_affected": 78, "houses_destroyed": 5, "houses_damaged": 18, "title": "(demo) flash_flood event", "source_url": "", "severity_score": 2.06, "severity_class": "small"}}, {"type": "Feature", "geometry": {"type": "Point", "coordinates": [85.246, 28.2879]}, "properties": {"id": "demo-1725", "source": "demo", "date": "2013-09-06", "date_precision": "day", "year": 2013, "month": 9, "hazard": "flash_flood", "hazard_raw": "flash_flood", "district": null, "lon": 85.246, "lat": 28.2879, "geo_precision": "exact", "deaths": 4, "missing": 0, "injured": 4, "people_affected": 95, "houses_destroyed": 9, "houses_damaged": 33, "title": "(demo) flash_flood event", "source_url": "", "severity_score": 27.64, "severity_class": "major"}}, {"type": "Feature", "geometry": {"type": "Point", "coordinates": [82.0247, 29.4271]}, "properties": {"id": "demo-1726", "source": "demo", "date": "2017-06-08", "date_precision": "day", "year": 2017, "month": 6, "hazard": "flood", "hazard_raw": "flood", "district": null, "lon": 82.0247, "lat": 29.4271, "geo_precision": "exact", "deaths": 3, "missing": 0, "injured": 2, "people_affected": 0, "houses_destroyed": 0, "houses_damaged": 0, "title": "(demo) flood event", "source_url": "", "severity_score": 17.0, "severity_class": "moderate"}}, {"type": "Feature", "geometry": {"type": "Point", "coordinates": [86.4054, 27.5434]}, "properties": {"id": "demo-1727", "source": "demo", "date": "2025-09-16", "date_precision": "day", "year": 2025, "month": 9, "hazard": "landslide", "hazard_raw": "landslide", "district": null, "lon": 86.4054, "lat": 27.5434, "geo_precision": "exact", "deaths": 0, "missing": 0, "injured": 0, "people_affected": 20, "houses_destroyed": 3, "houses_damaged": 9, "title": "(demo) landslide event", "source_url": "", "severity_score": 1.09, "severity_class": "small"}}, {"type": "Feature", "geometry": {"type": "Point", "coordinates": [85.3909, 28.1877]}, "properties": {"id": "demo-1728", "source": "demo", "date": "2022-07-01", "date_precision": "day", "year": 2022, "month": 7, "hazard": "landslide", "hazard_raw": "landslide", "district": null, "lon": 85.3909, "lat": 28.1877, "geo_precision": "exact", "deaths": 0, "missing": 0, "injured": 0, "people_affected": 0, "houses_destroyed": 0, "houses_damaged": 0, "title": "(demo) landslide event", "source_url": "", "severity_score": 0.0, "severity_class": "minor"}}, {"type": "Feature", "geometry": {"type": "Point", "coordinates": [87.0456, 27.9162]}, "properties": {"id": "demo-1729", "source": "demo", "date": "2000-08-10", "date_precision": "day", "year": 2000, "month": 8, "hazard": "flood", "hazard_raw": "flood", "district": null, "lon": 87.0456, "lat": 27.9162, "geo_precision": "exact", "deaths": 0, "missing": 0, "injured": 0, "people_affected": 781, "houses_destroyed": 56, "houses_damaged": 123, "title": "(demo) flood event", "source_url": "", "severity_score": 18.91, "severity_class": "moderate"}}, {"type": "Feature", "geometry": {"type": "Point", "coordinates": [82.0663, 28.9059]}, "properties": {"id": "demo-1730", "source": "demo", "date": "2000-06-09", "date_precision": "day", "year": 2000, "month": 6, "hazard": "landslide", "hazard_raw": "landslide", "district": null, "lon": 82.0663, "lat": 28.9059, "geo_precision": "exact", "deaths": 0, "missing": 0, "injured": 0, "people_affected": 0, "houses_destroyed": 0, "houses_damaged": 0, "title": "(demo) landslide event", "source_url": "", "severity_score": 0.0, "severity_class": "minor"}}, {"type": "Feature", "geometry": {"type": "Point", "coordinates": [86.309, 27.9106]}, "properties": {"id": "demo-1731", "source": "demo", "date": "2005-07-23", "date_precision": "day", "year": 2005, "month": 7, "hazard": "glof", "hazard_raw": "glof", "district": null, "lon": 86.309, "lat": 27.9106, "geo_precision": "exact", "deaths": 0, "missing": 0, "injured": 0, "people_affected": 0, "houses_destroyed": 0, "houses_damaged": 0, "title": "(demo) glof event", "source_url": "", "severity_score": 0.0, "severity_class": "minor"}}, {"type": "Feature", "geometry": {"type": "Point", "coordinates": [87.2184, 26.6526]}, "properties": {"id": "demo-1732", "source": "demo", "date": "2006-08-07", "date_precision": "day", "year": 2006, "month": 8, "hazard": "flood", "hazard_raw": "flood", "district": null, "lon": 87.2184, "lat": 26.6526, "geo_precision": "exact", "deaths": 27, "missing": 5, "injured": 12, "people_affected": 941, "houses_destroyed": 173, "houses_damaged": 567, "title": "(demo) flood event", "source_url": "", "severity_score": 236.83, "severity_class": "catastrophic"}}, {"type": "Feature", "geometry": {"type": "Point", "coordinates": [81.2716, 29.4026]}, "properties": {"id": "demo-1733", "source": "demo", "date": "1991-08-03", "date_precision": "day", "year": 1991, "month": 8, "hazard": "landslide", "hazard_raw": "landslide", "district": null, "lon": 81.2716, "lat": 29.4026, "geo_precision": "exact", "deaths": 0, "missing": 0, "injured": 0, "people_affected": 538, "houses_destroyed": 39, "houses_damaged": 41, "title": "(demo) landslide event", "source_url": "", "severity_score": 10.93, "severity_class": "moderate"}}, {"type": "Feature", "geometry": {"type": "Point", "coordinates": [80.2896, 28.7872]}, "properties": {"id": "demo-1734", "source": "demo", "date": "1991-07-14", "date_precision": "day", "year": 1991, "month": 7, "hazard": "flood", "hazard_raw": "flood", "district": null, "lon": 80.2896, "lat": 28.7872, "geo_precision": "exact", "deaths": 0, "missing": 0, "injured": 0, "people_affected": 0, "houses_destroyed": 0, "houses_damaged": 0, "title": "(demo) flood event", "source_url": "", "severity_score": 0.0, "severity_class": "minor"}}, {"type": "Feature", "geometry": {"type": "Point", "coordinates": [83.6922, 27.8347]}, "properties": {"id": "demo-1735", "source": "demo", "date": "1986-07-19", "date_precision": "day", "year": 1986, "month": 7, "hazard": "landslide", "hazard_raw": "landslide", "district": null, "lon": 83.6922, "lat": 27.8347, "geo_precision": "exact", "deaths": 0, "missing": 0, "injured": 0, "people_affected": 11, "houses_destroyed": 2, "houses_damaged": 4, "title": "(demo) landslide event", "source_url": "", "severity_score": 0.62, "severity_class": "small"}}, {"type": "Feature", "geometry": {"type": "Point", "coordinates": [84.3806, 27.2782]}, "properties": {"id": "demo-1736", "source": "demo", "date": "1980-03-15", "date_precision": "day", "year": 1980, "month": 3, "hazard": "flood", "hazard_raw": "flood", "district": null, "lon": 84.3806, "lat": 27.2782, "geo_precision": "exact", "deaths": 0, "missing": 0, "injured": 0, "people_affected": 103, "houses_destroyed": 25, "houses_damaged": 32, "title": "(demo) flood event", "source_url": "", "severity_score": 6.81, "severity_class": "moderate"}}, {"type": "Feature", "geometry": {"type": "Point", "coordinates": [86.0139, 28.1453]}, "properties": {"id": "demo-1737", "source": "demo", "date": "1989-07-02", "date_precision": "day", "year": 1989, "month": 7, "hazard": "landslide", "hazard_raw": "landslide", "district": null, "lon": 86.0139, "lat": 28.1453, "geo_precision": "exact", "deaths": 0, "missing": 0, "injured": 0, "people_affected": 0, "houses_destroyed": 0, "houses_damaged": 0, "title": "(demo) landslide event", "source_url": "", "severity_score": 0.0, "severity_class": "minor"}}, {"type": "Feature", "geometry": {"type": "Point", "coordinates": [85.8436, 26.6596]}, "properties": {"id": "demo-1738", "source": "demo", "date": "2002-09-24", "date_precision": "day", "year": 2002, "month": 9, "hazard": "landslide", "hazard_raw": "landslide", "district": null, "lon": 85.8436, "lat": 26.6596, "geo_precision": "exact", "deaths": 1, "missing": 0, "injured": 1, "people_affected": 41, "houses_destroyed": 3, "houses_damaged": 5, "title": "(demo) landslide event", "source_url": "", "severity_score": 6.93, "severity_class": "moderate"}}, {"type": "Feature", "geometry": {"type": "Point", "coordinates": [85.7219, 28.2035]}, "properties": {"id": "demo-1739", "source": "demo", "date": "1976-10-12", "date_precision": "day", "year": 1976, "month": 10, "hazard": "flood", "hazard_raw": "flood", "district": null, "lon": 85.7219, "lat": 28.2035, "geo_precision": "exact", "deaths": 0, "missing": 0, "injured": 0, "people_affected": 44, "houses_destroyed": 4, "houses_damaged": 15, "title": "(demo) flood event", "source_url": "", "severity_score": 1.64, "severity_class": "small"}}, {"type": "Feature", "geometry": {"type": "Point", "coordinates": [87.1034, 28.2458]}, "properties": {"id": "demo-1740", "source": "demo", "date": "1986-07-14", "date_precision": "day", "year": 1986, "month": 7, "hazard": "avalanche", "hazard_raw": "avalanche", "district": null, "lon": 87.1034, "lat": 28.2458, "geo_precision": "exact", "deaths": 24, "missing": 1, "injured": 19, "people_affected": 608, "houses_destroyed": 31, "houses_damaged": 120, "title": "(demo) avalanche event", "source_url": "", "severity_score": 157.42, "severity_class": "catastrophic"}}, {"type": "Feature", "geometry": {"type": "Point", "coordinates": [85.7145, 26.9182]}, "properties": {"id": "demo-1741", "source": "demo", "date": "2009-09-20", "date_precision": "day", "year": 2009, "month": 9, "hazard": "flood", "hazard_raw": "flood", "district": null, "lon": 85.7145, "lat": 26.9182, "geo_precision": "exact", "deaths": 0, "missing": 0, "injured": 0, "people_affected": 16, "houses_destroyed": 1, "houses_damaged": 1, "title": "(demo) flood event", "source_url": "", "severity_score": 0.28, "severity_class": "small"}}, {"type": "Feature", "geometry": {"type": "Point", "coordinates": [86.7903, 27.8586]}, "properties": {"id": "demo-1742", "source": "demo", "date": "2015-08-17", "date_precision": "day", "year": 2015, "month": 8, "hazard": "landslide", "hazard_raw": "landslide", "district": null, "lon": 86.7903, "lat": 27.8586, "geo_precision": "exact", "deaths": 0, "missing": 0, "injured": 0, "people_affected": 0, "houses_destroyed": 0, "houses_damaged": 0, "title": "(demo) landslide event", "source_url": "", "severity_score": 0.0, "severity_class": "minor"}}, {"type": "Feature", "geometry": {"type": "Point", "coordinates": [85.1889, 28.0862]}, "properties": {"id": "demo-1743", "source": "demo", "date": "1990-05-04", "date_precision": "day", "year": 1990, "month": 5, "hazard": "flood", "hazard_raw": "flood", "district": null, "lon": 85.1889, "lat": 28.0862, "geo_precision": "exact", "deaths": 0, "missing": 0, "injured": 0, "people_affected": 0, "houses_destroyed": 0, "houses_damaged": 0, "title": "(demo) flood event", "source_url": "", "severity_score": 0.0, "severity_class": "minor"}}, {"type": "Feature", "geometry": {"type": "Point", "coordinates": [86.3999, 27.9826]}, "properties": {"id": "demo-1744", "source": "demo", "date": "2019-07-28", "date_precision": "day", "year": 2019, "month": 7, "hazard": "landslide", "hazard_raw": "landslide", "district": null, "lon": 86.3999, "lat": 27.9826, "geo_precision": "exact", "deaths": 0, "missing": 0, "injured": 0, "people_affected": 0, "houses_destroyed": 0, "houses_damaged": 0, "title": "(demo) landslide event", "source_url": "", "severity_score": 0.0, "severity_class": "minor"}}, {"type": "Feature", "geometry": {"type": "Point", "coordinates": [85.5358, 28.219]}, "properties": {"id": "demo-1745", "source": "demo", "date": "2010-05-17", "date_precision": "day", "year": 2010, "month": 5, "hazard": "glof", "hazard_raw": "glof", "district": null, "lon": 85.5358, "lat": 28.219, "geo_precision": "exact", "deaths": 6, "missing": 0, "injured": 3, "people_affected": 463, "houses_destroyed": 29, "houses_damaged": 42, "title": "(demo) glof event", "source_url": "", "severity_score": 41.83, "severity_class": "major"}}, {"type": "Feature", "geometry": {"type": "Point", "coordinates": [81.7337, 29.0957]}, "properties": {"id": "demo-1746", "source": "demo", "date": "2015-04-17", "date_precision": "day", "year": 2015, "month": 4, "hazard": "landslide", "hazard_raw": "landslide", "district": null, "lon": 81.7337, "lat": 29.0957, "geo_precision": "exact", "deaths": 0, "missing": 0, "injured": 0, "people_affected": 0, "houses_destroyed": 0, "houses_damaged": 0, "title": "(demo) landslide event", "source_url": "", "severity_score": 0.0, "severity_class": "minor"}}, {"type": "Feature", "geometry": {"type": "Point", "coordinates": [86.9448, 27.561]}, "properties": {"id": "demo-1747", "source": "demo", "date": "2000-09-22", "date_precision": "day", "year": 2000, "month": 9, "hazard": "landslide", "hazard_raw": "landslide", "district": null, "lon": 86.9448, "lat": 27.561, "geo_precision": "exact", "deaths": 3, "missing": 0, "injured": 5, "people_affected": 305, "houses_destroyed": 19, "houses_damaged": 22, "title": "(demo) landslide event", "source_url": "", "severity_score": 25.51, "severity_class": "major"}}, {"type": "Feature", "geometry": {"type": "Point", "coordinates": [87.2336, 27.8781]}, "properties": {"id": "demo-1748", "source": "demo", "date": "2019-09-20", "date_precision": "day", "year": 2019, "month": 9, "hazard": "avalanche", "hazard_raw": "avalanche", "district": null, "lon": 87.2336, "lat": 27.8781, "geo_precision": "exact", "deaths": 0, "missing": 0, "injured": 0, "people_affected": 203, "houses_destroyed": 11, "houses_damaged": 20, "title": "(demo) avalanche event", "source_url": "", "severity_score": 3.61, "severity_class": "small"}}, {"type": "Feature", "geometry": {"type": "Point", "coordinates": [82.2182, 29.4393]}, "properties": {"id": "demo-1749", "source": "demo", "date": "2016-05-25", "date_precision": "day", "year": 2016, "month": 5, "hazard": "landslide", "hazard_raw": "landslide", "district": null, "lon": 82.2182, "lat": 29.4393, "geo_precision": "exact", "deaths": 0, "missing": 0, "injured": 0, "people_affected": 51, "houses_destroyed": 4, "houses_damaged": 13, "title": "(demo) landslide event", "source_url": "", "severity_score": 1.55, "severity_class": "small"}}, {"type": "Feature", "geometry": {"type": "Point", "coordinates": [82.5791, 29.6002]}, "properties": {"id": "demo-1750", "source": "demo", "date": "2009-06-01", "date_precision": "day", "year": 2009, "month": 6, "hazard": "landslide", "hazard_raw": "landslide", "district": null, "lon": 82.5791, "lat": 29.6002, "geo_precision": "exact", "deaths": 0, "missing": 0, "injured": 0, "people_affected": 0, "houses_destroyed": 0, "houses_damaged": 0, "title": "(demo) landslide event", "source_url": "", "severity_score": 0.0, "severity_class": "minor"}}, {"type": "Feature", "geometry": {"type": "Point", "coordinates": [86.4685, 28.2035]}, "properties": {"id": "demo-1751", "source": "demo", "date": "2024-08-06", "date_precision": "day", "year": 2024, "month": 8, "hazard": "landslide", "hazard_raw": "landslide", "district": null, "lon": 86.4685, "lat": 28.2035, "geo_precision": "exact", "deaths": 0, "missing": 0, "injured": 0, "people_affected": 30, "houses_destroyed": 4, "houses_damaged": 8, "title": "(demo) landslide event", "source_url": "", "severity_score": 1.26, "severity_class": "small"}}, {"type": "Feature", "geometry": {"type": "Point", "coordinates": [83.9195, 27.496]}, "properties": {"id": "demo-1752", "source": "demo", "date": "2007-11-26", "date_precision": "day", "year": 2007, "month": 11, "hazard": "landslide", "hazard_raw": "landslide", "district": null, "lon": 83.9195, "lat": 27.496, "geo_precision": "exact", "deaths": 5, "missing": 0, "injured": 5, "people_affected": 0, "houses_destroyed": 0, "houses_damaged": 0, "title": "(demo) landslide event", "source_url": "", "severity_score": 30.0, "severity_class": "major"}}, {"type": "Feature", "geometry": {"type": "Point", "coordinates": [86.2636, 28.0747]}, "properties": {"id": "demo-1753", "source": "demo", "date": "2011-06-08", "date_precision": "day", "year": 2011, "month": 6, "hazard": "glof", "hazard_raw": "glof", "district": null, "lon": 86.2636, "lat": 28.0747, "geo_precision": "exact", "deaths": 0, "missing": 0, "injured": 0, "people_affected": 289, "houses_destroyed": 26, "houses_damaged": 59, "title": "(demo) glof event", "source_url": "", "severity_score": 8.73, "severity_class": "moderate"}}, {"type": "Feature", "geometry": {"type": "Point", "coordinates": [86.2955, 28.0659]}, "properties": {"id": "demo-1754", "source": "demo", "date": "2012-06-15", "date_precision": "day", "year": 2012, "month": 6, "hazard": "glof", "hazard_raw": "glof", "district": null, "lon": 86.2955, "lat": 28.0659, "geo_precision": "exact", "deaths": 24, "missing": 2, "injured": 28, "people_affected": 1108, "houses_destroyed": 233, "houses_damaged": 236, "title": "(demo) glof event", "source_url": "", "severity_score": 218.62, "severity_class": "catastrophic"}}, {"type": "Feature", "geometry": {"type": "Point", "coordinates": [86.8145, 28.0324]}, "properties": {"id": "demo-1755", "source": "demo", "date": "2005-05-10", "date_precision": "day", "year": 2005, "month": 5, "hazard": "landslide", "hazard_raw": "landslide", "district": null, "lon": 86.8145, "lat": 28.0324, "geo_precision": "exact", "deaths": 0, "missing": 0, "injured": 0, "people_affected": 0, "houses_destroyed": 0, "houses_damaged": 0, "title": "(demo) landslide event", "source_url": "", "severity_score": 0.0, "severity_class": "minor"}}, {"type": "Feature", "geometry": {"type": "Point", "coordinates": [85.5549, 27.9205]}, "properties": {"id": "demo-1756", "source": "demo", "date": "2020-06-12", "date_precision": "day", "year": 2020, "month": 6, "hazard": "landslide", "hazard_raw": "landslide", "district": null, "lon": 85.5549, "lat": 27.9205, "geo_precision": "exact", "deaths": 0, "missing": 0, "injured": 0, "people_affected": 0, "houses_destroyed": 0, "houses_damaged": 0, "title": "(demo) landslide event", "source_url": "", "severity_score": 0.0, "severity_class": "minor"}}, {"type": "Feature", "geometry": {"type": "Point", "coordinates": [81.8067, 29.3672]}, "properties": {"id": "demo-1757", "source": "demo", "date": "2025-08-21", "date_precision": "day", "year": 2025, "month": 8, "hazard": "landslide", "hazard_raw": "landslide", "district": null, "lon": 81.8067, "lat": 29.3672, "geo_precision": "exact", "deaths": 0, "missing": 0, "injured": 0, "people_affected": 0, "houses_destroyed": 0, "houses_damaged": 0, "title": "(demo) landslide event", "source_url": "", "severity_score": 0.0, "severity_class": "minor"}}, {"type": "Feature", "geometry": {"type": "Point", "coordinates": [84.3664, 28.1463]}, "properties": {"id": "demo-1758", "source": "demo", "date": "2024-05-08", "date_precision": "day", "year": 2024, "month": 5, "hazard": "landslide", "hazard_raw": "landslide", "district": null, "lon": 84.3664, "lat": 28.1463, "geo_precision": "exact", "deaths": 0, "missing": 0, "injured": 0, "people_affected": 0, "houses_destroyed": 0, "houses_damaged": 0, "title": "(demo) landslide event", "source_url": "", "severity_score": 0.0, "severity_class": "minor"}}, {"type": "Feature", "geometry": {"type": "Point", "coordinates": [86.6102, 27.839]}, "properties": {"id": "demo-1759", "source": "demo", "date": "1994-09-19", "date_precision": "day", "year": 1994, "month": 9, "hazard": "landslide", "hazard_raw": "landslide", "district": null, "lon": 86.6102, "lat": 27.839, "geo_precision": "exact", "deaths": 1, "missing": 0, "injured": 1, "people_affected": 17, "houses_destroyed": 4, "houses_damaged": 11, "title": "(demo) landslide event", "source_url": "", "severity_score": 7.38, "severity_class": "moderate"}}, {"type": "Feature", "geometry": {"type": "Point", "coordinates": [85.7776, 28.2636]}, "properties": {"id": "demo-1760", "source": "demo", "date": "1997-09-28", "date_precision": "day", "year": 1997, "month": 9, "hazard": "landslide", "hazard_raw": "landslide", "district": null, "lon": 85.7776, "lat": 28.2636, "geo_precision": "exact", "deaths": 0, "missing": 0, "injured": 0, "people_affected": 7, "houses_destroyed": 2, "houses_damaged": 6, "title": "(demo) landslide event", "source_url": "", "severity_score": 0.71, "severity_class": "small"}}, {"type": "Feature", "geometry": {"type": "Point", "coordinates": [86.7882, 27.6092]}, "properties": {"id": "demo-1761", "source": "demo", "date": "1992-08-23", "date_precision": "day", "year": 1992, "month": 8, "hazard": "glof", "hazard_raw": "glof", "district": null, "lon": 86.7882, "lat": 27.6092, "geo_precision": "exact", "deaths": 12, "missing": 3, "injured": 12, "people_affected": 1492, "houses_destroyed": 279, "houses_damaged": 554, "title": "(demo) glof event", "source_url": "", "severity_score": 173.48, "severity_class": "catastrophic"}}, {"type": "Feature", "geometry": {"type": "Point", "coordinates": [83.5532, 28.2471]}, "properties": {"id": "demo-1762", "source": "demo", "date": "1993-05-11", "date_precision": "day", "year": 1993, "month": 5, "hazard": "flash_flood", "hazard_raw": "flash_flood", "district": null, "lon": 83.5532, "lat": 28.2471, "geo_precision": "exact", "deaths": 0, "missing": 0, "injured": 0, "people_affected": 0, "houses_destroyed": 0, "houses_damaged": 0, "title": "(demo) flash_flood event", "source_url": "", "severity_score": 0.0, "severity_class": "minor"}}, {"type": "Feature", "geometry": {"type": "Point", "coordinates": [85.78, 26.7885]}, "properties": {"id": "demo-1763", "source": "demo", "date": "2019-07-06", "date_precision": "day", "year": 2019, "month": 7, "hazard": "flood", "hazard_raw": "flood", "district": null, "lon": 85.78, "lat": 26.7885, "geo_precision": "exact", "deaths": 3, "missing": 0, "injured": 3, "people_affected": 0, "houses_destroyed": 0, "houses_damaged": 0, "title": "(demo) flood event", "source_url": "", "severity_score": 18.0, "severity_class": "moderate"}}, {"type": "Feature", "geometry": {"type": "Point", "coordinates": [80.5651, 28.755]}, "properties": {"id": "demo-1764", "source": "demo", "date": "2014-08-04", "date_precision": "day", "year": 2014, "month": 8, "hazard": "flood", "hazard_raw": "flood", "district": null, "lon": 80.5651, "lat": 28.755, "geo_precision": "exact", "deaths": 0, "missing": 0, "injured": 0, "people_affected": 0, "houses_destroyed": 0, "houses_damaged": 0, "title": "(demo) flood event", "source_url": "", "severity_score": 0.0, "severity_class": "minor"}}, {"type": "Feature", "geometry": {"type": "Point", "coordinates": [81.9721, 29.4671]}, "properties": {"id": "demo-1765", "source": "demo", "date": "1976-09-06", "date_precision": "day", "year": 1976, "month": 9, "hazard": "avalanche", "hazard_raw": "avalanche", "district": null, "lon": 81.9721, "lat": 29.4671, "geo_precision": "exact", "deaths": 0, "missing": 0, "injured": 0, "people_affected": 180, "houses_destroyed": 13, "houses_damaged": 34, "title": "(demo) avalanche event", "source_url": "", "severity_score": 4.66, "severity_class": "small"}}, {"type": "Feature", "geometry": {"type": "Point", "coordinates": [80.2912, 28.7607]}, "properties": {"id": "demo-1766", "source": "demo", "date": "1993-08-19", "date_precision": "day", "year": 1993, "month": 8, "hazard": "flood", "hazard_raw": "flood", "district": null, "lon": 80.2912, "lat": 28.7607, "geo_precision": "exact", "deaths": 0, "missing": 0, "injured": 0, "people_affected": 15, "houses_destroyed": 1, "houses_damaged": 2, "title": "(demo) flood event", "source_url": "", "severity_score": 0.33, "severity_class": "small"}}, {"type": "Feature", "geometry": {"type": "Point", "coordinates": [83.4406, 28.0871]}, "properties": {"id": "demo-1767", "source": "demo", "date": "2017-07-27", "date_precision": "day", "year": 2017, "month": 7, "hazard": "landslide", "hazard_raw": "landslide", "district": null, "lon": 83.4406, "lat": 28.0871, "geo_precision": "exact", "deaths": 7, "missing": 2, "injured": 5, "people_affected": 472, "houses_destroyed": 25, "houses_damaged": 94, "title": "(demo) landslide event", "source_url": "", "severity_score": 60.64, "severity_class": "major"}}, {"type": "Feature", "geometry": {"type": "Point", "coordinates": [80.7408, 28.7944]}, "properties": {"id": "demo-1768", "source": "demo", "date": "1990-06-13", "date_precision": "day", "year": 1990, "month": 6, "hazard": "landslide", "hazard_raw": "landslide", "district": null, "lon": 80.7408, "lat": 28.7944, "geo_precision": "exact", "deaths": 1, "missing": 0, "injured": 0, "people_affected": 48, "houses_destroyed": 6, "houses_damaged": 19, "title": "(demo) landslide event", "source_url": "", "severity_score": 7.25, "severity_class": "moderate"}}, {"type": "Feature", "geometry": {"type": "Point", "coordinates": [87.1966, 27.9064]}, "properties": {"id": "demo-1769", "source": "demo", "date": "2013-07-18", "date_precision": "day", "year": 2013, "month": 7, "hazard": "avalanche", "hazard_raw": "avalanche", "district": null, "lon": 87.1966, "lat": 27.9064, "geo_precision": "exact", "deaths": 0, "missing": 0, "injured": 0, "people_affected": 0, "houses_destroyed": 0, "houses_damaged": 0, "title": "(demo) avalanche event", "source_url": "", "severity_score": 0.0, "severity_class": "minor"}}, {"type": "Feature", "geometry": {"type": "Point", "coordinates": [84.7764, 27.5963]}, "properties": {"id": "demo-1770", "source": "demo", "date": "2011-05-08", "date_precision": "day", "year": 2011, "month": 5, "hazard": "landslide", "hazard_raw": "landslide", "district": null, "lon": 84.7764, "lat": 27.5963, "geo_precision": "exact", "deaths": 1, "missing": 0, "injured": 1, "people_affected": 190, "houses_destroyed": 15, "houses_damaged": 33, "title": "(demo) landslide event", "source_url": "", "severity_score": 11.03, "severity_class": "moderate"}}, {"type": "Feature", "geometry": {"type": "Point", "coordinates": [83.3796, 28.8383]}, "properties": {"id": "demo-1771", "source": "demo", "date": "2017-01-18", "date_precision": "day", "year": 2017, "month": 1, "hazard": "flash_flood", "hazard_raw": "flash_flood", "district": null, "lon": 83.3796, "lat": 28.8383, "geo_precision": "exact", "deaths": 0, "missing": 0, "injured": 0, "people_affected": 0, "houses_destroyed": 0, "houses_damaged": 0, "title": "(demo) flash_flood event", "source_url": "", "severity_score": 0.0, "severity_class": "minor"}}, {"type": "Feature", "geometry": {"type": "Point", "coordinates": [85.9057, 28.3602]}, "properties": {"id": "demo-1772", "source": "demo", "date": "2024-01-22", "date_precision": "day", "year": 2024, "month": 1, "hazard": "flash_flood", "hazard_raw": "flash_flood", "district": null, "lon": 85.9057, "lat": 28.3602, "geo_precision": "exact", "deaths": 0, "missing": 0, "injured": 0, "people_affected": 0, "houses_destroyed": 0, "houses_damaged": 0, "title": "(demo) flash_flood event", "source_url": "", "severity_score": 0.0, "severity_class": "minor"}}, {"type": "Feature", "geometry": {"type": "Point", "coordinates": [84.8662, 27.7002]}, "properties": {"id": "demo-1773", "source": "demo", "date": "2016-08-14", "date_precision": "day", "year": 2016, "month": 8, "hazard": "landslide", "hazard_raw": "landslide", "district": null, "lon": 84.8662, "lat": 27.7002, "geo_precision": "exact", "deaths": 3, "missing": 0, "injured": 4, "people_affected": 217, "houses_destroyed": 12, "houses_damaged": 32, "title": "(demo) landslide event", "source_url": "", "severity_score": 23.43, "severity_class": "moderate"}}, {"type": "Feature", "geometry": {"type": "Point", "coordinates": [85.1843, 28.1938]}, "properties": {"id": "demo-1774", "source": "demo", "date": "2014-08-14", "date_precision": "day", "year": 2014, "month": 8, "hazard": "flash_flood", "hazard_raw": "flash_flood", "district": null, "lon": 85.1843, "lat": 28.1938, "geo_precision": "exact", "deaths": 0, "missing": 0, "injured": 0, "people_affected": 132, "houses_destroyed": 8, "houses_damaged": 28, "title": "(demo) flash_flood event", "source_url": "", "severity_score": 3.26, "severity_class": "small"}}, {"type": "Feature", "geometry": {"type": "Point", "coordinates": [85.6412, 28.3859]}, "properties": {"id": "demo-1775", "source": "demo", "date": "2011-08-03", "date_precision": "day", "year": 2011, "month": 8, "hazard": "flash_flood", "hazard_raw": "flash_flood", "district": null, "lon": 85.6412, "lat": 28.3859, "geo_precision": "exact", "deaths": 0, "missing": 0, "injured": 0, "people_affected": 242, "houses_destroyed": 13, "houses_damaged": 13, "title": "(demo) flash_flood event", "source_url": "", "severity_score": 3.73, "severity_class": "small"}}, {"type": "Feature", "geometry": {"type": "Point", "coordinates": [85.245, 27.7937]}, "properties": {"id": "demo-1776", "source": "demo", "date": "2013-12-13", "date_precision": "day", "year": 2013, "month": 12, "hazard": "landslide", "hazard_raw": "landslide", "district": null, "lon": 85.245, "lat": 27.7937, "geo_precision": "exact", "deaths": 0, "missing": 0, "injured": 0, "people_affected": 3028, "houses_destroyed": 226, "houses_damaged": 389, "title": "(demo) landslide event", "source_url": "", "severity_score": 70.71, "severity_class": "major"}}, {"type": "Feature", "geometry": {"type": "Point", "coordinates": [86.0803, 28.0163]}, "properties": {"id": "demo-1777", "source": "demo", "date": "1987-02-13", "date_precision": "day", "year": 1987, "month": 2, "hazard": "avalanche", "hazard_raw": "avalanche", "district": null, "lon": 86.0803, "lat": 28.0163, "geo_precision": "exact", "deaths": 0, "missing": 0, "injured": 0, "people_affected": 5, "houses_destroyed": 1, "houses_damaged": 2, "title": "(demo) avalanche event", "source_url": "", "severity_score": 0.31, "severity_class": "small"}}, {"type": "Feature", "geometry": {"type": "Point", "coordinates": [86.1561, 27.9753]}, "properties": {"id": "demo-1778", "source": "demo", "date": "2008-07-02", "date_precision": "day", "year": 2008, "month": 7, "hazard": "glof", "hazard_raw": "glof", "district": null, "lon": 86.1561, "lat": 27.9753, "geo_precision": "exact", "deaths": 1, "missing": 0, "injured": 1, "people_affected": 100, "houses_destroyed": 19, "houses_damaged": 30, "title": "(demo) glof event", "source_url": "", "severity_score": 11.5, "severity_class": "moderate"}}, {"type": "Feature", "geometry": {"type": "Point", "coordinates": [87.4273, 26.6462]}, "properties": {"id": "demo-1779", "source": "demo", "date": "2005-11-23", "date_precision": "day", "year": 2005, "month": 11, "hazard": "flood", "hazard_raw": "flood", "district": null, "lon": 87.4273, "lat": 26.6462, "geo_precision": "exact", "deaths": 9, "missing": 2, "injured": 15, "people_affected": 1258, "houses_destroyed": 87, "houses_damaged": 144, "title": "(demo) flood event", "source_url": "", "severity_score": 97.12, "severity_class": "major"}}, {"type": "Feature", "geometry": {"type": "Point", "coordinates": [86.6161, 27.7644]}, "properties": {"id": "demo-1780", "source": "demo", "date": "1985-08-27", "date_precision": "day", "year": 1985, "month": 8, "hazard": "landslide", "hazard_raw": "landslide", "district": null, "lon": 86.6161, "lat": 27.7644, "geo_precision": "exact", "deaths": 0, "missing": 0, "injured": 0, "people_affected": 18, "houses_destroyed": 3, "houses_damaged": 5, "title": "(demo) landslide event", "source_url": "", "severity_score": 0.89, "severity_class": "small"}}, {"type": "Feature", "geometry": {"type": "Point", "coordinates": [86.4656, 27.8333]}, "properties": {"id": "demo-1781", "source": "demo", "date": "2022-07-18", "date_precision": "day", "year": 2022, "month": 7, "hazard": "flood", "hazard_raw": "flood", "district": null, "lon": 86.4656, "lat": 27.8333, "geo_precision": "exact", "deaths": 0, "missing": 0, "injured": 0, "people_affected": 22, "houses_destroyed": 3, "houses_damaged": 11, "title": "(demo) flood event", "source_url": "", "severity_score": 1.19, "severity_class": "small"}}, {"type": "Feature", "geometry": {"type": "Point", "coordinates": [81.1994, 29.1423]}, "properties": {"id": "demo-1782", "source": "demo", "date": "2012-08-25", "date_precision": "day", "year": 2012, "month": 8, "hazard": "landslide", "hazard_raw": "landslide", "district": null, "lon": 81.1994, "lat": 29.1423, "geo_precision": "exact", "deaths": 0, "missing": 0, "injured": 0, "people_affected": 86, "houses_destroyed": 9, "houses_damaged": 26, "title": "(demo) landslide event", "source_url": "", "severity_score": 3.27, "severity_class": "small"}}, {"type": "Feature", "geometry": {"type": "Point", "coordinates": [83.8488, 27.8359]}, "properties": {"id": "demo-1783", "source": "demo", "date": "2015-08-18", "date_precision": "day", "year": 2015, "month": 8, "hazard": "landslide", "hazard_raw": "landslide", "district": null, "lon": 83.8488, "lat": 27.8359, "geo_precision": "exact", "deaths": 0, "missing": 0, "injured": 0, "people_affected": 12, "houses_destroyed": 2, "houses_damaged": 6, "title": "(demo) landslide event", "source_url": "", "severity_score": 0.72, "severity_class": "small"}}, {"type": "Feature", "geometry": {"type": "Point", "coordinates": [83.2388, 28.7094]}, "properties": {"id": "demo-1784", "source": "demo", "date": "1987-05-18", "date_precision": "day", "year": 1987, "month": 5, "hazard": "flash_flood", "hazard_raw": "flash_flood", "district": null, "lon": 83.2388, "lat": 28.7094, "geo_precision": "exact", "deaths": 0, "missing": 0, "injured": 0, "people_affected": 0, "houses_destroyed": 0, "houses_damaged": 0, "title": "(demo) flash_flood event", "source_url": "", "severity_score": 0.0, "severity_class": "minor"}}, {"type": "Feature", "geometry": {"type": "Point", "coordinates": [86.5594, 28.0211]}, "properties": {"id": "demo-1785", "source": "demo", "date": "2003-07-19", "date_precision": "day", "year": 2003, "month": 7, "hazard": "glof", "hazard_raw": "glof", "district": null, "lon": 86.5594, "lat": 28.0211, "geo_precision": "exact", "deaths": 3, "missing": 0, "injured": 1, "people_affected": 399, "houses_destroyed": 41, "houses_damaged": 81, "title": "(demo) glof event", "source_url": "", "severity_score": 29.05, "severity_class": "major"}}, {"type": "Feature", "geometry": {"type": "Point", "coordinates": [86.8854, 26.6157]}, "properties": {"id": "demo-1786", "source": "demo", "date": "2020-02-21", "date_precision": "day", "year": 2020, "month": 2, "hazard": "flash_flood", "hazard_raw": "flash_flood", "district": null, "lon": 86.8854, "lat": 26.6157, "geo_precision": "exact", "deaths": 1, "missing": 0, "injured": 0, "people_affected": 0, "houses_destroyed": 0, "houses_damaged": 0, "title": "(demo) flash_flood event", "source_url": "", "severity_score": 5.0, "severity_class": "moderate"}}, {"type": "Feature", "geometry": {"type": "Point", "coordinates": [83.5955, 28.6349]}, "properties": {"id": "demo-1787", "source": "demo", "date": "2004-09-13", "date_precision": "day", "year": 2004, "month": 9, "hazard": "flash_flood", "hazard_raw": "flash_flood", "district": null, "lon": 83.5955, "lat": 28.6349, "geo_precision": "exact", "deaths": 0, "missing": 0, "injured": 0, "people_affected": 0, "houses_destroyed": 0, "houses_damaged": 0, "title": "(demo) flash_flood event", "source_url": "", "severity_score": 0.0, "severity_class": "minor"}}, {"type": "Feature", "geometry": {"type": "Point", "coordinates": [81.6086, 29.4449]}, "properties": {"id": "demo-1788", "source": "demo", "date": "2009-06-07", "date_precision": "day", "year": 2009, "month": 6, "hazard": "landslide", "hazard_raw": "landslide", "district": null, "lon": 81.6086, "lat": 29.4449, "geo_precision": "exact", "deaths": 0, "missing": 0, "injured": 0, "people_affected": 10, "houses_destroyed": 1, "houses_damaged": 1, "title": "(demo) landslide event", "source_url": "", "severity_score": 0.27, "severity_class": "small"}}, {"type": "Feature", "geometry": {"type": "Point", "coordinates": [85.7163, 28.2178]}, "properties": {"id": "demo-1789", "source": "demo", "date": "2025-04-22", "date_precision": "day", "year": 2025, "month": 4, "hazard": "flash_flood", "hazard_raw": "flash_flood", "district": null, "lon": 85.7163, "lat": 28.2178, "geo_precision": "exact", "deaths": 5, "missing": 0, "injured": 7, "people_affected": 992, "houses_destroyed": 64, "houses_damaged": 96, "title": "(demo) flash_flood event", "source_url": "", "severity_score": 51.58, "severity_class": "major"}}, {"type": "Feature", "geometry": {"type": "Point", "coordinates": [85.8293, 28.1816]}, "properties": {"id": "demo-1790", "source": "demo", "date": "2017-06-17", "date_precision": "day", "year": 2017, "month": 6, "hazard": "landslide", "hazard_raw": "landslide", "district": null, "lon": 85.8293, "lat": 28.1816, "geo_precision": "exact", "deaths": 1, "missing": 0, "injured": 0, "people_affected": 79, "houses_destroyed": 6, "houses_damaged": 8, "title": "(demo) landslide event", "source_url": "", "severity_score": 6.76, "severity_class": "moderate"}}, {"type": "Feature", "geometry": {"type": "Point", "coordinates": [85.4948, 27.0075]}, "properties": {"id": "demo-1791", "source": "demo", "date": "2017-02-15", "date_precision": "day", "year": 2017, "month": 2, "hazard": "flood", "hazard_raw": "flood", "district": null, "lon": 85.4948, "lat": 27.0075, "geo_precision": "exact", "deaths": 0, "missing": 0, "injured": 0, "people_affected": 560, "houses_destroyed": 41, "houses_damaged": 150, "title": "(demo) flood event", "source_url": "", "severity_score": 16.82, "severity_class": "moderate"}}, {"type": "Feature", "geometry": {"type": "Point", "coordinates": [81.3222, 29.1518]}, "properties": {"id": "demo-1792", "source": "demo", "date": "2013-09-26", "date_precision": "day", "year": 2013, "month": 9, "hazard": "flood", "hazard_raw": "flood", "district": null, "lon": 81.3222, "lat": 29.1518, "geo_precision": "exact", "deaths": 0, "missing": 0, "injured": 0, "people_affected": 199, "houses_destroyed": 14, "houses_damaged": 43, "title": "(demo) flood event", "source_url": "", "severity_score": 5.35, "severity_class": "moderate"}}, {"type": "Feature", "geometry": {"type": "Point", "coordinates": [85.7765, 28.5403]}, "properties": {"id": "demo-1793", "source": "demo", "date": "2023-06-09", "date_precision": "day", "year": 2023, "month": 6, "hazard": "landslide", "hazard_raw": "landslide", "district": null, "lon": 85.7765, "lat": 28.5403, "geo_precision": "exact", "deaths": 0, "missing": 0, "injured": 0, "people_affected": 15, "houses_destroyed": 4, "houses_damaged": 10, "title": "(demo) landslide event", "source_url": "", "severity_score": 1.33, "severity_class": "small"}}, {"type": "Feature", "geometry": {"type": "Point", "coordinates": [85.149, 28.2178]}, "properties": {"id": "demo-1794", "source": "demo", "date": "2007-02-11", "date_precision": "day", "year": 2007, "month": 2, "hazard": "glof", "hazard_raw": "glof", "district": null, "lon": 85.149, "lat": 28.2178, "geo_precision": "exact", "deaths": 9, "missing": 1, "injured": 4, "people_affected": 142, "houses_destroyed": 9, "houses_damaged": 23, "title": "(demo) glof event", "source_url": "", "severity_score": 57.23, "severity_class": "major"}}, {"type": "Feature", "geometry": {"type": "Point", "coordinates": [85.3622, 28.2406]}, "properties": {"id": "demo-1795", "source": "demo", "date": "2019-09-17", "date_precision": "day", "year": 2019, "month": 9, "hazard": "flash_flood", "hazard_raw": "flash_flood", "district": null, "lon": 85.3622, "lat": 28.2406, "geo_precision": "exact", "deaths": 0, "missing": 0, "injured": 0, "people_affected": 38, "houses_destroyed": 4, "houses_damaged": 13, "title": "(demo) flash_flood event", "source_url": "", "severity_score": 1.53, "severity_class": "small"}}, {"type": "Feature", "geometry": {"type": "Point", "coordinates": [87.6076, 26.9684]}, "properties": {"id": "demo-1796", "source": "demo", "date": "1990-06-09", "date_precision": "day", "year": 1990, "month": 6, "hazard": "avalanche", "hazard_raw": "avalanche", "district": null, "lon": 87.6076, "lat": 26.9684, "geo_precision": "exact", "deaths": 1, "missing": 0, "injured": 0, "people_affected": 115, "houses_destroyed": 10, "houses_damaged": 34, "title": "(demo) avalanche event", "source_url": "", "severity_score": 8.93, "severity_class": "moderate"}}, {"type": "Feature", "geometry": {"type": "Point", "coordinates": [83.7959, 28.1788]}, "properties": {"id": "demo-1797", "source": "demo", "date": "2026-07-20", "date_precision": "day", "year": 2026, "month": 7, "hazard": "landslide", "hazard_raw": "landslide", "district": null, "lon": 83.7959, "lat": 28.1788, "geo_precision": "exact", "deaths": 0, "missing": 0, "injured": 0, "people_affected": 0, "houses_destroyed": 0, "houses_damaged": 0, "title": "(demo) landslide event", "source_url": "", "severity_score": 0.0, "severity_class": "minor"}}, {"type": "Feature", "geometry": {"type": "Point", "coordinates": [86.3813, 27.7044]}, "properties": {"id": "demo-1798", "source": "demo", "date": "2005-05-11", "date_precision": "day", "year": 2005, "month": 5, "hazard": "avalanche", "hazard_raw": "avalanche", "district": null, "lon": 86.3813, "lat": 27.7044, "geo_precision": "exact", "deaths": 59, "missing": 7, "injured": 52, "people_affected": 271, "houses_destroyed": 18, "houses_damaged": 60, "title": "(demo) avalanche event", "source_url": "", "severity_score": 389.14, "severity_class": "catastrophic"}}, {"type": "Feature", "geometry": {"type": "Point", "coordinates": [86.1813, 27.8619]}, "properties": {"id": "demo-1799", "source": "demo", "date": "1973-07-11", "date_precision": "day", "year": 1973, "month": 7, "hazard": "landslide", "hazard_raw": "landslide", "district": null, "lon": 86.1813, "lat": 27.8619, "geo_precision": "exact", "deaths": 0, "missing": 0, "injured": 0, "people_affected": 33, "houses_destroyed": 2, "houses_damaged": 2, "title": "(demo) landslide event", "source_url": "", "severity_score": 0.57, "severity_class": "small"}}]}